AMZN,Amazoncom Inc,20111026,Amazon.com shares slump as costs weigh on outlook ,Shares of Amazon.com Inc fell 11 percent on Wednesday  a day after the company forecast a disappointing outlook for the current quarter on costs related to Kindle and other investments to grow the company. | Video ,topStory
AMZN,Amazoncom Inc,20111026,PRESS DIGEST - British business - Oct 26 ,The Governor of the Bank of England  Mervyn King  hit back in fiery exchanges with MPs on Tuesday  arguing that it was the duty of the Treasury to push state-controlled banks to increase lending to small and medium-sized companies.,normal
AMZN,Amazoncom Inc,20111026,UPDATE 6-Amazon profit forecast disappoints  stock slumps ,Oct 25 Amazon.com Inc shocked investors with a far weaker-than-expected outlook for the crucial holiday season quarter as it spent heavily on its new Kindle Fire tablet computer.,normal
AAPL,Apple Inc,20111026,Nokia proclaims new dawn with Windows phones ,LONDON Nokia unveiled two sleek new Microsoft Windows phones on Wednesday in time for Christmas  a first step in the ailing cellphone maker's fightback against Apple and Google. | Video ,topStory
AAPL,Apple Inc,20111026,RPT-UPDATE 4-Nokia proclaims new dawn with Windows phones ,LONDON  Oct 26 Nokia unveiled two sleek new Microsoft Windows phones on Wednesday in time for Christmas  a first step in the ailing cellphone maker's fightback against Apple and Google .,normal
AAPL,Apple Inc,20111026,Nokia proclaims new dawn with Windows phones ,LONDON Nokia  unveiled two sleek new Microsoft  Windows phones on Wednesday  a first step in the ailing cellphone maker's fightback against Apple  and Google .,normal
AAPL,Apple Inc,20111026,LG Elec Q3 misses consensus; handset loss widens ,SEOUL South Korea's LG Electronics reported a wider-than-expected quarterly loss on Wednesday  with its mobile phone division sinking deeper into the red  dashing hopes of a recovery in its struggling smartphone business.,normal
AAPL,Apple Inc,20111026,UPDATE 1-Apple supplier Catcher eyes China plant reopening ,TAIPEI  Oct 26 Catcher Technology   a casing supplier for Apple Inc   said a plant in China that was ordered closed due to complaints about pollution could fully reopen as early as next month.,normal
AAPL,Apple Inc,20111026,Catcher says China plant to fully reopen by end Oct ,TAIPEI  Oct 26 Catcher Technology   a casing supplier for Apple Inc   said on Wednesday its China plant will be fully reopened at end of this month.,normal
AAPL,Apple Inc,20111026,UPDATE 2-LG Elec Q3 misses consensus; handset loss widens ,* Mobile business posts 140 bln won loss vs Q2's 55 bln won loss,normal
AAPL,Apple Inc,20111026,LG Electronics Q3 misses consensus; handset loss widens ,SEOUL  Oct 26 South Korea's LG Electronics  reported a wider-than-expected quarterly loss on Wednesday  with its mobile phone division sinking deeper into the red  hit by a slow recovery in smartphone sales.,normal
BIDU,Baidu Inc,20111026,China's online search market rises 77.8 pct in Q3 ,SHANGHAI  Oct 26 China's online search market grew 77.8 percent in the third quarter to 5.51 billion yuan ($866.3 million)  according to a technology consulting firm on Wednesday.,topStory
CETV,Central European Media Enterprises Ltd,20111026,CORRECTED-UPDATE 1-Broadcaster CME Q3 revenue beats estimates on FX ,PRAGUE  Oct 26 Broadcaster Central European Media Enterprises (CME) on Wednesday reported a rise in third-quarter revenue to $165.5 million  beating expectations  helped by firmer currencies in its markets.,topStory
CETV,Central European Media Enterprises Ltd,20111026,Broadcaster CME sees FY revenue around $850 mln ,PRAGUE  Oct 26 Broadcaster Central European Media Enterprises (CME)  expects revenue of around $850 million for the full year  it said on Wednesday.,normal
ESLT,Elbit Systems Ltd,20111026,Elbit Systems unit wins $25 mln Embraer contracts ,TEL AVIV  Oct 26 Israeli defence electronics specialist Elbit Systems said its Brazilian subsidiary AEL Sistemas won contracts worth $25 million from a subsidiary of Embraer .,topStory
ESRX,Express Scripts Holding Company,20111026,UPDATE 3-Express  Medco voice confidence on deal  shrs jump ,* Express CEO doubts will settle Walgreen dispute this yr,topStory
MSFT,Microsoft Corporation,20111026,Nokia proclaims new dawn with Windows phones ,LONDON Nokia unveiled two sleek new Microsoft Windows phones on Wednesday in time for Christmas  a first step in the ailing cellphone maker's fightback against Apple and Google. | Video ,topStory
MSFT,Microsoft Corporation,20111026,RPT-UPDATE 4-Nokia proclaims new dawn with Windows phones ,LONDON  Oct 26 Nokia unveiled two sleek new Microsoft Windows phones on Wednesday in time for Christmas  a first step in the ailing cellphone maker's fightback against Apple and Google .,normal
MSFT,Microsoft Corporation,20111026,Nokia proclaims new dawn with Windows phones ,LONDON Nokia  unveiled two sleek new Microsoft  Windows phones on Wednesday  a first step in the ailing cellphone maker's fightback against Apple  and Google .,normal
NDAQ,Nasdaq Inc,20111026,Nasdaq executive sees up to 20 IPOs in U.S. by year-end ,HONG KONG Nasdaq OMX Group  expects between 15 and 20 more U.S. initial public offerings (IPOs) this year despite volatility in global markets that has dampened deal volume in recent months  a top executive at the company told Reuters.,topStory
NDAQ,Nasdaq Inc,20111026,CORRECTED-UPDATE 1-Nasdaq exec sees up to 20 IPOs in U.S. by year-end ,* U.S. IPO volume seen below initial estimates on market downturn,normal
NFLX,Netflix Inc,20111026,More challenges seen for Netflix  shares drop ,Wall Street is losing confidence that Netflix Inc can quickly reverse subscriber defections and cover mounting costs with growth in streaming  pushing its shares to their largest one-day decline since 2004.,topStory
STX,Seagate Technology PLC,20111026,Electronics firms see Thai disruption for many quarters ,* Thai Delta shifts to Chinese suppliers; margin to suffer,topStory
STX,Seagate Technology PLC,20111026,Fujitsu: PC business to be impacted by Thai floods ,TOKYO Fujitsu Ltd   Japan's largest IT services vendor  said on Wednesday that disruption to hard-disk drive supply caused by floods in Thailand will have a large impact on its PC business in the October-December period  and it was hoping for a recovery in the following quarter.,normal
STX,Seagate Technology PLC,20111026,RPT-Fujitsu: PC business to be impacted by Thai floods ,TOKYO  Oct 26 Fujitsu Ltd   Japan's largest IT services vendor  said on Wednesday that disruption to hard-disk drive supply caused by floods in Thailand will have a large impact on its PC business in the October-December period  and it was hoping for a recovery in the following quarter.,normal
STX,Seagate Technology PLC,20111026,Fujitsu: PC business to be impacted by Thai floods ,TOKYO  Oct 26 Fujitsu Ltd   Japan's largest IT services vendor  said on Wednesday that disruption to hard-disk drive supply caused by floods in Thailand will have a large impact on its PC business in the October-December period  and it was hoping for a recovery in the following quarter.,normal
SINA,Sina Corporation,20111026,China vows stricter controls on social media ,BEIJING/SHANGHAI China will intensify controls of online social media and instant messaging tools  the ruling Communist Party said in an agenda-setting document that marks the government's highest-level reaction so far to the explosive growth of microblogs.,topStory
SINA,Sina Corporation,20111026,UPDATE 2-China vows stricter controls on social media ,* Party meeting augurs firmer regulation  but not shutdown,normal
SONC,Sonic Corp,20111026,CORRECTED-UPDATE 2-Boeing Dreamliner lands in Hong Kong after 1st commercial flight ,* Carriers looking to save fuel with carbon-composite jet,topStory
BBVA,Banco Bilbao Viscaya Argentaria SA,20111026,UPDATE 3-BBVA says can generate enough capital to meet rules ,* Says can generate 4.7 bln euros of capital in coming quarters,topStory
BBVA,Banco Bilbao Viscaya Argentaria SA,20111026,Spanish bank BBVA's profit falls 14 percent ,MADRID Profits at BBVA  fell more than expected in the first nine months of the year  Spain's second-biggest bank reported on Wednesday  as volatile financial markets depressed trading revenues in the third quarter.,normal
BBD,Banco Bradesco Sa,20111026,Brazil's Banco Bradesco Q3 profit rises 11 pct ,SAO PAULO  OCT 26 Banco Bradesco     Brazil's second-largest non-government lender  posted on Wednesday third-quarter net income of 2.815 billion reais ($1.59 billion)  compared with 2.527 billion reais a year earlier.,topStory
BBDO,Banco Bradesco Sa,20111026,Brazil's Banco Bradesco Q3 profit rises 11 pct ,SAO PAULO  OCT 26 Banco Bradesco     Brazil's second-largest non-government lender  posted on Wednesday third-quarter net income of 2.815 billion reais ($1.59 billion)  compared with 2.527 billion reais a year earlier.,topStory
BA,Boeing Company (The),20111026,Dreamliner carries its first passengers and Boeing's hopes ,TOKYO The Boeing Co Dreamliner  the world's first carbon-composite airliner  flew to Hong Kong from Tokyo carrying its first paying passengers on Wednesday in a flight that could set a new benchmark in air travel.,topStory
BA,Boeing Company (The),20111026,Dreamliner carries its first passengers and Boeing's hopes ,TOKYO The Boeing Co  Dreamliner  the world's first carbon-composite airliner  flew to Hong Kong from Tokyo carrying its first paying passengers on Wednesday in a flight that could set a new benchmark in air travel.,normal
BA,Boeing Company (The),20111026,CORRECTED-UPDATE 2-Boeing Dreamliner lands in Hong Kong after 1st commercial flight ,* Carriers looking to save fuel with carbon-composite jet,normal
BA,Boeing Company (The),20111026,ANA: interested in any stretched version Dreamliner ,HONG KONG All Nippon Airways Executive Vice President Keisuke Okada said the airline would be interested in any stretched version of Boeing's 787 Dreamliner.,normal
BA,Boeing Company (The),20111026,Indian national airline to cut Dreamliner order: report ,Indian state-run airline  Air India Ltd  will cut its order of Boeing Dreamliner jets by more than half  the Economic Times reported on Wednesday citing an unnamed government official  as the cash-strapped carrier reels under billions of dollars of debt.,normal
BA,Boeing Company (The),20111026,ANA: interested in any stretched version Dreamliner ,HONG KONG  Oct 26 All Nippon Airways  Executive Vice President Keisuke Okada said the airline would be interested in any stretched version of Boeing's 787 Dreamliner.,normal
BA,Boeing Company (The),20111026,Boeing says comfortable with 787 production targets ,TOKYO Boeing Co  is comfortable with the production targets for its 787 Dreamliner  Scott Francher  a Boeing VP and head of the 787 program  said on Wednesday at Tokyo's Narita airport ahead of the plane's first flight for paying passengers.,normal
BA,Boeing Company (The),20111026,Boeing says comfortable with 787 production targets ,TOKYO  Oct 25 Boeing Co is comfortable with the production targets for its 787 Dreamliner  Scott Francher  a Boeing VP and head of the 787 programme  said on Wednesday at Tokyo's Narita airport ahead of the plane's first flight for paying passengers.,normal
BA,Boeing Company (The),20111026,Boeing Dreamliner to hit the skies with first passengers , ,normal
BTI,British American Tobacco plc,20111026,BAT gains from price hikes as Q3 rebounds ,LONDON British American Tobacco   the world's second-biggest cigarette maker  lifted sales by 7 percent in the first nine months of the year on the back of sharp price rises and recovering volumes in the third quarter.,topStory
BTI,British American Tobacco plc,20111026,UPDATE 2-BAT gains from price hikes as Q3 rebounds ,LONDON  Oct 26 British American Tobacco    the world's second-biggest cigarette maker  lifted sales by 7 percent in the first nine months of the year on the back of sharp price rises and recovering volumes in the third quarter.,normal
CAJ,Canon Inc,20111026,TEXT-S&P:Thai floods may affect Japanese electronics makers ,(The following statement was released by the rating agency),topStory
CEL,Cellcom Israel Ltd,20111026,UPDATE 2-Cellcom CEO Shapira to be replaced by Sztern ,TEL AVIV  Oct 26 Cellcom Israel Chief Executive Amos Shapira handed in his resignation effective Dec. 31 after six years at the helm of Israel's largest mobile phone operator  which is facing increased competition and pricing wars.,topStory
CEL,Cellcom Israel Ltd,20111026,Cellcom CEO Shapira to step down -report ,TEL AVIV  Oct 26 Cellcom Israel Chief Executive Amos Shapira plans to step down after six years at the helm of Israel's largest mobile phone operator  the Calcalist financial news website reported on Wednesday.,normal
CX,Cemex SAB de CV,20111026,DIARY - Mexico and Central America - to Oct 31 ,This diary is updated daily. All dates and times are provisional. The inclusion of diary items does not necessarily   mean that Reuters will file a story based on the event. __________________________________________________________________ DATE  LOCAL/GMT  MEXICO INDICATOR         PERIOD  F/CAST      PREV ------------------------------------------------------------------ OCT27 0800/1300  economic actvty (IGAE)    Aug OCT29 1430/1930  fiscal balance (pesos)    Sep _______________________________,topStory
CX,Cemex SAB de CV,20111026,Mexico's Cemex being eyed for signs of debt payment ,* Analysts look to see if Cemex will meet 2011 debt target,normal
SNP,China Petroleum & Chemical Corporation,20111026,UPDATE 1-Sinopec Yangzi to double crude capacity  eyes petchem expansion ,* Yangzi's crude run capacity to double to 320 000 bpd end-2013,topStory
ERJ,Embraer-Empresa Brasileira de Aeronautica,20111026,Elbit Systems unit wins $25 mln Embraer contracts ,TEL AVIV  Oct 26 Israeli defence electronics specialist Elbit Systems said its Brazilian subsidiary AEL Sistemas won contracts worth $25 million from a subsidiary of Embraer .,topStory
F,Ford Motor Company,20111026,Bare-bones EU debt deal news enough for buyers ,NEW YORK Stocks rose on Wednesday as the slow progress from European leaders in resolving their debt crisis was enough to satisfy investors  even if early reports from an EU summit were short on detail. | Video ,topStory
F,Ford Motor Company,20111026,U.S. stock futures point to higher Wall St. open ,LONDON  Oct 26     * U.S. stock index futures pointed to a higher open for equities on Wall Street on Wednesday  with futures for the S&P 500   for the Dow Jones and for the Nasdaq 100 up 0.6 to 0.8 percent.,normal
FCX,Freeport-McMoran Inc,20111026,Freeport Indonesia declares force majeure at Grasberg ,JAKARTA  Oct 26 Freeport McMoRan Copper & Gold Inc declared force majeure on "affected concentrate sales agreements" from its strike-hit Grasberg mine in Indonesia  the Arizona-based firm said on Wednesday.,topStory
GM,General Motors Company,20111026,SAIC Motors says Q3 net up 27 pct ,HONG KONG  Oct 26 Top Chinese automaker SAIC Motor Corp Ltd on Wednesday said third-quarter net profit rose 27 percent on solid demand for cars made with its two major partners  General Motors Co and Volkswagen AG  .,topStory
GS,Goldman Sachs Group Inc (The),20111026,Ex-Goldman director Gupta charged in insider case ,NEW YORK Rajat Gupta  who sat on the boards of some of America's most prestigious companies  was arrested and charged on Wednesday with being the "illegal eyes and ears" for his friend Raj Rajaratnam  the central figure in a broad U.S. crackdown on insider trading at hedge funds.,topStory
GS,Goldman Sachs Group Inc (The),20111026,UPDATE 2-Ex-Goldman director to face criminal charges-source ,* Was named an unindicted co-conspirator of Raj Rajaratnam,normal
GS,Goldman Sachs Group Inc (The),20111026,PRESS DIGEST - Wall Street Journal - Oct 26 ,Oct 26 The following were the top stories in The Wall Street Journal on Wednesday. Reuters has not verified these stories and does not vouch for their accuracy.,normal
HMC,Honda Motor Company Ltd,20111026,RPT-TABLE-Japan automakers September output  exports ,Oct 26 Japan's largest automaker  Toyota Motor Corp   said on Wednesday its global output rose 9.3 percent in September from a year earlier to 735 020 vehicles.	     The following are figures for domestic output  exports  overseas and global output of vehicles at Japan's eight carmakers for September  with percentage changes from the year before.                 Japan Output       Exports   *Toyota       309 389 (+ 1.2)   180 566 (+21.3)  Nissan       112 127 (- 6.7)    78 878 (+16.2,topStory
HPQ,HP Inc,20111026,Fujitsu Q2 profit falls 35 pct; keeps outlook ,TOKYO  Oct 26 Fujitsu Ltd   Japan's largest IT services vendor  said on Wednesday that its quarterly operating profit fell 35 percent  hurt by sluggish IT spending in Japan and a strong yen  and it kept its full-year profit forecast unchanged.,topStory
HSBC,HSBC Holdings plc,20111026,MOVES-Barclays Wealth  HSBC  BNY Mellon ,Oct 26 The following financial service industry appointments were announced on Wednesday. To inform us of other job changes  email to moves@thomsonreuters.com.,topStory
HSEA,HSBC Holdings plc,20111026,MOVES-Barclays Wealth  HSBC  BNY Mellon ,Oct 26 The following financial service industry appointments were announced on Wednesday. To inform us of other job changes  email to moves@thomsonreuters.com.,topStory
HSEB,HSBC Holdings plc,20111026,MOVES-Barclays Wealth  HSBC  BNY Mellon ,Oct 26 The following financial service industry appointments were announced on Wednesday. To inform us of other job changes  email to moves@thomsonreuters.com.,topStory
IBM,International Business Machines Corporation,20111026,Fujitsu Q2 profit falls 35 pct; keeps outlook ,TOKYO  Oct 26 Fujitsu Ltd   Japan's largest IT services vendor  said on Wednesday that its quarterly operating profit fell 35 percent  hurt by sluggish IT spending in Japan and a strong yen  and it kept its full-year profit forecast unchanged.,topStory
KKR,KKR & Co LP,20111026,KKR plans up to $6 billion pan-Asia fund: sources ,HONG KONG Private equity fund KKR & Co LP  plans to launch a new pan-Asia fund to raise up to $6 billion in the first quarter of 2012  two sources with knowledge of the matter told Reuters  underlining the global buyout industry's bullish view on Asia's economic growth.,topStory
LMT,Lockheed Martin Corporation,20111026,Lockheed  Pentagon at odds over F-35 costs: sources ,WASHINGTON Lockheed Martin Corp is pushing back against Pentagon efforts to make the company pay for problems that arise with the F-35 fighter jet during testing as a way to lower costs of major weapons programs  according to sources familiar with the emerging dispute.,topStory
NEE,NextEra Energy Inc,20111026,NextEra revises dates to boost Fla. nuclear output ,* FP&L says new capacity to save fuel costs  cut emissions,topStory
NMR,Nomura Holdings Inc ADR,20111026,Nomura debating major cost-cutting drive: report ,TOKYO Nomura Holdings   Japan's largest investment bank  is planning major cost cuts that will like have the biggest impact on its loss-making European operations  the Wall Street Journal reported on Wednesday  citing people familiar with the matter.,topStory
NMR,Nomura Holdings Inc ADR,20111026,Nomura debating major cost-cutting drive -WSJ ,TOKYO  Oct 26 Nomura Holdings   Japan's largest investment bank  is planning major cost cuts that will like have the biggest impact on its loss-making European operations  the Wall Street Journal reported on Wednesday  citing people familiar with the matter.,normal
BTU,Peabody Energy Corporation,20111026,Arcelor leaves Peabody with solo Macarthur bid ,BRUSSELS/LONDON ArcelorMittal  has pulled out of its joint $5 billion bid with Peabody Energy  for Australia's Macarthur Coal   days after the target's top shareholder accepted the offer and left the steelmaker with a higher-than-expected cost.,topStory
PHI,PLDT Inc,20111026,UPDATE 1-Manila's PLDT completes $1.6 bln Digitel take over ,* Regulators set conditions for takeover   (Adds details  background  share prices),topStory
PHI,PLDT Inc,20111026,Manila's PLDT says regulators okay Digitel takeover ,MANILA  Oct 26 Philippine Long Distance Telephone Co (PLDT) said on Wednesday the National Telecommunications Commission has approved its planned $1.7 billion takeover of rival Digital Telecommunications Philippines Inc (Digitel) .,normal
PHI,PLDT Inc,20111026,Philippines' PLDT says plans $116 mln notes issue ,MANILA  Oct 26 Philippine Long Distance Telephone Co (PLDT) said on Wednesday it was planning to sell notes to raise up to 5 billion pesos ($116 million) for capital expenditures and debt refinancing.,normal
PX,Praxair Inc,20111026,UPDATE 3-Praxair profit beats  but forecast is below Street ,Oct 26 Praxair Inc   the largest industrial gas supplier in North America  reported a slightly higher-than-expected quarterly profit on strong sales to manufacturers and chemical producers.,topStory
PX,Praxair Inc,20111026,Praxair profit beats  but forecast below Street ,Praxair Inc   the largest industrial gas supplier in North America  posted a higher-than-expected quarterly profit on strong sales to manufacturers and chemical producers.,normal
RIO,Rio Tinto Plc,20111026,WRAPUP 1-Iron ore in record slide as China demand slows ,SINGAPORE  Oct 26 Iron ore's steepest ever price slide on Tuesday reflects slowing growth in top consumer China and casts more doubts on Beijing's commodity demand at a time when the outlook for developed economies remains shaky.,topStory
SAP,SAP SE,20111026,Strong cash flow prompts SAP to mull share ,FRANKFURT SAP said it would consider buying back shares to return cash to shareholders  sparking a skeptical response from analysts who said they would rather see the world's biggest maker of business software spend money on acquisitions. | Video ,topStory
SAP,SAP SE,20111026,REFILE-UPDATE 2-Strong cash flow prompts SAP to mull share buyback ,FRANKFURT  Oct 26 SAP said it would consider buying back shares to return cash to shareholders  sparking a sceptical response from analysts who said they would rather see the world's biggest maker of business software spend money on acquisitions.,normal
SNE,Sony Corp Ord,20111026,TEXT-S&P:Thai floods may affect Japanese electronics makers ,(The following statement was released by the rating agency),topStory
TMO,Thermo Fisher Scientific Inc,20111026,UPDATE 4-Thermo lowers forecast amid challenging conditions ,* Sees 2011 EPS $4.11-$4.17; revs $11.62 bln to $11.7 bln,topStory
TM,Toyota Motor Corp Ltd Ord,20111026,Japan carmakers' profit outlook dims  Koreans on a roll ,TOKYO/SEOUL Japanese automakers are set to post another fall in quarterly earnings on the lingering impact of the March 11 earthquake  while a shortage of parts due to flooding in Thailand has clouded their annual outlook.,topStory
TM,Toyota Motor Corp Ltd Ord,20111026,RPT-TABLE-Japan automakers September output  exports ,Oct 26 Japan's largest automaker  Toyota Motor Corp   said on Wednesday its global output rose 9.3 percent in September from a year earlier to 735 020 vehicles.	     The following are figures for domestic output  exports  overseas and global output of vehicles at Japan's eight carmakers for September  with percentage changes from the year before.                 Japan Output       Exports   *Toyota       309 389 (+ 1.2)   180 566 (+21.3)  Nissan       112 127 (- 6.7)    78 878 (+16.2,normal
UMC,United Microelectronics Corporation,20111026,UPDATE 1-UMC Q3 net beats forecast; sees slower revenue decline ,TAIPEI  Oct 26 Taiwan's UMC   the world's No.2 contract chipmaker  reported a better-than-expected third quarter net profit on Wednesday  and saw a narrowing revenue decline in the fourth quarter even though the industry outlook remains weak.,topStory
UMC,United Microelectronics Corporation,20111026,UMC Q3 net beats forecast; sees revenue decline slowing ,TAIPEI  Oct 26 Taiwan's UMC   the world's No.2 contract chipmaker  reported on Wednesday a better-than-expected net profit of T$1.95 billion ($64.75 million) in the third quarter  and expected a narrowing revenue decline in the fourth quarter.,normal
