AMAG,AMAG Pharmaceuticals Inc,20111117,UPDATE 1-AMAG hires Jefferies as financial adviser ,* Hires Jefferies as financial adviser to explore strategic alternatives  including sale of the company.,topStory
AMZN,Amazoncom Inc,20111117,Is Amazon readying smartphone to rival iPhone  Android? ,NEW YORK (TheWrap.com) - Love your Kindle? And the new KindleFire tablet?,topStory
AMZN,Amazoncom Inc,20111117,Google launches music service ,LOS ANGELES Google Inc has turned on the music at its new online store  aiming to wrest the lead from Apple Inc and Amazon.com Inc in audio entertainment distribution despite the absence of a major record label.,normal
AMZN,Amazoncom Inc,20111117,Google music service faces big hurdles--and rivals ,Social media and mobile communications will be the two big targets for Google Inc  when it unveils a new music store for users on Wednesday  according to four people familiar with its plans.,normal
AMZN,Amazoncom Inc,20111117,UPDATE 2-Google launches music service ,* Google has partnered with 3 of the 4 major record labels  (Adds analyst comments  details of service  stock price  byline  dateline),normal
AMZN,Amazoncom Inc,20111117,REFILE-Google launches music service ,(Refiles to change slug and headline to differentiate from earlier  separate MUSIC-GOOGLE analysis),normal
AAPL,Apple Inc,20111117,Google launches music service ,LOS ANGELES Google Inc has turned on the music at its new online store  aiming to wrest the lead from Apple Inc and Amazon.com Inc in audio entertainment distribution despite the absence of a major record label.,topStory
AAPL,Apple Inc,20111117,Google music service faces big hurdles--and rivals ,Social media and mobile communications will be the two big targets for Google Inc  when it unveils a new music store for users on Wednesday  according to four people familiar with its plans.,normal
AAPL,Apple Inc,20111117,Samsung says alters tablet design to avoid German sales ban ,SEOUL Samsung Electronics said on Thursday that it would launch a redesigned version of its 10.1-inch Galaxy Tab model in Germany as early as this week to avoid a sales ban on the tablet  which a German court said violated Apple's patents.,normal
AAPL,Apple Inc,20111117,Samsung says alters tablet design to avoid German sales ban ,SEOUL  Nov 17 Samsung Electronics  said on Thursday that it would launch a redesigned version of its 10.1-inch Galaxy Tab model in Germany as early as this week to avoid a sales ban on the tablet  which a German court said violated Apple's patents.,normal
AAPL,Apple Inc,20111117,UPDATE 2-Google launches music service ,* Google has partnered with 3 of the 4 major record labels  (Adds analyst comments  details of service  stock price  byline  dateline),normal
AAPL,Apple Inc,20111117,REFILE-Google launches music service ,(Refiles to change slug and headline to differentiate from earlier  separate MUSIC-GOOGLE analysis),normal
AMAT,Applied Materials Inc,20111117,Applied Materials warns of "challenging economy" ,SAN FRANCISCO Chip gear maker Applied Materials Inc  gave a cautious quarterly revenue outlook and warned it expects to be affected by a tough economy.,topStory
TAPR,Barclays Inverse US Treasury Composite ETN,20111117,UPDATE 1-Mattress Firm prices IPO at $19/share - underwriter ,Nov 17 Mattress Firm Holding Corp priced its initial public offering at $19 per share  the high end of its expected range  according to an underwriter.,topStory
TAPR,Barclays Inverse US Treasury Composite ETN,20111117,Equity Residential in lead for Archstone -sources ,Nov 16 Equity Residential   the largest publicly traded U.S. apartment owner  is in the lead to clinch a more than 50 percent stake in U.S. apartment owner Archstone  in a deal that could be worth more than $2.6 billion  according to two sources familiar with the deal.,normal
DLBL,Barclays PLC,20111117,UPDATE 1-Mattress Firm prices IPO at $19/share - underwriter ,Nov 17 Mattress Firm Holding Corp priced its initial public offering at $19 per share  the high end of its expected range  according to an underwriter.,topStory
DLBL,Barclays PLC,20111117,Equity Residential in lead for Archstone -sources ,Nov 16 Equity Residential   the largest publicly traded U.S. apartment owner  is in the lead to clinch a more than 50 percent stake in U.S. apartment owner Archstone  in a deal that could be worth more than $2.6 billion  according to two sources familiar with the deal.,normal
DTYL,Barclays PLC,20111117,UPDATE 1-Mattress Firm prices IPO at $19/share - underwriter ,Nov 17 Mattress Firm Holding Corp priced its initial public offering at $19 per share  the high end of its expected range  according to an underwriter.,topStory
DTYL,Barclays PLC,20111117,Equity Residential in lead for Archstone -sources ,Nov 16 Equity Residential   the largest publicly traded U.S. apartment owner  is in the lead to clinch a more than 50 percent stake in U.S. apartment owner Archstone  in a deal that could be worth more than $2.6 billion  according to two sources familiar with the deal.,normal
PLCE,Children&#39;s Place Inc (The),20111117,Children's Place sees strong holiday quarter  shares up ,Children's Place Retail Stores Inc  is eyeing a strong end to the year as it expects to keep a tight leash on its merchandise  helping it ride through a highly promotional holiday season with improved margins.,topStory
PLCE,Children&#39;s Place Inc (The),20111117,UPDATE 3-Children's Place sees strong holiday quarter  shares up ,Nov 17 Children's Place Retail Stores Inc  is eyeing a strong end to the year as it expects to keep a tight leash on its merchandise  helping it ride through a highly promotional holiday season with improved margins.,normal
DLTR,Dollar Tree Inc,20111117,UPDATE 2-Dollar Tree results beat estimates ,Nov 17 Retailer Dollar Tree Inc  reported a higher-than-expected third-quarter profit on Thursday  citing brisk sales of Halloween goods before the holiday.,topStory
EMITF,Elbit Imaging Ltd,20111117,Terra Firma's Hands says good deals tough to find ,PARIS Terra Firma Capital Partners still has 1.1 billion euros ($1.5 billion) to invest that it is finding hard -- although not impossible -- to put to work  its founder Guy Hands said in an interview on Wednesday.,topStory
ERIC,Ericsson,20111117,STMicro sees returning to normal business in Q2 ,BARCELONA French chipmaker STMicroelectronics  expects inventory correction hampering the industry to continue into early 2012 and to return to normal business conditions in the second quarter.,topStory
INTU,Intuit Inc,20111117,Intuit narrows first-quarter loss ,NEW YORK The maker of accounting and tax preparation software Intuit Inc  posted a narrower loss than a year earlier and said its first-quarter revenue rose on growth in the products for small business customers.,topStory
INTU,Intuit Inc,20111117,UPDATE 1-Intuit narrows first-quarter loss ,NEW YORK  Nov 17 The maker of accounting and tax preparation software Intuit Inc posted a narrower loss than a year earlier and said its first-quarter revenue rose on growth in the products for small business customers.,normal
DTYS,iPath US Treasury 10-year Bear ETN,20111117,UPDATE 1-Mattress Firm prices IPO at $19/share - underwriter ,Nov 17 Mattress Firm Holding Corp priced its initial public offering at $19 per share  the high end of its expected range  according to an underwriter.,topStory
DTYS,iPath US Treasury 10-year Bear ETN,20111117,Equity Residential in lead for Archstone -sources ,Nov 16 Equity Residential   the largest publicly traded U.S. apartment owner  is in the lead to clinch a more than 50 percent stake in U.S. apartment owner Archstone  in a deal that could be worth more than $2.6 billion  according to two sources familiar with the deal.,normal
DTUS,iPath US Treasury 2-year Bear ETN,20111117,UPDATE 1-Mattress Firm prices IPO at $19/share - underwriter ,Nov 17 Mattress Firm Holding Corp priced its initial public offering at $19 per share  the high end of its expected range  according to an underwriter.,topStory
DTUS,iPath US Treasury 2-year Bear ETN,20111117,Equity Residential in lead for Archstone -sources ,Nov 16 Equity Residential   the largest publicly traded U.S. apartment owner  is in the lead to clinch a more than 50 percent stake in U.S. apartment owner Archstone  in a deal that could be worth more than $2.6 billion  according to two sources familiar with the deal.,normal
DTUL,iPath US Treasury 2-year Bull ETN,20111117,UPDATE 1-Mattress Firm prices IPO at $19/share - underwriter ,Nov 17 Mattress Firm Holding Corp priced its initial public offering at $19 per share  the high end of its expected range  according to an underwriter.,topStory
DTUL,iPath US Treasury 2-year Bull ETN,20111117,Equity Residential in lead for Archstone -sources ,Nov 16 Equity Residential   the largest publicly traded U.S. apartment owner  is in the lead to clinch a more than 50 percent stake in U.S. apartment owner Archstone  in a deal that could be worth more than $2.6 billion  according to two sources familiar with the deal.,normal
DFVS,iPath US Treasury 5-year Bear ETN,20111117,UPDATE 1-Mattress Firm prices IPO at $19/share - underwriter ,Nov 17 Mattress Firm Holding Corp priced its initial public offering at $19 per share  the high end of its expected range  according to an underwriter.,topStory
DFVS,iPath US Treasury 5-year Bear ETN,20111117,Equity Residential in lead for Archstone -sources ,Nov 16 Equity Residential   the largest publicly traded U.S. apartment owner  is in the lead to clinch a more than 50 percent stake in U.S. apartment owner Archstone  in a deal that could be worth more than $2.6 billion  according to two sources familiar with the deal.,normal
DFVL,iPath US Treasury 5-year Bull ETN,20111117,UPDATE 1-Mattress Firm prices IPO at $19/share - underwriter ,Nov 17 Mattress Firm Holding Corp priced its initial public offering at $19 per share  the high end of its expected range  according to an underwriter.,topStory
DFVL,iPath US Treasury 5-year Bull ETN,20111117,Equity Residential in lead for Archstone -sources ,Nov 16 Equity Residential   the largest publicly traded U.S. apartment owner  is in the lead to clinch a more than 50 percent stake in U.S. apartment owner Archstone  in a deal that could be worth more than $2.6 billion  according to two sources familiar with the deal.,normal
FLAT,iPath US Treasury Flattener ETN,20111117,UPDATE 1-Mattress Firm prices IPO at $19/share - underwriter ,Nov 17 Mattress Firm Holding Corp priced its initial public offering at $19 per share  the high end of its expected range  according to an underwriter.,topStory
FLAT,iPath US Treasury Flattener ETN,20111117,Equity Residential in lead for Archstone -sources ,Nov 16 Equity Residential   the largest publicly traded U.S. apartment owner  is in the lead to clinch a more than 50 percent stake in U.S. apartment owner Archstone  in a deal that could be worth more than $2.6 billion  according to two sources familiar with the deal.,normal
DLBS,iPath US Treasury Long Bond Bear ETN,20111117,UPDATE 1-Mattress Firm prices IPO at $19/share - underwriter ,Nov 17 Mattress Firm Holding Corp priced its initial public offering at $19 per share  the high end of its expected range  according to an underwriter.,topStory
DLBS,iPath US Treasury Long Bond Bear ETN,20111117,Equity Residential in lead for Archstone -sources ,Nov 16 Equity Residential   the largest publicly traded U.S. apartment owner  is in the lead to clinch a more than 50 percent stake in U.S. apartment owner Archstone  in a deal that could be worth more than $2.6 billion  according to two sources familiar with the deal.,normal
STPP,iPath US Treasury Steepener ETN,20111117,UPDATE 1-Mattress Firm prices IPO at $19/share - underwriter ,Nov 17 Mattress Firm Holding Corp priced its initial public offering at $19 per share  the high end of its expected range  according to an underwriter.,topStory
STPP,iPath US Treasury Steepener ETN,20111117,Equity Residential in lead for Archstone -sources ,Nov 16 Equity Residential   the largest publicly traded U.S. apartment owner  is in the lead to clinch a more than 50 percent stake in U.S. apartment owner Archstone  in a deal that could be worth more than $2.6 billion  according to two sources familiar with the deal.,normal
MRVL,Marvell Technology Group Ltd,20111117,UPDATE 3-Marvell warns about Thailand flood impact ,Nov 17 Marvell Technology Group gave a cautious revenue forecast as widespread flooding in Thailand hurts demand for its hard-drive controllers  but upbeat news about expansion in China gave the chipmaker's stock a bump.,topStory
MRVL,Marvell Technology Group Ltd,20111117,Marvell warns of Thailand flood impact ,Marvell Technology Group Ltd  posted a 24 percent slide in third-quarter net profit and warned on Thursday that widespread flooding in Thailand may hurt demand for hard-drive controllers.,normal
MCHP,Microchip Technology Incorporated,20111117,Chip industry eyes recovery after slowdown ,BARCELONA The semiconductor industry is looking at first signs of recovery as it struggles to clear inventories of unsold chips stemming from a slowdown in consumer spending  industry executives said on Thursday.,topStory
MU,Micron Technology Inc,20111117,Rambus defeat raises doubts  challenges loyalty ,Long-time Rambus investors licked their wounds and pondered their loyalty on Thursday after a crushing legal defeat that underscores the risks companies face when they rely heavily on litigation.,topStory
MU,Micron Technology Inc,20111117,Rambus defeat raises doubts  challenges loyalty ,Nov 17 Long-time Rambus investors licked their wounds and pondered their loyalty on Thursday after a crushing legal defeat that underscores the risks companies face when they rely heavily on litigation.,normal
MU,Micron Technology Inc,20111117,Rambus loses antitrust lawsuit  shares plunge ,SAN FRANCISCO Rambus Inc was dealt a major defeat on Wednesday as a jury rejected its claims in a $4 billion antitrust lawsuit against Micron Technology Inc and Hynix Semiconductor Inc  a decision that wiped out almost two-thirds of its market value.,normal
MU,Micron Technology Inc,20111117,UPDATE 7-Rambus loses antitrust lawsuit  shares plunge ,SAN FRANCISCO  Nov 16 Rambus Inc was dealt a major defeat on Wednesday as a jury rejected its claims in a $4 billion antitrust lawsuit against Micron Technology Inc and Hynix Semiconductor Inc   a decision that wiped out almost two-thirds of its market value.,normal
MU,Micron Technology Inc,20111117,Seoul shares open up; Hynix soars after Rambus ruling ,SEOUL  Nov 17 Seoul shares opened modestly higher on Thursday after sharp falls in the previous session  helped by a rally in Hynix Semiconductor shares after a U.S. court rejected Rambus Inc's claims against Hynix and Micron.,normal
MSFT,Microsoft Corporation,20111117,Shareholders reduce support for Microsoft CEO ,SEATTLE  Nov 17 Microsoft Corp Chief Executive is slightly less popular with shareholders than he was last year  despite notching record profits in the past 12 months.,topStory
MSFT,Microsoft Corporation,20111117,UPDATE 2-GameStop upbeat on holiday sales ,* Quarterly results match estimates  not as bad as feared,normal
NDAQ,Nasdaq Inc,20111117,Exclusive: Lax security at Nasdaq helped hackers ,WASHINGTON A federal investigation into last year's cyber attack on Nasdaq OMX Group found surprisingly lax security practices that made the exchange operator an easy target for hackers  people with knowledge of the probe said. The sources did not want to be identified because the matter is classified.,topStory
NFLX,Netflix Inc,20111117,UPDATE 1-Starz to launch Web service next year ,NEW YORK  Nov 17 Starz  the premium pay-TV network owned by Liberty Media Corp    will unveil an online version of its TV and movie channel for its cable and satellite subscribers in 2012  its chief executive officer said on Thursday.,topStory
PERY,Perry Ellis International Inc,20111117,Perry Ellis slumps as discounts pinch margins ,Perry Ellis International Inc  said shoppers refused to pay more for wardrobe basics like denims  forcing the clothes maker to discount heavily and leading to margins that are likely to stay weak in the near future.,topStory
PERY,Perry Ellis International Inc,20111117,UPDATE 1-Perry Ellis Q3 profit misses Street view ,Nov 17 Perry Ellis International Inc  posted a quarterly profit that missed Wall Street expectations  as the apparel maker was hurt by increased promotions that led to higher discounts.,normal
RMBS,Rambus Inc,20111117,Rambus defeat raises doubts  challenges loyalty ,Long-time Rambus investors licked their wounds and pondered their loyalty on Thursday after a crushing legal defeat that underscores the risks companies face when they rely heavily on litigation.,topStory
RMBS,Rambus Inc,20111117,Rambus defeat raises doubts  challenges loyalty ,Nov 17 Long-time Rambus investors licked their wounds and pondered their loyalty on Thursday after a crushing legal defeat that underscores the risks companies face when they rely heavily on litigation.,normal
RMBS,Rambus Inc,20111117,Rambus loses antitrust lawsuit  shares plunge ,SAN FRANCISCO Rambus Inc was dealt a major defeat on Wednesday as a jury rejected its claims in a $4 billion antitrust lawsuit against Micron Technology Inc and Hynix Semiconductor Inc  a decision that wiped out almost two-thirds of its market value.,normal
RMBS,Rambus Inc,20111117,UPDATE 7-Rambus loses antitrust lawsuit  shares plunge ,SAN FRANCISCO  Nov 16 Rambus Inc was dealt a major defeat on Wednesday as a jury rejected its claims in a $4 billion antitrust lawsuit against Micron Technology Inc and Hynix Semiconductor Inc   a decision that wiped out almost two-thirds of its market value.,normal
RMBS,Rambus Inc,20111117,Seoul shares open up; Hynix soars after Rambus ruling ,SEOUL  Nov 17 Seoul shares opened modestly higher on Thursday after sharp falls in the previous session  helped by a rally in Hynix Semiconductor shares after a U.S. court rejected Rambus Inc's claims against Hynix and Micron.,normal
ROST,Ross Stores Inc,20111117,UPDATE 1-Ross Stores affirms holiday outlook  splits stock ,Nov 17 Ross Stores Inc reported a higher quarterly profit as shoppers continued to seek out bargains  but the off-price store chain did not raise its holiday quarter sales and profit forecast  preferring to be "cautious" given the "possibility of an even more competitive-than-usual holiday season."     Ross  which like its larger rival TJX Cos Inc sells designer clothing brands and home goods at lower prices than department stores  also announced a 2-for-1 stock split in the form of ,topStory
SHLD,Sears Holdings Corporation,20111117,Sears' loss nearly doubles  shares fall ,Sears Holdings Corp  reported a much wider than expected quarterly loss on Thursday as higher markdowns and pricing pressures in appliances squeezed margins  and its shares fell as much as 9 percent.,topStory
SHLD,Sears Holdings Corporation,20111117,UPDATE 4-Sears' loss nearly doubles  shares fall ,Nov 17 Sears Holdings Corp reported a much wider than expected quarterly loss on Thursday as higher markdowns and pricing pressures in appliances squeezed margins  and its shares fell as much as 9 percent.,normal
SHLD,Sears Holdings Corporation,20111117,US STOCKS-Wall St dips as Europe offsets US pickup signs ,NEW YORK  Nov 17 U.S. stocks edged lower on Thursday as rising yields on euro zone debt overshadowed optimism from data showing improvement by the U.S. economy.,normal
SHLD,Sears Holdings Corporation,20111117,RPT-US STOCKS-Wall St flat as euro zone debt fears persist ,NEW YORK  Nov 17 U.S. stocks were little changed on Thursday as concerns over rising yields on euro zone debt kept optimism over another round of improved U.S. economic data in check.,normal
VOD,Vodafone Group Plc,20111117,Vodafone CEO to lead new look at costs ,BARCELONA  Nov 17 Vodafone Chief Executive Vittorio Colao is to lead another close look at costs across the group because he does not expect the economy to improve in many markets  he said on Thursday.,topStory
VOD,Vodafone Group Plc,20111117,Verizon and Vodafone say getting on better ,BARCELONA  Spain  Nov 17 Tension between Vodafone and Verizon Communications over their joint venture in the United States has eased and the success of new partnerships could determine if that relationship goes any further.,normal
VOD,Vodafone Group Plc,20111117,Vodafone CEO to lead new look at costs ,BARCELONA  Nov 17 Vodafone Chief Executive Vittorio Colao is to lead another close look at costs across the group because he does not expect the economy to improve in many markets  he said on Thursday.,normal
VOD,Vodafone Group Plc,20111117,Italy telecom authority approves new mobile price timetable ,ROME  Nov 17 Italian telecoms authority AGCOM approved a new plan for reducing so-called mobile termination rates  the fees mobile phone companies charge other operators to terminate calls on their networks  the agency said on Thursday.,normal
ANF,Abercrombie & Fitch Company,20111117,Fitch's US bank worries weigh on Britain's FTSE ,LONDON  Nov 17 Britain's top shares fell on Thursday  in thin trading  tracking weakness on Wall Street after ratings agency Fitch voiced concern over U.S. banks' European exposure  overshadowing positive earnings from UK companies.,topStory
ANF,Abercrombie & Fitch Company,20111117,Europe stock index futures signal early losses ,PARIS  Nov 17 European stock index futures pointed to a lower open on Thursday following a sell-off on Wall Street after ratings agency Fitch said the outlook for U.S. banks could worsen if the euro zone debt crisis is not resolved quickly.,normal
ANF,Abercrombie & Fitch Company,20111117,Bookies see Europe stocks tracking Wall St sell-off ,PARIS  Nov 17 Financial spreadbetters expect Europe's main indexes to fall on Thursday  tracking a sell-off on Wall Street after ratings agency Fitch said the outlook for U.S. banks could worsen if the euro zone debt crisis is not resolved quickly.,normal
AZN,Astrazeneca PLC,20111117,RPT-UPDATE 2-Few advantages seen for Crestor over Lipitor-study ,ORLANDO  Fla.  Nov 15 Pfizer Inc's  Lipitor and AstraZeneca's Crestor cholesterol drugs  taken at their highest dose  safely reduced artery-clogging plaque in heart patients  according to data from a clinical trial presented on Tuesday.,topStory
AN,AutoNation Inc,20111117,TEXT-S&P affirms 'BBB-' Corp. credit  other ratings on AutoNation ,-- Fort Lauderdale  Fla.-based auto retailer AutoNation Inc. intends to refinance its $1.172 billion unsecured credit facilities.,topStory
BAC,Bank of America Corporation,20111117,Bank of America says it has spent $2.1 billion on share exchange ,Bank of America Corp  has issued about $2.1 billion in common stock and senior notes as part of a previously announced swap for outstanding securities held by institutional investors  according to a filing Thursday.,topStory
BAC,Bank of America Corporation,20111117,Bank of America says it has spent $2.1 bln on share exchange ,Nov 17 Bank of America Corp has issued about $2.1 billion in common stock and senior notes as part of a previously announced swap for outstanding securities held by institutional investors  according to a filing Thursday.,normal
BAC,Bank of America Corporation,20111117,RPT-UPDATE 1-BofA learned a lesson from debit card fury - CEO ,Nov 15 Bank of America Corp learned a lesson from its abandoned debit card fee and will work to provide transparency and fair pricing to customers while producing a return for shareholders  Chief Executive Brian Moynihan said on Tuesday.,normal
BAC,Bank of America Corporation,20111117,Bank of America names new strategy chief ,Nov 17 Bank of America Corp Chief Executive Officer Brian Moynihan named a new strategy chief to help him with his bid to reshape a company struggling with mortgage losses  new regulations and a sluggish economy.,normal
BAC,Bank of America Corporation,20111117,Police arrest San Francisco protesters inside bank ,SAN FRANCISCO Police arrested scores of anti-Wall Street protesters in San Francisco on Wednesday after they occupied a Bank of America branch in the city's financial district.,normal
BAC,Bank of America Corporation,20111117,Equity Residential in lead for Archstone -sources ,Nov 16 Equity Residential   the largest publicly traded U.S. apartment owner  is in the lead to clinch a more than 50 percent stake in U.S. apartment owner Archstone  in a deal that could be worth more than $2.6 billion  according to two sources familiar with the deal.,normal
BCS,Barclays PLC,20111117,UPDATE 1-Mattress Firm prices IPO at $19/share - underwriter ,Nov 17 Mattress Firm Holding Corp priced its initial public offering at $19 per share  the high end of its expected range  according to an underwriter.,topStory
BCS,Barclays PLC,20111117,Equity Residential in lead for Archstone -sources ,Nov 16 Equity Residential   the largest publicly traded U.S. apartment owner  is in the lead to clinch a more than 50 percent stake in U.S. apartment owner Archstone  in a deal that could be worth more than $2.6 billion  according to two sources familiar with the deal.,normal
BBY,Best Buy Co Inc,20111117,UPDATE 1-Walmart to ship electronics free ahead of holidays ,Nov 17 Wal-Mart Stores Inc is offering free shipping on all electronics products over $45 from Thursday through Dec. 19 as the world's largest retailer tries to win tech shoppers from the likes of Amazon.com and Best Buy in the all-important holiday season.,topStory
BHP,BHP Billiton Limited,20111117,BHP Billiton turns more cautious on market outlook ,MELBOURNE BHP Billiton   the world's biggest miner  has turned more wary on the outlook for commodity markets as some players face tighter access to credit  but said conditions are not as bad as during the global financial crisis. | Video ,topStory
BHP,BHP Billiton Limited,20111117,TEXT-S&P rts BHP Billiton Finance (USA) proposed issue rated 'A+' ,Nov 17- Standard & Poor's Ratings Services said today that it had assigned its 'A+' long-term credit ratings to BHP Billiton Finance (USA) Ltd.'s US$1 billion senior notes due 2014  US$750 million senior notes due 2016  and the company's US$1.25 billion senior notes due 2021. These notes will be guaranteed by BHP Billiton Ltd. and BHP Billiton PLC  (collectively BHP Billiton)  and will be used for general corporate purposes (including the repayment of commercial paper).,normal
BHP,BHP Billiton Limited,20111117,UPDATE 3-BHP Billiton turns more cautious on market outlook ,MELBOURNE  Nov 17 BHP Billiton  the world's biggest miner  has turned more wary on the outlook for commodity markets as some players face tighter access to credit  but said conditions are not as bad as during the global financial crisis.,normal
BHP,BHP Billiton Limited,20111117,BRIEF-Moody's rates BHP Billiton's US$3.0bn Notes A1; Outlook Stable ,* Moody's rates BHP Billiton's US$3.0bn Notes A1; Outlook Stable,normal
BHP,BHP Billiton Limited,20111117,BHP Billiton shuns investor call to give up on M&A ,MELBOURNE BHP Billiton   the world's biggest miner  said it would continue to pursue acquisitions that make sense in terms of strategic fit and value  turning down a request from a shareholder asking the company to return more cash to investors.,normal
BBL,BHP Billiton plc,20111117,TEXT-S&P rts BHP Billiton Finance (USA) proposed issue rated 'A+' ,Nov 17- Standard & Poor's Ratings Services said today that it had assigned its 'A+' long-term credit ratings to BHP Billiton Finance (USA) Ltd.'s US$1 billion senior notes due 2014  US$750 million senior notes due 2016  and the company's US$1.25 billion senior notes due 2021. These notes will be guaranteed by BHP Billiton Ltd. and BHP Billiton PLC  (collectively BHP Billiton)  and will be used for general corporate purposes (including the repayment of commercial paper).,topStory
BA,Boeing Company (The),20111117,UPDATE 4-Boeing wins $21.7 bln airplane order ,* Obama under pressure to show progress on jobs  (Adds Boeing statement that Lion Air included in previously disclosed 737 MAX commitments  Asia demand  analyst comments),topStory
BA,Boeing Company (The),20111117,Boeing wins $21.7 billion airplane order ,NUSA DUA  Indonesia The United States announced a massive order for Boeing jets from Indonesia's largest domestic airline  Lion Air  to be showcased as U.S. President Barack Obama winds up an Asia-Pacific tour.,normal
BA,Boeing Company (The),20111117,Boeing says Lion Air order would be its biggest ,Boeing Co  said on Thursday that Indonesia's Lion Air is to sign a commitment to order 230 airplanes with a list price of $21.7 billion  marking the manufacturer's biggest commercial deal.,normal
BA,Boeing Company (The),20111117,Obama to announce Asian export deals for Boeing  GE ,NUSA DUA  INDONESIA President Barack Obama will showcase a $21.7 billion deal Boeing has struck with Indonesia's largest domestic airline  Lion Air  the White House said. | Video ,normal
BA,Boeing Company (The),20111117,CORRECTED-Obama to announce Asian export deals for Boeing  GE ,NUSA DUA  INDONESIA  Nov 17 U.S. President Barack Obama will showcase a $21.7 billion deal Boeing  has struck with Indonesia's largest domestic airline  Lion Air  the White House said.,normal
BA,Boeing Company (The),20111117,Hawaiian Airlines orders Airbus planes worth $1 bln ,PARIS  Nov 17 Honolulu-based Hawaiian Airlines ordered five additional A330-200 aircraft from European planemaker Airbus on Thursday to help expand its network and replace Boeing 767-300 planes  the airline's chief executive said in an Airbus statement.,normal
BP,BP plc,20111117,RPT-UPDATE 2-BP can't use Transocean insurance for Gulf spill ,* Judge says Alabama  Louisiana may seek punitive damages,topStory
BKE,Buckle Inc (The),20111117,UPDATE 1-Buckle posts bigger profit  beats estimates ,Nov 17 Clothes and accessories retailer Buckle Inc posted a bigger quarterly profit that beat Wall Street estimates  as strong demand for its jeans and footwear offset rising costs.	   The Kearney  Nebraska-based company  which taps into smaller cities for its clientele  also sells third-party brands like Guess  Diesel and Ed Hardy  which boost sales. 	  KEY POINTS:         Q3 2011       I/B/E/S       Q3 2010      Revenue          $273.4 mln   $268.3 mln    $243.3 mln      Net income,topStory
CCJ,Cameco Corporation,20111117,UPDATE 4-Rio Tinto ups the ante in bid for Canada's Hathor ,* Hathor has unsolicited bid from Cameco worth C$4.50/shr,topStory
CVX,Chevron Corporation,20111117,Brazil police to probe Chevron drilling  spill ,RIO DE JANEIRO Brazilian federal police have opened a probe into U.S. oil giant Chevron over alleged pollution linked to an oil spill at its offshore Frade project.,topStory
CVX,Chevron Corporation,20111117,UPDATE 2-Brazil police to probe Chevron drilling  spill ,* Police say Chevron reports do not match reality of spill,normal
CVX,Chevron Corporation,20111117,Woods and former caddy Williams defuse tension at first tee ,MELBOURNE Tiger Woods and his former caddy Steve Williams moved to defuse tension early in the Presidents Cup  shaking hands at the first tee at Royal Melbourne Golf Club before their group's opening foursomes match Thursday.,normal
CHL,China Mobile (Hong Kong) Ltd,20111117,China  India embrace LTE  some time before wide adoption ,HONG KONG  Nov 17 China and India  the world's biggest mobile phone markets  are building fourth-generation (4G) networks based on the long-term evolution (LTE) technology although it will be years before it takes off as both countries are still ramping up 3G services.,topStory
C,Citigroup Inc,20111117,Watchdog clears US SEC handling of Citi settlement ,* Tipster alleged he impeded case on behalf of Citi lawyer,topStory
C,Citigroup Inc,20111117,New Issue-FMC Corp sells $300 mln of notes ,Nov 17 FMC Corp on Thursday sold $300 million of notes  said IFR  a Thomson Reuters service.     Bank of America Merrill Lynch and Citigroup were the joint bookrunning managers for the sale. BORROWER: FMC CORP AMT $300 MLN      COUPON 3.95 PCT      MATURITY    2/1/2022 TYPE NTS          ISS PRICE 99.575     FIRST PAY   8/1/2012 MOODY'S Baa1      YIELD 4.00 PCT       SETTLEMENT 11/22/2011 S&P BBB-PLUS      SPREAD 205 BPS       PAY FREQ SEMI-ANNUAL FITCH BBB-PLUS      MORE THAN TREAS  ,normal
C,Citigroup Inc,20111117,New Issue-Stanley Black & Decker sells $400 mln of notes ,Nov 17 Stanley Black & Decker on Thursday sold $400 million of notes  said IFR  a Thomson Reuters service.     Citigroup  Deutsche Bank and Goldman Sachs were the joint bookrunning managers for the sale. BORROWER: STANLEY BLACK & DECKER AMT $400 MLN      COUPON 3.40 PCT      MATURITY   12/1/2021 TYPE NTS          ISS PRICE 99.898     FIRST PAY   6/1/2012 MOODY'S Baa1      YIELD 3.412 PCT      SETTLEMENT 11/22/2011 S&P SINGLE-A      SPREAD 145 BPS       PAY FREQ SEMI-ANNUAL FITCH A-MI,normal
C,Citigroup Inc,20111117,New Issue-Stanley Black & Decker sells $400 mln of notes ,Nov 17 Stanley Black & Decker on Thursday sold $400 million of notes  said IFR  a Thomson Reuters service.     Citigroup  Credt Suisse and Goldman Sachs were the joint bookrunning managers for the sale. BORROWER: STANLEY BLACK & DECKER AMT $400 MLN      COUPON 3.40 PCT      MATURITY   12/1/2021 TYPE NTS          ISS PRICE 99.898     FIRST PAY   6/1/2012 MOODY'S Baa1      YIELD 3.412 PCT      SETTLEMENT 11/22/2011 S&P SINGLE-A      SPREAD 145 BPS       PAY FREQ SEMI-ANNUAL FITCH A-MIN,normal
COP,ConocoPhillips,20111117,Australia's Origin signs binding sales agreement with Kansai ,PERTH  Nov 17 Origin Energy said on Thursday it signed a binding heads of agreement to supply Japan's Kansai Electric Power with liquefied natural gas (LNG) from its Australia Pacific LNG project in eastern Australia.,topStory
DAL,Delta Air Lines Inc,20111117,Delta Air alerts consumers to fraudulent emails ,Delta Air Lines Inc  is investigating scam emails suggesting to consumers that their credit cards have been charged for a ticket from the company  it said on Wednesday.,topStory
DB,Deutsche Bank AG,20111117,New Issue-L-3 Communications sells $500 mln of notes ,Nov 17 L-3 Communications Corp on Thursday sold $500 million of senior unsecured notes  said IFR  a Thomson Reuters service.     Bank of America Merrill Lynch  Barclay's Capital and Deutsche Bank were the joint bookrunning managers for the sale. BORROWER: L-3 COMMUNICATIONS CORP AMT $500 MLN      COUPON 3.95 PCT      MATURITY  11/15/2016 TYPE SR NTS       ISS PRICE 99.273     FIRST PAY  5/15/2012 MOODY'S Baa3      YIELD 4.113 PCT      SETTLEMENT 11/22/2011 S&P BBB-MINUS     SPREAD 32,topStory
DB,Deutsche Bank AG,20111117,New Issue-Stanley Black & Decker sells $400 mln of notes ,Nov 17 Stanley Black & Decker on Thursday sold $400 million of notes  said IFR  a Thomson Reuters service.     Citigroup  Deutsche Bank and Goldman Sachs were the joint bookrunning managers for the sale. BORROWER: STANLEY BLACK & DECKER AMT $400 MLN      COUPON 3.40 PCT      MATURITY   12/1/2021 TYPE NTS          ISS PRICE 99.898     FIRST PAY   6/1/2012 MOODY'S Baa1      YIELD 3.412 PCT      SETTLEMENT 11/22/2011 S&P SINGLE-A      SPREAD 145 BPS       PAY FREQ SEMI-ANNUAL FITCH A-MI,normal
DB,Deutsche Bank AG,20111117,New Issue-So California Edison sells $250 mln of bonds ,Nov 17 Southern California Edison on Thursday sold $250 million of first and refunding mortgage bonds  said IFR  a Thomson Reuters service.     Deutsche Bank  Ramirez and Goldman Sachs were the joint bookrunning managers for the sale. BORROWER: SOUTHERN CALIFORNIA EDISON AMT $250 MLN      COUPON 3.90 PCT      MATURITY   12/1/2041 TYPE BONDS        ISS PRICE 99.438     FIRST PAY   6/1/2012 MOODY'S A1        YIELD 3.932 PCT      SETTLEMENT 11/22/2011 S&P SINGLE-A      SPREAD 98 BPS    ,normal
DEO,Diageo plc,20111117,Diageo expects growth to remain constant despite economy ,NEW YORK Diageo PLC   the world's largest spirits company  expects sales growth in North America to remain constant despite the challenging economy  fueled by new products and a robust holiday selling season.,topStory
DLB,Dolby Laboratories,20111117,UPDATE 1-Dolby Q4 beats  sees 2012 profit above Street view ,Nov 17 Audio technology licensor Dolby Labs Inc posted a better-than-expected fourth quarter on higher growth in its broadcast market  and forecast 2012 profit above estimates.,topStory
DCI,Donaldson Company Inc,20111117,UPDATE 1-Donaldson Q1 beats Street  raises profit view ,Nov 17 Donaldson Co Inc  a maker of filtration and exhaust control products  posted a market-beating quarterly profit  helped by strong sales in its engine products segment  and raised its fiscal 2012 earnings outlook.,topStory
LLY,Eli Lilly and Company,20111117,RPT-UPDATE 2-Lilly drug boosts good cholesterol  appears safe ,ORLANDO  Fla.  Nov 15 An experimental heart drug from Eli Lilly and Co dramatically boosted levels of "good" cholesterol and appeared to be safe  according to data from a clinical trial  providing new hope for a class of medicines with a troubled past.,topStory
E,ENI SpA,20111117,EU mergers and takeovers (Nov 17) ,BRUSSELS  Nov 17 The following are mergers under review by the European Commission and a brief guide to the EU merger process:,topStory
EXC,Exelon Corporation,20111117,UPDATE 1-Exelon says shareholders approve Constellation deal ,Nov 17 Power company Exelon Corp  said its proposed merger with rival Constellation Energy  was approved by shareholders of both companies  leaving only regulatory approvals to be consummated before the deal in closed.,topStory
XOM,Exxon Mobil Corporation,20111117,WRAPUP 1-Kurd  Baghdad oil officials meet on Exxon spat ,LONDON  Nov 17 The most senior energy officials from the Kurdish region of Iraq and from the central government were due to meet on Thursday to try and resolve a spat over a major oil deal involving U.S. oil major Exxon Mobil .,topStory
XOM,Exxon Mobil Corporation,20111117,Shell pulls out of Kurdistan oil talks - FT ,LONDON  Nov 17 Royal Dutch Shell Plc  has pulled out of oil-development talks with the Kurdistan regional government in an effort to protect lucrative investments in southern Iraq  the Financial Times reported on Thursday.,normal
FDX,FedEx Corporation,20111117,Gunman shoots self at FedEx facility in Chicago suburb ,CHICAGO A gunman entered a FedEx facility in the Chicago suburb of Bedford Park Thursday morning and opened fire before taking his own life  officials said.,topStory
FMC,FMC Corporation,20111117,New Issue-FMC Corp sells $300 mln of notes ,Nov 17 FMC Corp on Thursday sold $300 million of notes  said IFR  a Thomson Reuters service.     Bank of America Merrill Lynch and Citigroup were the joint bookrunning managers for the sale. BORROWER: FMC CORP AMT $300 MLN      COUPON 3.95 PCT      MATURITY    2/1/2022 TYPE NTS          ISS PRICE 99.575     FIRST PAY   8/1/2012 MOODY'S Baa1      YIELD 4.00 PCT       SETTLEMENT 11/22/2011 S&P BBB-PLUS      SPREAD 205 BPS       PAY FREQ SEMI-ANNUAL FITCH BBB-PLUS      MORE THAN TREAS  ,topStory
F,Ford Motor Company,20111117,U.S. proposes to double auto fuel economy by 2025 ,WASHINGTON The Obama administration proposed on Wednesday doubling auto fuel efficiency to 54.5 miles per gallon by 2025  a White House energy priority that has come under scrutiny in Congress.,topStory
FCX,Freeport-McMoran Inc,20111117,Freeport  Peru union differ on strike outlook ,* Freeport-McMoran CEO says strike settlement "very close",topStory
GME,Gamestop Corporation,20111117,UPDATE 2-GameStop upbeat on holiday sales ,* Quarterly results match estimates  not as bad as feared,topStory
GPS,Gap Inc (The),20111117,Gap bets on discounts to draw holiday shoppers ,Gap Inc  said it plans to "compete aggressively" on discounts to attract shoppers in the crucial holiday season as the no. 1 U.S. clothes retailer continues to look for ways wrestle back market share from its peers.,topStory
GPS,Gap Inc (The),20111117,UPDATE 3-Gap bets on discounts to draw holiday shoppers ,Nov 17 Gap Inc said it plans to "compete aggressively" on discounts to attract shoppers in the crucial holiday season as the no. 1 U.S. clothes retailer continues to look for ways wrestle back market share from its peers.,normal
GPS,Gap Inc (The),20111117,UPDATE 1-Gap posts smaller quarterly profit ,Nov 17 Gap Inc's quarterly profit slipped 36 percent as the biggest clothes retailer in the United States continued to lose market share to more affordable and fashionable peers.,normal
GEK,General Electric Capital Corporation,20111117,RPT-UPDATE 4-Peter Brant's SP Newsprint files bankruptcy ,* Owner is onetime billionaire  arts collector Peter Brant,topStory
GEK,General Electric Capital Corporation,20111117,Obama to announce Asian export deals for Boeing  GE ,NUSA DUA  INDONESIA President Barack Obama will showcase a $21.7 billion deal Boeing has struck with Indonesia's largest domestic airline  Lion Air  the White House said. | Video ,normal
GEK,General Electric Capital Corporation,20111117,CORRECTED-Obama to announce Asian export deals for Boeing  GE ,NUSA DUA  INDONESIA  Nov 17 U.S. President Barack Obama will showcase a $21.7 billion deal Boeing  has struck with Indonesia's largest domestic airline  Lion Air  the White House said.,normal
GEK,General Electric Capital Corporation,20111117,GE planning new software center in California ,General Electric Co plans to hire about 400 people to work in a new software development center it intends to open in San Ramon  California  next year  the largest U.S. conglomerate said on Thursday.,normal
GEK,General Electric Capital Corporation,20111117,GE planning new software center in California ,Nov 17 General Electric Co plans to hire about 400 people to work in a new software development center it intends to open in San Ramon  California  next year  the largest U.S. conglomerate said on Thursday.,normal
GE,General Electric Company,20111117,RPT-UPDATE 4-Peter Brant's SP Newsprint files bankruptcy ,* Owner is onetime billionaire  arts collector Peter Brant,topStory
GE,General Electric Company,20111117,Obama to announce Asian export deals for Boeing  GE ,NUSA DUA  INDONESIA President Barack Obama will showcase a $21.7 billion deal Boeing has struck with Indonesia's largest domestic airline  Lion Air  the White House said. | Video ,normal
GE,General Electric Company,20111117,CORRECTED-Obama to announce Asian export deals for Boeing  GE ,NUSA DUA  INDONESIA  Nov 17 U.S. President Barack Obama will showcase a $21.7 billion deal Boeing  has struck with Indonesia's largest domestic airline  Lion Air  the White House said.,normal
GE,General Electric Company,20111117,GE planning new software center in California ,General Electric Co plans to hire about 400 people to work in a new software development center it intends to open in San Ramon  California  next year  the largest U.S. conglomerate said on Thursday.,normal
GE,General Electric Company,20111117,GE planning new software center in California ,Nov 17 General Electric Co plans to hire about 400 people to work in a new software development center it intends to open in San Ramon  California  next year  the largest U.S. conglomerate said on Thursday.,normal
GIS,General Mills Inc,20111117,New Issue-General Mills sells $1 bln of notes ,Nov 17 General Mills Inc. on Thursday sold $1 billion of senior unsecured notes  said IFR  a Thomson Reuters service.     Morgan Stanley  Bank of America Merrill Lynch and Goldman Sachs were the joint bookrunning managers for the sale. BORROWER: GENERAL MILLS INC TRANCHE 1 AMT $1 BLN        COUPON 3.150 PCT     MATURITY  12/15/2021 TYPE SR NTS       ISS PRICE 99.589     FIRST PAY  6/15/2012 MOODY'S Baa1      YIELD 3.198 PCT      SETTLEMENT 11/28/2011 S&P BBB-PLUS      SPREAD 125 BPS ,topStory
GM,General Motors Company,20111117,Delphi Automotive shares slip in market debut ,Delphi Automotive Plc's  shares slumped in their debut on Thursday  a day after the former General Motors  auto parts unit priced its initial public offering at the low end of the expected range.,topStory
GM,General Motors Company,20111117,UPDATE 3-Delphi Automotive shares slip in market debut ,Nov 17 Delphi Automotive Plc's shares slumped in their debut on Thursday  a day after the former General Motors auto parts unit priced its initial public offering at the low end of the expected range.,normal
GM,General Motors Company,20111117,RPT-FEATURE-Revenge of the internal combustion engine ,* Avg fuel economy on new cars up 2.5 mpg over four years,normal
GM,General Motors Company,20111117,GM executive sees 2012 U.S. auto sales flat to slightly up ,The U.S. auto industry will grow slowly  with next year's sales possibly rising slightly from 2011  a top General Motors Co  executive said on Tuesday.,normal
GM,General Motors Company,20111117,UPDATE 1-Magna makes German buy  launches GM E-Car project ,* Magna develops demo fleet of Chevrolet Equinox electric vehicles,normal
GM,General Motors Company,20111117,U.S. proposes to double auto fuel economy by 2025 ,WASHINGTON The Obama administration proposed on Wednesday doubling auto fuel efficiency to 54.5 miles per gallon by 2025  a White House energy priority that has come under scrutiny in Congress.,normal
GM,General Motors Company,20111117,UPDATE 3-Delphi IPO prices at low end of range ,Nov 16 Delphi Automotive Plc raised $530 million in its initial public offering -- in a deal that values the company much less than it had hoped for when IPO plans were first being formed.,normal
GS,Goldman Sachs Group Inc (The),20111117,New Issue-Stanley Black & Decker sells $400 mln of notes ,Nov 17 Stanley Black & Decker on Thursday sold $400 million of notes  said IFR  a Thomson Reuters service.     Citigroup  Deutsche Bank and Goldman Sachs were the joint bookrunning managers for the sale. BORROWER: STANLEY BLACK & DECKER AMT $400 MLN      COUPON 3.40 PCT      MATURITY   12/1/2021 TYPE NTS          ISS PRICE 99.898     FIRST PAY   6/1/2012 MOODY'S Baa1      YIELD 3.412 PCT      SETTLEMENT 11/22/2011 S&P SINGLE-A      SPREAD 145 BPS       PAY FREQ SEMI-ANNUAL FITCH A-MI,topStory
GS,Goldman Sachs Group Inc (The),20111117,New Issue-So California Edison sells $250 mln of bonds ,Nov 17 Southern California Edison on Thursday sold $250 million of first and refunding mortgage bonds  said IFR  a Thomson Reuters service.     Deutsche Bank  Ramirez and Goldman Sachs were the joint bookrunning managers for the sale. BORROWER: SOUTHERN CALIFORNIA EDISON AMT $250 MLN      COUPON 3.90 PCT      MATURITY   12/1/2041 TYPE BONDS        ISS PRICE 99.438     FIRST PAY   6/1/2012 MOODY'S A1        YIELD 3.932 PCT      SETTLEMENT 11/22/2011 S&P SINGLE-A      SPREAD 98 BPS    ,normal
GS,Goldman Sachs Group Inc (The),20111117,New Issue-General Mills sells $1 bln of notes ,Nov 17 General Mills Inc. on Thursday sold $1 billion of senior unsecured notes  said IFR  a Thomson Reuters service.     Morgan Stanley  Bank of America Merrill Lynch and Goldman Sachs were the joint bookrunning managers for the sale. BORROWER: GENERAL MILLS INC TRANCHE 1 AMT $1 BLN        COUPON 3.150 PCT     MATURITY  12/15/2021 TYPE SR NTS       ISS PRICE 99.589     FIRST PAY  6/15/2012 MOODY'S Baa1      YIELD 3.198 PCT      SETTLEMENT 11/28/2011 S&P BBB-PLUS      SPREAD 125 BPS ,normal
GS,Goldman Sachs Group Inc (The),20111117,RPT-UPDATE 1-Goldman CEO: Wall Street could rebound ,Nov 15 Goldman Sachs Group Inc Chief Executive Officer Lloyd Blankfein said it is too early to say that Wall Street business is down because the industry has fundamentally changed.,normal
GS,Goldman Sachs Group Inc (The),20111117,New Issue-Stanley Black & Decker sells $400 mln of notes ,Nov 17 Stanley Black & Decker on Thursday sold $400 million of notes  said IFR  a Thomson Reuters service.     Citigroup  Credt Suisse and Goldman Sachs were the joint bookrunning managers for the sale. BORROWER: STANLEY BLACK & DECKER AMT $400 MLN      COUPON 3.40 PCT      MATURITY   12/1/2021 TYPE NTS          ISS PRICE 99.898     FIRST PAY   6/1/2012 MOODY'S Baa1      YIELD 3.412 PCT      SETTLEMENT 11/22/2011 S&P SINGLE-A      SPREAD 145 BPS       PAY FREQ SEMI-ANNUAL FITCH A-MIN,normal
GS,Goldman Sachs Group Inc (The),20111117,China's yuan could challenge dollar: commission ,WASHINTON China's economy is moving up the value chain and its currency could "mount a challenge" to the U.S. dollar in five to ten years  a congressionally created commission reported on Wednesday.,normal
HGH,Hartford Financial Services Group Inc (The),20111117,Invesco recruits ex-Hartford exec as fixed income head ,Nov 17  Invesco Ltd. has hired Gregory McGreevey  the former chief investment officer of The Hartford Financial Services Group   as head of fixed income.,topStory
HIG,Hartford Financial Services Group Inc (The),20111117,Invesco recruits ex-Hartford exec as fixed income head ,Nov 17  Invesco Ltd. has hired Gregory McGreevey  the former chief investment officer of The Hartford Financial Services Group   as head of fixed income.,topStory
HP,Helmerich & Payne Inc,20111117,UPDATE 2-Helmerich & Payne sees higher rig demand in US ,* Forecasts 2012 Capex at $1.1 bln  up 58 pct from last year,topStory
HMC,Honda Motor Company Ltd,20111117,Honda to start manufacturing CR-Vs in Canada ,* No job cuts at Ohio plant; 400 employees hired in Canada,topStory
HMC,Honda Motor Company Ltd,20111117,U.S. proposes to double auto fuel economy by 2025 ,WASHINGTON The Obama administration proposed on Wednesday doubling auto fuel efficiency to 54.5 miles per gallon by 2025  a White House energy priority that has come under scrutiny in Congress.,normal
HPQ,HP Inc,20111117,HP adds activist investor Whitworth to board ,Nov 17 Activist investor Ralph Whitworth is joining Hewlett Packard's board  and reportedly has taken a 1 percent stake in the computer maker.,topStory
HSBC,HSBC Holdings plc,20111117,New Issue-Doosan Infrancore prices $350 mln 2016 bond ,Underlying govt bond    Over Mid-swaps  equivalent to 365bp,topStory
HSBC,HSBC Holdings plc,20111117,Forward Calendar - U.S. corporate bond new issues ,Nov 17 The following are lists of upcoming high-grade and high-yield corporate bond offerings in the United States. The information was gathered from Thomson Reuters U.S. new issues team  and other market sources: *Denotes 144a private placement debt offering. HIGH-GRADE BOND SALES EXPECTED FOR WEEK OF 11/14/2011                        COMPANY           AMT       MAT/DEBT  RTGS           MGRS               PRICED Amex Credit       $1.0 bln   5-yr     A2/BBB+/A+     CITI/GS/UBS       ,normal
HSEA,HSBC Holdings plc,20111117,New Issue-Doosan Infrancore prices $350 mln 2016 bond ,Underlying govt bond    Over Mid-swaps  equivalent to 365bp,topStory
HSEA,HSBC Holdings plc,20111117,Forward Calendar - U.S. corporate bond new issues ,Nov 17 The following are lists of upcoming high-grade and high-yield corporate bond offerings in the United States. The information was gathered from Thomson Reuters U.S. new issues team  and other market sources: *Denotes 144a private placement debt offering. HIGH-GRADE BOND SALES EXPECTED FOR WEEK OF 11/14/2011                        COMPANY           AMT       MAT/DEBT  RTGS           MGRS               PRICED Amex Credit       $1.0 bln   5-yr     A2/BBB+/A+     CITI/GS/UBS       ,normal
HSEB,HSBC Holdings plc,20111117,New Issue-Doosan Infrancore prices $350 mln 2016 bond ,Underlying govt bond    Over Mid-swaps  equivalent to 365bp,topStory
HSEB,HSBC Holdings plc,20111117,Forward Calendar - U.S. corporate bond new issues ,Nov 17 The following are lists of upcoming high-grade and high-yield corporate bond offerings in the United States. The information was gathered from Thomson Reuters U.S. new issues team  and other market sources: *Denotes 144a private placement debt offering. HIGH-GRADE BOND SALES EXPECTED FOR WEEK OF 11/14/2011                        COMPANY           AMT       MAT/DEBT  RTGS           MGRS               PRICED Amex Credit       $1.0 bln   5-yr     A2/BBB+/A+     CITI/GS/UBS       ,normal
INFY,Infosys Limited,20111117,Indian shares drop 6.3 percent in six sessions ,* Infosys  Wipro fall on concerns about euro zone's impact on U.S.,topStory
INFY,Infosys Limited,20111117,Indian shares trade flat; Reliance  techs drop ,* Worries about poor corporate earnings  global cues weigh,normal
IVZ,Invesco Plc,20111117,Invesco recruits ex-Hartford exec as fixed income head ,Nov 17  Invesco Ltd. has hired Gregory McGreevey  the former chief investment officer of The Hartford Financial Services Group   as head of fixed income.,topStory
JPM,J P Morgan Chase & Co,20111117,RPT-UPDATE 1-JPMorgan fined for sale of risky investments ,Nov 15 A U.S. regulator ordered JPMorgan Chase & Co to pay $3.62 million in fines and reimbursement for recommending investments linked to junk bonds to unsophisticated customers who might not have been able to take on the risks.,topStory
SJM,JM Smucker Company (The),20111117,Some Smucker peanut butter recalled  health risk ,Nov 17 J.M. Smucker Co has recalled about 300 cases of its Natural Chunky Peanut Butter because of possible salmonella contamination though there have been no reports of illnesses  the company said on Thursday.,topStory
SJM,JM Smucker Company (The),20111117,Smucker recalls some peanut butter on possible Salmonella ,J.M. Smucker Co has recalled about 300 cases of its Natural Chunky Peanut Butter because of possible Salmonella contamination though there have been no reports of illnesses  the company said on Thursday.,normal
SJM,JM Smucker Company (The),20111117,Smucker profit misses view  cuts EPS outlook ,J.M. Smucker Co   the maker of Jif peanut butter and Folgers coffee  reported a lower-than-expected quarterly profit  hurt by higher costs of raw materials like coffee and peanuts  and it cut its full-year profit outlook.,normal
SJM,JM Smucker Company (The),20111117,UPDATE 3-Smucker Q2 profit misses view  cuts EPS outlook ,Nov 17 J.M. Smucker Co   the maker of Jif peanut butter and Folgers coffee  reported a lower-than-expected quarterly profit  hurt by higher costs of raw materials like coffee and peanuts  and it cut its full-year profit outlook.,normal
JNJ,Johnson & Johnson,20111117,CORRECTED - J&J to nix baby-product contaminant within 2 years ,* CEO says chemical exposure safe as eating apple or pear,topStory
JNJ,Johnson & Johnson,20111117,CORRECTED - J&J to nix baby-product contaminant within 2 years ,* CEO says chemical exposure safe as eating apple or pear,normal
JNJ,Johnson & Johnson,20111117,RPT-Quick review of Eliquis could lift Bristol  Pfizer ,* Analysts: good chance for speedy FDA review of clot drug,normal
JNJ,Johnson & Johnson,20111117,J&J to nix baby-product contaminant within 2 years ,Johnson & Johnson  responding to complaints about a potentially carcinogenic chemical in its baby shampoos  said it plans within two years to eliminate formaldehyde-releasing preservatives from hundreds of its baby products.,normal
LM,Legg Mason Inc,20111117,Legg Mason's Miller to step down from main fund ,Bill Miller  a star mutual fund stock-picker who posted a 15-year-long winning streak before losing his touch as the financial crisis hit  will step down from his flagship fund at Legg Mason Inc in April.,topStory
LM,Legg Mason Inc,20111117,UPDATE 6-Legg Mason's Miller to step down from main fund ,Nov 17 Bill Miller  a star mutual fund stock-picker who posted a 15-year-long winning streak before losing his touch as the financial crisis hit  will step down from his flagship fund at Legg Mason Inc in April.,normal
LMHA,Legg Mason Inc,20111117,Legg Mason's Miller to step down from main fund ,Bill Miller  a star mutual fund stock-picker who posted a 15-year-long winning streak before losing his touch as the financial crisis hit  will step down from his flagship fund at Legg Mason Inc in April.,topStory
LMHA,Legg Mason Inc,20111117,UPDATE 6-Legg Mason's Miller to step down from main fund ,Nov 17 Bill Miller  a star mutual fund stock-picker who posted a 15-year-long winning streak before losing his touch as the financial crisis hit  will step down from his flagship fund at Legg Mason Inc in April.,normal
LMHB,Legg Mason Inc,20111117,Legg Mason's Miller to step down from main fund ,Bill Miller  a star mutual fund stock-picker who posted a 15-year-long winning streak before losing his touch as the financial crisis hit  will step down from his flagship fund at Legg Mason Inc in April.,topStory
LMHB,Legg Mason Inc,20111117,UPDATE 6-Legg Mason's Miller to step down from main fund ,Nov 17 Bill Miller  a star mutual fund stock-picker who posted a 15-year-long winning streak before losing his touch as the financial crisis hit  will step down from his flagship fund at Legg Mason Inc in April.,normal
LYG,Lloyds Banking Group Plc,20111117,UPDATE 4-UK sells bailed out bank Northern Rock to Virgin ,* Sale price less than 1.4 bln stg equity paid by UK govt,topStory
LYG,Lloyds Banking Group Plc,20111117,CORRECTED-UPDATE 3-UK sells bailed out bank Northern Rock to Virgin ,* Sale price is less than 1.4 bln stg equity paid by UK govt,normal
MGA,Magna International Inc,20111117,Magna makes German buy  launches GM E-Car project ,Canadian-based Magna International Inc said on Thursday it will acquire German parts maker BDW Technologies' four aluminum die casting operations in Europe.,topStory
MGA,Magna International Inc,20111117,UPDATE 1-Magna makes German buy  launches GM E-Car project ,* Magna develops demo fleet of Chevrolet Equinox electric vehicles,normal
MDT,Medtronic plc,20111117,UPDATE 2-Medtronic to sell Physio-Control to Bain ,Nov 17 Medtronic Inc plans to sell its external defibrillator business  Physio-Control  to Bain Capital for $487 million in cash.,topStory
MRK,Merck & Company Inc,20111117,UPDATE 2-Fund backs cervical cancer vaccine in poor nations ,* GAVI gives green light to HPV vaccination in 9 countries,topStory
MRK,Merck & Company Inc,20111117,Fund backs cervical cancer vaccine in poor nations ,LONDON The GAVI international immunisations group has agreed to fund the roll-out of vaccines against cervical cancer in developing countries  offering protection against a disease that kills one woman every two minutes.,normal
MRK,Merck & Company Inc,20111117,Fund backs cervical cancer vaccine in poor nations ,* GAVI gives green light to HPV vaccination in 9 countries,normal
MCO,Moody&#39;s Corporation,20111117,New Issue-Westpac Banking Corp sells $1 bln in bonds ,Nov 17 Westpac Banking Corporation on Thursday sold $1 billion of covered bonds in the 144a private placement market  said IFR  a Thomson Reuters service.     Barclay's Capital  Bank of America Merrill Lynch and Normura were the joint bookrunning managers for the sale. BORROWER: WESTPAC BANKING CORPORATION AMT $1 BLN        COUPON 2.45 PCT      MATURITY   11/28/2016 TYPE BONDS        ISS PRICE 99.813     FIRST PAY   5/28/2012 MOODY'S Aaa       YIELD 2.49 PCT       SETTLEMENT 11/28/20,topStory
MS,Morgan Stanley,20111117,New Issue-General Mills sells $1 bln of notes ,Nov 17 General Mills Inc. on Thursday sold $1 billion of senior unsecured notes  said IFR  a Thomson Reuters service.     Morgan Stanley  Bank of America Merrill Lynch and Goldman Sachs were the joint bookrunning managers for the sale. BORROWER: GENERAL MILLS INC TRANCHE 1 AMT $1 BLN        COUPON 3.150 PCT     MATURITY  12/15/2021 TYPE SR NTS       ISS PRICE 99.589     FIRST PAY  6/15/2012 MOODY'S Baa1      YIELD 3.198 PCT      SETTLEMENT 11/28/2011 S&P BBB-PLUS      SPREAD 125 BPS ,topStory
MS,Morgan Stanley,20111117,Morgan Stanley division names head of high yield ,Nov 17 Morgan Stanley's investment management unit has hired Richard Lindquist as head of its $1.7 billion high-yield bond division  according to an internal memo sent on Thursday.,normal
NBR,Nabors Industries Ltd,20111117,RPT-UPDATE 1-New Nabors CEO seeks way out of oil and gas assets ,Nov 15 Nabors Industries Ltd   the world's largest land-drilling contractor  plans to shed its non-core oil and gas exploration and production assets under its new chief executive  Anthony Petrello.,topStory
NAV,Navistar International Corporation,20111117,RPT-UPDATE 3-Navistar reaches deal with Icahn on board ,Nov 15 Navistar International Corp  reached a deal with activist investor Carl Icahn that could put its directors up for election each year.,topStory
NKE,Nike Inc,20111117,UPDATE 1-Nike raises qtrly div by 16 pct ,Nov 17 Nike Inc  the world's biggest athletic shoe and clothing maker  raised its quarterly cash dividend on Thursday by 16 percent.,topStory
OSK,Oshkosh Corporation,20111117,RPT-UPDATE 3-Navistar reaches deal with Icahn on board ,Nov 15 Navistar International Corp  reached a deal with activist investor Carl Icahn that could put its directors up for election each year.,topStory
PCG,Pacific Gas & Electric Co,20111117,PGE seeks advisers for Exatel unit sale-source ,WARSAW  Nov 17 Poland's top utility PGE  took the first step towards relaunching the sale of its telecoms unit Exatel on Thursday  asking banks interested in advising on the disposal of the unit to present their offers  a banking source told Reuters.,topStory
PFE,Pfizer Inc,20111117,RPT-UPDATE 2-Lilly drug boosts good cholesterol  appears safe ,ORLANDO  Fla.  Nov 15 An experimental heart drug from Eli Lilly and Co dramatically boosted levels of "good" cholesterol and appeared to be safe  according to data from a clinical trial  providing new hope for a class of medicines with a troubled past.,topStory
PFE,Pfizer Inc,20111117,RPT-Quick review of Eliquis could lift Bristol  Pfizer ,* Analysts: good chance for speedy FDA review of clot drug,normal
PFE,Pfizer Inc,20111117,UPDATE 1-Pfizer's rare disease drug gets EU nod ,Nov 17 Pfizer Inc said European health regulators approved its drug to treat a rare neurodegenerative disease.,normal
PIR,Pier 1 Imports Inc,20111117,UPDATE 1-Colombia posts trade deficit of $337 mln in Sept ,BOGOTA  Nov 17 Colombia posted a trade deficit of $337 million in September versus a deficit of $417 million in the same month last year  the government's DANE statistics agency said on Thursday.,topStory
PAA,Plains All American Pipeline LP,20111117,SemGroup says Plains bid offers no basis for talks ,SemGroup  on Thursday again rejected the unsolicited $1 billion bid from rival Plains All American Pipeline   saying the offer does not provide any reasonable basis to begin a discussion.,topStory
PAA,Plains All American Pipeline LP,20111117,UPDATE 1-SemGroup says Plains bid offers no basis for talks ,Nov 17 SemGroup on Thursday again rejected the unsolicited $1 billion bid from rival Plains All American Pipeline  saying the offer does not provide any reasonable basis to begin a discussion.,normal
PHI,PLDT Inc,20111117,Manila's JG to sell $262 mln PLDT stake to Japan's NTT ,MANILA  Nov 17 Philippine conglomerate JG Summit Holdings Inc said on Thursday it will exercise an option to sell some of its newly-acquired shares in Philippine Long Distance Telephone Co (PLDT) worth $262 million to Japan's NTT Docomo Inc.,topStory
RELX,RELX PLC,20111117,Reed Elsevier on track in economic storm ,Anglo-Dutch publishing and events group Reed Elsevier Plc/NV  posted a 1 percent rise in underlying sales for the first nine months of the year and said macroeconomic uncertainty had had only a marginal effect on its results.,topStory
RIO,Rio Tinto Plc,20111117,UPDATE 4-Rio Tinto ups the ante in bid for Canada's Hathor ,* Hathor has unsolicited bid from Cameco worth C$4.50/shr,topStory
RIO,Rio Tinto Plc,20111117,UPDATE 3-BHP Billiton turns more cautious on market outlook ,MELBOURNE  Nov 17 BHP Billiton  the world's biggest miner  has turned more wary on the outlook for commodity markets as some players face tighter access to credit  but said conditions are not as bad as during the global financial crisis.,normal
RY,Royal Bank Of Canada,20111117,GE Capital Canada Funding sells C$500 notes ,Nov 17 GE Capital Canada Funding Co on Thursday sold C$500 million ($485 million) of medium term notes  according to a term sheet seen by Reuters.,topStory
RBS,Royal Bank Scotland plc (The),20111117,CORRECTED-UPDATE 3-UK sells bailed out bank Northern Rock to Virgin ,* Sale price is less than 1.4 bln stg equity paid by UK govt,topStory
CRM,Salesforcecom Inc,20111117,Salesforce.com shares drop on tepid outlook ,Web-based software maker Salesforce.com Inc forecast current-quarter earnings broadly in line with Wall Street estimates and posted a quarterly net loss as its marketing and sales costs increased sharply.,topStory
CRM,Salesforcecom Inc,20111117,UPDATE 3-Salesforce.com shares drop on tepid outlook ,Nov 17 Web-based software maker Salesforce.com Inc forecast current-quarter earnings broadly in line with Wall Street estimates and posted a quarterly net loss as its marketing and sales costs increased sharply.,normal
SEMG,Semgroup Corporation,20111117,SemGroup says Plains bid offers no basis for talks ,SemGroup  on Thursday again rejected the unsolicited $1 billion bid from rival Plains All American Pipeline   saying the offer does not provide any reasonable basis to begin a discussion.,topStory
SEMG,Semgroup Corporation,20111117,UPDATE 1-SemGroup says Plains bid offers no basis for talks ,Nov 17 SemGroup on Thursday again rejected the unsolicited $1 billion bid from rival Plains All American Pipeline  saying the offer does not provide any reasonable basis to begin a discussion.,normal
SHG,Shinhan Financial Group Co Ltd,20111117,Woori  Shinhan battle for troubled Tomato Savings Bank ,SEOUL South Korea's debt-ridden Tomato Savings Bank may find a new owner with Shinhan Financial Group Co Ltd  and Woori Finance Holdings Co Ltd  vying for the suspended institution  which has suffered irate customers  investigations and now an executive's suicide.,topStory
SNE,Sony Corp Ord,20111117,Google launches music service ,LOS ANGELES Google Inc has turned on the music at its new online store  aiming to wrest the lead from Apple Inc and Amazon.com Inc in audio entertainment distribution despite the absence of a major record label.,topStory
SNE,Sony Corp Ord,20111117,Google music service faces big hurdles--and rivals ,Social media and mobile communications will be the two big targets for Google Inc  when it unveils a new music store for users on Wednesday  according to four people familiar with its plans.,normal
SNE,Sony Corp Ord,20111117,UPDATE 2-Google launches music service ,* Google has partnered with 3 of the 4 major record labels  (Adds analyst comments  details of service  stock price  byline  dateline),normal
LUV,Southwest Airlines Company,20111117,Flier sues Southwest  says owed 45 free drinks ,Southwest Airlines Co  was sued by an Illinois man over the discount carrier's decision to stop honoring coupons for free alcoholic drinks  which it had given to select travelers and which lacked expiration dates.,topStory
LUV,Southwest Airlines Company,20111117,Flier sues Southwest  says owed 45 free drinks ,Southwest Airlines Co was sued by an Illinois man over the discount carrier's decision to stop honoring coupons for free alcoholic drinks  which it had given to select travelers and which lacked expiration dates.,normal
LUV,Southwest Airlines Company,20111117,Flier sues Southwest  says owed 45 free drinks ,* Coupons for free drinks had no expiration date - lawsuit,normal
TGT,Target Corporation,20111117,UPDATE 3-Children's Place sees strong holiday quarter  shares up ,Nov 17 Children's Place Retail Stores Inc  is eyeing a strong end to the year as it expects to keep a tight leash on its merchandise  helping it ride through a highly promotional holiday season with improved margins.,topStory
TI,Telecom Italia SPA,20111117,Telecom Italia sees market slightly down in 2012 ,BARCELONA  Nov 17 Telecom Italia  expects its domestic market to be slightly weaker in 2012 as consumers absorb the impact of austerity measures  the group's chief operating officer said on Thursday.,topStory
TI,Telecom Italia SPA,20111117,Italy telecom authority approves new mobile price timetable ,ROME  Nov 17 Italian telecoms authority AGCOM approved a new plan for reducing so-called mobile termination rates  the fees mobile phone companies charge other operators to terminate calls on their networks  the agency said on Thursday.,normal
TX,Ternium SA,20111117,Ternium in talks to buy stake in Brazil's Usiminas ,* Usiminas deal could change industry landscape in Brazil,topStory
TJX,TJX Companies Inc (The),20111117,UPDATE 1-Ross Stores affirms holiday outlook  splits stock ,Nov 17 Ross Stores Inc reported a higher quarterly profit as shoppers continued to seek out bargains  but the off-price store chain did not raise its holiday quarter sales and profit forecast  preferring to be "cautious" given the "possibility of an even more competitive-than-usual holiday season."     Ross  which like its larger rival TJX Cos Inc sells designer clothing brands and home goods at lower prices than department stores  also announced a 2-for-1 stock split in the form of ,topStory
TD,Toronto Dominion Bank (The),20111117,GE Capital Canada Funding sells C$500 notes ,Nov 17 GE Capital Canada Funding Co on Thursday sold C$500 million ($485 million) of medium term notes  according to a term sheet seen by Reuters.,topStory
TM,Toyota Motor Corp Ltd Ord,20111117,UPDATE 3-Toyota  Nissan mull strategy shift on strong yen ,Nov 17 The strong yen is forcing Toyota Motor Corp and Nissan Motor Co Ltd to consider changes in production plans and alliance strategies  the top executives of both Japanese automakers said on Thursday.,topStory
TM,Toyota Motor Corp Ltd Ord,20111117,Hybrid cars safer in crashes: insurers' study ,WASHINGTON Hybrid vehicles are 25 percent safer for their occupants than conventional fuel models but are more hazardous for pedestrians  according to a study from an insurance institute released on Thursday.,normal
RIG,Transocean Ltd,20111117,RPT-UPDATE 2-BP can't use Transocean insurance for Gulf spill ,* Judge says Alabama  Louisiana may seek punitive damages,topStory
TKC,Turkcell Iletisim Hizmetleri AS,20111117,TeliaSonera hopes to end Turkcell row this year ,BARCELONA  Spain  Nov 17 Nordic telecoms group TeliaSonera expects to resolve an ongoing board dispute at Turkcell by the end of the year and will then look to deal with issues at Russian group Megafon  its chief finance officer said on Thursday.,topStory
VZ,Verizon Communications Inc,20111117,Verizon and Vodafone say getting on better ,BARCELONA  Spain  Nov 17 Tension between Vodafone and Verizon Communications over their joint venture in the United States has eased and the success of new partnerships could determine if that relationship goes any further.,topStory
VZA,Verizon Communications Inc,20111117,Verizon and Vodafone say getting on better ,BARCELONA  Spain  Nov 17 Tension between Vodafone and Verizon Communications over their joint venture in the United States has eased and the success of new partnerships could determine if that relationship goes any further.,topStory
WMT,Wal-Mart Stores Inc,20111117,RPT-UPDATE 4-Wal-Mart profit below Wall St despite better sales ,Nov 15 Wal-Mart Stores Inc's decision to absorb most of the rising food costs for its stressed U.S. shoppers and spend on its e-commerce business weighed on profitability  even as key U.S. sales rose for the first time in more than two years.,topStory
WMT,Wal-Mart Stores Inc,20111117,UPDATE 1-Walmart to ship electronics free ahead of holidays ,Nov 17 Wal-Mart Stores Inc is offering free shipping on all electronics products over $45 from Thursday through Dec. 19 as the world's largest retailer tries to win tech shoppers from the likes of Amazon.com and Best Buy in the all-important holiday season.,normal
WBK,Westpac Banking Corporation,20111117,New Issue-Westpac Banking Corp sells $1 bln in bonds ,Nov 17 Westpac Banking Corporation on Thursday sold $1 billion of covered bonds in the 144a private placement market  said IFR  a Thomson Reuters service.     Barclay's Capital  Bank of America Merrill Lynch and Normura were the joint bookrunning managers for the sale. BORROWER: WESTPAC BANKING CORPORATION AMT $1 BLN        COUPON 2.45 PCT      MATURITY   11/28/2016 TYPE BONDS        ISS PRICE 99.813     FIRST PAY   5/28/2012 MOODY'S Aaa       YIELD 2.49 PCT       SETTLEMENT 11/28/20,topStory
WIT,Wipro Limited,20111117,Indian shares drop 6.3 percent in six sessions ,* Infosys  Wipro fall on concerns about euro zone's impact on U.S.,topStory
WIT,Wipro Limited,20111117,Indian shares trade flat; Reliance  techs drop ,* Worries about poor corporate earnings  global cues weigh,normal
