AMZN,Amazoncom Inc,20111118,Amazon nearly breaks even on Fire's cost: iSuppli ,Amazon.com Inc almost breaks even on every Kindle Fire tablet it makes and sells  IHS iSuppli estimated on Friday  underscoring the aggressiveness with which it tried to rein in the cost of a device that spearheads its foray into the tablet market.,topStory
AMZN,Amazoncom Inc,20111118,Amazon nearly breaks even on Fire's cost - iSuppli ,Nov 18 Amazon.com Inc almost breaks even on every Kindle Fire tablet it makes and sells  IHS iSuppli estimated on Friday  underscoring the aggressiveness with which it tried to rein in the cost of a device that spearheads its foray into the tablet market.,normal
AMZN,Amazoncom Inc,20111118,Amazon may launch a smartphone in Q4 2012: report ,Amazon.com Inc may launch its own smartphone in the fourth quarter of 2012  Citigroup said  citing its supply-chain channel checks in Asia.,normal
AMGN,Amgen Inc,20111118,Amgen signs DaVita  Fresenius anemia drug deals ,Amgen Inc  aiming to secure future sales of its flagship anemia drug Epogen as potential competition emerges  has reached new supply contracts with the two largest operators of U.S. kidney dialysis clinics.,topStory
AMGN,Amgen Inc,20111118,UPDATE 3-Amgen signs DaVita  Fresenius anemia drug deals ,Nov 18 Amgen Inc   aiming to secure future sales of its flagship anemia drug Epogen as potential competition emerges  has reached new supply contracts with the two largest operators of U.S. kidney dialysis clinics.,normal
AMGN,Amgen Inc,20111118,Amgen signs 7-year anemia drug contract with DaVita ,Amgen Inc reached a seven-year contract to supply DaVita Inc with nearly all of the anemia drugs needed by the dialysis clinic operator  locking up nearly a third of the U.S. market for its flagship drug Epogen.,normal
AMGN,Amgen Inc,20111118,Amgen signs 7-year anemia drug contract with DaVita ,Amgen Inc reached a seven-year contract to supply DaVita Inc with nearly all of the anemia drugs needed by the dialysis clinic operator  locking up nearly a third of the U.S. market for its flagship drug Epogen.,normal
ASML,ASML Holding NV,20111118,ASML CFO: clients investing again ,BARCELONA  Nov 18 Customers of Dutch chip equipment maker ASML  are beginning to pick up on their investment plans which were postponed only a few months ago  its chief financial officer said on Friday.,topStory
TAPR,Barclays Inverse US Treasury Composite ETN,20111118,New Issue-Oncor Electric Delivery sells $300 mln notes ,Nov 18 Oncor Electric Delivery Co LLC on Friday sold $300 million of senior secured notes in the 144a private placement market  said IFR  a Thomson Reuters service.      Barclays Capital  Citigroup  JP Morgan  and RBS were the joint bookrunning managers for the sale. BORROWER: ONCOR ELECTRIC DELIVERY CO LLC AMT $300 MLN      COUPON 4.50 PCT      MATURITY   12/1/2041 TYPE NTS          ISS PRICE 99.804     FIRST PAY   6/1/2012 MOODY'S Baa1      YIELD 4.562 PCT      SETTLEMENT 11/23/201,topStory
TAPR,Barclays Inverse US Treasury Composite ETN,20111118,Italy's BPM says 81.7 pct of cap hike subscribed ,MILAN  Nov 18 Italy's Banca Popolare di Milano said on Friday 81.7 percent of a rights issue had been covered by investors allowing the mutual bank to raise 653.1 million euros  in a bid to boost its capital base.,normal
DLBL,Barclays PLC,20111118,New Issue-Oncor Electric Delivery sells $300 mln notes ,Nov 18 Oncor Electric Delivery Co LLC on Friday sold $300 million of senior secured notes in the 144a private placement market  said IFR  a Thomson Reuters service.      Barclays Capital  Citigroup  JP Morgan  and RBS were the joint bookrunning managers for the sale. BORROWER: ONCOR ELECTRIC DELIVERY CO LLC AMT $300 MLN      COUPON 4.50 PCT      MATURITY   12/1/2041 TYPE NTS          ISS PRICE 99.804     FIRST PAY   6/1/2012 MOODY'S Baa1      YIELD 4.562 PCT      SETTLEMENT 11/23/201,topStory
DLBL,Barclays PLC,20111118,Italy's BPM says 81.7 pct of cap hike subscribed ,MILAN  Nov 18 Italy's Banca Popolare di Milano said on Friday 81.7 percent of a rights issue had been covered by investors allowing the mutual bank to raise 653.1 million euros  in a bid to boost its capital base.,normal
DTYL,Barclays PLC,20111118,New Issue-Oncor Electric Delivery sells $300 mln notes ,Nov 18 Oncor Electric Delivery Co LLC on Friday sold $300 million of senior secured notes in the 144a private placement market  said IFR  a Thomson Reuters service.      Barclays Capital  Citigroup  JP Morgan  and RBS were the joint bookrunning managers for the sale. BORROWER: ONCOR ELECTRIC DELIVERY CO LLC AMT $300 MLN      COUPON 4.50 PCT      MATURITY   12/1/2041 TYPE NTS          ISS PRICE 99.804     FIRST PAY   6/1/2012 MOODY'S Baa1      YIELD 4.562 PCT      SETTLEMENT 11/23/201,topStory
DTYL,Barclays PLC,20111118,Italy's BPM says 81.7 pct of cap hike subscribed ,MILAN  Nov 18 Italy's Banca Popolare di Milano said on Friday 81.7 percent of a rights issue had been covered by investors allowing the mutual bank to raise 653.1 million euros  in a bid to boost its capital base.,normal
CETV,Central European Media Enterprises Ltd,20111118,TEXT-S&P revises Central European Media Enterprises outlook to neg ,-- More adverse macroeconomic conditions could weaken earnings and cash 	 flow generation at Bermuda-registered TV broadcaster and media company Central 	 European Media Enterprises Ltd.  whose liquidity now mainly relies on 	 on-balance-sheet cash.,topStory
CME,CME Group Inc,20111118,TEXT-S&P revises Central European Media Enterprises outlook to neg ,-- More adverse macroeconomic conditions could weaken earnings and cash 	 flow generation at Bermuda-registered TV broadcaster and media company Central 	 European Media Enterprises Ltd.  whose liquidity now mainly relies on 	 on-balance-sheet cash.,topStory
FMBI,First Midwest Bancorp Inc,20111118,New Issue-First Midwest Bancorp sells $115 mln of notes ,Nov 18 First Midwest Bancorp on Friday sold $115 million of notes  said IFR  a Thomson Reuters service.     Goldman Sachs was the sole bookrunning managers for the sale. BORROWER: FIRST MIDWEST BANCORP AMT $115 MLN      COUPON 5.875 PCT     MATURITY   11/22/2016 TYPE NTS          ISS PRICE 99.467     FIRST PAY   5/22/2012 MOODY'S Baa1      YIELD N/A            SETTLEMENT 11/22/2011 S&P BBB-MINUS     SPREAD 507.9 BPS     PAY FREQ SEMI-ANNUAL FITCH N/A          MORE THAN TREAS     NON-,topStory
HIBB,Hibbett Sports Inc,20111118,UPDATE 2-Hibbett raises FY outlook  upbeat on holiday season ,Nov 18 Hibbett Sports Inc raised its full-year profit forecast for the third time this year  encouraged by strong footwear and apparel sales going into the holiday season.	     The sportswear and shoes retailer's full-year earnings outlook range was above Wall Street estimates.	     The company also posted a better-than-expected third-quarter profit.     	      KEY POINTS: Q3 2011    I/B/E/S     Q3 2010      Revenue     $185.2 mln $179.9 mln  $167.4 mln      Net income  $16.0 mln  n/,topStory
INTC,Intel Corporation,20111118,Intel-backed Synacor revives IPO plans ,Synacor Inc  partly owned by Intel Corp  filed with U.S. regulators on Friday to raise up to $75 million in an initial public offering  reviving its plans to tap the public markets after three years.,topStory
INTC,Intel Corporation,20111118,UPDATE 1-Intel-backed Synacor revives IPO plans ,Nov 18 Synacor Inc  partly owned by Intel Corp  filed with U.S. regulators on Friday to raise up to $75 million in an initial public offering  reviving its plans to tap the public markets after three years.,normal
INTU,Intuit Inc,20111118,Intuit narrows loss as small business unit grows ,NEW YORK Intuit  the maker of accounting and tax preparation software posted a narrower loss for its first quarter than a year earlier as the growth of the products it makes for small business customers helped it weather one of its seasonally slower quarters.,topStory
INTU,Intuit Inc,20111118,UPDATE 2-Intuit narrows loss as small business unit grows ,NEW YORK  Nov 17 Intuit   the maker of accounting and tax preparation software posted a narrower loss for its first quarter than a year earlier as the growth of the products it makes for small business customers helped it weather one of its seasonally slower quarters.,normal
DTYS,iPath US Treasury 10-year Bear ETN,20111118,New Issue-Oncor Electric Delivery sells $300 mln notes ,Nov 18 Oncor Electric Delivery Co LLC on Friday sold $300 million of senior secured notes in the 144a private placement market  said IFR  a Thomson Reuters service.      Barclays Capital  Citigroup  JP Morgan  and RBS were the joint bookrunning managers for the sale. BORROWER: ONCOR ELECTRIC DELIVERY CO LLC AMT $300 MLN      COUPON 4.50 PCT      MATURITY   12/1/2041 TYPE NTS          ISS PRICE 99.804     FIRST PAY   6/1/2012 MOODY'S Baa1      YIELD 4.562 PCT      SETTLEMENT 11/23/201,topStory
DTYS,iPath US Treasury 10-year Bear ETN,20111118,Italy's BPM says 81.7 pct of cap hike subscribed ,MILAN  Nov 18 Italy's Banca Popolare di Milano said on Friday 81.7 percent of a rights issue had been covered by investors allowing the mutual bank to raise 653.1 million euros  in a bid to boost its capital base.,normal
DTUS,iPath US Treasury 2-year Bear ETN,20111118,New Issue-Oncor Electric Delivery sells $300 mln notes ,Nov 18 Oncor Electric Delivery Co LLC on Friday sold $300 million of senior secured notes in the 144a private placement market  said IFR  a Thomson Reuters service.      Barclays Capital  Citigroup  JP Morgan  and RBS were the joint bookrunning managers for the sale. BORROWER: ONCOR ELECTRIC DELIVERY CO LLC AMT $300 MLN      COUPON 4.50 PCT      MATURITY   12/1/2041 TYPE NTS          ISS PRICE 99.804     FIRST PAY   6/1/2012 MOODY'S Baa1      YIELD 4.562 PCT      SETTLEMENT 11/23/201,topStory
DTUS,iPath US Treasury 2-year Bear ETN,20111118,Italy's BPM says 81.7 pct of cap hike subscribed ,MILAN  Nov 18 Italy's Banca Popolare di Milano said on Friday 81.7 percent of a rights issue had been covered by investors allowing the mutual bank to raise 653.1 million euros  in a bid to boost its capital base.,normal
DTUL,iPath US Treasury 2-year Bull ETN,20111118,New Issue-Oncor Electric Delivery sells $300 mln notes ,Nov 18 Oncor Electric Delivery Co LLC on Friday sold $300 million of senior secured notes in the 144a private placement market  said IFR  a Thomson Reuters service.      Barclays Capital  Citigroup  JP Morgan  and RBS were the joint bookrunning managers for the sale. BORROWER: ONCOR ELECTRIC DELIVERY CO LLC AMT $300 MLN      COUPON 4.50 PCT      MATURITY   12/1/2041 TYPE NTS          ISS PRICE 99.804     FIRST PAY   6/1/2012 MOODY'S Baa1      YIELD 4.562 PCT      SETTLEMENT 11/23/201,topStory
DTUL,iPath US Treasury 2-year Bull ETN,20111118,Italy's BPM says 81.7 pct of cap hike subscribed ,MILAN  Nov 18 Italy's Banca Popolare di Milano said on Friday 81.7 percent of a rights issue had been covered by investors allowing the mutual bank to raise 653.1 million euros  in a bid to boost its capital base.,normal
DFVS,iPath US Treasury 5-year Bear ETN,20111118,New Issue-Oncor Electric Delivery sells $300 mln notes ,Nov 18 Oncor Electric Delivery Co LLC on Friday sold $300 million of senior secured notes in the 144a private placement market  said IFR  a Thomson Reuters service.      Barclays Capital  Citigroup  JP Morgan  and RBS were the joint bookrunning managers for the sale. BORROWER: ONCOR ELECTRIC DELIVERY CO LLC AMT $300 MLN      COUPON 4.50 PCT      MATURITY   12/1/2041 TYPE NTS          ISS PRICE 99.804     FIRST PAY   6/1/2012 MOODY'S Baa1      YIELD 4.562 PCT      SETTLEMENT 11/23/201,topStory
DFVS,iPath US Treasury 5-year Bear ETN,20111118,Italy's BPM says 81.7 pct of cap hike subscribed ,MILAN  Nov 18 Italy's Banca Popolare di Milano said on Friday 81.7 percent of a rights issue had been covered by investors allowing the mutual bank to raise 653.1 million euros  in a bid to boost its capital base.,normal
DFVL,iPath US Treasury 5-year Bull ETN,20111118,New Issue-Oncor Electric Delivery sells $300 mln notes ,Nov 18 Oncor Electric Delivery Co LLC on Friday sold $300 million of senior secured notes in the 144a private placement market  said IFR  a Thomson Reuters service.      Barclays Capital  Citigroup  JP Morgan  and RBS were the joint bookrunning managers for the sale. BORROWER: ONCOR ELECTRIC DELIVERY CO LLC AMT $300 MLN      COUPON 4.50 PCT      MATURITY   12/1/2041 TYPE NTS          ISS PRICE 99.804     FIRST PAY   6/1/2012 MOODY'S Baa1      YIELD 4.562 PCT      SETTLEMENT 11/23/201,topStory
DFVL,iPath US Treasury 5-year Bull ETN,20111118,Italy's BPM says 81.7 pct of cap hike subscribed ,MILAN  Nov 18 Italy's Banca Popolare di Milano said on Friday 81.7 percent of a rights issue had been covered by investors allowing the mutual bank to raise 653.1 million euros  in a bid to boost its capital base.,normal
FLAT,iPath US Treasury Flattener ETN,20111118,New Issue-Oncor Electric Delivery sells $300 mln notes ,Nov 18 Oncor Electric Delivery Co LLC on Friday sold $300 million of senior secured notes in the 144a private placement market  said IFR  a Thomson Reuters service.      Barclays Capital  Citigroup  JP Morgan  and RBS were the joint bookrunning managers for the sale. BORROWER: ONCOR ELECTRIC DELIVERY CO LLC AMT $300 MLN      COUPON 4.50 PCT      MATURITY   12/1/2041 TYPE NTS          ISS PRICE 99.804     FIRST PAY   6/1/2012 MOODY'S Baa1      YIELD 4.562 PCT      SETTLEMENT 11/23/201,topStory
FLAT,iPath US Treasury Flattener ETN,20111118,Italy's BPM says 81.7 pct of cap hike subscribed ,MILAN  Nov 18 Italy's Banca Popolare di Milano said on Friday 81.7 percent of a rights issue had been covered by investors allowing the mutual bank to raise 653.1 million euros  in a bid to boost its capital base.,normal
DLBS,iPath US Treasury Long Bond Bear ETN,20111118,New Issue-Oncor Electric Delivery sells $300 mln notes ,Nov 18 Oncor Electric Delivery Co LLC on Friday sold $300 million of senior secured notes in the 144a private placement market  said IFR  a Thomson Reuters service.      Barclays Capital  Citigroup  JP Morgan  and RBS were the joint bookrunning managers for the sale. BORROWER: ONCOR ELECTRIC DELIVERY CO LLC AMT $300 MLN      COUPON 4.50 PCT      MATURITY   12/1/2041 TYPE NTS          ISS PRICE 99.804     FIRST PAY   6/1/2012 MOODY'S Baa1      YIELD 4.562 PCT      SETTLEMENT 11/23/201,topStory
DLBS,iPath US Treasury Long Bond Bear ETN,20111118,Italy's BPM says 81.7 pct of cap hike subscribed ,MILAN  Nov 18 Italy's Banca Popolare di Milano said on Friday 81.7 percent of a rights issue had been covered by investors allowing the mutual bank to raise 653.1 million euros  in a bid to boost its capital base.,normal
STPP,iPath US Treasury Steepener ETN,20111118,New Issue-Oncor Electric Delivery sells $300 mln notes ,Nov 18 Oncor Electric Delivery Co LLC on Friday sold $300 million of senior secured notes in the 144a private placement market  said IFR  a Thomson Reuters service.      Barclays Capital  Citigroup  JP Morgan  and RBS were the joint bookrunning managers for the sale. BORROWER: ONCOR ELECTRIC DELIVERY CO LLC AMT $300 MLN      COUPON 4.50 PCT      MATURITY   12/1/2041 TYPE NTS          ISS PRICE 99.804     FIRST PAY   6/1/2012 MOODY'S Baa1      YIELD 4.562 PCT      SETTLEMENT 11/23/201,topStory
STPP,iPath US Treasury Steepener ETN,20111118,Italy's BPM says 81.7 pct of cap hike subscribed ,MILAN  Nov 18 Italy's Banca Popolare di Milano said on Friday 81.7 percent of a rights issue had been covered by investors allowing the mutual bank to raise 653.1 million euros  in a bid to boost its capital base.,normal
MRVL,Marvell Technology Group Ltd,20111118,Marvell warns about Thailand flood impact ,Marvell Technology Group  gave a cautious revenue forecast as widespread flooding in Thailand hurts demand for its hard-drive controllers  but upbeat news about expansion in China gave the chipmaker's stock a bump.,topStory
MU,Micron Technology Inc,20111118,Exclusive: Rambus jury shifted views as deliberations wore on ,SAN FRANCISCO When he walked into the jury room to start deliberating in Rambus Inc's $4 billion antitrust lawsuit against two rivals  one juror felt confident that the small microchip designer should prevail.,topStory
NDAQ,Nasdaq Inc,20111118,Exclusive: Lax security at Nasdaq helped hackers ,WASHINGTON A federal investigation into last year's cyber attack on Nasdaq OMX Group found surprisingly lax security practices that made the exchange operator an easy target for hackers  people with knowledge of the probe said. The sources did not want to be identified because the matter is classified.,topStory
RMBS,Rambus Inc,20111118,Exclusive: Rambus jury shifted views as deliberations wore on ,SAN FRANCISCO When he walked into the jury room to start deliberating in Rambus Inc's $4 billion antitrust lawsuit against two rivals  one juror felt confident that the small microchip designer should prevail.,topStory
SHPG,Shire plc,20111118,UPDATE 1-Shire in deal to commercialise ADHD medicines in Japan ,* Deal to co-develop  co-commercialize some ADHD medicines in Japan,topStory
SWKS,Skyworks Solutions Inc,20111118,Dealtalk: Skyworks talks tough  but still keen on Advanced ,Radio frequency chipmaker Skyworks Solutions'  threats to end an agreement to buy smaller rival Advanced Analogic Technologies Inc  may just be tough posturing to grab the company at a lower price  recent comments from a top executive suggest.,topStory
SLRC,Solar Capital Ltd,20111118,TEXT-S&P rates Solar Capital 'BBB-; outlook stable ,-- We assigned our 'BBB-' long-term counterparty credit rating to Solar Capital Ltd.   a Maryland organized business development company that lends primarily to U.S.-based middle market companies. The outlook is stable.,topStory
TROW,T Rowe Price Group Inc,20111118,Headless India JV hits US fund T. Rowe's Asia growth plans ,* UTI fails to replace former chief Sinha who left 9 mths ago,topStory
VOD,Vodafone Group Plc,20111118,Dealtalk: European telco consolidation seen stymied for now ,BARCELONA  Spain Increasing demands by mobile operators for consolidation across Europe are unlikely to be fulfilled anytime soon as the tough financial conditions forcing the need for change make deals difficult to agree.,topStory
VOD,Vodafone Group Plc,20111118,DEALTALK-European telco consolidation seen stymied for now ,* Deals in Germany  Spain complicated by strategies  financing,normal
AMOV,America Movil SAB de CV,20111118,Amercia Movil agrees to cut rates with four firms ,Nov 18 The Mexican unit of billionaire Carlos Slim's America Movil  one of the world's biggest telecommunications firms  will progressively lower interconnection costs with four other operators  regulators said.,topStory
AMX,America Movil SAB de CV,20111118,Amercia Movil agrees to cut rates with four firms ,Nov 18 The Mexican unit of billionaire Carlos Slim's America Movil  one of the world's biggest telecommunications firms  will progressively lower interconnection costs with four other operators  regulators said.,topStory
AXP,American Express Company,20111118,New York waiters busted for stealing credit card numbers ,NEW YORK Seven waiters at New York's top steakhouses were busted for stealing the American Express card numbers of rich customers and using them to buy luxury goods  authorities said on Friday.,topStory
AZN,Astrazeneca PLC,20111118,UPDATE 2-EU regulators back AstraZeneca thyroid cancer drug ,* Consensus 2016 sales forecasts $112 mln - Thomson Reuters,topStory
SAN,Banco Santander SA,20111118,Italy's BPM says 81.7 pct of cap hike subscribed ,MILAN  Nov 18 Italy's Banca Popolare di Milano said on Friday 81.7 percent of a rights issue had been covered by investors allowing the mutual bank to raise 653.1 million euros  in a bid to boost its capital base.,topStory
BAC,Bank of America Corporation,20111118,Insight: The Wall Street disconnect ,NEW YORK It was a telling moment at the height of the Occupy Wall Street protests. | Video ,topStory
BAC,Bank of America Corporation,20111118,Wells Fargo cutting technology jobs in cost drive ,* Staff  technology functions are targets for expense cuts,normal
BK,Bank Of New York Mellon Corporation (The),20111118,UPDATE 1-BNY Mellon scores partial forex legal victory ,Nov 18 Bank of New York Mellon Corp said on Friday a state judge dismissed two of three of the remaining claims in a Virginia lawsuit seeking about $932 million in penalties and damages over foreign exchange trades executed for public pension plans in that state.,topStory
BK,Bank Of New York Mellon Corporation (The),20111118,BNY Mellon--2 claims dismissed in Va. forex case ,Nov 18 Bank of New York Mellon Corp said on Friday a judge dismissed two of three of the remaining claims brought on behalf of Virginia's public pension fund  which accused the bank of overcharging on foreign exchange trades.,normal
BCS,Barclays PLC,20111118,New Issue-Oncor Electric Delivery sells $300 mln notes ,Nov 18 Oncor Electric Delivery Co LLC on Friday sold $300 million of senior secured notes in the 144a private placement market  said IFR  a Thomson Reuters service.      Barclays Capital  Citigroup  JP Morgan  and RBS were the joint bookrunning managers for the sale. BORROWER: ONCOR ELECTRIC DELIVERY CO LLC AMT $300 MLN      COUPON 4.50 PCT      MATURITY   12/1/2041 TYPE NTS          ISS PRICE 99.804     FIRST PAY   6/1/2012 MOODY'S Baa1      YIELD 4.562 PCT      SETTLEMENT 11/23/201,topStory
BCS,Barclays PLC,20111118,Italy's BPM says 81.7 pct of cap hike subscribed ,MILAN  Nov 18 Italy's Banca Popolare di Milano said on Friday 81.7 percent of a rights issue had been covered by investors allowing the mutual bank to raise 653.1 million euros  in a bid to boost its capital base.,normal
ABX,Barrick Gold Corporation,20111118,Antofagasta  Barrick JV says Pakistan breached rules ,LONDON  Nov 18 Tethyan Copper  a joint venture between Chile's Antofagasta and Barrick Gold   said a "summary decision" by a Pakistan region to reject a mining lease application for its Reko Diq project breached local rules and Pakistani law.,topStory
BHP,BHP Billiton Limited,20111118,BHP Billiton to keep mine out of potash cartel - FT ,LONDON  Nov 18 BHP Billiton is set to disrupt Canpotex  the world's biggest potash exporter by volume  by keeping a big new mine in Saskatchewan out of the marketing cartel  the Financial Times reported on Friday.,topStory
BA,Boeing Company (The),20111118,Indonesia's Lion Air roars with record Boeing order , ,topStory
BA,Boeing Company (The),20111118,Obama hopes for boost from Boeing-Indonesia jet deal ,NUSA DUA  Indonesia President Barack Obama welcomed on Friday a $21.7 billion jet deal his administration helped broker between Boeing and an Indonesian airline  calling it a "win-win" for U.S. workers and Asian consumers.,normal
BA,Boeing Company (The),20111118,Obama hopes for boost from Boeing-Indonesia jet deal ,NUSA DUA  Indonesia President Barack Obama welcomed on Friday a $21.7 billion jet deal his administration helped broker between Boeing and an Indonesian airline  calling it a "win-win" for U.S. workers and Asian consumers.,normal
BA,Boeing Company (The),20111118,UPDATE 2-Obama hopes for boost from Boeing-Indonesia jet deal ,NUSA DUA  Indonesia  Nov 18 U.S. President Barack Obama welcomed on Friday a $21.7 billion jet deal his administration helped broker between Boeing and an Indonesian airline  calling it a "win-win" for U.S. workers and Asian consumers.,normal
BA,Boeing Company (The),20111118,PRESS DIGEST - British business - Nov 18 ,The CBI is setting itself on a collision course with the government over what it regards as the coalition's failure to face up to the need for new runways in southeastern England.,normal
BA,Boeing Company (The),20111118,Boeing  Indonesian carrier sign commitment for jets ,NUSA DUA  Indonesia  NOV 18 - Boeing Co and the Indonesia's Lion Air on Friday signed a commitment for the Indonesia's largest domestic airline operator to buy $21.7 billion of jets.,normal
BSX,Boston Scientific Corporation,20111118,FDA sees rare but serious issue with stents ,Health regulators are investigating a rare but potentially serious problem with a newer class of heart stents that causes the tiny tubular devices made of wire mesh to shrink  or lengthen  after implantation.,topStory
BSX,Boston Scientific Corporation,20111118,FDA sees rare but serious issue with stents ,Health regulators are investigating a rare but potentially serious problem with a newer class of heart stents that causes the tiny tubular devices made of wire mesh to shrink  or lengthen  after implantation.,normal
BSX,Boston Scientific Corporation,20111118,Exclusive: FDA sees rare but serious issue with stents ,Health regulators are investigating a rare but potentially serious problem with a newer class of heart stents that causes the tiny tubular devices made of wire mesh to shrink  or lengthen  after implantation.,normal
BP,BP plc,20111118,BP completes Ferndale coker overhaul -sources ,HOUSTON  Nov 18 BP Plc's  225 000 barrel per day (bpd) Ferndale  Washington  refinery returned a delayed coking unit to production on Friday after completing a six-week overhaul  according to sources familiar with refinery operations.,topStory
BP,BP plc,20111118,UPDATE 1-BP to sell stakes in two Gulf of Mexico fields ,LONDON  Nov 18 BP said it would sell its interests in two fields in the deepwater Gulf of Mexico  the region where a blowout at the oil firm's Macondo well caused the largest offshore oil spill in U.S. history.,normal
BRC,Brady Corporation,20111118,Brady Corp Q1 beats Wall Street view ,Identification products maker Brady Corp  posted first-quarter earnings that beat market estimates  helped by higher organic sales in the United States and Europe  and backed its fiscal 2012 outlook despite short-term impact from the flooding in Thailand.,topStory
BRC,Brady Corporation,20111118,UPDATE 1-Brady Corp Q1 beats Wall Street view ,Nov 18 Identification products maker Brady Corp posted first-quarter earnings that beat market estimates  helped by higher organic sales in the United States and Europe  and backed its fiscal 2012 outlook despite short-term impact from the flooding in Thailand.,normal
BMY,Bristol-Myers Squibb Company,20111118,EU urges caution using Boehringer's Pradaxa drug ,LONDON  Nov 18 Doctors should use Boehringer Ingelheim's new stroke prevention pill Pradaxa with caution and at lower doses in elderly patients and those with kidney problems  after 256 cases of fatal bleeding  the European Medicines Agency said on Friday.,topStory
CCL,Carnival Corporation,20111118,FTSE falls as Cameron  Merkel differ on euro crisis ,LONDON  Nov 18 Britain's FTSE 100 fell on Friday  with investors fearing a lack of unity among European Union politicians on how to deal with the debt crisis was worsening the situation  while corporates such as Capita felt the impact of the ongoing debt problems.,topStory
CAT,Caterpillar Inc,20111118,UPDATE 1-Caterpillar dealer sales up 31 pct in last 3 mos ,Nov 18 Caterpillar Inc said on Friday its dealers' sales of heavy equipment grew 31 percent in the three months ended Oct. 31  as a pickup in North America and Asia offset slower growth in Europe  the Middle East and Africa.,topStory
CVE,Cenovus Energy Inc,20111118,UPDATE 2-Cenovus Illinois refinery units in start-up mode ,* Coker  crude unit upgrades allow more heavy crude     * New units are part of CORE project     * New units will be on stream in November      Nov 18 Cenovus Energy Inc's  306 000-barrel-per-day Wood River  Illinois refinery has begun to ramp up operations following the installation of new crude distillation and coking units  a spokesman for partner ConocoPhillips said on Friday.     The plant upgrade will allow the refinery to run up to 240 000 bpd of heavy Canadian crude oil.     ,topStory
CVE,Cenovus Energy Inc,20111118,Cenovus Wood River  Illinois refinery upgrade complete ,NEW YORK  Nov 18 Cenovus Energy Inc's  306 000-barrels-per-day Wood River  Illinois refinery is restarting operations following an upgrade of its crude distillation and coking units  a spokesman for partner ConocoPhillips said on Friday.     The upgrade will allow the refinery to run up to 240 000 bpd of heavy Canadian crude oil.     Cenovus is a 50-50 partner in the refinery with Houston-based ConocoPhillips .,normal
CVX,Chevron Corporation,20111118,Chevron Richmond crude unit restarting - sources ,HOUSTON  Nov 18 Chevron Corp's  245 271-barrels-per-day San Francisco Bay-area refinery in Richmond  California was restarting a crude distillation unit on Friday  sources familiar with refinery operations said.     The CDU has been shut for a seven-week overhaul. The unit is expected to be back in production early next week  the sources said. A CDU does the initial refining of crude oil in a refinery  providing feedstock for all other units.     A Chevron spokeswoman declined to dis,topStory
CVX,Chevron Corporation,20111118,Nigerian Chevron vessel hijacked  3 hostages taken ,ABUJA Eight pirates boarded an oil supply vessel contracted by Chevron Corp off the Nigerian coast and took three hostages  the U.S. oil company said on Friday.,normal
CVX,Chevron Corporation,20111118,UPDATE 1-Nigerian Chevron vessel hijacked  3 hostages taken ,ABUJA  Nov 18 Eight pirates boarded an oil supply vessel contracted by Chevron Corp off the Nigerian coast and took three hostages  the U.S. oil company said on Friday.,normal
CVX,Chevron Corporation,20111118,Pirates hijack Chevron vessel off Nigeria -sources ,ABUJA  Nov 18 Armed men boarded an oil supply vessel contracted by U.S. energy company Chevron  off the Nigerian coast early on Friday  shipping and security sources said.,normal
SNP,China Petroleum & Chemical Corporation,20111118,Sinopec  KPC start building joint petrochemical complex ,BEIJING  Nov 18 China Petroleum & Chemical Corp (Sinopec)  and Kuwait Petroleum Corp on Friday started building their 59 billion yuan ($9.3 billion) joint refining and petrochemical complex in the southern Chinese province of Guangdong  the top Chinese oil refiner said.,topStory
CHU,China Unicom (Hong Kong) Ltd,20111118,China Unicom says total subscribers rose to 192.38 mln in Oct ,HONG KONG  Nov 18 China Unicom (Hong Kong) Ltd   the country's No.2 mobile operator  said on Friday that its mobile subscribers totalled 192.38 million in October  up 1.77 percent from a month earlier.,topStory
C,Citigroup Inc,20111118,New Issue-Oncor Electric Delivery sells $300 mln notes ,Nov 18 Oncor Electric Delivery Co LLC on Friday sold $300 million of senior secured notes in the 144a private placement market  said IFR  a Thomson Reuters service.      Barclays Capital  Citigroup  JP Morgan  and RBS were the joint bookrunning managers for the sale. BORROWER: ONCOR ELECTRIC DELIVERY CO LLC AMT $300 MLN      COUPON 4.50 PCT      MATURITY   12/1/2041 TYPE NTS          ISS PRICE 99.804     FIRST PAY   6/1/2012 MOODY'S Baa1      YIELD 4.562 PCT      SETTLEMENT 11/23/201,topStory
C,Citigroup Inc,20111118,SEC considered charging more in 2010 Citi case ,WASHINGTON  Nov 18 U.S. securities regulators considered charging at least six individuals in a 2010 case against Citigroup Inc tied to the financial crisis  but ultimately decided to charge just two  according to an internal watchdog report.,normal
C,Citigroup Inc,20111118,New Issue- Corporacion Lindley sells $320 mln of notes ,Nov 18 Corporacion Lindley S.A. on Friday sold $320 million of notes in the 144a private placement market  said IFR  a Thomson Reuters service.     Citigroup and J.P. Morgan were the joint bookrunning managers for the sale. BORROWER: CORPORACION LINDLEY S.A. AMT $320 MLN      COUPON 6.75 PCT      MATURITY   11/23/2021 TYPE NTS          ISS PRICE 100.00     FIRST PAY   5/23/2012 MOODY'S N/A       YIELD 6.75 PCT       SETTLEMENT 11/22/2011 S&P BB-PLUS       SPREAD N/A           PAY FRE,normal
C,Citigroup Inc,20111118,S&P to update bank credit ratings within 3 weeks ,Standard & Poor's plans to update its credit ratings for the world's 30 biggest banks within three weeks and may well mete out a few downgrades in the process  possibly surprising battered global bond markets.,normal
CEO,CNOOC Limited,20111118,UPDATE 1-Opti Canada gets regulatory approvals for acquisition by CNOOC ,Nov 17 Debt-laden oil sands company Opti Canada Inc said it received all regulatory approvals to be acquired  by China's top offshore oil producer CNOOC Ltd .,topStory
CEO,CNOOC Limited,20111118,China's Iraqi oil liftings seen up 50 pct in 2012 -trade ,BEIJING/SINGAPORE  Nov 18 China is likely to lift a total of up to 500 000 barrels per day of crude oil next year from Iraq  the fastest-growing oil producer in the Middle East  a volume nearly 50 percent more than this year  Chinese traders said.,normal
KO,Coca-Cola Company (The),20111118,Jefferies starts Coca-Cola with buy  PepsiCo with hold ,Jefferies initiated coverage on Coca-Cola Co  with a "buy" rating  citing the company's dominant global product portfolio and an exposure in the emerging markets.,topStory
CDE,Coeur Mining Inc,20111118,UPDATE 1-Hecla stops activity at Lucky Friday after accident ,Nov 18 Hecla Mining Co said mining activity at its Lucky Friday silver mine in Northern Idaho was stopped temporarily after two contractors were injured on Thursday while working on the construction of an underground rock bin.,topStory
COP,ConocoPhillips,20111118,UPDATE 2-Cenovus Illinois refinery units in start-up mode ,* Coker  crude unit upgrades allow more heavy crude     * New units are part of CORE project     * New units will be on stream in November      Nov 18 Cenovus Energy Inc's  306 000-barrel-per-day Wood River  Illinois refinery has begun to ramp up operations following the installation of new crude distillation and coking units  a spokesman for partner ConocoPhillips said on Friday.     The plant upgrade will allow the refinery to run up to 240 000 bpd of heavy Canadian crude oil.     ,topStory
COP,ConocoPhillips,20111118,Cenovus Wood River  Illinois refinery upgrade complete ,NEW YORK  Nov 18 Cenovus Energy Inc's  306 000-barrels-per-day Wood River  Illinois refinery is restarting operations following an upgrade of its crude distillation and coking units  a spokesman for partner ConocoPhillips said on Friday.     The upgrade will allow the refinery to run up to 240 000 bpd of heavy Canadian crude oil.     Cenovus is a 50-50 partner in the refinery with Houston-based ConocoPhillips .,normal
DVA,DaVita Inc,20111118,Amgen signs DaVita  Fresenius anemia drug deals ,Amgen Inc  aiming to secure future sales of its flagship anemia drug Epogen as potential competition emerges  has reached new supply contracts with the two largest operators of U.S. kidney dialysis clinics.,topStory
DVA,DaVita Inc,20111118,UPDATE 3-Amgen signs DaVita  Fresenius anemia drug deals ,Nov 18 Amgen Inc   aiming to secure future sales of its flagship anemia drug Epogen as potential competition emerges  has reached new supply contracts with the two largest operators of U.S. kidney dialysis clinics.,normal
DVA,DaVita Inc,20111118,Amgen signs 7-year anemia drug contract with DaVita ,Amgen Inc reached a seven-year contract to supply DaVita Inc with nearly all of the anemia drugs needed by the dialysis clinic operator  locking up nearly a third of the U.S. market for its flagship drug Epogen.,normal
DVA,DaVita Inc,20111118,Amgen signs 7-year anemia drug contract with DaVita ,Amgen Inc reached a seven-year contract to supply DaVita Inc with nearly all of the anemia drugs needed by the dialysis clinic operator  locking up nearly a third of the U.S. market for its flagship drug Epogen.,normal
DE,Deere & Company,20111118,WEEKAHEAD-View from editors in the Americas ,NEW YORK  Nov 18 Following is the view from editors in the Americas on major news in the week ahead:,topStory
DB,Deutsche Bank AG,20111118,New Issue-Deutsche Bank adds 250 mln euros to 2013 FRN ,Notes                   Launched under issuer's EMTN programme,topStory
DB,Deutsche Bank AG,20111118,Deutsche Bank boss says was not asked to go early ,FRANKFURT Deutsche Bank  Chief Executive Josef Ackermann described as "made up" a newspaper report that he had been asked to stand down from his role earlier than the agreed May 2012 departure date.,normal
DB,Deutsche Bank AG,20111118,UPDATE 3-Deutsche Bank denies Ackermann asked to go early ,* Deutsche Bank says CEO handover timetable remains   (Adds background  more from report),normal
DEI,Douglas Emmett Inc,20111118,MOVES-MF Global Holdings  ANZ  Douglas Emmett  Legal & General Property ,Nov 18 The following financial service industry appointments were announced on Friday. To inform us of other job changes  email to moves@thomsonreuters.com.,topStory
E,ENI SpA,20111118,EU mergers and takeovers (Nov 18) ,BRUSSELS  Nov 18 The following are mergers under review by the European Commission and a brief guide to the EU merger process:,topStory
E,ENI SpA,20111118,ENI says Samsun-Ceyhan project still "up and running" ,ISTANBUL  Nov 18 A planned oil pipeline project to link the Turkish ports of Samsun and Ceyhan is still "up and running"  Italian oil and gas group ENI's Chief Executive Paolo Scaroni told Reuters on Friday.,normal
XOM,Exxon Mobil Corporation,20111118,Total says no strike at its Antwerp refinery ,PARIS  Nov 18 Total workers at the group's 360 000 barrels-per-day Antwerp refinery will not join a strike planned at ExxonMobil's refinery in the same Belgian city  after management reached a deal over pay on Nov. 17  Total said on Friday.,topStory
FCX,Freeport-McMoran Inc,20111118,Gunmen kill one near strike-bound Freeport Indonesia mine ,TIMIKA  Indonesia  Nov 18 Gunmen killed a company security guard on Friday near Freeport McMoRan Copper & Gold Inc's strike-bound Grasberg mine  police said  in the latest violence to beset the U.S. firm's paralysed Indonesian operations.,topStory
FMS,Fresenius Medical Care Corporation,20111118,Amgen signs DaVita  Fresenius anemia drug deals ,Amgen Inc  aiming to secure future sales of its flagship anemia drug Epogen as potential competition emerges  has reached new supply contracts with the two largest operators of U.S. kidney dialysis clinics.,topStory
FMS,Fresenius Medical Care Corporation,20111118,UPDATE 3-Amgen signs DaVita  Fresenius anemia drug deals ,Nov 18 Amgen Inc   aiming to secure future sales of its flagship anemia drug Epogen as potential competition emerges  has reached new supply contracts with the two largest operators of U.S. kidney dialysis clinics.,normal
GS,Goldman Sachs Group Inc (The),20111118,Goldman executives face depositions in Gupta case ,NEW YORK At least two Goldman Sachs Group Inc executives face potential interviews under oath in the top U.S. market regulator's civil insider trading case against a former director of the firm  Rajat Gupta  a court heard on Friday.,topStory
GS,Goldman Sachs Group Inc (The),20111118,Goldman executives face depositions in Gupta case ,* Ex-Goldman director Gupta faces insider trading charges,normal
GS,Goldman Sachs Group Inc (The),20111118,Goldman Sachs names 261 new managing directors ,Nov 18 Goldman Sachs Group Inc promoted 261 employees to managing directors this week  according to an internal memo sent this week  as the bank seeks to retain top talent amid a wave of layoffs across Wall Street.,normal
GS,Goldman Sachs Group Inc (The),20111118,New Issue-First Midwest Bancorp sells $115 mln of notes ,Nov 18 First Midwest Bancorp on Friday sold $115 million of notes  said IFR  a Thomson Reuters service.     Goldman Sachs was the sole bookrunning managers for the sale. BORROWER: FIRST MIDWEST BANCORP AMT $115 MLN      COUPON 5.875 PCT     MATURITY   11/22/2016 TYPE NTS          ISS PRICE 99.467     FIRST PAY   5/22/2012 MOODY'S Baa1      YIELD N/A            SETTLEMENT 11/22/2011 S&P BBB-MINUS     SPREAD 507.9 BPS     PAY FREQ SEMI-ANNUAL FITCH N/A          MORE THAN TREAS     NON-,normal
GS,Goldman Sachs Group Inc (The),20111118,MF Global customers to get long-sought $520 million ,NEW YORK The trustee liquidating MF Global Holdings Ltd's broker-dealer unit won court permission to distribute $520 million of cash to customers  providing relief to customers whose accounts have been frozen since the futures brokerage went bankrupt.,normal
GS,Goldman Sachs Group Inc (The),20111118,WRAPUP 4-MF Global customers to get long-sought $520 mln ,* Payout to more than 23 000 customers to start by Nov. 21,normal
HL,Hecla Mining Company,20111118,UPDATE 1-Hecla stops activity at Lucky Friday after accident ,Nov 18 Hecla Mining Co said mining activity at its Lucky Friday silver mine in Northern Idaho was stopped temporarily after two contractors were injured on Thursday while working on the construction of an underground rock bin.,topStory
HMC,Honda Motor Company Ltd,20111118,Motor racing-McLaren may seek engine deal with Honda -report ,FRANKFURT  Nov 18 McLaren are considering joining forces with Honda again once their deal with Mercedes for free Formula One engines has expired at the end of 2012  a German magazine reported on Friday.,topStory
HPQ,HP Inc,20111118,Insight: Is Ray Lane HP's agent of change? ,SAN FRANCISCO When Ray Lane took over as chairman of Hewlett-Packard Co a year ago  he was looking forward to working with longtime associate Leo Apotheker  who had just been appointed CEO to repair the damage done by the messy departure of Mark Hurd.,topStory
HPQ,HP Inc,20111118,WEEKAHEAD-View from editors in the Americas ,NEW YORK  Nov 18 Following is the view from editors in the Americas on major news in the week ahead:,normal
HPQ,HP Inc,20111118,INSIGHT-Ray Lane: Is he HP's agent of change? ,SAN FRANCISCO  Nov 18 When Ray Lane took over as chairman of Hewlett-Packard Co a year ago  he was looking forward to working with longtime associate Leo Apotheker  who had just been appointed CEO to repair the damage done by the messy departure of Mark Hurd.,normal
HPQ,HP Inc,20111118,UPDATE 1-HP adds activist investor Whitworth to board ,* Whitworth has previously urged firms to sell off units  (Adds analyst comment  details of agreement with HP  background  byline),normal
HPQ,HP Inc,20111118,HP adds activist investor Whitworth to board ,Activist investor Ralph Whitworth is joining Hewlett Packard Co's board after taking a small stake in the Silicon Valley behemoth  a move that may cheer many on Wall Street frustrated by the company's recent decisions.,normal
HSBC,HSBC Holdings plc,20111118,Forward Calendar - U.S. corporate bond new issues ,Nov 18 The following are lists of upcoming high-grade and high-yield corporate bond offerings in the United States. The information was gathered from Thomson Reuters U.S. new issues team  and other market sources: *Denotes 144a private placement debt offering. HIGH-GRADE BOND SALES EXPECTED FOR WEEK OF 11/14/2011                        COMPANY           AMT       MAT/DEBT  RTGS           MGRS               PRICED Amex Credit       $1.0 bln   5-yr     A2/BBB+/A+     CITI/GS/UBS       ,topStory
HSBC,HSBC Holdings plc,20111118,Dealtalk: Brazil slowdown may limit bids for HBSC's Losango ,SAO PAULO Brazilian lenders  concerned about slowing economic growth and eroding credit quality  are unlikely to bid aggressively for HSBC Holdings'  Losango consumer finance unit.,normal
HSBC,HSBC Holdings plc,20111118,DEALTALK-Brazil slowdown may limit bids for HBSC's Losango ,SAO PAULO  Nov 17 Brazilian lenders  concerned about slowing economic growth and eroding credit quality  are unlikely to bid aggressively for HSBC Holdings'  Losango consumer finance unit.,normal
HSBC,HSBC Holdings plc,20111118,UK to test banks with simulated cyber attack ,LONDON Banks in London  already on high alert for how to deal with a break-up of the euro zone  will on Tuesday be tested to see how they would cope with a cyber attack on their operations.,normal
HSBC,HSBC Holdings plc,20111118,New Issue-Capgemini prices 500 mln euro 2016 bond ,For news about this issuer  double click on the issuer RIC ,normal
HSBC,HSBC Holdings plc,20111118,Hong Kong shares suffer third weekly loss  Shanghai at 4-week low ,HONG KONG  Nov 18 Hong Kong shares fell 1.7 percent on Friday -- taking the week's loss to 3.4 percent  -- as rising risk aversion and reduced optimism about monetary easing by Beijing hit Chinese energy  financial and property stocks.,normal
HSEA,HSBC Holdings plc,20111118,Forward Calendar - U.S. corporate bond new issues ,Nov 18 The following are lists of upcoming high-grade and high-yield corporate bond offerings in the United States. The information was gathered from Thomson Reuters U.S. new issues team  and other market sources: *Denotes 144a private placement debt offering. HIGH-GRADE BOND SALES EXPECTED FOR WEEK OF 11/14/2011                        COMPANY           AMT       MAT/DEBT  RTGS           MGRS               PRICED Amex Credit       $1.0 bln   5-yr     A2/BBB+/A+     CITI/GS/UBS       ,topStory
HSEA,HSBC Holdings plc,20111118,Dealtalk: Brazil slowdown may limit bids for HBSC's Losango ,SAO PAULO Brazilian lenders  concerned about slowing economic growth and eroding credit quality  are unlikely to bid aggressively for HSBC Holdings'  Losango consumer finance unit.,normal
HSEA,HSBC Holdings plc,20111118,DEALTALK-Brazil slowdown may limit bids for HBSC's Losango ,SAO PAULO  Nov 17 Brazilian lenders  concerned about slowing economic growth and eroding credit quality  are unlikely to bid aggressively for HSBC Holdings'  Losango consumer finance unit.,normal
HSEA,HSBC Holdings plc,20111118,UK to test banks with simulated cyber attack ,LONDON Banks in London  already on high alert for how to deal with a break-up of the euro zone  will on Tuesday be tested to see how they would cope with a cyber attack on their operations.,normal
HSEA,HSBC Holdings plc,20111118,New Issue-Capgemini prices 500 mln euro 2016 bond ,For news about this issuer  double click on the issuer RIC ,normal
HSEA,HSBC Holdings plc,20111118,Hong Kong shares suffer third weekly loss  Shanghai at 4-week low ,HONG KONG  Nov 18 Hong Kong shares fell 1.7 percent on Friday -- taking the week's loss to 3.4 percent  -- as rising risk aversion and reduced optimism about monetary easing by Beijing hit Chinese energy  financial and property stocks.,normal
HSEB,HSBC Holdings plc,20111118,Forward Calendar - U.S. corporate bond new issues ,Nov 18 The following are lists of upcoming high-grade and high-yield corporate bond offerings in the United States. The information was gathered from Thomson Reuters U.S. new issues team  and other market sources: *Denotes 144a private placement debt offering. HIGH-GRADE BOND SALES EXPECTED FOR WEEK OF 11/14/2011                        COMPANY           AMT       MAT/DEBT  RTGS           MGRS               PRICED Amex Credit       $1.0 bln   5-yr     A2/BBB+/A+     CITI/GS/UBS       ,topStory
HSEB,HSBC Holdings plc,20111118,Dealtalk: Brazil slowdown may limit bids for HBSC's Losango ,SAO PAULO Brazilian lenders  concerned about slowing economic growth and eroding credit quality  are unlikely to bid aggressively for HSBC Holdings'  Losango consumer finance unit.,normal
HSEB,HSBC Holdings plc,20111118,DEALTALK-Brazil slowdown may limit bids for HBSC's Losango ,SAO PAULO  Nov 17 Brazilian lenders  concerned about slowing economic growth and eroding credit quality  are unlikely to bid aggressively for HSBC Holdings'  Losango consumer finance unit.,normal
HSEB,HSBC Holdings plc,20111118,UK to test banks with simulated cyber attack ,LONDON Banks in London  already on high alert for how to deal with a break-up of the euro zone  will on Tuesday be tested to see how they would cope with a cyber attack on their operations.,normal
HSEB,HSBC Holdings plc,20111118,New Issue-Capgemini prices 500 mln euro 2016 bond ,For news about this issuer  double click on the issuer RIC ,normal
HSEB,HSBC Holdings plc,20111118,Hong Kong shares suffer third weekly loss  Shanghai at 4-week low ,HONG KONG  Nov 18 Hong Kong shares fell 1.7 percent on Friday -- taking the week's loss to 3.4 percent  -- as rising risk aversion and reduced optimism about monetary easing by Beijing hit Chinese energy  financial and property stocks.,normal
ITW,Illinois Tool Works Inc,20111118,UPDATE 2-Illinois Tool revenue up 14 pct in last 3 months ,Nov 18 Diversified U.S. manufacturer Illinois Tool Works Inc said on Friday that its revenue rose 14 percent for the three months ended Oct. 31 on strong demand for its transportation and power systems equipment.,topStory
JPM,J P Morgan Chase & Co,20111118,New Issue-Oncor Electric Delivery sells $300 mln notes ,Nov 18 Oncor Electric Delivery Co LLC on Friday sold $300 million of senior secured notes in the 144a private placement market  said IFR  a Thomson Reuters service.      Barclays Capital  Citigroup  JP Morgan  and RBS were the joint bookrunning managers for the sale. BORROWER: ONCOR ELECTRIC DELIVERY CO LLC AMT $300 MLN      COUPON 4.50 PCT      MATURITY   12/1/2041 TYPE NTS          ISS PRICE 99.804     FIRST PAY   6/1/2012 MOODY'S Baa1      YIELD 4.562 PCT      SETTLEMENT 11/23/201,topStory
JPM,J P Morgan Chase & Co,20111118,New Issue- Corporacion Lindley sells $320 mln of notes ,Nov 18 Corporacion Lindley S.A. on Friday sold $320 million of notes in the 144a private placement market  said IFR  a Thomson Reuters service.     Citigroup and J.P. Morgan were the joint bookrunning managers for the sale. BORROWER: CORPORACION LINDLEY S.A. AMT $320 MLN      COUPON 6.75 PCT      MATURITY   11/23/2021 TYPE NTS          ISS PRICE 100.00     FIRST PAY   5/23/2012 MOODY'S N/A       YIELD 6.75 PCT       SETTLEMENT 11/22/2011 S&P BB-PLUS       SPREAD N/A           PAY FRE,normal
JPM,J P Morgan Chase & Co,20111118,Brazil ex-president Cardoso named to Gavea board ,SAO PAULO  Nov 18 Former Brazilian President Fernando Henrique Cardoso  who is credited with ending years of hyperinflation in the South American nation  will join a newly created advisory board at Brazilian investment fund Gavea Investimentos  the firm said in a statement on Friday.,normal
JPM,J P Morgan Chase & Co,20111118,New Issue-Capgemini prices 500 mln euro 2016 bond ,For news about this issuer  double click on the issuer RIC ,normal
JNJ,Johnson & Johnson,20111118,EU urges caution using Boehringer's Pradaxa drug ,LONDON  Nov 18 Doctors should use Boehringer Ingelheim's new stroke prevention pill Pradaxa with caution and at lower doses in elderly patients and those with kidney problems  after 256 cases of fatal bleeding  the European Medicines Agency said on Friday.,topStory
KT,KT Corporation,20111118,TEXT: Fitch Rates KT's CHF Bonds 'A(exp)' ,SINGAPORE/SEOUL  November 17 (Fitch) Fitch Ratings has assigned KT Corporation's (also known as Korea Telecom Corp) proposed Swiss franc bond an expected rating of 'A(exp)'. The final rating is contingent upon receipt of final documents conforming to information already received.,topStory
LPL,LG Display Co Ltd,20111118,Amazon nearly breaks even on Fire's cost - iSuppli ,Nov 18 Amazon.com Inc almost breaks even on every Kindle Fire tablet it makes and sells  IHS iSuppli estimated on Friday  underscoring the aggressiveness with which it tried to rein in the cost of a device that spearheads its foray into the tablet market.,topStory
MMI,Marcus & Millichap Inc,20111118,Motorola stockholders approve acquisition by Google ,Motorola Mobility Holdings Inc said late on Thursday that its stockholders approved the $12.5 billion deal to be acquired by the search giant Google Inc.,topStory
MMI,Marcus & Millichap Inc,20111118,UPDATE 1-Motorola holders approve acquisition by Google ,Nov 17 Motorola Mobility Holdings Inc  said late on Thursday that its stockholders approved the $12.5 billion deal to be acquired by the search giant Google Inc .,normal
MCD,McDonald&#39;s Corporation,20111118,McDonald's dumps egg supplier after safety  cruelty concerns ,CHICAGO McDonald's said on Friday it dumped a McMuffin egg supplier after a government agency found filthy conditions and "unacceptable rodent activity " and an animal rights group exposed cruel treatment of the chickens.,topStory
MFG,Mizuho Financial Group Inc,20111118,Nikkei hits 1-mth low  euro zone yields spook markets ,* Nikkei slides over 1 pct to lowest in more than a month     * Marks weekly loss of 1.6 pct     * Nikkei's support at Oct 5 low holds for now     * Olympus slides after reports of prosecutor probe     * Mizuho shares below 100 yen for first time since 2003      By Lisa Twaronite	     TOKYO  Nov 18 The Nikkei stock average slid below 8 400 to its lowest level in more than a month  after surging bond yields in euro zone nations spooked investors and fuelled fears of tightening global ,topStory
MFG,Mizuho Financial Group Inc,20111118,Nikkei hits 1-mth low  euro zone yields spook markets ,* Nikkei slides over 1 pct to lowest in more than a month     * Benchmark set for weekly loss over 1 pct     * Nikkei's support at Oct 5 low holds for now     * Olympus slides after report of prosecutor probe     * Mizuho shares below 100 yen for first time since 2003      By Lisa Twaronite	     TOKYO  Nov 18 The Nikkei stock average slid below 8 400 to its lowest level in more than a month  after surging bond yields in euro zone nations spooked investors and fuelled fears of tighten,normal
MFG,Mizuho Financial Group Inc,20111118,Nikkei at month low as euro-zone yields spook markets ,* Nikkei down 1.3 pct to lowest in more than a month     * Olympus slides on report of probe into $4.9 bln hole     * Mizuho shares below 100 yen for first time since 2003      By Mari Saito	     TOKYO  Nov 18 The Nikkei average fell 1.3 percent on Friday  slipping below 8 400 to its lowest level in more than a month  as global markets grew increasingly spooked by surging bond yields in euro-zone nations.	     Shares of Olympus Corp snapped a four-day winning streak  tumbling more th,normal
MFG,Mizuho Financial Group Inc,20111118,REFILE-Nikkei falls below 8 400 on euro zone bond woes ,* Nikkei down 1.2 pct to lowest in more than a month     * Olympus slides on report of probe into $4.9 bln hole     * Mizuho shares fall below 100 yen  1st time since 2003      By Mari Saito	     TOKYO  Nov 18 The Nikkei share average dropped below 8 400 on Friday to its lowest level in more than a month  as global markets grew increasingly spooked by surging bond yields in euro zone nations.	     Shares of Olympus Corp snapped a four-day winning streak  tumbling more than 5 percent ,normal
MCO,Moody&#39;s Corporation,20111118,UPDATE 1-Credit Foncier weakly capitalised - Moody's ,PARIS  Nov 18 Rating agency Moody's said French mortgage lender Credit Foncier's balance sheet was weakly capitalised relative to its holdings of risky euro zone sovereign debt and it faced pressure on profit.,topStory
MCO,Moody&#39;s Corporation,20111118,New Issue-Deutsche Bank adds 250 mln euros to 2013 FRN ,Notes                   Launched under issuer's EMTN programme,normal
MCO,Moody&#39;s Corporation,20111118,BRIEF-Moody's places a CLN of UBS AG on review ,* Moody's places a CLN of UBS AG on review for possible downgrade,normal
MCO,Moody&#39;s Corporation,20111118,BRIEF-Moody's places a CLN of UBS AG on review ,* Moody's places a CLN of UBS AG on review for possible downgrade,normal
MS,Morgan Stanley,20111118,New Issue-Entercom Radio sells $220 mln in notes ,Nov 18 Entercom Radio LLCon Friday sold $220 million of senior notes in the 144a private placement market  said IFR  a Thomson Reuters service.      Bank of America Merrill Lynch  Credit Suisse  and Morgan Stanley were the joint bookrunning managers for the sale. BORROWER: ENTERCOM RADIO LLC AMT $220 MLN      COUPON 10.50 PCT     MATURITY   12/1/2019 TYPE SR NTS       ISS PRICE 98.672     FIRST PAY   6/1/2012 MOODY'S Caa1      YIELD 10.75 PCT      SETTLEMENT 11/23/2011 S&P B-MINUS   ,topStory
MS,Morgan Stanley,20111118,Bank deleveraging may force ABS sales ,LONDON  Nov 18 (IFR) - Concerns about deleveraging and the possible leakage of securitised bonds into the secondary market are coming back to the fore. Morgan Stanley analysts last week estimated securitised products in European banks potentially subject to asset sales at EUR348bn - made up of EUR169bn-EUR249bn-equivalent of US dollar-denominated assets and EUR99bn-EUR179bn of European assets.,normal
MS,Morgan Stanley,20111118,DIARY-U.S. MEETINGS/WEEK AHEAD ,THOMSON REUTERS  November 18  2011 - Corporate Meetings for US companies for Week ahead.	         S&P 500 Earnings - Weekly           S&P 500 Earnings - Day Ahead   	     Non S&P 500 - Weekly               Non S&P 500 - Day Ahead        	     ConferenceCall/Webcast - Weekly    ConferenceCall/Webcast - Day   	     S&P 500 Earnings - Monthly           Meetings - Day Ahead           	     Economic Indicators                  Dividends                      	     Daily earnings hits & misses    	    ,normal
MSI,Motorola Solutions Inc,20111118,UPDATE 1-Motorola holders approve acquisition by Google ,Nov 17 Motorola Mobility Holdings Inc  said late on Thursday that its stockholders approved the $12.5 billion deal to be acquired by the search giant Google Inc .,topStory
NAV,Navistar International Corporation,20111118,Dealtalk: Icahn  Navistar pact raises deal prospects ,NEW YORK/WASHINGTON Navistar International Corp's  agreement with investor Carl Icahn to drop a key takeover defense measure shows the truck maker is open to a merger with a rival  such as a part of Oshkosh Corp .,topStory
NAV,Navistar International Corporation,20111118,DEALTALK-Icahn  Navistar pact raises deal prospects ,* Icahn-Navistar deal signals openness to strategic moves,normal
NYT,New York Times Company (The),20111118,Mexico's Slim buys 3.2 pct stake in Spain's Prisa ,MEXICO CITY  Nov 18 Mexican tycoon Carlos Slim has bought a 3.2 percent stake in indebted Spanish media group Prisa  the second media investment by the world's richest man following his stake in New York Times Co.,topStory
NEM,Newmont Mining Corporation,20111118,Workers at Newmont Indonesia end strike-official ,JAKARTA  Nov 18 Newmont Mining Corp's  Indonesian unit said 400 workers had ended a strike at its Batu Hijau copper and gold mine on Friday after reaching an agreement with unions on a dispute over shifts.,topStory
NMR,Nomura Holdings Inc ADR,20111118,Italy's BPM says 81.7 pct of cap hike subscribed ,MILAN  Nov 18 Italy's Banca Popolare di Milano said on Friday 81.7 percent of a rights issue had been covered by investors allowing the mutual bank to raise 653.1 million euros  in a bid to boost its capital base.,topStory
OSK,Oshkosh Corporation,20111118,Dealtalk: Icahn  Navistar pact raises deal prospects ,NEW YORK/WASHINGTON Navistar International Corp's  agreement with investor Carl Icahn to drop a key takeover defense measure shows the truck maker is open to a merger with a rival  such as a part of Oshkosh Corp .,topStory
OSK,Oshkosh Corporation,20111118,DEALTALK-Icahn  Navistar pact raises deal prospects ,* Icahn-Navistar deal signals openness to strategic moves,normal
PTR,PetroChina Company Limited,20111118,China's Iraqi oil liftings seen up 50 pct in 2012 -trade ,BEIJING/SINGAPORE  Nov 18 China is likely to lift a total of up to 500 000 barrels per day of crude oil next year from Iraq  the fastest-growing oil producer in the Middle East  a volume nearly 50 percent more than this year  Chinese traders said.,topStory
PFE,Pfizer Inc,20111118,EU urges caution using Boehringer's Pradaxa drug ,LONDON  Nov 18 Doctors should use Boehringer Ingelheim's new stroke prevention pill Pradaxa with caution and at lower doses in elderly patients and those with kidney problems  after 256 cases of fatal bleeding  the European Medicines Agency said on Friday.,topStory
PKX,POSCO,20111118,UPDATE 1-Taiwan's China Steel to ask for iron ore delivery delays ,* SKorea's POSCO  Hyundai Steel not postponing deliveries,topStory
RY,Royal Bank Of Canada,20111118,New Issue-Kodiak Oil & Gas Corp sells $650 mln of notes ,Nov 18 Kodiak Oil & Gas Corp on Friday sold $650 million of senior unsecured notes in the 144a private placement market  said IFR  a Thomson Reuters service.     Credit Suisse  Key Bank  RBC and Wells Fargo were the joint bookrunning managers for the sale. BORROWER: KODIAK OIL & GAS CORP AMT $650 MLN      COUPON 8.125 PCT     MATURITY   12/1/2019 TYPE SR NTS       ISS PRICE 100.00     FIRST PAY   6/1/2012 MOODY'S Caa1      YIELD 8.125 PCT      SETTLEMENT 11/23/2011 S&P B-MINUS       ,topStory
RBS,Royal Bank Scotland plc (The),20111118,Italy's BPM says 81.7 pct of cap hike subscribed ,MILAN  Nov 18 Italy's Banca Popolare di Milano said on Friday 81.7 percent of a rights issue had been covered by investors allowing the mutual bank to raise 653.1 million euros  in a bid to boost its capital base.,topStory
CRM,Salesforcecom Inc,20111118,HOW TO PLAY IT: High-flyer stocks crash back to earth ,THE ISSUE: High-flying Salesforce.com  the online software vendor  posted a third quarter loss this week  as its closely-watched growth rate in customer billings had slowed. The latest crash  following the decline of other high-valuation stocks like Green Mountain Coffee and Netflix  has investors asking: Who's next?,topStory
CRM,Salesforcecom Inc,20111118,HOW TO PLAY IT: High-flyer stocks crash back to earth ,THE ISSUE: High-flying Salesforce.com  the online software vendor  posted a third quarter loss this week  as its closely-watched growth rate in customer billings had slowed. The latest crash  following the decline of other high-valuation stocks like Green Mountain Coffee and Netflix  has investors asking: Who's next?,normal
S,Sprint Corporation,20111118,Clearwire shares plunge 31 percent on default fears ,Shares of Clearwire Corp plunged as much as 31 percent after a Wall Street Journal report quoted its CEO as saying the company was considering skipping a $237 million interest payment due December 1.,topStory
S,Sprint Corporation,20111118,UPDATE 2-Clearwire shares plunge 31 pct on default fears ,Nov 18 Shares of Clearwire Corp  plunged as much as 31 percent after a Wall Street Journal report quoted its CEO as saying the company was considering skipping a $237 million interest payment due Dec. 1.,normal
STT,State Street Corporation,20111118,UPDATE 1-BNY Mellon scores partial forex legal victory ,Nov 18 Bank of New York Mellon Corp said on Friday a state judge dismissed two of three of the remaining claims in a Virginia lawsuit seeking about $932 million in penalties and damages over foreign exchange trades executed for public pension plans in that state.,topStory
STO,Statoil ASA,20111118,Russian  French PMs pledge support for Shtokman ,MOSCOW  Nov 18 The prime ministers of Russia and France lent political backing to an investment decision which would bring to life one of the world's biggest gas projects  the Shtokman field in the Barents Sea  after a French plea for tax breaks.,topStory
STO,Statoil ASA,20111118,UPDATE 2-Statoil buys into Tullow's Suriname block ,LONDON  Nov 18 Norway's Statoil  has agreed to buy a stake in an exploration block offshore Suriname from Tullow Oil  adding to the list of international oil companies entering what industry sources say could be a major new production province in South America.,normal
STO,Statoil ASA,20111118,Statoil buys stake in block offshore Suriname from Tullow Oil ,OSLO  Nov 18 Norwegian oil and gas firm Statoil acquired a 30-percent stake in a licence about 270 kilometres offshore Suriname from Tullow Oil  Statoil said on Friday.,normal
SGY,Stone Energy Corporation,20111118,UPDATE 1-BP to sell stakes in two Gulf of Mexico fields ,LONDON  Nov 18 BP said it would sell its interests in two fields in the deepwater Gulf of Mexico  the region where a blowout at the oil firm's Macondo well caused the largest offshore oil spill in U.S. history.,topStory
TEF,Telefonica SA,20111118,UPDATE 1-Telefonica  Peru in $850 million tax dispute ,* Humala "concerned" about dispute  (Adds Telefonica comment),topStory
TX,Ternium SA,20111118,Brazil steelmaker CSN ups stake in rival Usiminas ,Nov 18 Brazilian steelmaker CSN  raised its stake in rival Usiminas  according to a regulatory filing on Friday.,topStory
TOT,Total SA,20111118,Russian  French PMs pledge support for Shtokman ,MOSCOW  Nov 18 The prime ministers of Russia and France lent political backing to an investment decision which would bring to life one of the world's biggest gas projects  the Shtokman field in the Barents Sea  after a French plea for tax breaks.,topStory
TM,Toyota Motor Corp Ltd Ord,20111118,Japan Inc steps up shift overseas as yen stays high ,TOKYO Japan's big manufacturers led by Panasonic Corp and Nissan Motor Co Ltd are speeding up their shift overseas  in a sign corporate Japan sees the strong yen as a long-term handicap rather than a temporary blip.,topStory
TM,Toyota Motor Corp Ltd Ord,20111118,WRAPUP 2-Japan Inc steps up shift overseas as yen stays high ,* Panasonic to build first solar plant outside Japan -sources,normal
TM,Toyota Motor Corp Ltd Ord,20111118,Toyota: to resume near normal output in Japan for next 2 wks ,TOKYO  Nov 18 Toyota Motor Corp  said on Friday that its production in Japan would return to levels near normal in the weeks of Nov.21 and Nov. 28  after Thai floods disrupted parts supplies.,normal
TRP,TransCanada Corporation,20111118,Nebraska lawmakers see pipeline bill vote Tuesday ,LINCOLN  Nebraska The bill that would reroute the Keystone XL pipeline away from the ecologically sensitive Sandhills region in Nebraska was advanced on Friday for a final vote early next week.,topStory
TRP,TransCanada Corporation,20111118,Nebraska lawmakers see pipeline bill vote Tuesday ,LINCOLN  Neb.  Nov 18 The bill that would reroute the Keystone XL pipeline away from the ecologically sensitive Sandhills region in Nebraska was advanced on Friday for a final vote early next week.,normal
UNM,Unum Group,20111118,Canada Life Ireland lead bidder for Irish Life - source ,DUBLIN  Nov 18 Canada Life Ireland  a unit of Canada's second-largest life insurer Great-West Lifeco   is the lead candidate buy Irish Life & Permanent's  insurance arm  a source close to the matter said on Friday.,topStory
WMT,Wal-Mart Stores Inc,20111118,S.Africa's deputy president welcomes Wal-Mart deal ,JOHANNESBURG  Nov 18 South Africa's Deputy President Kgalema Motlanthe was quoted as saying on Friday his government welcomed Wal-Mart's $2.4 billion acquisition of a local retailer  which is being challenged in court by government departments.,topStory
WFC,Wells Fargo & Company,20111118,Wells Fargo cutting technology jobs in cost drive ,* Staff  technology functions are targets for expense cuts,topStory
WFC,Wells Fargo & Company,20111118,New Issue-Kodiak Oil & Gas Corp sells $650 mln of notes ,Nov 18 Kodiak Oil & Gas Corp on Friday sold $650 million of senior unsecured notes in the 144a private placement market  said IFR  a Thomson Reuters service.     Credit Suisse  Key Bank  RBC and Wells Fargo were the joint bookrunning managers for the sale. BORROWER: KODIAK OIL & GAS CORP AMT $650 MLN      COUPON 8.125 PCT     MATURITY   12/1/2019 TYPE SR NTS       ISS PRICE 100.00     FIRST PAY   6/1/2012 MOODY'S Caa1      YIELD 8.125 PCT      SETTLEMENT 11/23/2011 S&P B-MINUS       ,normal
