AMZN,Amazoncom Inc,20111128,Retail stocks up after strong holiday weekend ,After a blockbuster performance over the long Thanksgiving weekend  risk-taking retailers such as Macy's Inc  and Amazon.com Inc  were rewarded with big gains in their shares  while chains that are still tinkering with their strategies reaped smaller rewards. | Video ,topStory
AMZN,Amazoncom Inc,20111128,Amazon Kindle sales heat up  stock jumps ,Amazon.com Inc said on Monday it saw a surge in sales of its Kindle devices  helped by its new Kindle Fire tablet  on the crucial "Black Friday" shopping day after Thanksgiving.,normal
AMZN,Amazoncom Inc,20111128,UPDATE 2-Amazon says Kindle sales surge on Black Friday ,Nov 28 Amazon.com Inc said on Monday it saw a surge in sales of its Kindle devices  helped by its new Kindle Fire tablet  on the crucial "Black Friday" shopping day after Thanksgiving.,normal
AMZN,Amazoncom Inc,20111128,Amazon says Kindle sales surge on Black Friday ,Nov 28 Amazon.com Inc said on Monday that it saw a surge in sales of its Kindle devices  helped by its new Kindle Fire tablet  on the crucial "Black Friday" shopping day after Thanksgiving.,normal
AMZN,Amazoncom Inc,20111128,Black Friday online sales jump 26 percent: comScore ,Online retail sales in the United States on the post-Thanksgiving shopping day known as "Black Friday" jumped 26 percent this year  led by Amazon.com Inc  comScore said on Sunday.,normal
AMZN,Amazoncom Inc,20111128,REFILE-Black Friday online sales jump 26 pct - comScore ,Nov 27 Online retail sales in the United States  on the post-Thanksgiving shopping day known as "Black Friday"  jumped 26 percent this year  led by Amazon.com Inc   comScore said on Sunday.,normal
AAPL,Apple Inc,20111128,Apple beats Android in British market in October ,The long-awaited iPhone 4S launch helped Apple Inc  take top spot in the British smartphone market in October  overtaking phones using Google Inc's  Android platform  data from research firm Kantar Worldpanel ComTech showed on Monday.,topStory
AAPL,Apple Inc,20111128,Apple beats Android in Britain in Oct-researcher ,Nov 28 The long-awaited iPhone 4S launch helped Apple Inc take top spot in the British smartphone market in October  overtaking phones using Google Inc's Android platform  data from research firm Kantar Worldpanel ComTech showed on Monday.,normal
AAPL,Apple Inc,20111128,Google seeks EU approval for Motorola Mobility deal ,BRUSSELS  Nov 28 World No. 1 Internet search engine Google is seeking EU regulatory clearance of its planned purchase of handset maker Motorola Mobility Holdings  the European Commission said on its website on Monday.,normal
ADSK,Autodesk Inc,20111128,UPDATE 1-Progress Software appoints new CEO ,Nov 28 Business software maker Progress Software Corp appointed Jay Bhatt as its chief executive officer effective Dec. 5.,topStory
BIDU,Baidu Inc,20111128,Baidu to invest 3 billion yuan to help Chinese SMEs ,SHANGHAI China's largest search engine Baidu Inc said on Monday it will invest 3 billion yuan ($470.6 million) by the end of 2015 to help 2 million small- and medium-sized enterprises expand their businesses.,topStory
BIDU,Baidu Inc,20111128,Baidu to invest 3 bln yuan to help Chinese SMEs ,SHANGHAI  Nov 28 China's largest search engine Baidu Inc said on Monday it will invest 3 billion yuan ($470.6 million) by the end of 2015 to help 2 million small- and medium-sized enterprises expand their businesses.,normal
ERIC,Ericsson,20111128,Struggling ST-Ericsson replaces CEO ,Loss-making mobile chip venture ST-Ericsson said on Monday its operations chief Didier Lamouche would replace its Chief Executive Gilles Delfassy from the start of December.,topStory
ERIC,Ericsson,20111128,UPDATE 1-Struggling ST-Ericsson replaces CEO ,Nov 28 Loss-making mobile chip venture ST-Ericsson said on Monday its operations chief Didier Lamouche would replace its Chief Executive Gilles Delfassy from the start of December.,normal
NWS,News Corporation,20111128,Murdoch seen surviving BSkyB vote  but at what cost? ,* NewsCorp vote to help James Murdoch retain Chairman role,topStory
NWSA,News Corporation,20111128,Murdoch seen surviving BSkyB vote  but at what cost? ,* NewsCorp vote to help James Murdoch retain Chairman role,topStory
PRGS,Progress Software Corporation,20111128,UPDATE 1-Progress Software appoints new CEO ,Nov 28 Business software maker Progress Software Corp appointed Jay Bhatt as its chief executive officer effective Dec. 5.,topStory
GOLD,Randgold Resources Limited,20111128,UPDATE 2-Randgold cuts 2011 output target after Tongon problems ,LONDON  Nov 28 West Africa-focused miner Randgold Resources has cut its 2011 production target for the second time this year after a "perfect storm" of difficult mining conditions  work stoppages and a mill breakdown at its Tongon mine in Ivory Coast.,topStory
AMTD,TD Ameritrade Holding Corporation,20111128,RPT-BAY STREET-Banks may end 2011  start 2012  with a whimper ,TORONTO  Nov 27 A volatile year for Canadian banking results is likely to end on a soft note  and the outlook for 2012 won't inspire confidence as Europe's debt troubles deepen and Canadian borrowers turn shy.,topStory
YNDX,Yandex NV,20111128,Russia's Yandex buys mobile software firm ,Nov 28 Russian search engine Yandex NV  has bought mobile software company SPB Software as it looks for ways to partner with mobile firms and give phone users easy access to its search function  the company said on Monday.,topStory
AEUA,Anadarko Petroleum Corporation,20111128,UPDATE 4-Anadarko ups Mozambique gas reserves again ,LONDON  Nov 28 U.S. oil company Anadarko Petroleum Corp said its major gas finds offshore Mozambique were around twice as large as it earlier thought  adding support to hopes that East Africa will become another major gas production centre.,topStory
AEUA,Anadarko Petroleum Corporation,20111128,UPDATE 2-Anadarko ups Mozambique gas reserves again ,LONDON  Nov 28 U.S. oil company Anadarko Petroleum said its major gas finds offshore Mozambique were actually twice as large as it earlier thought  adding support to hopes that East Africa will become another major gas production centre.,normal
APC,Anadarko Petroleum Corporation,20111128,UPDATE 4-Anadarko ups Mozambique gas reserves again ,LONDON  Nov 28 U.S. oil company Anadarko Petroleum Corp said its major gas finds offshore Mozambique were around twice as large as it earlier thought  adding support to hopes that East Africa will become another major gas production centre.,topStory
APC,Anadarko Petroleum Corporation,20111128,UPDATE 2-Anadarko ups Mozambique gas reserves again ,LONDON  Nov 28 U.S. oil company Anadarko Petroleum said its major gas finds offshore Mozambique were actually twice as large as it earlier thought  adding support to hopes that East Africa will become another major gas production centre.,normal
AI,Arlington Asset Investment Corp,20111128,DIARY-U.S. MEETINGS/WEEK AHEAD ,THOMSON REUTERS  November 28  2011 - Corporate Meetings for US companies for Week ahead.	         S&P 500 Earnings - Weekly           S&P 500 Earnings - Day Ahead   	     Non S&P 500 - Weekly               Non S&P 500 - Day Ahead        	     ConferenceCall/Webcast - Weekly    ConferenceCall/Webcast - Day   	     S&P 500 Earnings - Monthly           Meetings - Day Ahead           	     Economic Indicators                  Dividends                      	     Daily earnings hits & misses    	    ,topStory
AIC,Arlington Asset Investment Corp,20111128,DIARY-U.S. MEETINGS/WEEK AHEAD ,THOMSON REUTERS  November 28  2011 - Corporate Meetings for US companies for Week ahead.	         S&P 500 Earnings - Weekly           S&P 500 Earnings - Day Ahead   	     Non S&P 500 - Weekly               Non S&P 500 - Day Ahead        	     ConferenceCall/Webcast - Weekly    ConferenceCall/Webcast - Day   	     S&P 500 Earnings - Monthly           Meetings - Day Ahead           	     Economic Indicators                  Dividends                      	     Daily earnings hits & misses    	    ,topStory
AIW,Arlington Asset Investment Corp,20111128,DIARY-U.S. MEETINGS/WEEK AHEAD ,THOMSON REUTERS  November 28  2011 - Corporate Meetings for US companies for Week ahead.	         S&P 500 Earnings - Weekly           S&P 500 Earnings - Day Ahead   	     Non S&P 500 - Weekly               Non S&P 500 - Day Ahead        	     ConferenceCall/Webcast - Weekly    ConferenceCall/Webcast - Day   	     S&P 500 Earnings - Monthly           Meetings - Day Ahead           	     Economic Indicators                  Dividends                      	     Daily earnings hits & misses    	    ,topStory
AGO,Assured Guaranty Ltd,20111128,Assured Guaranty files new claims against JPMorgan ,NEW YORK Bond insurer Assured Guaranty Ltd filed new claims against JPMorgan Chase & Co over a mortgage-backed security sold by Bear Stearns  saying more than 35 witnesses have come forward to testify about how loans in the $337 million transaction were misrepresented.,topStory
T,AT&T Inc,20111128,Court delays AT&T merger hearing ,The judge hearing the Justice Department's challenge of AT&T Inc's plan to buy Deutsche Telekom AG's T-Mobile USA unit has postponed a status conference set for this week until early December  the court said in an order issued on Monday.,topStory
T,AT&T Inc,20111128,UPDATE 1-Court delays AT&T merger hearing ,Nov 28 The judge hearing the Justice Department's challenge of AT&T Inc's plan to buy Deutsche Telekom AG's T-Mobile USA unit has postponed a status conference set for this week until early December  the court said in an order issued on Monday.,normal
T,AT&T Inc,20111128,Court delays AT&T merger hearing ,Nov 28 The judge hearing the Justice Department's challenge of AT&T's plan to buy Deutsche Telekom's T-Mobile USA unit has postponed a status conference set for this week until early December  the court said in an order.,normal
BXE,Bellatrix Exploration Ltd,20111128,UPDATE 1-Bellatrix sees higher exit rate for 2012 ,* Credit facilities and borrowing base increased to C$170 million,topStory
BBY,Best Buy Co Inc,20111128,Retail stocks up after strong holiday weekend ,After a blockbuster performance over the long Thanksgiving weekend  risk-taking retailers such as Macy's Inc  and Amazon.com Inc  were rewarded with big gains in their shares  while chains that are still tinkering with their strategies reaped smaller rewards. | Video ,topStory
BBY,Best Buy Co Inc,20111128,UPDATE 3-U.S. retail stocks up after strong holiday weekend ,Nov 28 After a blockbuster performance over the long Thanksgiving weekend  risk-taking retailers such as Macy's Inc and Amazon.com Inc were rewarded with big gains in their shares  while chains that are still tinkering with their strategies reaped smaller rewards.,normal
BBY,Best Buy Co Inc,20111128,UPDATE 2-Amazon says Kindle sales surge on Black Friday ,Nov 28 Amazon.com Inc said on Monday it saw a surge in sales of its Kindle devices  helped by its new Kindle Fire tablet  on the crucial "Black Friday" shopping day after Thanksgiving.,normal
BBY,Best Buy Co Inc,20111128,US STOCKS-Wall St set to jump at open on euro zone hopes ,NEW YORK  Nov 28 U.S. stocks were set for a sharply higher open on Monday on hopes that fresh proposals could be emerging out of Europe to help solve the region's debt crisis.,normal
BBY,Best Buy Co Inc,20111128,U.S. holiday weekend sales surge  Best Buy a winner ,NEW YORK U.S. retailers racked up a record $52.4 billion in sales over the Thanksgiving weekend  a 16.4 percent jump from a year ago  as early hours and attractive promotions brought out more shoppers  an industry trade group said on Sunday.,normal
BHP,BHP Billiton Limited,20111128,UPDATE 2-BHP Billiton CFO to quit  top pool expands ,MELBOURNE  Nov 28 BHP Billiton   announced the surprise retirement of its popular chief financial officer  Alex Vanselow  and expanded its top management committee on Monday  building on the team of potential successors to its young chief executive.,topStory
BLK,BlackRock Inc,20111128,BlackRock  Deutsche top insurance asset list ,Nov 28 BlackRock and Deutsche Bank topped the list of asset managers for the insurance industry in 2010  together managing nearly five times their closest competitor  according to a new survey released on Monday.,topStory
BP,BP plc,20111128,Russia Transneft hikes fines for below par oil load ,MOSCOW  Nov 28 Russia's oil pipeline operator Transneft will substantially increase fines for lower than agreed volumes loaded into its network  a company spokesman told Reuters on Monday.,topStory
CCJ,Cameco Corporation,20111128,RPT-UPDATE 4-Cameco clears way for Rio's C$654 mln Hathor deal ,TORONTO  Nov 28 Cameco Corp has backed out of a bidding war for Hathor  clearing the way for Rio Tinto's C$654 million friendly offer and sending shares of the Canadian uranium explorer tumbling.,topStory
CCJ,Cameco Corporation,20111128,UPDATE 4-Cameco clears way for Rio's C$654 mln Hathor deal ,TORONTO  Nov 28 Cameco Corp has backed out of a bidding war for Hathor   clearing the way for Rio Tinto's C$654 million friendly offer and sending shares of the Canadian uranium explorer tumbling.,normal
CCJ,Cameco Corporation,20111128,Cameco quits Hathor race  leaving Rio's C$654 million bid ,TORONTO Cameco Corp  said on Monday it is backing out of a bidding war for Hathor   after Anglo-Australian miner Rio Tinto  sweetened its bid for the Canadian uranium explorer to C$654 million.,normal
CVX,Chevron Corporation,20111128,Arbitrators near jurisdiction call in Chevron case ,* Chevron eyes on arbitrators after New York court setback,topStory
CVX,Chevron Corporation,20111128,UPDATE 2-Chevron to brief US officials on Brazil oil spill ,* Chevron spilled about 2 400 barrels of oil     * Meeting to take place in next 10 days     * Govt looking at speeding up citations and fines     * Some people have "amnesia" about BP oil spill-Bromwich      By Ayesha Rascoe     WASHINGTON  Nov 28 Chevron Corp will brief U.S. offshore drilling regulators on its recent oil spill off the coast of Brazil  which has placed the company's future in those waters and the rapid development Brazil's offshore oil in jeopardy  an agency officia,normal
CVX,Chevron Corporation,20111128,Chevron to brief U.S. officials on Brazil oil spill ,WASHINGTON Chevron Corp will brief U.S. offshore drilling regulators on its recent oil spill off the coast of Brazil  an agency official said on Monday.,normal
CVX,Chevron Corporation,20111128,Chevron to brief US officials on Brazil oil spill ,WASHINGTON  Nov 28 Chevron Corp will brief U.S. offshore drilling regulators on its recent oil spill off the coast of Brazil  an agency official said on Monday.,normal
C,Citigroup Inc,20111128,Judge blocks Citigroup-SEC settlement ,NEW YORK A federal judge angrily threw out Citigroup Inc's proposed $285 million settlement over the sale of toxic mortgage debt  excoriating the top U.S. market regulator over how it reaches corporate fraud settlements.,topStory
C,Citigroup Inc,20111128,UPDATE 5-U.S. judge blocks Citigroup-SEC settlement ,NEW YORK  Nov 28 A federal judge angrily threw out Citigroup Inc's proposed $285 million settlement over the sale of toxic mortgage debt  excoriating the top U.S. market regulator over how it reaches corporate fraud settlements.,normal
C,Citigroup Inc,20111128,New Issue-Tesco Plc sells $1 bln of notes in two parts ,Nov 28 Tesco Plc on Monday sold $1 billion of notes in the 144a private placement market in two parts  said IFR  a Thomson Reuters service.     Bank of America Merrill Lynch  Barclay's Capital  Citigroup and Deutsche Bank were the joint bookrunning managers for the sale. BORROWER: TESCO PLC TRANCHE 1 AMT $500 MLN      COUPON 2.00 PCT      MATURITY    12/5/2014 TYPE NTS          ISS PRICE 99.896     FIRST PAY    6/5/2012 MOODY'S A3        YIELD 2.036          SETTLEMENT  12/5/2011 S&P,normal
C,Citigroup Inc,20111128,New Issue-DTE Energy Co sells $280 mln jnr notes ,Nov 28 DTE Energy Co on Monday sold $280 million of junior subordinated notes  said IFR  a Thomson Reuters service.      The size of the deal was increased from an originally planned $150 million.      Citigroup  Bank of America Merrill Lynch  UBS  and Wells Fargo were the joint bookrunning managers for the sale. BORROWER: DTE ENERGY CO AMT $280 MLN      COUPON 6.50 PCT      MATURITY   12/1/2061 TYPE NTS          ISS PRICE 25.00      FIRST PAY   3/1/2012 MOODY'S Baa3      YIELD N/A  ,normal
C,Citigroup Inc,20111128,Factbox: Judge's order blocking Citigroup-SEC settlement ,A federal judge blocked Citigroup Inc's proposed $285 million settlement over the sale of toxic mortgage debt  excoriating the U.S. Securities and Exchange Commission over how it reaches corporate fraud settlements.,normal
C,Citigroup Inc,20111128,FACTBOX-Judge's order blocking Citigroup-SEC settlement ,Nov 28 A federal judge blocked Citigroup Inc's proposed $285 million settlement over the sale of toxic mortgage debt  excoriating the U.S. Securities and Exchange Commission over how it reaches corporate fraud settlements.,normal
CCO,Clear Channel Outdoor Holdings Inc,20111128,Clear Channel says outdoor ads resist crisis ,LONDON/PARIS Outdoor advertising is proving surprisingly resilient amid Europe's debt crisis  although many companies are still wavering before committing to ad budgets for next year  the head of the international arm of Clear Channel Outdoor Holdings Inc said.,topStory
CEO,CNOOC Limited,20111128,CNOOC wraps up Opti deal to expand in oil sands ,Nov 28 CNOOC Ltd closed its C$2.1 billion ($2.04 billion) acquisition of Opti Canada Ltd  on Monday  giving China's top offshore oil company its second stake in a Canadian oil sands property.,topStory
CMC,Commercial Metals Company,20111128,Icahn plans Commercial Metals buy; investors skeptical ,Carl Icahn offered to buy out Commercial Metals Co  in a deal valuing the metals recycler at $1.73 billion  but investors remained skeptical over the billionaire investor's poor record in closing acquisitions this year.,topStory
CMC,Commercial Metals Company,20111128,Deals of the day -- mergers and acquisitions ,Nov 28 The following bids  mergers  acquisitions and disposals involving European  U.S. and Asian companies were reported by 2100 GMT on Monday.,normal
DK,Delek US Holdings Inc,20111128,Delek reports FCCU boiler back at Tyler refinery ,Nov 28 Delek U.S. Holdings said on Monday normal operations were restored in a gasoline-making fluid catalytic cracker unit (FCCU) CO boiler after a snag at its 60 000 barrel-per-day Tyler  Texas  refinery  according to a filing with state pollution regulators.,topStory
DAL,Delta Air Lines Inc,20111128,Delta says union rejection upheld ,Delta Air Lines Inc said on Monday that U.S. labor mediators rejected claims of interference that were filed by the machinists union after workers at the airline's TechOps plane maintenance department voted against unionizing.,topStory
DB,Deutsche Bank AG,20111128,New Issue-Tesco Plc sells $1 bln of notes in two parts ,Nov 28 Tesco Plc on Monday sold $1 billion of notes in the 144a private placement market in two parts  said IFR  a Thomson Reuters service.     Bank of America Merrill Lynch  Barclay's Capital  Citigroup and Deutsche Bank were the joint bookrunning managers for the sale. BORROWER: TESCO PLC TRANCHE 1 AMT $500 MLN      COUPON 2.00 PCT      MATURITY    12/5/2014 TYPE NTS          ISS PRICE 99.896     FIRST PAY    6/5/2012 MOODY'S A3        YIELD 2.036          SETTLEMENT  12/5/2011 S&P,topStory
DB,Deutsche Bank AG,20111128,BlackRock  Deutsche top insurance asset list ,Nov 28 BlackRock and Deutsche Bank topped the list of asset managers for the insurance industry in 2010  together managing nearly five times their closest competitor  according to a new survey released on Monday.,normal
DB,Deutsche Bank AG,20111128,New Issue-Daimler prices 200 mln euro 2013 FRN ,Borrower                Daimler International Finance B.V,normal
DHX,DHI Group Inc,20111128,Europe  politics weigh on US hiring outlook-survey ,Nov 28 More U.S. employers are curtailing hiring plans than six months ago because Europe's economic problems are affecting their confidence about the U.S. economy  according to a twice-yearly survey by Dice Holdings Inc .,topStory
DTE,DTE Energy Company,20111128,Text-Fitch rates DTE Energy's $280 mln jnr sub debs BB+ ,NEW YORK  November 28 (Fitch) Fitch Ratings has assigned a rating of 'BB+' to DTE Energy Company's (DTE  IDR 'BBB' by Fitch) $280 million issuance of 6.5% Junior Subordinated  debentures  2011 Series I  due Dec. 1  2061. The Junior Subordinated debentures rank junior to other unsecured debt of DTE. Proceeds from the issuance will be used to retire $280 million of outstanding Trust Preferred securities  comprised of $180 million of 7.8% Trust Preferred securities due 2032 and $100 million of 7.5%,topStory
DTE,DTE Energy Company,20111128,New Issue-DTE Energy Co sells $280 mln jnr notes ,Nov 28 DTE Energy Co on Monday sold $280 million of junior subordinated notes  said IFR  a Thomson Reuters service.      The size of the deal was increased from an originally planned $150 million.      Citigroup  Bank of America Merrill Lynch  UBS  and Wells Fargo were the joint bookrunning managers for the sale. BORROWER: DTE ENERGY CO AMT $280 MLN      COUPON 6.50 PCT      MATURITY   12/1/2061 TYPE NTS          ISS PRICE 25.00      FIRST PAY   3/1/2012 MOODY'S Baa3      YIELD N/A  ,normal
DTJ,DTE Energy Company,20111128,Text-Fitch rates DTE Energy's $280 mln jnr sub debs BB+ ,NEW YORK  November 28 (Fitch) Fitch Ratings has assigned a rating of 'BB+' to DTE Energy Company's (DTE  IDR 'BBB' by Fitch) $280 million issuance of 6.5% Junior Subordinated  debentures  2011 Series I  due Dec. 1  2061. The Junior Subordinated debentures rank junior to other unsecured debt of DTE. Proceeds from the issuance will be used to retire $280 million of outstanding Trust Preferred securities  comprised of $180 million of 7.8% Trust Preferred securities due 2032 and $100 million of 7.5%,topStory
DTJ,DTE Energy Company,20111128,New Issue-DTE Energy Co sells $280 mln jnr notes ,Nov 28 DTE Energy Co on Monday sold $280 million of junior subordinated notes  said IFR  a Thomson Reuters service.      The size of the deal was increased from an originally planned $150 million.      Citigroup  Bank of America Merrill Lynch  UBS  and Wells Fargo were the joint bookrunning managers for the sale. BORROWER: DTE ENERGY CO AMT $280 MLN      COUPON 6.50 PCT      MATURITY   12/1/2061 TYPE NTS          ISS PRICE 25.00      FIRST PAY   3/1/2012 MOODY'S Baa3      YIELD N/A  ,normal
DTQ,DTE Energy Company,20111128,Text-Fitch rates DTE Energy's $280 mln jnr sub debs BB+ ,NEW YORK  November 28 (Fitch) Fitch Ratings has assigned a rating of 'BB+' to DTE Energy Company's (DTE  IDR 'BBB' by Fitch) $280 million issuance of 6.5% Junior Subordinated  debentures  2011 Series I  due Dec. 1  2061. The Junior Subordinated debentures rank junior to other unsecured debt of DTE. Proceeds from the issuance will be used to retire $280 million of outstanding Trust Preferred securities  comprised of $180 million of 7.8% Trust Preferred securities due 2032 and $100 million of 7.5%,topStory
DTQ,DTE Energy Company,20111128,New Issue-DTE Energy Co sells $280 mln jnr notes ,Nov 28 DTE Energy Co on Monday sold $280 million of junior subordinated notes  said IFR  a Thomson Reuters service.      The size of the deal was increased from an originally planned $150 million.      Citigroup  Bank of America Merrill Lynch  UBS  and Wells Fargo were the joint bookrunning managers for the sale. BORROWER: DTE ENERGY CO AMT $280 MLN      COUPON 6.50 PCT      MATURITY   12/1/2061 TYPE NTS          ISS PRICE 25.00      FIRST PAY   3/1/2012 MOODY'S Baa3      YIELD N/A  ,normal
DTV,DTE Energy Company,20111128,Text-Fitch rates DTE Energy's $280 mln jnr sub debs BB+ ,NEW YORK  November 28 (Fitch) Fitch Ratings has assigned a rating of 'BB+' to DTE Energy Company's (DTE  IDR 'BBB' by Fitch) $280 million issuance of 6.5% Junior Subordinated  debentures  2011 Series I  due Dec. 1  2061. The Junior Subordinated debentures rank junior to other unsecured debt of DTE. Proceeds from the issuance will be used to retire $280 million of outstanding Trust Preferred securities  comprised of $180 million of 7.8% Trust Preferred securities due 2032 and $100 million of 7.5%,topStory
DTV,DTE Energy Company,20111128,New Issue-DTE Energy Co sells $280 mln jnr notes ,Nov 28 DTE Energy Co on Monday sold $280 million of junior subordinated notes  said IFR  a Thomson Reuters service.      The size of the deal was increased from an originally planned $150 million.      Citigroup  Bank of America Merrill Lynch  UBS  and Wells Fargo were the joint bookrunning managers for the sale. BORROWER: DTE ENERGY CO AMT $280 MLN      COUPON 6.50 PCT      MATURITY   12/1/2061 TYPE NTS          ISS PRICE 25.00      FIRST PAY   3/1/2012 MOODY'S Baa3      YIELD N/A  ,normal
DTY,DTE Energy Company,20111128,Text-Fitch rates DTE Energy's $280 mln jnr sub debs BB+ ,NEW YORK  November 28 (Fitch) Fitch Ratings has assigned a rating of 'BB+' to DTE Energy Company's (DTE  IDR 'BBB' by Fitch) $280 million issuance of 6.5% Junior Subordinated  debentures  2011 Series I  due Dec. 1  2061. The Junior Subordinated debentures rank junior to other unsecured debt of DTE. Proceeds from the issuance will be used to retire $280 million of outstanding Trust Preferred securities  comprised of $180 million of 7.8% Trust Preferred securities due 2032 and $100 million of 7.5%,topStory
DTY,DTE Energy Company,20111128,New Issue-DTE Energy Co sells $280 mln jnr notes ,Nov 28 DTE Energy Co on Monday sold $280 million of junior subordinated notes  said IFR  a Thomson Reuters service.      The size of the deal was increased from an originally planned $150 million.      Citigroup  Bank of America Merrill Lynch  UBS  and Wells Fargo were the joint bookrunning managers for the sale. BORROWER: DTE ENERGY CO AMT $280 MLN      COUPON 6.50 PCT      MATURITY   12/1/2061 TYPE NTS          ISS PRICE 25.00      FIRST PAY   3/1/2012 MOODY'S Baa3      YIELD N/A  ,normal
E,ENI SpA,20111128,EU mergers and takeovers (Nov 28) ,BRUSSELS  Nov 28 The following are mergers under review by the European Commission and a brief guide to the EU merger process:,topStory
XOM,Exxon Mobil Corporation,20111128,UPDATE 1-Venezuela sees oil claim verdicts this year ,CARACAS  Nov 28 Venezuela expects verdicts in high-profile international compensation claims from oil majors Exxon Mobil and Conoco Phillips later this year  Energy Minister Rafael Ramirez said on Monday.,topStory
FAF,First American Corporation (The),20111128,Supreme Court asks if lawsuits require proof of harm ,WASHINGTON In a case pitting business against consumer groups  U.S. Supreme Court justices on Monday questioned whether individuals can sue a company over an alleged kickback scheme without showing it caused them harm.,topStory
FAF,First American Corporation (The),20111128,US top court asks if lawsuits require proof of harm ,* Businesses back company  consumer groups back home buyer,normal
GEK,General Electric Capital Corporation,20111128,New Issue-Pacific Gas & Electric sells $250 mln notes ,Nov 28 Pacific Gas and Electric Co on Monday sells $250 million of senior unsecured notes  said IFR  a Thomson Reuters service.     Bank of America Merrill Lynch  BNP Paribas  and UBS were the joint bookrunning managers for the sale. BORROWER: PACIFIC GAS AND ELECTRIC CO AMT $250 MLN      COUPON 4.50 PCT      MATURITY  12/15/2041 TYPE SR NTS       ISS PRICE 99.655     FIRST PAY  6/15/2012 MOODY'S A3        YIELD 4.521          SETTLEMENT 12/1/2011 S&P BBB-PLUS      SPREAD 160 BPS    ,topStory
GE,General Electric Company,20111128,New Issue-Pacific Gas & Electric sells $250 mln notes ,Nov 28 Pacific Gas and Electric Co on Monday sells $250 million of senior unsecured notes  said IFR  a Thomson Reuters service.     Bank of America Merrill Lynch  BNP Paribas  and UBS were the joint bookrunning managers for the sale. BORROWER: PACIFIC GAS AND ELECTRIC CO AMT $250 MLN      COUPON 4.50 PCT      MATURITY  12/15/2041 TYPE SR NTS       ISS PRICE 99.655     FIRST PAY  6/15/2012 MOODY'S A3        YIELD 4.521          SETTLEMENT 12/1/2011 S&P BBB-PLUS      SPREAD 160 BPS    ,topStory
GM,General Motors Company,20111128,GM offers Volt owners loaner cars during probe ,DETROIT General Motors Co said on Monday that it will offer loaner vehicles to more than 5 000 owners of its Chevrolet Volt as it works with U.S. safety regulators on ways to reduce the risk of fires breaking out days after crashes involving the electric car.,topStory
GM,General Motors Company,20111128,UPDATE 2-GM offers Volt owners loaner cars during probe ,DETROIT  Nov 28 General Motors Co said on Monday that it will offer loaner vehicles to more than 5 000 owners of its Chevrolet Volt as it works with U.S. safety regulators on ways to reduce the risk of fires breaking out days after crashes involving the electric car.,normal
GM,General Motors Company,20111128,French court annuls ban on growing Monsanto GMO maize ,PARIS France's highest court on Monday overturned France's ban on growing a strain of genetically modified maize (corn) developed by U.S. biotech firm Monsanto  saying it was not sufficiently justified.,normal
GM,General Motors Company,20111128,French court cancels ban on Monsanto GMO maize ,PARIS  Nov 28 France's highest court on Monday overturned a ban on the growth and use in France of a genetically modified (GM) maize developed by U.S. biotech company Monsanto  saying the farm ministry lacked the authority to impose the measure.,normal
GS,Goldman Sachs Group Inc (The),20111128,UPDATE 2-Amazon says Kindle sales surge on Black Friday ,Nov 28 Amazon.com Inc said on Monday it saw a surge in sales of its Kindle devices  helped by its new Kindle Fire tablet  on the crucial "Black Friday" shopping day after Thanksgiving.,topStory
HMC,Honda Motor Company Ltd,20111128,Honda's North American plants to resume normal output ,Honda Motor Co said all of its North American plants will resume normal production by the start of next month  following improvement in overall parts supply  which was hit by the Thailand floods.,topStory
HMC,Honda Motor Company Ltd,20111128,UPDATE 1-Honda's North American plants to resume normal output ,Nov 28 Honda Motor Co said all of its North American plants will resume normal production by the start of next month  following improvement in overall parts supply  which was hit by the Thailand floods.,normal
HMC,Honda Motor Company Ltd,20111128,TABLE-Japan automakers October output  exports ,Nov 28 Japan's largest automaker  Toyota Motor Corp  said on Monday its global output rose 13.7 percent in October from a year earlier to 697 439 vehicles.	     The following are figures for domestic output  exports  overseas and global output of vehicles at Japan's eight carmakers for October  with percentage changes from the year before.                 Japan Output       Exports   *Toyota       316 597 (+33.5)   189 304 (+31.9)  Nissan       115 932 (+32.9)    73 162 (+14.8)  Hond,normal
HSBC,HSBC Holdings plc,20111128,HSBC proposes amended settlement in Madoff case ,HSBC Holdings Plc has proposed a revised $62.5 million settlement with investors in an Irish fund that lost money in Bernard Madoff's Ponzi scheme  after a U.S. judge rejected an earlier accord.,topStory
HSBC,HSBC Holdings plc,20111128,HSBC proposes amended settlement in Madoff case ,* Judge: original accord not fair  reasonable or adequate,normal
HSBC,HSBC Holdings plc,20111128,Hong Kong shares to open up 1.9 pct  HSBC jumps ,HONG KONG  Nov 28 Hong Kong shares were set to open higher on Monday  as strength in HSBC Holdings Plc  helped lift the Hang Seng Index from oversold conditions on the charts  spurred by hopes that Europe will move to relieve funding pressures in the region.,normal
HSEA,HSBC Holdings plc,20111128,HSBC proposes amended settlement in Madoff case ,HSBC Holdings Plc has proposed a revised $62.5 million settlement with investors in an Irish fund that lost money in Bernard Madoff's Ponzi scheme  after a U.S. judge rejected an earlier accord.,topStory
HSEA,HSBC Holdings plc,20111128,HSBC proposes amended settlement in Madoff case ,* Judge: original accord not fair  reasonable or adequate,normal
HSEA,HSBC Holdings plc,20111128,Hong Kong shares to open up 1.9 pct  HSBC jumps ,HONG KONG  Nov 28 Hong Kong shares were set to open higher on Monday  as strength in HSBC Holdings Plc  helped lift the Hang Seng Index from oversold conditions on the charts  spurred by hopes that Europe will move to relieve funding pressures in the region.,normal
HSEB,HSBC Holdings plc,20111128,HSBC proposes amended settlement in Madoff case ,HSBC Holdings Plc has proposed a revised $62.5 million settlement with investors in an Irish fund that lost money in Bernard Madoff's Ponzi scheme  after a U.S. judge rejected an earlier accord.,topStory
HSEB,HSBC Holdings plc,20111128,HSBC proposes amended settlement in Madoff case ,* Judge: original accord not fair  reasonable or adequate,normal
HSEB,HSBC Holdings plc,20111128,Hong Kong shares to open up 1.9 pct  HSBC jumps ,HONG KONG  Nov 28 Hong Kong shares were set to open higher on Monday  as strength in HSBC Holdings Plc  helped lift the Hang Seng Index from oversold conditions on the charts  spurred by hopes that Europe will move to relieve funding pressures in the region.,normal
IBM,International Business Machines Corporation,20111128,Early Cyber Monday sales up 20 percent- IBM ,Nov 28 "Cyber Monday" online retail sales got off to a strong start  International Business Machines Corp's IBM Benchmark unit said.,topStory
JPM,J P Morgan Chase & Co,20111128,New Issue-National Fuel Gas Co sells $500 mln notes ,Nov 28 National Fuel Gas Co on Monday sells $500 million of senior unsecured notes  said IFR  a Thomson Reuters service.      The size of the deal was increased from an originally planned $350 million.     Bank of America Merrill Lynch  JP Morgan  and Wells Fargo were the joint bookrunning managers for the sale. BORROWER: NATIONAL FUEL GAS CO AMT $500 MLN      COUPON 4.90 PCT      MATURITY   12/1/2021 TYPE SR NTS       ISS PRICE 99.867     FIRST PAY   6/1/2012 MOODY'S Baa1      YIELD,topStory
JPM,J P Morgan Chase & Co,20111128,Assured Guaranty files new claims against JPMorgan ,NEW YORK Bond insurer Assured Guaranty Ltd filed new claims against JPMorgan Chase & Co over a mortgage-backed security sold by Bear Stearns  saying more than 35 witnesses have come forward to testify about how loans in the $337 million transaction were misrepresented.,normal
JPM,J P Morgan Chase & Co,20111128,U.S. cash funds primed to recover waived fees ,* US money funds waived estimated $4.5 bln in 2010 expenses,normal
JPM,J P Morgan Chase & Co,20111128,UPDATE 3-Huttenlocher clears HK hurdle  targets $2 bln in hedge fund ,* Licence was delayed as anonymous complaint sparked SFC review,normal
JPM,J P Morgan Chase & Co,20111128,Ex-Highbridge Asia head says to launch $300 mln fund Dec 1 ,HONG KONG  Nov 28 Carl Huttenlocher  former Asia head of JPMorgan Chase & Co's Highbridge Capital  said he would launch his $300 million hedge fund on Dec. 1.,normal
KKR,KKR & Co LP,20111128,DOJ probes Del Monte sale for antitrust violations ,The Department of Justice has opened a probe into the $4 billion takeover of Del Monte Corp by private equity investors led by KKR and Co   according to court papers regarding an investor settlement over the transaction.,topStory
KKR,KKR & Co LP,20111128,DOJ probes Del Monte sale for antitrust violations ,Nov 28 The U.S. Department of Justice has opened a probe into the $4 billion takeover of Del Monte Corp by private equity investors led by KKR and Co   according to court papers regarding an investor settlement over the transaction.,normal
KKR,KKR & Co LP,20111128,Deals of the day -- mergers and acquisitions ,Nov 28 The following bids  mergers  acquisitions and disposals involving European  U.S. and Asian companies were reported by 2100 GMT on Monday.,normal
KKR,KKR & Co LP,20111128,KKR set to acquire UK safety harness maker: source ,Private equity group KKR & Co  is about to secure a deal to buy Capital Safety Group (CSG)  a British manufacturer of safety equipment to protect against falls  for about $1.1 billion  a source familiar with the matter said on Monday.,normal
KKR,KKR & Co LP,20111128,KKR edges $1.1 bln acquisition of UK safety harness maker-source ,Nov 28 Private equity group KKR & Co is about to secure a deal to buy Capital Safety Group (CSG)  a British manufacturer of safety equipment to protect against falls  for about $1.1 billion  a source familiar with the matter said on Monday.,normal
KKR,KKR & Co LP,20111128,UPDATE 1-China's CDB to partner TGP  KKR - sources ,SHANGHAI  Nov 28 China Development Bank Corp (CDB)  owned by the Chinese government  will next week launch an overseas investment operation in Hong Kong and sign strategic partnerships with global private equity giants including TPG  KKR and Permira  three sources familiar with the plan said on Monday.,normal
KKR,KKR & Co LP,20111128,China's CDB to partner with TGP  KKR - paper ,SHANGHAI  Nov 28 China Development Bank Corp (CDB) will set up an overseas investment platform in early December and will sign partnership with TPG Capital LP  and KKR & Co LP  the official China Daily reported over the weekend  citing CDB's private equity unit.,normal
KEP,Korea Electric Power Corporation,20111128,KEPCO to sell up to $294 mln KEPCO E&C shares - IFR ,SEOUL  Nov 28 Korea Electric Power Corp  plans to sell KEPCO Engineering & Construction  shares worth up to 342 billion won ($294 million)  IFR reported on Monday.,topStory
M,Macy&#39;s Inc,20111128,Retail stocks up after strong holiday weekend ,After a blockbuster performance over the long Thanksgiving weekend  risk-taking retailers such as Macy's Inc  and Amazon.com Inc  were rewarded with big gains in their shares  while chains that are still tinkering with their strategies reaped smaller rewards. | Video ,topStory
M,Macy&#39;s Inc,20111128,UPDATE 3-U.S. retail stocks up after strong holiday weekend ,Nov 28 After a blockbuster performance over the long Thanksgiving weekend  risk-taking retailers such as Macy's Inc and Amazon.com Inc were rewarded with big gains in their shares  while chains that are still tinkering with their strategies reaped smaller rewards.,normal
MMI,Marcus & Millichap Inc,20111128,Google seeks EU approval for Motorola Mobility deal ,BRUSSELS World No. 1 Internet search engine Google is seeking EU regulatory clearance of its planned purchase of handset maker Motorola Mobility Holdings  the European Commission said on its website on Monday.,topStory
MMI,Marcus & Millichap Inc,20111128,Google seeks EU approval for Motorola Mobility deal ,BRUSSELS  Nov 28 World No. 1 Internet search engine Google is seeking EU regulatory clearance of its planned purchase of handset maker Motorola Mobility Holdings  the European Commission said on its website on Monday.,normal
MRK,Merck & Company Inc,20111128,Facebook apologizes for Merck homepage mix-up ,Facebook Inc said on Monday that it made a mistake in letting Merck & Co take over a page on the social networking website from its German rival Merck KGaA.,topStory
MRK,Merck & Company Inc,20111128,UPDATE 2-Facebook apologizes for Merck homepage mix-up ,Nov 28 Facebook Inc said on Monday that it made a mistake in letting Merck & Co take over a page on the social networking website from its German rival Merck KGaA .,normal
MRK,Merck & Company Inc,20111128,Facebook apologizes for Merck homepage mix-up ,Nov 28 Facebook Inc said on Monday that it made a mistake in letting Merck & Co take over a page on the social networking website from its German rival Merck KGaA .,normal
MON,Monsanto Company,20111128,French min says will seek to keep ban on GMO maize ,PARIS  Nov 28 France will seek to maintain a ban on the cultivation of genetically modified maize (corn) despite a ruling by the country's highest court that annulled it  French Agriculture Minister Bruno Le Maire said on Monday.,topStory
MON,Monsanto Company,20111128,French court annuls ban on growing Monsanto GMO maize ,PARIS France's highest court on Monday overturned France's ban on growing a strain of genetically modified maize (corn) developed by U.S. biotech firm Monsanto  saying it was not sufficiently justified.,normal
MON,Monsanto Company,20111128,French court cancels ban on Monsanto GMO maize ,PARIS  Nov 28 France's highest court on Monday overturned a ban on the growth and use in France of a genetically modified (GM) maize developed by U.S. biotech company Monsanto  saying the farm ministry lacked the authority to impose the measure.,normal
MCO,Moody&#39;s Corporation,20111128,UPDATE 2-Fitch warns of US downgrade if no budget deal in 2013 ,NEW YORK  Nov 28 Fitch Ratings gave the United States until 2013 to come up with a "credible plan" to tackle its ballooning budget deficit before it downgrades the country's coveted AAA rating.,topStory
MCO,Moody&#39;s Corporation,20111128,New Issue-Daimler prices 200 mln euro 2013 FRN ,Borrower                Daimler International Finance B.V,normal
MCO,Moody&#39;s Corporation,20111128,Crisis threatens EU sovereign ratings: Moody's ,Moody's Investors Service warned on Monday the rapid escalation of the euro zone sovereign and banking crisis threatens the credit standing of all European government bond ratings.,normal
MCO,Moody&#39;s Corporation,20111128,BRIEF-Moody's asgns rtgs to Driver Japan One backed by auto loan receivables ,Nov 28 Volkswagen Financial Service Japan Ltd,normal
MS,Morgan Stanley,20111128,MOVES-Morgan Stanley  BNY Mellon Wealth  Raymond James ,Nov 28 The following financial service industry appointments were announced on Monday. To inform us of other job changes  email to moves@thomsonreuters.com.,topStory
MS,Morgan Stanley,20111128,UPDATE 1-Godbole returns to Morgan Stanley as India realty arm head ,* Exec says tightening of bank lending presents opportunities,normal
MS,Morgan Stanley,20111128,Morgan Stanley hires new India property arm chief ,MUMBAI  Nov 28 Morgan Stanley said on Monday it has appointed Shirish Godbole to head its global real estate investment fund in India.,normal
NFG,National Fuel Gas Company,20111128,New Issue-National Fuel Gas Co sells $500 mln notes ,Nov 28 National Fuel Gas Co on Monday sells $500 million of senior unsecured notes  said IFR  a Thomson Reuters service.      The size of the deal was increased from an originally planned $350 million.     Bank of America Merrill Lynch  JP Morgan  and Wells Fargo were the joint bookrunning managers for the sale. BORROWER: NATIONAL FUEL GAS CO AMT $500 MLN      COUPON 4.90 PCT      MATURITY   12/1/2021 TYPE SR NTS       ISS PRICE 99.867     FIRST PAY   6/1/2012 MOODY'S Baa1      YIELD,topStory
NFG,National Fuel Gas Company,20111128,Text-Fitch expects to rate Nat'l Fuel's '21 notes BBB+ ,NEW YORK  November 28 (Fitch) Fitch Ratings expects to rate National Fuel Gas Company's (National Fuel) new $350 million senior unsecured notes due 2021 'BBB+'.     The new notes are to rank pari passu with the company's senior unsecured debt. Proceeds are to be used for general corporate purposes which include repaying $150 million of notes due in November 2011 and reducing short term debt. Fitch currently rates National Fuel as follows: --Long-term IDR 'BBB+'; --Senior unsecured debt 'BBB+'; -,normal
NMR,Nomura Holdings Inc ADR,20111128,UPDATE 2-Japan's Nomura slashes Italy exposure by 83 pct ,* Also reduces exposure to Greece  Ireland  Portugal  Spain,topStory
PSO,Pearson Plc,20111128,Financial Times sees content beating print ads ,LONDON The Financial Times expects its print advertising revenues to be overtaken by subscription and cover price sales for the first time this year  marking a milestone on its road to escape its dependency on volatile advertising markets.,topStory
PJC,Piper Jaffray Companies,20111128,DIARY-U.S. MEETINGS/WEEK AHEAD ,THOMSON REUTERS  November 28  2011 - Corporate Meetings for US companies for Week ahead.	         S&P 500 Earnings - Weekly           S&P 500 Earnings - Day Ahead   	     Non S&P 500 - Weekly               Non S&P 500 - Day Ahead        	     ConferenceCall/Webcast - Weekly    ConferenceCall/Webcast - Day   	     S&P 500 Earnings - Monthly           Meetings - Day Ahead           	     Economic Indicators                  Dividends                      	     Daily earnings hits & misses    	    ,topStory
RJF,Raymond James Financial Inc,20111128,MOVES-Morgan Stanley  BNY Mellon Wealth  Raymond James ,Nov 28 The following financial service industry appointments were announced on Monday. To inform us of other job changes  email to moves@thomsonreuters.com.,topStory
RJF,Raymond James Financial Inc,20111128,Raymond James names successor for independent unit ,* RJ Financial Services' boss Averitt to retire next year,normal
RGS,Regis Corporation,20111128,Regis hoping to return to TV with primetime talent show ,LOS ANGELES (TheWrap.com) - Regis Philbin was apparently serious about being tired of getting up so early in the morning. He says his next gig will be in primetime.,topStory
RIO,Rio Tinto Plc,20111128,RPT-UPDATE 4-Cameco clears way for Rio's C$654 mln Hathor deal ,TORONTO  Nov 28 Cameco Corp has backed out of a bidding war for Hathor  clearing the way for Rio Tinto's C$654 million friendly offer and sending shares of the Canadian uranium explorer tumbling.,topStory
RIO,Rio Tinto Plc,20111128,TEXT-Rio Tinto: Hathor shareholders urged to tender their shares ,SYDNEY  Nov 29 (Reuters) -(Reporting by Ed Davies) ,normal
RIO,Rio Tinto Plc,20111128,UPDATE 4-Cameco clears way for Rio's C$654 mln Hathor deal ,TORONTO  Nov 28 Cameco Corp has backed out of a bidding war for Hathor   clearing the way for Rio Tinto's C$654 million friendly offer and sending shares of the Canadian uranium explorer tumbling.,normal
RIO,Rio Tinto Plc,20111128,Rio sees reason to boost iron ore demand despite soft patch in China ,* Says long-term uptrend warrants iron ore mine expansion,normal
RIO,Rio Tinto Plc,20111128,UPDATE 3-Rio Tinto says commodities customers more cautious ,* Customers worried about euro zone  U.S. economies - CEO,normal
RBS,Royal Bank Scotland plc (The),20111128,UPDATE 1-RBS unit to pay $52 million to settle subprime case ,Nov 28 A unit of Royal Bank of Scotland  will pay $52 million to resolve allegations by the state of Massachusetts over its role in home loans that the state's attorney general called unfair.,topStory
RBS,Royal Bank Scotland plc (The),20111128,RBS unit to pay $52 million to settle subprime case ,WASHINGTON  Nov 28 A unit of the Royal Bank of Scotland  will pay $52 million to resolve allegations related to certain subprime securities  the attorney general in Massachusetts said on Monday.,normal
R,Ryder System Inc,20111128,World Cup winner Woodland dreaming of Ryder debut ,HAIKOU  China Gary Woodland is targeting a United States Ryder Cup debut in Illinois next September after combining with Matt Kuchar to win the World Cup team competition.,topStory
SNE,Sony Corp Ord,20111128,Sony aims to boost non-consumer sales to $26 billion ,TOKYO Sony Corp aims to boost sales of non-consumer products including electronic devices to an annual 2 trillion yen ($26 billion) from 1.5 trillion yen now within five years  the executive in charge of the business said on Monday.,topStory
SNE,Sony Corp Ord,20111128,UPDATE 1-Sony aims to boost non-consumer sales to 2 trln yen ,TOKYO  Nov 28 Sony Corp aims to boost sales of non-consumer products including electronic devices to an annual 2 trillion yen ($26 billion) from 1.5 trillion yen now within five years  the executive in charge of the business said on Monday.,normal
SNE,Sony Corp Ord,20111128,Sony aims to boost non-consumer sales to 2 trln yen ,TOKYO  Nov 28 Sony Corp aims to boost sales of non-consumer products including electronic devices to an annual 2 trillion yen ($26 billion) from 1.5 trillion yen now within five years  the executive in charge of the business said on Monday.,normal
STO,Statoil ASA,20111128,UPDATE 1-Statoil keeps one oil platform offline after storm ,* Heidrum and Aasgard platforms back in service after storm,topStory
SU,Suncor Energy  Inc,20111128,UPDATE 1-Suncor restarts units at Ontario refinery ,CALGARY  Alberta  Nov 28 Suncor Energy Inc said on Monday it began restarting units at its Sarnia  Ontario  refinery over the weekend after shutting them a week earlier due to a leak.,topStory
TGT,Target Corporation,20111128,UPDATE 2-Amazon says Kindle sales surge on Black Friday ,Nov 28 Amazon.com Inc said on Monday it saw a surge in sales of its Kindle devices  helped by its new Kindle Fire tablet  on the crucial "Black Friday" shopping day after Thanksgiving.,topStory
TGT,Target Corporation,20111128,Amazon says Kindle sales surge on Black Friday ,Nov 28 Amazon.com Inc said on Monday that it saw a surge in sales of its Kindle devices  helped by its new Kindle Fire tablet  on the crucial "Black Friday" shopping day after Thanksgiving.,normal
TX,Ternium SA,20111128,Wall Street ends 7-day slide ,NEW YORK Stocks rebounded from seven days of losses on Monday as investors used the latest effort from European leaders to resolve the region's debt crisis as an opportunity to cover short positions. | Video ,topStory
TX,Ternium SA,20111128,Deals of the day -- mergers and acquisitions ,Nov 28 The following bids  mergers  acquisitions and disposals involving European  U.S. and Asian companies were reported by 2100 GMT on Monday.,normal
TX,Ternium SA,20111128,UPDATE 3-Usiminas stock slips  hopes fade for minorities ,SAO PAULO  Nov 28 Shares of troubled Brazilian steelmaker Usiminas tumbled on Monday  reversing early gains after management said Techint Group's purchase of a 27.7 percent voting stake would not automatically trigger an offer to minority shareholders for their stock.,normal
TX,Ternium SA,20111128,EMERGING MARKETS-Latam stocks up on euro zone debt hopes ,* Usiminas shares surge after Ternium agrees to buy stake     * IMF denies readying Italy rescue package     * Brazil's Bovespa up 2.22 pct  Chile's IPSA up 2.57 pct     * Mexico's benchmark IPC index up 2.66 percent     By Luciana Lopez     SAO PAULO  Nov 28 Latin American stocks jumped on Monday  following global equities higher on hopes for progress in the euro zone sovereign debt crisis  although analysts cautioned the rally could be short-lived.     The MSCI Latin American stock,normal
TX,Ternium SA,20111128,U.S. stock futures signal sharp gains for equities ,* U.S. stock index futures pointed to a sharply higher open for equities on Wall Street on Monday  with futures for the S&P 500  the Dow Jones and the Nasdaq 100  rising 2.2 to 2.6 percent.,normal
TX,Ternium SA,20111128,Steelmaker Ternium to pay $2.2 billion for Usiminas stake ,Ternium   Latin America's second-largest steelmaker  said on Sunday it would pay $2.2 billion to buy a stake in Brazilian rival Usiminas  from two of its minority shareholders  despite tough conditions for mills in the continent's largest economy.,normal
TX,Ternium SA,20111128,UPDATE 2-Steelmaker Ternium to pay $2.2 bln for Usiminas stake ,Nov 27 Ternium  Latin America's second-largest steelmaker  said on Sunday it would pay $2.2 billion to buy a stake in Brazilian rival Usiminas  from two of its minority shareholders  despite tough conditions for mills in the continent's largest economy.,normal
TD,Toronto Dominion Bank (The),20111128,Nova Scotia sells C$250 mln 10-yr note in reopening ,Nov 28 Nova Scotia on Monday sold C$250 ($243 million) million of 10-year notes in a reopening of an existing 4.10 percent issue  according to a term sheet seen by Reuters.,topStory
TM,Toyota Motor Corp Ltd Ord,20111128,BOJ chief: non-Europe funds an option for debt woes ,NAGOYA  Japan  Nov 28 Bank of Japan Governor Masaaki Shirakawa said on Monday that Europe must make its own efforts to contain its sovereign debt crisis but making use of funds from the IMF and from outside the region could be an option.,topStory
TM,Toyota Motor Corp Ltd Ord,20111128,TABLE-Japan automakers October output  exports ,Nov 28 Japan's largest automaker  Toyota Motor Corp  said on Monday its global output rose 13.7 percent in October from a year earlier to 697 439 vehicles.	     The following are figures for domestic output  exports  overseas and global output of vehicles at Japan's eight carmakers for October  with percentage changes from the year before.                 Japan Output       Exports   *Toyota       316 597 (+33.5)   189 304 (+31.9)  Nissan       115 932 (+32.9)    73 162 (+14.8)  Hond,normal
TYL,Tyler Technologies Inc,20111128,Delek reports FCCU boiler back at Tyler refinery ,Nov 28 Delek U.S. Holdings said on Monday normal operations were restored in a gasoline-making fluid catalytic cracker unit (FCCU) CO boiler after a snag at its 60 000 barrel-per-day Tyler  Texas  refinery  according to a filing with state pollution regulators.,topStory
UNH,UnitedHealth Group Incorporated,20111128,UnitedHealth 2012 profit view barely meets Street ,UnitedHealth Group Inc   the largest U.S. health insurer  gave a 2012 earnings projection that barely met Wall Street's target  but analysts said the outlook was likely conservative.,topStory
VR,Validus Holdings Ltd,20111128,Validus ends Transatlantic takeover bid ,Reinsurer Validus Holdings  on Monday withdrew its offer for peer Transatlantic Holdings   ending a months-long hostile takeover battle.,topStory
VR,Validus Holdings Ltd,20111128,UPDATE 2-Validus ends Transatlantic takeover bid ,Nov 28 Reinsurer Validus Holdings on Monday withdrew its offer for peer Transatlantic Holdings   ending a months-long hostile takeover battle.,normal
WMT,Wal-Mart Stores Inc,20111128,India clarifies sourcing rule for foreign supermarkets ,NEW DELHI  Nov 28 Foreign supermarkets wanting to set up shop in India will have to source 30 percent of their produce from local  small industries  a government statement said on Monday  appearing to change the rule within days of announcing a supermarket policy.,topStory
DIS,Walt Disney Company (The),20111128,Early "lost" Disney cartoon discovered in UK ,LONDON A lost Walt Disney cartoon that pre-dated Mickey Mouse has been discovered in a British film archive and will be offered for auction in Los Angeles on December 14.,topStory
DIS,Walt Disney Company (The),20111128,Early "lost" Disney cartoon discovered in UK ,LONDON  Nov 28 A lost Walt Disney cartoon that pre-dated Mickey Mouse has been discovered in a British film archive and will be offered for auction in Los Angeles on Dec. 14.,normal
WFC,Wells Fargo & Company,20111128,New Issue-DTE Energy Co sells $280 mln jnr notes ,Nov 28 DTE Energy Co on Monday sold $280 million of junior subordinated notes  said IFR  a Thomson Reuters service.      The size of the deal was increased from an originally planned $150 million.      Citigroup  Bank of America Merrill Lynch  UBS  and Wells Fargo were the joint bookrunning managers for the sale. BORROWER: DTE ENERGY CO AMT $280 MLN      COUPON 6.50 PCT      MATURITY   12/1/2061 TYPE NTS          ISS PRICE 25.00      FIRST PAY   3/1/2012 MOODY'S Baa3      YIELD N/A  ,topStory
WFC,Wells Fargo & Company,20111128,New Issue-National Fuel Gas Co sells $500 mln notes ,Nov 28 National Fuel Gas Co on Monday sells $500 million of senior unsecured notes  said IFR  a Thomson Reuters service.      The size of the deal was increased from an originally planned $350 million.     Bank of America Merrill Lynch  JP Morgan  and Wells Fargo were the joint bookrunning managers for the sale. BORROWER: NATIONAL FUEL GAS CO AMT $500 MLN      COUPON 4.90 PCT      MATURITY   12/1/2021 TYPE SR NTS       ISS PRICE 99.867     FIRST PAY   6/1/2012 MOODY'S Baa1      YIELD,normal
