AMZN,Amazoncom Inc,20111019,Amazon's tablet may be hottest holiday gadget ,The Kindle Fire tablet may be the hottest selling gadget this holiday  pressuring Amazon.com Inc's profit margins but giving the world's largest Internet retailer potentially millions of new high-spending customers.,topStory
AMZN,Amazoncom Inc,20111019,UPDATE 1-Amazon.com to enter Japanese e-book market - Nikkei ,Oct 20 Amazon.com Inc may enter the Japanese e-book market this year and launch its Kindle readers in the market  the Nikkei business daily reported.,normal
AMZN,Amazoncom Inc,20111019,PREVIEW-Amazon's tablet may be hottest holiday gadget ,Oct 19 The Kindle Fire tablet may be the hottest selling gadget this holiday  pressuring Amazon.com Inc's profit margins but giving the world's largest Internet retailer potentially millions of new high-spending customers.,normal
AAPL,Apple Inc,20111019,Nokia smartphone recovery in focus after weak Q3 ,HELSINKI Nokia is expected to report a rare loss for the third quarter as the struggling Finnish cellphone giant prepares to launch its first Windows phones next week.,topStory
AAPL,Apple Inc,20111019,Nokia smartphone recovery in focus after weak Q3 ,HELSINKI  Oct 20 Nokia is expected to report a rare loss for the third quarter as the struggling Finnish cellphone giant prepares to launch its first Windows phones next week.,normal
AAPL,Apple Inc,20111019,Global stocks  euro decline as EU summit hopes slip ,NEW YORK U.S. stocks fell and the euro edged lower on Wednesday after optimism faded that European leaders will make substantial progress on resolving the euro zone debt crisis at their summit meeting this weekend. | Video ,normal
AAPL,Apple Inc,20111019,CANADA STOCKS-TSX dives as Fed outlook adds to euro-zone woes ,*TSX ends down 203.61 points  or 1.1 pct  at 11 849.50     *Nine of 10 index sectors weaker  golds fall hard     *Agnico sinks 18 pct after halting Quebec mine      By Claire Sibonney     TORONTO  Oct 19 Toronto's main stock market index lost all of the previous day's big gains and more on Wednesday as a grim outlook from the U.S. Federal Reserve  euro-zone bailout doubts  and an earnings miss by U.S. tech darling Apple prompted investors to cut risk.     The Fed's coast-to-coast sur,normal
AAPL,Apple Inc,20111019,Apple stores close for Jobs memorials ,Apple Inc closed its stores across the United States on Wednesday for several hours to commemorate co-founder Steve Jobs  who died two weeks ago.,normal
AAPL,Apple Inc,20111019,Samsung  Google unveil phone for revamped Android ,HONG KONG/SEOUL Samsung Electronics  unveiled the first smartphone running on Google's  latest version of the Android operating system  which combines software used in tablets and smartphones  as they step up competition against Apple. | Video ,normal
AAPL,Apple Inc,20111019,C Spire to become fourth US Apple iPhone operator ,Oct 19 C Spire Wireless  a privately held regional U.S. mobile phone network operator  will become the fourth U.S. operator to sell the Apple Inc iPhone in "coming weeks" beating much bigger rival T-Mobile USA to a Apple deal.,normal
AAPL,Apple Inc,20111019,GLOBAL MARKETS-Euro  world stocks edge up on Europe optimism ,* Euro recovers from lows despite Spanish credit downgrade,normal
AAPL,Apple Inc,20111019,Apple shares slide after rare earnings miss ,Apple Inc  shares fell more than 5 percent on Wednesday  the first trading session after a rare quarterly earnings miss  but analysts said the drop presented a buying opportunity for investors.,normal
AAPL,Apple Inc,20111019,UPDATE 1-Apple shares slide after rare earnings miss ,Oct 19 Apple Inc shares fell more than 5 percent on Wednesday  the first trading session after a rare quarterly earnings miss  but analysts said the drop presented a buying opportunity for investors.,normal
TAPR,Barclays Inverse US Treasury Composite ETN,20111019,Amadeus stake placed at 12.60 eur/shr ,MADRID  Oct 19 Barclays Capital said it has placed 6.84 percent of travel bookings firm Amadeus on behalf of risk capital groups BC Partners and Cinven Limited at 12.60 euros per share.,topStory
TAPR,Barclays Inverse US Treasury Composite ETN,20111019,UPDATE 1-Barclays placing Amadeus stake at 12.60-12.80 euros/share-traders ,MADRID   Oct 19 Barclays Capital is placing 6.84 percent of Spanish travel bookings firm Amadeus held by risk capital groups BC Partners and Cinvin Limited   at 12.60-12.80 euros per share  two traders with knowledge of the deal said.,normal
TAPR,Barclays Inverse US Treasury Composite ETN,20111019,Barclays placing Amadeus stake at 12.60-12.80 euros/share ,MADRID   Oct 19 Barclays Capital is placing 6.84 percent of travel bookings firm Amadeus   which includes stakes held by risk capital groups BC Partners and Cinvin Limited   at 12.60-12.80 euros per share  compared to a 13.15 euros closing price on Tuesday  two traders with knowledge of the deal said.,normal
DLBL,Barclays PLC,20111019,Amadeus stake placed at 12.60 eur/shr ,MADRID  Oct 19 Barclays Capital said it has placed 6.84 percent of travel bookings firm Amadeus on behalf of risk capital groups BC Partners and Cinven Limited at 12.60 euros per share.,topStory
DLBL,Barclays PLC,20111019,UPDATE 1-Barclays placing Amadeus stake at 12.60-12.80 euros/share-traders ,MADRID   Oct 19 Barclays Capital is placing 6.84 percent of Spanish travel bookings firm Amadeus held by risk capital groups BC Partners and Cinvin Limited   at 12.60-12.80 euros per share  two traders with knowledge of the deal said.,normal
DLBL,Barclays PLC,20111019,Barclays placing Amadeus stake at 12.60-12.80 euros/share ,MADRID   Oct 19 Barclays Capital is placing 6.84 percent of travel bookings firm Amadeus   which includes stakes held by risk capital groups BC Partners and Cinvin Limited   at 12.60-12.80 euros per share  compared to a 13.15 euros closing price on Tuesday  two traders with knowledge of the deal said.,normal
DTYL,Barclays PLC,20111019,Amadeus stake placed at 12.60 eur/shr ,MADRID  Oct 19 Barclays Capital said it has placed 6.84 percent of travel bookings firm Amadeus on behalf of risk capital groups BC Partners and Cinven Limited at 12.60 euros per share.,topStory
DTYL,Barclays PLC,20111019,UPDATE 1-Barclays placing Amadeus stake at 12.60-12.80 euros/share-traders ,MADRID   Oct 19 Barclays Capital is placing 6.84 percent of Spanish travel bookings firm Amadeus held by risk capital groups BC Partners and Cinvin Limited   at 12.60-12.80 euros per share  two traders with knowledge of the deal said.,normal
DTYL,Barclays PLC,20111019,Barclays placing Amadeus stake at 12.60-12.80 euros/share ,MADRID   Oct 19 Barclays Capital is placing 6.84 percent of travel bookings firm Amadeus   which includes stakes held by risk capital groups BC Partners and Cinvin Limited   at 12.60-12.80 euros per share  compared to a 13.15 euros closing price on Tuesday  two traders with knowledge of the deal said.,normal
CRUS,Cirrus Logic Inc,20111019,CORRECTED-UPDATE 1-Cirrus Logic Q2 profit in line ,Oct 19 Cirrus Logic Inc reported a second-quarter profit in line with estimates but the analog chipmaker forecast third-quarter revenue largely below market  sending its shares down 10 percent in extended trading.,topStory
ETFC,E*TRADE Financial Corporation,20111019,E*Trade profit boosted by higher trading levels ,E*Trade Financial  third-quarter earnings surged on higher trading levels at the U.S. online brokerage  lower loan loss provisions and a gain from the taxable liquidation of a European subsidiary.,topStory
EBAY,eBay Inc,20111019,EBay shares drop on cautious forecast ,SAN FRANCISCO EBay Inc reported profit that matched Wall Street estimates and gave a restrained outlook for the rest of the year  sending its shares lower.,topStory
EBAY,eBay Inc,20111019,UPDATE 4-EBay shares drop on cautious forecast ,SAN FRANCISCO  Oct 19 EBay Inc  reported profit that matched Wall Street estimates and gave a restrained outlook for the rest of the year  sending its shares lower.,normal
EBAYL,eBay Inc,20111019,EBay shares drop on cautious forecast ,SAN FRANCISCO EBay Inc reported profit that matched Wall Street estimates and gave a restrained outlook for the rest of the year  sending its shares lower.,topStory
EBAYL,eBay Inc,20111019,UPDATE 4-EBay shares drop on cautious forecast ,SAN FRANCISCO  Oct 19 EBay Inc  reported profit that matched Wall Street estimates and gave a restrained outlook for the rest of the year  sending its shares lower.,normal
ESRX,Express Scripts Holding Company,20111019,UPDATE 2-Arbitrator OKs Walgreen notices on Express Scripts ,* Walgreen set to leave Express Scripts network in January,topStory
FSLR,First Solar Inc,20111019,First Solar says DOE loss won't cause delays ,DALLAS First Solar Inc does not expect any delay in the completion of its massive Topaz solar power project in California despite not having clinched a U.S. Department of Energy loan guarantee to finance it.,topStory
INTC,Intel Corporation,20111019,Anlaysis: Intel's outlook  buybacks  add shine to shares ,SAN FRANCISCO Record earnings  a better-than-expected outlook and potential to buy back $10 billion in stock have put some shine back on the world's top chipmaker although investors are wary of jumping in for the long haul. | Video ,topStory
INTC,Intel Corporation,20111019,Instant view: Intel sales beat Street  shares leap ,NEW YORK Chip maker Intel Corp beat Wall Street's third-quarter sales targets  helped by strong demand for computers in China. Its shares jumped 4 percent after hours.,normal
INTC,Intel Corporation,20111019,UPDATE 3-Intel shares jump on upbeat outlook ,Oct 19 Intel Corp shares rose nearly 4 percent on Wednesday  the day after the chipmaker forecast an upbeat fourth quarter that underscored its strength in emerging markets  and prompted at least seven brokerages to raise their price target on the stock.,normal
INTC,Intel Corporation,20111019,Instant view: Apple shocks investors with earns miss ,NEW YORK Apple Inc shocked investors with a rare miss in its quarterly earnings on Tuesday  sending its shares down sharply.,normal
INTC,Intel Corporation,20111019,Nikkei up on euro zone bailout hopes but doubts remain ,* Report of 2 trln euro rescue plan triggers short-covering     * Trading volume low as investors look to EU summit     * Apple earnings undermine confidence  though Intel eases impact     * Olympus falls 2 pct as governance doubts weigh      By Hideyuki Sano	     TOKYO  Oct 19 The Nikkei stock average rose on Wednesday after a media report raised expectations that Europe will act to strengthen the euro zone's rescue fund  though scepticism about whether it can put bold steps into pr,normal
INTC,Intel Corporation,20111019,Nikkei gains on euro zone bailout hopes; doubts persist ,* Report of 2 trln euro rescue plan triggers short-covering     * Trading volume low as investors look at EU summit     * Apple earnings undermine confidence  though Intel eases impact     * Olympus falls 3 pct as governance doubts weigh      By Hideyuki Sano	     TOKYO  Oct 19 The Nikkei stock average rose on Wednesday after a media report raised expectations that Europe will act to strengthen the euro zone's rescue fund  though scepticism about whether it can put such a bold step i,normal
INTC,Intel Corporation,20111019,Intel deal offers sharia-compliant laptop loans in Pakistan-FT ,Oct 18 Intel Corp is working with Pakistan Islamic bank Meezan to offer the nation's consumers their first large-scale hire-purchase scheme for personal computers as the technology company seeks to increase its market share in the country  according to a Financial Times report.,normal
DTYS,iPath US Treasury 10-year Bear ETN,20111019,Amadeus stake placed at 12.60 eur/shr ,MADRID  Oct 19 Barclays Capital said it has placed 6.84 percent of travel bookings firm Amadeus on behalf of risk capital groups BC Partners and Cinven Limited at 12.60 euros per share.,topStory
DTYS,iPath US Treasury 10-year Bear ETN,20111019,UPDATE 1-Barclays placing Amadeus stake at 12.60-12.80 euros/share-traders ,MADRID   Oct 19 Barclays Capital is placing 6.84 percent of Spanish travel bookings firm Amadeus held by risk capital groups BC Partners and Cinvin Limited   at 12.60-12.80 euros per share  two traders with knowledge of the deal said.,normal
DTYS,iPath US Treasury 10-year Bear ETN,20111019,Barclays placing Amadeus stake at 12.60-12.80 euros/share ,MADRID   Oct 19 Barclays Capital is placing 6.84 percent of travel bookings firm Amadeus   which includes stakes held by risk capital groups BC Partners and Cinvin Limited   at 12.60-12.80 euros per share  compared to a 13.15 euros closing price on Tuesday  two traders with knowledge of the deal said.,normal
DTUS,iPath US Treasury 2-year Bear ETN,20111019,Amadeus stake placed at 12.60 eur/shr ,MADRID  Oct 19 Barclays Capital said it has placed 6.84 percent of travel bookings firm Amadeus on behalf of risk capital groups BC Partners and Cinven Limited at 12.60 euros per share.,topStory
DTUS,iPath US Treasury 2-year Bear ETN,20111019,UPDATE 1-Barclays placing Amadeus stake at 12.60-12.80 euros/share-traders ,MADRID   Oct 19 Barclays Capital is placing 6.84 percent of Spanish travel bookings firm Amadeus held by risk capital groups BC Partners and Cinvin Limited   at 12.60-12.80 euros per share  two traders with knowledge of the deal said.,normal
DTUS,iPath US Treasury 2-year Bear ETN,20111019,Barclays placing Amadeus stake at 12.60-12.80 euros/share ,MADRID   Oct 19 Barclays Capital is placing 6.84 percent of travel bookings firm Amadeus   which includes stakes held by risk capital groups BC Partners and Cinvin Limited   at 12.60-12.80 euros per share  compared to a 13.15 euros closing price on Tuesday  two traders with knowledge of the deal said.,normal
DTUL,iPath US Treasury 2-year Bull ETN,20111019,Amadeus stake placed at 12.60 eur/shr ,MADRID  Oct 19 Barclays Capital said it has placed 6.84 percent of travel bookings firm Amadeus on behalf of risk capital groups BC Partners and Cinven Limited at 12.60 euros per share.,topStory
DTUL,iPath US Treasury 2-year Bull ETN,20111019,UPDATE 1-Barclays placing Amadeus stake at 12.60-12.80 euros/share-traders ,MADRID   Oct 19 Barclays Capital is placing 6.84 percent of Spanish travel bookings firm Amadeus held by risk capital groups BC Partners and Cinvin Limited   at 12.60-12.80 euros per share  two traders with knowledge of the deal said.,normal
DTUL,iPath US Treasury 2-year Bull ETN,20111019,Barclays placing Amadeus stake at 12.60-12.80 euros/share ,MADRID   Oct 19 Barclays Capital is placing 6.84 percent of travel bookings firm Amadeus   which includes stakes held by risk capital groups BC Partners and Cinvin Limited   at 12.60-12.80 euros per share  compared to a 13.15 euros closing price on Tuesday  two traders with knowledge of the deal said.,normal
DFVS,iPath US Treasury 5-year Bear ETN,20111019,Amadeus stake placed at 12.60 eur/shr ,MADRID  Oct 19 Barclays Capital said it has placed 6.84 percent of travel bookings firm Amadeus on behalf of risk capital groups BC Partners and Cinven Limited at 12.60 euros per share.,topStory
DFVS,iPath US Treasury 5-year Bear ETN,20111019,UPDATE 1-Barclays placing Amadeus stake at 12.60-12.80 euros/share-traders ,MADRID   Oct 19 Barclays Capital is placing 6.84 percent of Spanish travel bookings firm Amadeus held by risk capital groups BC Partners and Cinvin Limited   at 12.60-12.80 euros per share  two traders with knowledge of the deal said.,normal
DFVS,iPath US Treasury 5-year Bear ETN,20111019,Barclays placing Amadeus stake at 12.60-12.80 euros/share ,MADRID   Oct 19 Barclays Capital is placing 6.84 percent of travel bookings firm Amadeus   which includes stakes held by risk capital groups BC Partners and Cinvin Limited   at 12.60-12.80 euros per share  compared to a 13.15 euros closing price on Tuesday  two traders with knowledge of the deal said.,normal
DFVL,iPath US Treasury 5-year Bull ETN,20111019,Amadeus stake placed at 12.60 eur/shr ,MADRID  Oct 19 Barclays Capital said it has placed 6.84 percent of travel bookings firm Amadeus on behalf of risk capital groups BC Partners and Cinven Limited at 12.60 euros per share.,topStory
DFVL,iPath US Treasury 5-year Bull ETN,20111019,UPDATE 1-Barclays placing Amadeus stake at 12.60-12.80 euros/share-traders ,MADRID   Oct 19 Barclays Capital is placing 6.84 percent of Spanish travel bookings firm Amadeus held by risk capital groups BC Partners and Cinvin Limited   at 12.60-12.80 euros per share  two traders with knowledge of the deal said.,normal
DFVL,iPath US Treasury 5-year Bull ETN,20111019,Barclays placing Amadeus stake at 12.60-12.80 euros/share ,MADRID   Oct 19 Barclays Capital is placing 6.84 percent of travel bookings firm Amadeus   which includes stakes held by risk capital groups BC Partners and Cinvin Limited   at 12.60-12.80 euros per share  compared to a 13.15 euros closing price on Tuesday  two traders with knowledge of the deal said.,normal
FLAT,iPath US Treasury Flattener ETN,20111019,Amadeus stake placed at 12.60 eur/shr ,MADRID  Oct 19 Barclays Capital said it has placed 6.84 percent of travel bookings firm Amadeus on behalf of risk capital groups BC Partners and Cinven Limited at 12.60 euros per share.,topStory
FLAT,iPath US Treasury Flattener ETN,20111019,UPDATE 1-Barclays placing Amadeus stake at 12.60-12.80 euros/share-traders ,MADRID   Oct 19 Barclays Capital is placing 6.84 percent of Spanish travel bookings firm Amadeus held by risk capital groups BC Partners and Cinvin Limited   at 12.60-12.80 euros per share  two traders with knowledge of the deal said.,normal
FLAT,iPath US Treasury Flattener ETN,20111019,Barclays placing Amadeus stake at 12.60-12.80 euros/share ,MADRID   Oct 19 Barclays Capital is placing 6.84 percent of travel bookings firm Amadeus   which includes stakes held by risk capital groups BC Partners and Cinvin Limited   at 12.60-12.80 euros per share  compared to a 13.15 euros closing price on Tuesday  two traders with knowledge of the deal said.,normal
DLBS,iPath US Treasury Long Bond Bear ETN,20111019,Amadeus stake placed at 12.60 eur/shr ,MADRID  Oct 19 Barclays Capital said it has placed 6.84 percent of travel bookings firm Amadeus on behalf of risk capital groups BC Partners and Cinven Limited at 12.60 euros per share.,topStory
DLBS,iPath US Treasury Long Bond Bear ETN,20111019,UPDATE 1-Barclays placing Amadeus stake at 12.60-12.80 euros/share-traders ,MADRID   Oct 19 Barclays Capital is placing 6.84 percent of Spanish travel bookings firm Amadeus held by risk capital groups BC Partners and Cinvin Limited   at 12.60-12.80 euros per share  two traders with knowledge of the deal said.,normal
DLBS,iPath US Treasury Long Bond Bear ETN,20111019,Barclays placing Amadeus stake at 12.60-12.80 euros/share ,MADRID   Oct 19 Barclays Capital is placing 6.84 percent of travel bookings firm Amadeus   which includes stakes held by risk capital groups BC Partners and Cinvin Limited   at 12.60-12.80 euros per share  compared to a 13.15 euros closing price on Tuesday  two traders with knowledge of the deal said.,normal
STPP,iPath US Treasury Steepener ETN,20111019,Amadeus stake placed at 12.60 eur/shr ,MADRID  Oct 19 Barclays Capital said it has placed 6.84 percent of travel bookings firm Amadeus on behalf of risk capital groups BC Partners and Cinven Limited at 12.60 euros per share.,topStory
STPP,iPath US Treasury Steepener ETN,20111019,UPDATE 1-Barclays placing Amadeus stake at 12.60-12.80 euros/share-traders ,MADRID   Oct 19 Barclays Capital is placing 6.84 percent of Spanish travel bookings firm Amadeus held by risk capital groups BC Partners and Cinvin Limited   at 12.60-12.80 euros per share  two traders with knowledge of the deal said.,normal
STPP,iPath US Treasury Steepener ETN,20111019,Barclays placing Amadeus stake at 12.60-12.80 euros/share ,MADRID   Oct 19 Barclays Capital is placing 6.84 percent of travel bookings firm Amadeus   which includes stakes held by risk capital groups BC Partners and Cinvin Limited   at 12.60-12.80 euros per share  compared to a 13.15 euros closing price on Tuesday  two traders with knowledge of the deal said.,normal
IRDM,Iridium Communications Inc,20111019,UPDATE 3-Volatile mkt fails to dent Greenhill Q3 ,* To use funds from Iridium stake sale to buy back shares,topStory
IRDMB,Iridium Communications Inc,20111019,UPDATE 3-Volatile mkt fails to dent Greenhill Q3 ,* To use funds from Iridium stake sale to buy back shares,topStory
MU,Micron Technology Inc,20111019,Rambus jury deliberates  reviews more testimony ,SAN FRANCISCO  Oct 19 The jury in Rambus Inc's $4 billion antitrust lawsuit against Micron Technology Inc and Hynix Semiconductor Inc is reviewing more testimony from the trial in its fifth week of deliberations.,topStory
MSFT,Microsoft Corporation,20111019,Bidders balk at Yahoo's "no cross talk" provision: sources ,NEW YORK Some potential buyers of Yahoo Inc are balking at the Internet company's demands for confidentiality that would prevent them from discussing joint bids  according to several people close to the situation.,topStory
MSFT,Microsoft Corporation,20111019,Nokia smartphone recovery in focus after weak Q3 ,HELSINKI Nokia is expected to report a rare loss for the third quarter as the struggling Finnish cellphone giant prepares to launch its first Windows phones next week.,normal
MSFT,Microsoft Corporation,20111019,Nokia smartphone recovery in focus after weak Q3 ,HELSINKI  Oct 20 Nokia is expected to report a rare loss for the third quarter as the struggling Finnish cellphone giant prepares to launch its first Windows phones next week.,normal
MORN,Morningstar Inc,20111019,Q and A: Should investors be worrying about their ETFs? ,WASHINGTON  Oct 19 The U.S. Securities and Exchange Commission launched a broad  agency-wide review of exchange traded funds on Wednesday  and individual investors may be wondering if they should be worrying about  or avoiding  ETFs now.,topStory
NDAQ,Nasdaq Inc,20111019,Nasdaq exec sees up to 20 IPOs in U.S. by year-end ,HONG KONG Nasdaq OMX Group  expects between 15 and 20 more U.S. initial public offerings (IPOs) this year despite volatility in global markets that has dampened deal volume in recent months  a top executive at the company told Reuters on Wednesday.,topStory
NDAQ,Nasdaq Inc,20111019,UPDATE 1-Nasdaq exec sees up to 20 IPOs in U.S. by year-end ,* U.S. IPO volume seen below initial estimates on market downturn,normal
NDAQ,Nasdaq Inc,20111019,Nasdaq exec sees 15-20 more U.S. IPOs by year-end ,HONG KONG  Oct 19 Nasdaq OMX Group  expects between 15 and 20 more U.S. initial public offerings before the end of the year  a top executive at the company told Reuters on Wednesday.,normal
NWS,News Corporation,20111019,News Corp key shareholders mull ditching Murdoch board ,NEW YORK A growing number of News Corp shareholders with voting rights are considering sending a strong message of discontent to Chief Executive Rupert Murdoch by voting against several long-standing board members including his sons James and Lachlan.,topStory
NWS,News Corporation,20111019,UPDATE 2-BSkyB posts strong first-quarter profit growth ,LONDON  Oct 19 British media group BSkyB  posted strong growth in first-quarter profits on Wednesday as sales of additional products to existing customers made up for the expected slowdown in new subscribers.,normal
NWS,News Corporation,20111019,PREVIEW-News Corp key shareholders mull ditching Murdoch board ,* B stock holders taking note of proxy advisors proposals,normal
NWS,News Corporation,20111019,News Corp knew of WSJ circulation issue -Bloomberg ,Oct 18 News Corp was made aware of plans to boost the circulation numbers of Wall Street Journal Europe almost a year before its publisher resigned at the height of the company's phone-hacking scandal  a Bloomberg report said  citing a former employee and internal documents.,normal
NWSA,News Corporation,20111019,News Corp key shareholders mull ditching Murdoch board ,NEW YORK A growing number of News Corp shareholders with voting rights are considering sending a strong message of discontent to Chief Executive Rupert Murdoch by voting against several long-standing board members including his sons James and Lachlan.,topStory
NWSA,News Corporation,20111019,UPDATE 2-BSkyB posts strong first-quarter profit growth ,LONDON  Oct 19 British media group BSkyB  posted strong growth in first-quarter profits on Wednesday as sales of additional products to existing customers made up for the expected slowdown in new subscribers.,normal
NWSA,News Corporation,20111019,PREVIEW-News Corp key shareholders mull ditching Murdoch board ,* B stock holders taking note of proxy advisors proposals,normal
NWSA,News Corporation,20111019,News Corp knew of WSJ circulation issue -Bloomberg ,Oct 18 News Corp was made aware of plans to boost the circulation numbers of Wall Street Journal Europe almost a year before its publisher resigned at the height of the company's phone-hacking scandal  a Bloomberg report said  citing a former employee and internal documents.,normal
NTRS,Northern Trust Corporation,20111019,UPDATE 2-Northern Trust Q3 profit tops Wall Street ,Oct 19 U.S. custody bank Northern Trust Corp's  quarterly profit beat Wall Street estimates  helped by higher demand for its trust and investment management services.,topStory
NTRSP,Northern Trust Corporation,20111019,UPDATE 2-Northern Trust Q3 profit tops Wall Street ,Oct 19 U.S. custody bank Northern Trust Corp's  quarterly profit beat Wall Street estimates  helped by higher demand for its trust and investment management services.,topStory
POOL,Pool Corporation,20111019,Angry judge revokes Lindsay Lohan probation ,LOS ANGELES An angry Los Angeles judge on Wednesday revoked the probation for Lindsay Lohan because she failed to perform community service  and admonished the troubled actress for failing to treat her sentence seriously.,topStory
BPOP,Popular Inc,20111019,UPDATE 2-Credit quality hits Popular's Q3 profit ,Oct 19 Popular Inc's quarterly profit missed market estimates  hurt by a decline in the credit quality of its loan portfolio  sending its shares down 6 percent in trading before the bell.,topStory
RMBS,Rambus Inc,20111019,Rambus jury deliberates  reviews more testimony ,SAN FRANCISCO  Oct 19 The jury in Rambus Inc's $4 billion antitrust lawsuit against Micron Technology Inc and Hynix Semiconductor Inc is reviewing more testimony from the trial in its fifth week of deliberations.,topStory
STX,Seagate Technology PLC,20111019,Seagate wins EU okay for Samsung hard disk unit buy ,BRUSSELS  Oct 19 - U.S.-based Seagate Technology  won EU regulatory approval on Wednesday to buy Samsung Electronics Co's  loss-making hard disk drive unit for $1.4 billion.,topStory
STX,Seagate Technology PLC,20111019,Seagate wins EU okay for Samsung hard disk unit buy ,BRUSSELS  Oct 19 - U.S.-based Seagate Technology won EU regulatory approval on Wednesday to buy Samsung Electronics Co's loss-making hard disk drive unit for $1.4 billion.,normal
CAKE,The Cheesecake Factory Incorporated,20111019,Costs and Hurricane Irene hit Cheesecake Factory results ,Cheesecake Factory Inc's  third-quarter profit fell short of expectations after higher costs and Hurricane Irene dented results.,topStory
CAKE,The Cheesecake Factory Incorporated,20111019,UPDATE 2-Costs  Irene hit Cheesecake Factory results ,Oct 19 Cheesecake Factory Inc's  third-quarter profit fell short of expectations after higher costs and Hurricane Irene dented results.,normal
WYNN,Wynn Resorts Limited,20111019,TABLE-Wynn Macau Q3 net profit up 83.6 pct ,Oct 20 Three months ended September 30  2011	      Net profit                  209.93 vs 114.34 	     Total Operating revenues    951.37 vs 671.43 	     Company name                Wynn Macau Ltd.	     NOTE - Casino operator Wynn Macau is the Macau unit of Wynn Resorts . It was listed on the Stock Exchange of Hong Kong on Oct. 9  2009.(Reporting by Twinnie Siu; Editing by Jonathan Hopfner),topStory
WYNN,Wynn Resorts Limited,20111019,Wynn profit misses Wall Street estimates  shares fall ,Casino operator Wynn Resorts Ltd  swung to a quarterly profit as revenue at its Wynn Macau  unit soared 42 percent  but it won less money than usual in Las Vegas  and its shares fell more than 5 percent.,normal
WYNN,Wynn Resorts Limited,20111019,UPDATE 3-Wynn profit misses Wall St estimates  shrs fall ,Oct 19 Casino operator Wynn Resorts Ltd swung to a quarterly profit as revenue at its Wynn Macau unit soared 42 percent  but it won less money than usual in Las Vegas  and its shares fell more than 5 percent.,normal
AGCO,AGCO Corporation,20111019,Fiat CEO says no plans to sell CNH ,TURIN  Italy  Oct 19 The chairman of Fiat Industrial ruled out on Wednesday selling the Italian group's stake in U.S.  agricultural and construction equipment unit CNH Global .,topStory
AEM,Agnico Eagle Mines Limited,20111019,UPDATE 5-Agnico halts Quebec mine operations; stock tumbles ,TORONTO  Oct 19 Agnico-Eagle is suspending operations at its Goldex mine at Val d'Or  Quebec  indefinitely because of water inflow and ground instability  the Canadian gold miner said Wednesday  sending its shares sharply lower.,topStory
AXP,American Express Company,20111019,UPDATE 4-American Express posts higher Q3 net income ,Oct 19 American Express Co posted higher-than-expected quarterly net earnings as cardholders spent more  but expenses grew faster than revenue.,topStory
APH,Amphenol Corporation,20111019,UPDATE 2-Amphenol sees Q4 below estimates on low demand ,Oct 19 Amphenol Corp forecast fourth-quarter results below market estimates  as it sees reduced demand from customers cautious about the uncertain global macroeconomic environment.,topStory
T,AT&T Inc,20111019,DOJ to hire outside lawyer for AT&T case: reports ,The Department of Justice is planning to hire an external lawyer to help in its antitrust case against AT&T Inc's proposed $39 billion bid for T-Mobile USA  according to media reports.,topStory
T,AT&T Inc,20111019,DOJ to hire outside lawyer for AT&T case -reports ,Oct 19 The U.S. Department of Justice is planning to hire an external lawyer to help in its antitrust case against AT&T Inc's proposed $39 billion bid for T-Mobile USA  according to media reports.,normal
BAC,Bank of America Corporation,20111019,Top banks accused of colluding on ATM fees ,A New Jersey man sued Bank of America  JPMorgan Chase and Wells Fargo on Wednesday on behalf of ATM users  accusing the banks of colluding to fix the fees they charge customers to withdraw money.,topStory
BAC,Bank of America Corporation,20111019,U.S. judge takes $8.5 bln BofA deal from state court ,NEW YORK A judge on Wednesday decided to keep a proposed $8.5 billion settlement over Bank of America Corp's  mortgage-backed securities in federal court  potentially dragging out the litigation.,normal
BAC,Bank of America Corporation,20111019,UPDATE 3-US judge takes $8.5 bln BofA deal from state court ,NEW YORK  Oct 19 A judge on Wednesday decided to keep a proposed $8.5 billion settlement over Bank of America Corp's mortgage-backed securities in federal court  potentially dragging out the litigation.,normal
BK,Bank Of New York Mellon Corporation (The),20111019,U.S. judge takes $8.5 bln BofA deal from state court ,NEW YORK A judge on Wednesday decided to keep a proposed $8.5 billion settlement over Bank of America Corp's  mortgage-backed securities in federal court  potentially dragging out the litigation.,topStory
BK,Bank Of New York Mellon Corporation (The),20111019,UPDATE 3-US judge takes $8.5 bln BofA deal from state court ,NEW YORK  Oct 19 A judge on Wednesday decided to keep a proposed $8.5 billion settlement over Bank of America Corp's mortgage-backed securities in federal court  potentially dragging out the litigation.,normal
BK,Bank Of New York Mellon Corporation (The),20111019,UPDATE 3-Forex  turmoil boost BNY Mellon profits ,* Foreign exchange revenue rises 38 percent year over year,normal
BK,Bank Of New York Mellon Corporation (The),20111019,BNY Mellon's Q3 net income rises 5 percent ,BOSTON (Reuters) Bank of New York Mellon  said on Wednesday that third-quarter net income rose 5 percent on stronger investment services fees.,normal
BCS,Barclays PLC,20111019,Amadeus stake placed at 12.60 eur/shr ,MADRID  Oct 19 Barclays Capital said it has placed 6.84 percent of travel bookings firm Amadeus on behalf of risk capital groups BC Partners and Cinven Limited at 12.60 euros per share.,topStory
BCS,Barclays PLC,20111019,UPDATE 1-Barclays placing Amadeus stake at 12.60-12.80 euros/share-traders ,MADRID   Oct 19 Barclays Capital is placing 6.84 percent of Spanish travel bookings firm Amadeus held by risk capital groups BC Partners and Cinvin Limited   at 12.60-12.80 euros per share  two traders with knowledge of the deal said.,normal
BCS,Barclays PLC,20111019,Barclays placing Amadeus stake at 12.60-12.80 euros/share ,MADRID   Oct 19 Barclays Capital is placing 6.84 percent of travel bookings firm Amadeus   which includes stakes held by risk capital groups BC Partners and Cinvin Limited   at 12.60-12.80 euros per share  compared to a 13.15 euros closing price on Tuesday  two traders with knowledge of the deal said.,normal
BHP,BHP Billiton Limited,20111019,UPDATE 3-BHP shifts up a gear on iron ore even as prices slide ,* Production now at record annual run rate of 173 mln tonnes,topStory
BLK,BlackRock Inc,20111019,BlackRock irks rivals in push against riskier ETFs ,WASHINGTON/NEW YORK BlackRock  the world's largest money manager  called for regulators to flag riskier exchange-traded funds  a move being met with fierce opposition by rivals who dominate that niche.,topStory
BLK,BlackRock Inc,20111019,BlackRock CEO says investors confused  fearful ,BlackRock Inc  Chief Executive Laurence Fink offered a sour outlook for investors on Wednesday  blaming recent market turmoil on inconsistent and poorly planned government actions in Europe.,normal
BLK,BlackRock Inc,20111019,UPDATE 4-BlackRock CEO says investors confused  fearful ,Oct 19 BlackRock Inc Chief Executive Laurence Fink offered a sour outlook for investors on Wednesday  blaming recent market turmoil on inconsistent and poorly planned government actions in Europe.,normal
BLK,BlackRock Inc,20111019,U.S. SEC conducting sweeping regulatory review of ETFs ,* BlackRock calls for better ETF disclosures for investors,normal
BA,Boeing Company (The),20111019,Boeing sees more 787 cancellations  still upbeat ,SEOUL/BEIJING Boeing Co  stands to lose more orders for its 787 Dreamliner as airlines balk at delayed delivery dates  but the order book remains firm and demand for the fuel-efficient plane is likely to pick up  a Boeing executive said on Tuesday.,topStory
BA,Boeing Company (The),20111019,Hainan Airlines says no change to Boeing order ,HONG KONG  Oct 19 Hainan Airlines Co Ltd    China's fourth-largest carrier  said on Wednesday that it will stick to its aircraft order with Boeing Co   despite a growing number of cancelled or changed orders within the industry.,normal
BA,Boeing Company (The),20111019,UPDATE 1-Air NZ being compensated by Boeing on 787 delays ,WELLINGTON  Oct 19 Air New Zealand has been compensated for delays in receiving its Boeing 787 Dreamliner planes and is in talks for more  while it will also spend up to $270 million to upgrade its domestic fleet  the airline said on Wednesday.,normal
BA,Boeing Company (The),20111019,Air NZ says to buy up to 12 planes from Aerospatiale ,WELLINGTON  Oct 19 New Zealand's national carrier is planning to buy up to 12 planes at a cost of up to $270 million for its domestic fleet  the airline said on Wednesday.,normal
BP,BP plc,20111019,U.S. solar panel makers seek duties against China ,WASHINGTON American solar panel makers asked the U.S. government on Wednesday to impose stiff duties on Chinese-made solar energy products that they said unfairly undercut prices and destroy thousands of American jobs.,topStory
BP,BP plc,20111019,UPDATE 1-BP delays Skarv field start-up to late in Q1 2012 ,* Original plan was for Skarv to start producing in Aug 2011,normal
BP,BP plc,20111019,BP delays Skarv field start-up to late-Q1 2012 ,OSLO  Oct 19 Oil major BP said on Wednesday it has delayed the start-up of production from its Skarv oil and gas field off Norway until the late first quarter of 2012  scrapping a previous timetable for production late in the fourth quarter of 2011.,normal
CCJ,Cameco Corporation,20111019,Rio tops Cameco in Canadian uranium bid ,TORONTO Rio Tinto   entered the battle for Hathor Exploration  on Wednesday with a C$578 million ($572 million) friendly takeover offer for the Canadian uranium explorer that tops Cameco Corp's  hostile bid.,topStory
CCJ,Cameco Corporation,20111019,UPDATE 3-Rio tops Cameco in Canadian uranium bid ,TORONTO  Oct 19 Rio Tinto   entered the battle for Hathor Exploration on Wednesday with a C$578 million ($572 million) friendly takeover offer for the Canadian uranium explorer that tops Cameco Corp's  hostile bid.,normal
CAT,Caterpillar Inc,20111019,EU clears Caterpillar buy of 3i's engine maker MWM ,BRUSSELS  Oct 19 U.S. equipment maker Caterpillar gained unconditional EU clearance on Wednesday to acquire German gas and diesel powered generator maker MWM Holding.,topStory
CX,Cemex SAB de CV,20111019,UPDATE 2-Mexico's Cemex prepays more debt  Q3 results eyed ,Oct 19 Mexico's Cemex    which is struggling with a heavy debt load and a drop in demand for cement  said on Wednesday that it prepaid $131 million in debt.,topStory
CVX,Chevron Corporation,20111019,UPDATE 1-Chevron's capital spending will rise in 2012-CEO ,* Chevron budgeted $26 bln in capital expenditure for 2011,topStory
CEA,China Eastern Airlines Corporation Ltd,20111019,Boeing sees more 787 cancellations  still upbeat ,SEOUL/BEIJING Boeing Co  stands to lose more orders for its 787 Dreamliner as airlines balk at delayed delivery dates  but the order book remains firm and demand for the fuel-efficient plane is likely to pick up  a Boeing executive said on Tuesday.,topStory
CHU,China Unicom (Hong Kong) Ltd,20111019,China Unicom says total subscribers rose to 189.03 mln in Sept ,HONG KONG  Oct 19 China Unicom    the country's No.2 mobile operator  said on Wednesday that its mobile subscribers totalled 189.03 million in September  up 1.57 percent from a month earlier.,topStory
C,Citigroup Inc,20111019,Citigroup to pay $285 million to settle fraud case ,Citigroup Inc will pay $285 million to settle charges that it defrauded investors who bought toxic housing-related debt that the bank bet would fail  the U.S. Securities and Exchange Commission said on Wednesday.,topStory
C,Citigroup Inc,20111019,Analysis: SEC and Rakoff to reunite in Citi CDO case ,Through a random selection process  the Securities and Exchange Commission's $285 million settlement with Citigroup Inc over a collateralized debt obligation was assigned to U.S. District Court Judge Jed Rakoff  who will decide whether or not to approve the deal.,normal
C,Citigroup Inc,20111019,UPDATE 2-Citigroup to pay $285 mln in CDO civil fraud case ,Oct 19 Citigroup Inc will pay $285 million to settle charges that it defrauded investors who bought toxic housing-related debt that the bank bet would fail  the U.S. Securities and Exchange Commission said on Wednesday.,normal
C,Citigroup Inc,20111019,Citigroup wins in workers' 401(k) stock drop appeal ,Citigroup Inc is not liable to thousands of workers who said it should not have offered bank stock in its retirement plans because it knew its subprime mortgage exposure made that stock a bad investment  a federal appeals court said.,normal
C,Citigroup Inc,20111019,UPDATE 3-Citigroup wins in workers' 401(k) stock drop appeal ,* Workers claimed Citigroup hid subprime mortgage exposure,normal
C,Citigroup Inc,20111019,Citi to pay $285 mln to settle CDO case-U.S. SEC ,Oct 19 Citigroup Inc will pay $285 million to settle charges that its U.S. broker-dealer unit misled investors about a $1 billion mortgage bond deal  the U.S. Securities and Exchange Commission said on Wednesday.,normal
C,Citigroup Inc,20111019,UPDATE 1-Kingdom Holding Q3 profit jumps ,* Attributes rise to increased investment  dividend income,normal
KO,Coca-Cola Company (The),20111019,PREVIEW-Mexico's Coca-Cola FEMSA Q3 net seen up 25 pct ,* WHAT: Coca-Cola FEMSA third-quarter results      * WHEN: Thursday Oct 27      * REUTERS FORECAST: Net profit seen up near 25 pct      MONTERREY  Mexico  Oct 19 Mexico's Coca-Cola FEMSA (KOF)  Latin America's biggest bottler  is expected to post a near 25 percent jump in third-quarter net earnings driven by strong sales that helped offset higher costs.      A Reuters survey among five analysts showed KOF earned  on average  2.652 billion pesos ($191 million) in the July to September,topStory
CMA,Comerica Incorporated,20111019,WRAPUP 3-U.S. regional banks get boost from business loans ,Oct 19 US Bancorp and PNC Financial Services Group Inc reported better-than-expected third-quarter earnings as the regional banks made more loans to business customers.,topStory
CMA,Comerica Incorporated,20111019,UPDATE 2-Comerica Q3 beats  but faces margin pressure ,Oct 19 U.S. regional bank Comerica Inc  posted higher third-quarter profit  helped by lower credit costs and the acquisition of smaller Texas peer Sterling Bancshares  but forecast its net interest margin could dip this quarter.,normal
CMC,Commercial Metals Company,20111019,Icahn puts slate up for Commercial Metals board ,Billionaire Carl Icahn on Wednesday nominated three directors to the board of steel maker and recycler Commercial Metals Corp. ,topStory
CMC,Commercial Metals Company,20111019,UPDATE 2-Icahn puts slate up for Commercial Metals board ,Oct 19 Billionaire Carl Icahn on Wednesday nominated three directors to the board of steel maker and recycler Commercial Metals Corp.,normal
COP,ConocoPhillips,20111019,Conoco reports units restart at Sweeny  TX  refinery ,Oct 19 ConocoPhillips reported the restart of several units after a power disruption on Tuesday at its 247 000 barrel-per-day (bpd) refinery in Sweeny  Texas  according to a filing with the U.S. National Response Center on Wednesday.,topStory
COP,ConocoPhillips,20111019,RPT-Japan  US to start trial production of 'flammable ice' -media ,TOKYO  Oct 19 Japan and the United States plan to start joint trial production of methane hydrate in Alaska in January  Japanese media said on Wednesday  as they look for cost-effective ways to tap the frozen gas that is believed to be plentiful deep under water.,normal
GLW,Corning Incorporated,20111019,CORRECTED-Asahi Glass  Nippon Electric  Schott hit with EU antitrust fine ,BRUSSELS  Oct 19 Japan's Asahi Glass  and Nippon Electric   and Germany's Schott AG were fined a total 128.74 million euros by EU antitrust regulators on Wednesday for fixing prices of cathode ray tubes glass used in televisions and computer screens.,topStory
DB,Deutsche Bank AG,20111019,EU raids banks in lending rates probe ,BRUSSELS/FRANKFURT The European Commission has raided banks  including Deutsche Bank  in a probe into suspected fixing of interbank lending benchmark Euribor  the third major investigation of the finance sector by the EU's powerful executive this year.,topStory
DB,Deutsche Bank AG,20111019,UPDATE 3-EU raids banks in lending rates probe ,* European Commission raids banks with links to euro loans rate,normal
DB,Deutsche Bank AG,20111019,European shares extend gains as banks rally ,PARIS  Oct 19 European stocks extended their gains on Wednesday  as banking stocks rallied on revived hopes of a plan to boost the euro zone's rescue fund to tackle the sovereign debt crisis.,normal
DB,Deutsche Bank AG,20111019,Deutsche Bank included in Euribor raids: source ,FRANKFURT Deutsche Bank's London offices were among those raided as part of a European Commission probe into financial derivative products linked to Euribor  a person familiar with the matter said on Wednesday.,normal
DB,Deutsche Bank AG,20111019,Deutsche Bank included in Euribor raids: source ,FRANKFURT Deutsche Bank's London offices were among those raided as part of a European Commission probe into financial derivative products linked to Euribor  a person familiar with the matter said on Wednesday.,normal
DEO,Diageo plc,20111019,Britain's FTSE gets debt crisis  earnings fillip ,* Market plumps for optimism after report of bold EU deal,topStory
FDX,FedEx Corporation,20111019,Analysis: UPS  FedEx poised to gain from USPS pain ,United Parcel Service Inc  and FedEx Corp   which have long been undercut by the U.S. Postal Service's low prices for package delivery  could have much to gain as the agency faces a painful restructuring.,topStory
FDX,FedEx Corporation,20111019,UPS  FedEx poised to gain from Postal Service pain ,United Parcel Service Inc  and FedEx Corp   which have long been undercut by the U.S. Postal Service's low prices for package delivery  could have much to gain as the agency faces a painful restructuring.,normal
FNF,Fidelity National Financial Inc,20111019,UPDATE 1-Fidelity National's Q3 profit misses Street ,Oct 19 Fidelity National Financial Inc   the No. 1 U.S. property title insurer  posted a lower-than-expected quarterly profit as it earned lower premiums.,topStory
F,Ford Motor Company,20111019,UAW workers approve Ford labor deal ,DETROIT Hourly workers represented by the United Auto Workers ratified a labor deal with Ford Motor Co on Wednesday  leaving Chrysler as the last U.S. automaker without a finalized contract.,topStory
F,Ford Motor Company,20111019,UPDATE 5-UAW workers approve Ford labor deal ,DETROIT  Oct 19 Hourly workers represented by the United Auto Workers ratified a labor deal with Ford Motor Co on Wednesday  leaving Chrysler as the last U.S. automaker without a finalized contract.,normal
F,Ford Motor Company,20111019,UAW workers approve Ford labor deal ,DETROIT Hourly workers represented by the United Auto Workers ratified a labor deal with Ford Motor Co on Wednesday  leaving Chrysler as the last U.S. automaker without a finalized contract.,normal
F,Ford Motor Company,20111019,UAW hourly workers ratify Ford labor deal ,Hourly workers represented by the United Auto Workers ratified a proposed labor deal with Ford Motor Co  the union said on Wednesday.,normal
F,Ford Motor Company,20111019,UPDATE 1-UAW hourly workers ratify Ford labor deal ,Oct 19 Hourly workers represented by the United Auto Workers ratified a proposed labor deal with Ford Motor Co   the union said on Wednesday.,normal
FCX,Freeport-McMoran Inc,20111019,RPT-Freeport's cosy Indonesia govt ties not helping end strike ,JAKARTA  Oct 19 When Freeport renewed its contract for one of the world's biggest copper and gold mines  some of Indonesia's top officials were on hand at the celebration  cheerfully applauding the CEO's impersonation of Elvis Presley.,topStory
FCX,Freeport-McMoran Inc,20111019,Strike hurts miner Freeport's profit  outlook ,Freeport-McMoRan Copper & Gold Inc's  quarterly profit beat Wall Street estimates as weak copper prices were offset by soaring gold  but it cut its sales forecasts for next year  citing an uncertain global economic outlook.,normal
FCX,Freeport-McMoran Inc,20111019,UPDATE 6-Strike hurts miner Freeport's profit  outlook ,Oct 19 Freeport-McMoRan Copper & Gold Inc's quarterly profit beat Wall Street estimates as weak copper prices were offset by soaring gold  but it cut its sales forecasts for next year  citing an uncertain global economic outlook.,normal
FCX,Freeport-McMoran Inc,20111019,METALS-Copper extends losses late after Fed comments ,* Copper falls more after Fed sees dimming econ prospects     * Sentiment hit by Spanish ratings downgrade     * Mine strikes in Indonesia  Peru hit copper supply     * Coming up: U.S. weekly jobless claims on Thursday      By Chris Kelly     NEW YORK  Oct 19 Copper extended losses to nearly 4 percent in late trade on Wednesday  tracking a negative turn in equities  after the U.S. Federal Reserve said in its Beige Book survey that economic prospects appeared to be dimming.     "Overa,normal
FCX,Freeport-McMoran Inc,20111019,UPDATE 4-Strike hurts miner Freeport's Q3 profit  outlook ,Oct 19 Freeport-McMoRan Copper & Gold Inc posted better-than-expected quarterly profit on Wednesday as weak copper prices were offset by soaring gold and it was able to hold down mining costs,normal
FCX,Freeport-McMoran Inc,20111019,Firm copper fundamentals drive strategy -Freeport ,NEW YORK  Oct 19 Freeport-McMoRan Copper & Gold saw a disconnect between the financial markets' view of copper and the underlying physical markets  which remain strong even as macro-economic fears have mounted  Freeport's CEO said on Wednesday.,normal
FCX,Freeport-McMoran Inc,20111019,UPDATE 1-Freeport's cosy Indonesia govt ties not helping ,JAKARTA  Oct 19 When Freeport renewed its contract for one of the world's biggest copper and gold mines  some of Indonesia's top officials were on hand at the celebration  cheerfully applauding the chief executive's impersonation of Elvis Presley.,normal
FCX,Freeport-McMoran Inc,20111019,UPDATE 1-Freeport hopes mine strikes will end soon ,Oct 19 Freeport-McMoRan Copper & Gold Inc   which has been hit by strikes at two of its biggest mines  in Indonesia and Peru  hopes to soon reach resolutions with workers.,normal
FCX,Freeport-McMoran Inc,20111019,Freeport's cosy Indonesia govt ties not helping end strike ,JAKARTA  Oct 19 When Freeport renewed its contract for one of the world's biggest copper and gold mines  some of Indonesia's top officials were on hand at the celebration  cheerfully applauding the CEO's impersonation of Elvis Presley.,normal
GM,General Motors Company,20111019,UAW workers approve Ford labor deal ,DETROIT Hourly workers represented by the United Auto Workers ratified a labor deal with Ford Motor Co on Wednesday  leaving Chrysler as the last U.S. automaker without a finalized contract.,topStory
GM,General Motors Company,20111019,UPDATE 5-UAW workers approve Ford labor deal ,DETROIT  Oct 19 Hourly workers represented by the United Auto Workers ratified a labor deal with Ford Motor Co on Wednesday  leaving Chrysler as the last U.S. automaker without a finalized contract.,normal
GS,Goldman Sachs Group Inc (The),20111019,UPDATE 1-Goldman sets up $2 bln Islamic bond programme ,DUBAI  Oct 19 Goldman Sachs has registered a $2 billion Islamic bond programme  providing further evidence of conventional borrowers looking to sharia-complaint funding sources as market volatility makes raising debt finance more difficult.,topStory
GS,Goldman Sachs Group Inc (The),20111019,Goldman Sachs registers $2 bln sukuk programme - IFR ,DUBAI  Oct 19 Goldman Sachs has registered a $2 billion Islamic bond programme with the Irish Stock Exchange through its Cayman Islands special purpose vehicle Global Sukuk Company Limited  according to International Financing Review (IFR).,normal
GS,Goldman Sachs Group Inc (The),20111019,Nomura set to buy GE Capital unit in China: report ,TOKYO Nomura Holdings   Japan's biggest brokerage  is set to buy a China unit of GE Capital that will help it expand into Asia's largest economy  the Wall Street journal reported.,normal
GS,Goldman Sachs Group Inc (The),20111019,CORRECTED-Nomura set to buy GE Capital unit in China -WSJ ,TOKYO  Oct 19 Nomura Holdings   Japan's biggest brokerage  is set to buy a China unit of GE Capital that will help it expand into Asia's largest economy  the Wall Street journal reported.,normal
GHL,Greenhill & Co Inc,20111019,UPDATE 3-Volatile mkt fails to dent Greenhill Q3 ,* To use funds from Iridium stake sale to buy back shares,topStory
HRS,Harris Corporation,20111019,Rapper T.I. turns novelist with "Power & Beauty" ,NEW YORK It's been a whirlwind month  to say the least  for rapper T.I.,topStory
HSBC,HSBC Holdings plc,20111019,New Issue-EDC sells $1 bln in notes ,Oct 19 Export Development Canada on Wednesday sold $1 billion of global notes  said IFR  a Thomson Reuters service.      BNP Paribas  HSBC  JP Morgan  and RBC were the joint bookrunning managers for the sale. BORROWER: EXPORT DEVELOPMENT CANADA AMT $1 BLN        COUPON 1.25 PCT     MATURITY  10/26/2016 TYPE NTS          ISS PRICE 99.696    FIRST PAY  4/26/2012 MOODY'S Aaa       YIELD 1.313 PCT     SETTLEMENT 10/26/2011 S&P TRIPLE-A      SPREAD 26.9 BPS     PAY FREQ SEMI-ANNUAL FITCH ,topStory
HSEA,HSBC Holdings plc,20111019,New Issue-EDC sells $1 bln in notes ,Oct 19 Export Development Canada on Wednesday sold $1 billion of global notes  said IFR  a Thomson Reuters service.      BNP Paribas  HSBC  JP Morgan  and RBC were the joint bookrunning managers for the sale. BORROWER: EXPORT DEVELOPMENT CANADA AMT $1 BLN        COUPON 1.25 PCT     MATURITY  10/26/2016 TYPE NTS          ISS PRICE 99.696    FIRST PAY  4/26/2012 MOODY'S Aaa       YIELD 1.313 PCT     SETTLEMENT 10/26/2011 S&P TRIPLE-A      SPREAD 26.9 BPS     PAY FREQ SEMI-ANNUAL FITCH ,topStory
HSEB,HSBC Holdings plc,20111019,New Issue-EDC sells $1 bln in notes ,Oct 19 Export Development Canada on Wednesday sold $1 billion of global notes  said IFR  a Thomson Reuters service.      BNP Paribas  HSBC  JP Morgan  and RBC were the joint bookrunning managers for the sale. BORROWER: EXPORT DEVELOPMENT CANADA AMT $1 BLN        COUPON 1.25 PCT     MATURITY  10/26/2016 TYPE NTS          ISS PRICE 99.696    FIRST PAY  4/26/2012 MOODY'S Aaa       YIELD 1.313 PCT     SETTLEMENT 10/26/2011 S&P TRIPLE-A      SPREAD 26.9 BPS     PAY FREQ SEMI-ANNUAL FITCH ,topStory
JPM,J P Morgan Chase & Co,20111019,Top banks accused of colluding on ATM fees ,A New Jersey man sued Bank of America  JPMorgan Chase and Wells Fargo on Wednesday on behalf of ATM users  accusing the banks of colluding to fix the fees they charge customers to withdraw money.,topStory
JPM,J P Morgan Chase & Co,20111019,UPDATE 2-M.Stanley outshines rivals with higher commods risk ,* "Strong results" from commodities despite Q3 volatility     * Bank's Q3 commodities risk up 10 pct from Q2      By Barani Krishnan     NEW YORK  Oct 19 Morgan Stanley  generated higher revenue from commodities in the third quarter as it piled on more trading risks than rival Wall Street banks as oil  metals and grains prices swung wildly.     Morgan Stanley's Value at Risk (VaR) for commodities averaged $32 million per day in the third quarter versus $29 million in the second quart,normal
JPM,J P Morgan Chase & Co,20111019,New Issue-EDC sells $1 bln in notes ,Oct 19 Export Development Canada on Wednesday sold $1 billion of global notes  said IFR  a Thomson Reuters service.      BNP Paribas  HSBC  JP Morgan  and RBC were the joint bookrunning managers for the sale. BORROWER: EXPORT DEVELOPMENT CANADA AMT $1 BLN        COUPON 1.25 PCT     MATURITY  10/26/2016 TYPE NTS          ISS PRICE 99.696    FIRST PAY  4/26/2012 MOODY'S Aaa       YIELD 1.313 PCT     SETTLEMENT 10/26/2011 S&P TRIPLE-A      SPREAD 26.9 BPS     PAY FREQ SEMI-ANNUAL FITCH ,normal
JPM,J P Morgan Chase & Co,20111019,RLPC-Bidders eye second round for Tokheim ,LONDON  Oct 19 A handful of buyers are still in the running to buy petrol station equipment provider Tokheim from European private equity firm Cognetas for around 400 million euros ($550 million)  including buyout firms PAI Partners and Rhone Capital  bankers close to the deal said.,normal
KBH,KB Home,20111019,Homebuilder stocks rise on strong NAHB numbers ,U.S. homebuilder stocks including KB Home  Pulte Group Inc and Lennar rose on Tuesday  helped by strong homebuilder sentiment data  signaling a recovery in the housing market.,topStory
KMI,Kinder Morgan Inc,20111019,BRIEF-Moody's places on review for downgrade certificates issued by Corporate Backed Trust Certificates  Kinder Morgan  Inc. ,Oct 19 Corporate Backed Trust Certificates  Kinder Morgan  Inc. Debenture Backed Series 2002-6:,topStory
KMI,Kinder Morgan Inc,20111019,Kinder Morgan says half jv pipeline committed ,Oct 19 Kinder Morgan said shippers had committed to about 50 000 barrels per day of its 110 000 bpd capacity for the Parkway Pipeline  its new joint venture oil products pipeline with Valero Energy Corp.,normal
KMI,Kinder Morgan Inc,20111019,Kinder Morgan says Q3 refined products flow is down ,Oct 19 Kinder Morgan said its refined products pipeline flow through its U.S. system was down 0.4 percent for the third quarter but above the average flow rate for the country of 2 percent as calculated by the U.S. government.,normal
MTB,M&T Bank Corporation,20111019,Regional banks get boost from business loans ,US Bancorp  and PNC Financial Services Group Inc  reported better-than-expected third-quarter earnings as the regional banks made more loans to business customers.,topStory
MTB,M&T Bank Corporation,20111019,WRAPUP 3-U.S. regional banks get boost from business loans ,Oct 19 US Bancorp and PNC Financial Services Group Inc reported better-than-expected third-quarter earnings as the regional banks made more loans to business customers.,normal
MTB,M&T Bank Corporation,20111019,UPDATE 1-M&T Bank's Q3 profit misses Street  shares drop ,Oct 19 M&T Bank Corp reported a quarterly profit that widely missed Wall Street expectations  hurt by a jump in non-interest expenses  sending its shares down as much as 8 percent on Wednesday morning.,normal
MMI,Marcus & Millichap Inc,20111019,UPDATE 3-Samsung  Google unveil phone for revamped Android ,* Samsung launches Google's first Ice Cream Sandwich phone,topStory
MA,Mastercard Incorporated,20111019,Top banks accused of colluding on ATM fees ,A New Jersey man sued Bank of America  JPMorgan Chase and Wells Fargo on Wednesday on behalf of ATM users  accusing the banks of colluding to fix the fees they charge customers to withdraw money.,topStory
MET,MetLife Inc,20111019,Travelers adds to insurers' asbestos woes ,* AIG  Hartford  MetLife all seeing asbestos problems too,topStory
MON,Monsanto Company,20111019,UPDATE 3-DuPont suit claims Monsanto infringed corn patent ,Oct 18 DuPont's Pioneer seed unit has sued Monsanto Co   claiming its archrival infringed on patents that help genetically modified corn seeds germinate.,topStory
MCO,Moody&#39;s Corporation,20111019,BRIEF-Moody's affirms RLI's ratings  outlook stable ,Oct 19 RLI: * Moody's affirms RLI's ratings  outlook stable ,topStory
MCO,Moody&#39;s Corporation,20111019,BRIEF-Moody's assigns first time Aa2.mx rating to IDEAL debt ,Oct 19 IDEAL: * Moody's assigns first time Aa2.mx rating to IDEAL debt ,normal
MCO,Moody&#39;s Corporation,20111019,New Issue-EDC sells $1 bln in notes ,Oct 19 Export Development Canada on Wednesday sold $1 billion of global notes  said IFR  a Thomson Reuters service.      BNP Paribas  HSBC  JP Morgan  and RBC were the joint bookrunning managers for the sale. BORROWER: EXPORT DEVELOPMENT CANADA AMT $1 BLN        COUPON 1.25 PCT     MATURITY  10/26/2016 TYPE NTS          ISS PRICE 99.696    FIRST PAY  4/26/2012 MOODY'S Aaa       YIELD 1.313 PCT     SETTLEMENT 10/26/2011 S&P TRIPLE-A      SPREAD 26.9 BPS     PAY FREQ SEMI-ANNUAL FITCH ,normal
MCO,Moody&#39;s Corporation,20111019,New Issue-IBRD prices $4.0 bln 2013 bond ,Borrower                International Bank For Reconstruction And Development,normal
MCO,Moody&#39;s Corporation,20111019,NYMEX-U.S. crude higher ahead of inventory data ,* Moody's cuts Spain credit rating  limits oil price rise     * U.S. crude stocks fell last week - API     * Coming up: EIA oil data  10:30 a.m. EDT Wednesday     NEW YORK  Oct 19 U.S. crude futures edged up in choppy trading on Wednesday ahead of a government report on weekly oil inventories even as a credit rating downgrade of Spain kept the threat to to oil demand from the euro-zone debt crisis in focus.     Crude futures were supported by data released Wednesday showing U.S. Sept,normal
MCO,Moody&#39;s Corporation,20111019,EURO GOVT-Spanish  Italian CDS prices fall ,LONDON  Oct 19 The cost of insuring against a default by Spain and Italy fell on Wednesday as reports France and Germany had agreed a five-fold increase in the firepower of the region's rescue fund eased safe haven demand  outweighing the impact of a new Spanish credit rating downgrade.,normal
MCO,Moody&#39;s Corporation,20111019,FOREX-Euro gains  Korea-Japan swap deal cheers mkt ,TOKYO  Oct 19 The euro rose on Wednesday as short covering and buying by macro funds kicked in following a steep fall in the dollar versus some Asian currencies after Japan and South Korea agreed to bolster their currency swap arrangements in a bid to help ease market tension.,normal
MCO,Moody&#39;s Corporation,20111019,FOREX-Euro inches down after Moody's cuts Spain ,TOKYO  Oct 19 The euro inched lower on Wednesday after Moody's cut Spain's government debt rating by two notches  giving up some gains made on a report that France and Germany have reached a deal to bolster the euro zone's bailout fund.,normal
MCO,Moody&#39;s Corporation,20111019,BRIEF-Moody's reviews Sun Life Financial's US subsidiary for downgrade; outlook on Canadian ratings to negative ,* Moody's reviews Sun Life Financial's US subsidiary for downgrade; outlook on Canadian ratings to negative.,normal
MS,Morgan Stanley,20111019,Morgan Stanley profit surprises amid market stress ,Morgan Stanley  posted a surprisingly strong profit during a rough-and-tumble third quarter for Wall Street  helped by a large accounting gain and an increase in stock-trading revenue. | Video ,topStory
MS,Morgan Stanley,20111019,UPDATE 5-Morgan Stanley profit surprises amid market stress ,Oct 19 Morgan Stanley posted a surprisingly strong profit during a rough-and-tumble third quarter for Wall Street  helped by a large accounting gain and an increase in stock-trading revenue.,normal
MS,Morgan Stanley,20111019,M.Stanley outshines rivals with higher commods risk ,NEW YORK Morgan Stanley  generated higher revenue from commodities in the third quarter as it piled on more trading risks than rival Wall Street banks as oil  metals and grains prices swung wildly.,normal
MS,Morgan Stanley,20111019,UPDATE 2-M.Stanley outshines rivals with higher commods risk ,* "Strong results" from commodities despite Q3 volatility     * Bank's Q3 commodities risk up 10 pct from Q2      By Barani Krishnan     NEW YORK  Oct 19 Morgan Stanley  generated higher revenue from commodities in the third quarter as it piled on more trading risks than rival Wall Street banks as oil  metals and grains prices swung wildly.     Morgan Stanley's Value at Risk (VaR) for commodities averaged $32 million per day in the third quarter versus $29 million in the second quart,normal
MS,Morgan Stanley,20111019,US STOCKS-S&P flat  Nasdaq falls as Apple weighs ,NEW YORK  Oct 19 The Nasdaq fell on Wednesday  weighed down by technology heavyweight Apple's profit miss  but gains in chipmaker Intel and insurer Travelers kept the S&P near the unchanged mark.,normal
MS,Morgan Stanley,20111019,US STOCKS-Intel  Travelers boost Dow  Apple drags Nasdaq ,NEW YORK  Oct 19 The Nasdaq fell on Wednesday  a day after a profit miss from technology heavyweight Apple  but gains in chipmaker Intel and insurer Travelers pushed the Dow and S&P 500 higher.,normal
MS,Morgan Stanley,20111019,Morgan Stanley brokerage unit profit soars ,Morgan Stanley  on Wednesday said third-quarter earnings from retail brokerage and wealth management soared  powered by higher commissions  fees and record in-flows of new client assets. | Video ,normal
MS,Morgan Stanley,20111019,Morgan Stanley brokerage unit profit soars ,* Net revenue from brokerage unit up 5 pct vs year-earlier,normal
MS,Morgan Stanley,20111019,Morgan Stanley Q3 commods trading revenue  risk up ,NEW YORK  Oct 19 Morgan Stanley said its commodities trading risk rose in the third quarter as the Wall Street investment house saw strong sales and revenues from the sector.     Value at Risk for commodities averaged $32 million per day in the third quarter versus $29 million in the second quarter and $30 million in the third quarter of 2010  Morgan Stanley said in quarterly results issued on Wednesday.,normal
MS,Morgan Stanley,20111019,US STOCKS-Apple earnings miss drags on Nasdaq futures ,* Futures: Dow up 8 pts  S&P off 3.7 pts  Nasdaq off 19.5,normal
NMR,Nomura Holdings Inc ADR,20111019,Nomura set to buy GE Capital unit in China: source ,TOKYO Nomura Holdings  is set to buy a China unit of GE Capital  in a deal allowing Japan's largest brokerage to expand deeper into the Chinese financial market.,topStory
NMR,Nomura Holdings Inc ADR,20111019,UPDATE 2-Nomura set to buy GE Capital unit in China -source ,* Would seek to convert to a bank  offer yuan products-source,normal
NMR,Nomura Holdings Inc ADR,20111019,Nomura set to buy China unit of GE Capital: source ,TOKYO Nomura Holdings   Japan's biggest brokerage  is set to buy a China unit of GE Capital that will help it expand into Asia's largest economy  a source familiar with the matter said.,normal
NMR,Nomura Holdings Inc ADR,20111019,Nomura set to buy GE Capital unit in China: report ,TOKYO Nomura Holdings   Japan's biggest brokerage  is set to buy a China unit of GE Capital that will help it expand into Asia's largest economy  the Wall Street journal reported.,normal
NMR,Nomura Holdings Inc ADR,20111019,CORRECTED-Nomura set to buy GE Capital unit in China -WSJ ,TOKYO  Oct 19 Nomura Holdings   Japan's biggest brokerage  is set to buy a China unit of GE Capital that will help it expand into Asia's largest economy  the Wall Street journal reported.,normal
NMR,Nomura Holdings Inc ADR,20111019,Nomura set to buy China unit of GE Capital: source ,TOKYO Nomura Holdings   Japan's biggest brokerage  is set to buy a China unit of GE Capital that will help it expand into Asia's largest economy  a source familiar with the matter said.,normal
NMR,Nomura Holdings Inc ADR,20111019,Nomura set to buy China unit of GE Capital -source ,TOKYO  Oct 19 Nomura Holdings   Japan's biggest brokerage  is set to buy a China unit of GE Capital that will help it expand into Asia's largest economy  a source familiar with the matter said.,normal
NMR,Nomura Holdings Inc ADR,20111019,Nomura set to buy GE Capital unit in China: report ,TOKYO Nomura Holdings   Japan's biggest brokerage  is set to buy a China unit of GE Capital that will help it expand into Asia's largest economy  the Wall Street journal reported.,normal
BTU,Peabody Energy Corporation,20111019,Peabody extends offer for Australia's Macarthur to Nov 11 ,SYDNEY  Oct 20 Peabody Energy and ArcelorMittal have  extended their A$4.9 billion ($5.1 billion) takeover offer for Australia's Macarthur Coal  until Nov 11  the companies said on Thursday.,topStory
PNC,PNC Financial Services Group Inc (The),20111019,Regional banks get boost from business loans ,US Bancorp  and PNC Financial Services Group Inc  reported better-than-expected third-quarter earnings as the regional banks made more loans to business customers.,topStory
PNC,PNC Financial Services Group Inc (The),20111019,WRAPUP 3-U.S. regional banks get boost from business loans ,Oct 19 US Bancorp and PNC Financial Services Group Inc reported better-than-expected third-quarter earnings as the regional banks made more loans to business customers.,normal
PNC,PNC Financial Services Group Inc (The),20111019,PNC Financial reports lower quarterly net income ,PNC Financial Services Group Inc's  third-quarter profit beat analyst estimates  despite falling as the regional bank earned less loan interest income.,normal
PNC,PNC Financial Services Group Inc (The),20111019,UPDATE 2-PNC Financial reports lower quarterly net income ,Oct 19 PNC Financial Services Group Inc's third-quarter profit beat analyst estimates  despite falling as the regional bank earned less loan interest income.,normal
POL,PolyOne Corporation,20111019,BRIEF-Moody's rates PolyOne's term loan Ba1 ,Oct 19 PolyOne: * Moody's rates PolyOne's term loan Ba1 ,topStory
PKX,POSCO,20111019,Asian steelmakers' profits seen down; demand to stay weak ,SHANGHAI Asian steelmakers are expected to post a fall in July-September profits as ebbing demand and high raw material costs squeeze margins  while euro zone debt woes and an uncertain economy dampen prospects for the current quarter.,topStory
PHM,PulteGroup Inc,20111019,Homebuilder stocks rise on strong NAHB numbers ,U.S. homebuilder stocks including KB Home  Pulte Group Inc and Lennar rose on Tuesday  helped by strong homebuilder sentiment data  signaling a recovery in the housing market.,topStory
RJF,Raymond James Financial Inc,20111019,UPDATE 2-Raymond James profit flat  market volatility weighs ,Oct 19 Regional U.S. brokerage Raymond James Financial Inc reported fiscal fourth-quarter net income that was roughly flat from a year earlier as market volatility weighed on its capital markets segment.,topStory
RJF,Raymond James Financial Inc,20111019,Raymond James profit flat in fourth quarter ,Oct 19 Regional U.S. brokerage Raymond James Financial Inc said on Wednesday its fiscal fourth-quarter net income was roughly flat from the prior year  citing a challenging environment for its capital markets segment.,normal
RTN,Raytheon Company,20111019,CORRECTED - Pentagon review board cites flaw on Raytheon warhead ,WASHINGTON  Oct 17 An advanced guidance system on a Raytheon Co warhead failed during a December intercept test of the U.S. ground-based missile defense system because of a design flaw that could be detected only in outer space  the Pentagon's Missile Defense Agency said Monday.,topStory
RIO,Rio Tinto Plc,20111019,Rio tops Cameco in Canadian uranium bid ,TORONTO Rio Tinto   entered the battle for Hathor Exploration  on Wednesday with a C$578 million ($572 million) friendly takeover offer for the Canadian uranium explorer that tops Cameco Corp's  hostile bid.,topStory
RIO,Rio Tinto Plc,20111019,UPDATE 3-Rio tops Cameco in Canadian uranium bid ,TORONTO  Oct 19 Rio Tinto   entered the battle for Hathor Exploration on Wednesday with a C$578 million ($572 million) friendly takeover offer for the Canadian uranium explorer that tops Cameco Corp's  hostile bid.,normal
SXT,Sensient Technologies Corporation,20111019,UPDATE 1-Sensient Technologies to cut costs at foreign units ,Oct 19 Specialty chemicals company Sensient Technologies Corp plans to cut costs at some of its foreign units to boost profits and expects to take a related $4 million charge in the fourth quarter.,topStory
SNE,Sony Corp Ord,20111019,Sony: to launch PS Vita February 22 in Europe  U.S. ,TOKYO Sony Corp said on Wednesday it would launch its new handheld games device  the PlayStation Vita  on February 22 in the United States and Europe.,topStory
SNE,Sony Corp Ord,20111019,UPDATE 1-Sony: to launch PS Vita Feb. 22 in Europe  US ,* New handheld device more expensive than rival Nintendo product,normal
LUV,Southwest Airlines Company,20111019,Southwest flight diverted over unruly passenger ,LOS ANGELES A Southwest Airlines flight bound for Kansas City from Los Angeles made an emergency landing in Amarillo  Texas on Tuesday after a passenger became unruly  authorities and the airline said.,topStory
STO,Statoil ASA,20111019,UPDATE 1-BP delays Skarv field start-up to late in Q1 2012 ,* Original plan was for Skarv to start producing in Aug 2011,topStory
SF,Stifel Financial Corporation,20111019,UPDATE 3-Intel shares jump on upbeat outlook ,Oct 19 Intel Corp shares rose nearly 4 percent on Wednesday  the day after the chipmaker forecast an upbeat fourth quarter that underscored its strength in emerging markets  and prompted at least seven brokerages to raise their price target on the stock.,topStory
SYK,Stryker Corporation,20111019,UPDATE 3-Stryker 3rd quarter profit tops Street view ,Oct 19  Medical device maker Stryker Corp  reported a slightly better-than-expected third quarter profit on Wednesday  as results were helped by a series of recent acquisitions.,topStory
SLF,Sun Life Financial Inc,20111019,BRIEF-Moody's reviews Sun Life Financial's US subsidiary for downgrade; outlook on Canadian ratings to negative ,* Moody's reviews Sun Life Financial's US subsidiary for downgrade; outlook on Canadian ratings to negative.,topStory
SVU,SuperValu Inc,20111019,Supervalu rings up profit  narrows view ,Supervalu Inc  said it would build fewer Save-A-Lot discount stores than planned because licensees were having difficulty obtaining loans in a weak economy that also prompted the company to temper its full-year earnings and sales forecasts.,topStory
SVU,SuperValu Inc,20111019,UPDATE 4-Supervalu rings up profit  narrows view ,Oct 19 Supervalu Inc said it would build fewer Save-A-Lot discount stores than planned because licensees were having difficulty obtaining loans in a weak economy that also prompted the company to temper its full-year earnings and sales forecasts.,normal
SVU,SuperValu Inc,20111019,CORRECTED - UPDATE 1-Supervalu beats estimates  shares rise ,Oct 19 Supervalu Inc posted higher-than-expected quarterly profit on Wednesday  helped by administrative cost cuts.,normal
TPX,Tempur Sealy International Inc,20111019,UPDATE 2-Select Comfort plans to grow market share; raises profit view ,Oct 19 - Select Comfort Corp posted a better-than-expected profit for the eleventh straight quarter as strong demand and price rises helped margins  and raised its full-year earnings outlook  sending its shares up 9 percent after the bell.,topStory
TDC,Teradata Corporation,20111019,Microgen wins Co-op Bank systems upgrade deal ,LONDON  Oct 19 British software firm Microgen  and U.S.-based partner Teradata Corp have won a contract to improve credit risk systems at Co-operative Banking Group  beating off competition from their bigger U.S. rival Oracle .,topStory
TXT,Textron Inc,20111019,Manufacturers growing more cautious on 2012 ,BOSTON Big manufacturers are growing warier about 2012  with blue-chip United Technologies Corp  already looking for ways to cut costs further ahead of what it expects to be a tougher year.,topStory
TXT,Textron Inc,20111019,WRAPUP 2-U.S. manufacturers growing more cautious on 2012 ,* 2012 looks tougher  earns to rise 10 pct-United Tech CFO,normal
TXT,Textron Inc,20111019,UPDATE 2-Textron posts profit  helped by cost cuts ,Oct 19 Textron Inc's third-quarter profit came in well ahead of Wall Street's expectations  helped by cost-cutting and some recovery in demand for corporate jets.,normal
TXT,Textron Inc,20111019,Textron posts profit  helped by cost cuts ,Textron Inc  reported a third-quarter profit on Wednesday that reversed a prior-year loss  helped by cost-cutting and some recovery in demand for corporate jets.,normal
BX,The Blackstone Group LP,20111019,Blackstone snaps up stake in Germany's Leica Camera ,FRANKFURT  Oct 19 Private equity company Blackstone has bought a 44 percent stake in Germany's Leica Camera   to help the company  maker of the world's first compact camera  to expand abroad.,topStory
BX,The Blackstone Group LP,20111019,UPDATE 1-Costello to join Blackstone in Australia as Chairman ,* Blackstone sees investor interest  opportunity in Australia,normal
TRV,The Travelers Companies Inc,20111019,UPDATE 5-Travelers says pricing strong; to boost buybacks ,Oct 19 Property insurer Travelers Cos  said it is getting stronger pricing across all insurance lines and will sharply increase share repurchases  driving its stock up as much as 7 percent.,topStory
TRV,The Travelers Companies Inc,20111019,US STOCKS-Intel  Travelers boost Dow  Apple drags Nasdaq ,NEW YORK  Oct 19 The Nasdaq fell on Wednesday  a day after a profit miss from technology heavyweight Apple  but gains in chipmaker Intel and insurer Travelers pushed the Dow and S&P 500 higher.,normal
TRP,TransCanada Corporation,20111019,UPDATE 2-Nebraska backs away from Keystone XL route law ,Oct 19 Legislation proposed in Nebraska to force TransCanada Corp to move the route of its $7 billion Keystone XL oil pipeline would not likely hold up in court  so lawmakers should scrap plans for a special session to pass it  the state's top senator said on Wednesday.,topStory
USB,US Bancorp,20111019,Regional banks get boost from business loans ,US Bancorp  and PNC Financial Services Group Inc  reported better-than-expected third-quarter earnings as the regional banks made more loans to business customers.,topStory
USB,US Bancorp,20111019,WRAPUP 3-U.S. regional banks get boost from business loans ,Oct 19 US Bancorp and PNC Financial Services Group Inc reported better-than-expected third-quarter earnings as the regional banks made more loans to business customers.,normal
USB,US Bancorp,20111019,UPDATE 2-US Bancorp Q3 net climbs 40 pct  tops Street view ,Oct 19 US Bancorp's third-quarter net income increased 40 percent  topping Wall Street forecasts  as the regional bank made more money from its core banking business.,normal
UTX,United Technologies Corporation,20111019,Manufacturers growing more cautious on 2012 ,BOSTON Big manufacturers are growing warier about 2012  with blue-chip United Technologies Corp  already looking for ways to cut costs further ahead of what it expects to be a tougher year.,topStory
UTX,United Technologies Corporation,20111019,WRAPUP 2-U.S. manufacturers growing more cautious on 2012 ,* 2012 looks tougher  earns to rise 10 pct-United Tech CFO,normal
UTX,United Technologies Corporation,20111019,UPDATE 1-United Tech profit up 10.5 pct  tops Street view ,Oct 19 Diversified U.S. manufacturer United Technologies Corp posted 10.5 percent quarterly earnings growth and raised its full-year forecast on solid sales across its aerospace and commercial construction units.,normal
UVV,Universal Corporation,20111019,Toby Keith is never one to mince words in songs ,NASHVILLE Toby Keith grew up in Oklahoma where a man's handshake is his word  family is of utmost importance and opinions are welcome.,topStory
UNM,Unum Group,20111019,UPDATE 1-Market Chatter -- Corporate finance press digest ,Oct 19 The following corporate finance-related stories were reported by media on Wednesday:,topStory
UNM,Unum Group,20111019,U.S. firm Unum withdraws from Irish Life bid-report ,DUBLIN  Oct 19 U.S. insurer Unum has left the race to buy Ireland's largest life insurer Irish Life    the Irish Independent reported on Wednesday  without citing any sources.,normal
VLO,Valero Energy Corporation,20111019,Kinder Morgan says half jv pipeline committed ,Oct 19 Kinder Morgan said shippers had committed to about 50 000 barrels per day of its 110 000 bpd capacity for the Parkway Pipeline  its new joint venture oil products pipeline with Valero Energy Corp.,topStory
VLO,Valero Energy Corporation,20111019,Kinder Morgan says Q3 refined products flow is down ,Oct 19 Kinder Morgan said its refined products pipeline flow through its U.S. system was down 0.4 percent for the third quarter but above the average flow rate for the country of 2 percent as calculated by the U.S. government.,normal
V,Visa Inc,20111019,Top banks accused of colluding on ATM fees ,A New Jersey man sued Bank of America  JPMorgan Chase and Wells Fargo on Wednesday on behalf of ATM users  accusing the banks of colluding to fix the fees they charge customers to withdraw money.,topStory
WMT,Wal-Mart Stores Inc,20111019,Five buy-out firms bid for Iceland Foods-sources ,LONDON  Oct 19 At least five private equity firms are set to submit first-round non-binding offers for a 77 percent stake in British frozen food retailer Iceland Foods by Wednesday's deadline  four people familiar with matter said.,topStory
WMT,Wal-Mart Stores Inc,20111019,Wal-Mart had long history of violations in Chongqing: official ,* Heavy penalty due to history of violations: Chongqing spokesman,normal
WFC,Wells Fargo & Company,20111019,Top banks accused of colluding on ATM fees ,A New Jersey man sued Bank of America  JPMorgan Chase and Wells Fargo on Wednesday on behalf of ATM users  accusing the banks of colluding to fix the fees they charge customers to withdraw money.,topStory
WFC,Wells Fargo & Company,20111019,Durbin questions Wells Fargo's debit card fee ,Oct 19  U.S. Sen. Richard Durbin is taking on another big bank  questioning why Wells Fargo & Co is testing a new debit card fee in five states while making record profits.,normal
