AMZN,Amazoncom Inc,20111205,Amazon forest loss at lowest in 23 years: Brazil ,BRASILIA Deforestation in Brazil's Amazon region fell to its lowest in 23 years in the year through July  the government said Monday  attributing the drop to its tougher stance against illegal logging.,topStory
AMGN,Amgen Inc,20111205,FDA: Affymax anemia drug stacks up vs Amgen ,Drug reviewers found Affymax Inc's treatment for anemia in dialysis patients with chronic kidney disease to be as effective as market-leading drugs by Amgen Inc  but cautioned they were not convinced of its safety.,topStory
AMGN,Amgen Inc,20111205,REFILE-UPDATE 2-Affymax anemia drug stacks up vs Amgen-FDA staff ,(Refiles to remove extraneous word before the final paragraph.),normal
AAPL,Apple Inc,20111205,Exclusive: Apple vs. Samsung ruling divulges secret details ,A U.S. court error on Friday offered a brief glimpse at information that Apple Inc and Samsung Electronics have tried to shield from the public during their high-stakes patent litigation.,topStory
AAPL,Apple Inc,20111205,Samsung up after Apple's bid to ban Galaxy rejected ,SEOUL Shares in Samsung Electronics Co Ltd rose more than 2 percent on Monday after Apple Inc's bid to halt U.S. sales of its Galaxy line of products was rejected  easing concern of slowing growth in its telecom business  which generates revenue of $13 billion per quarter.,normal
AAPL,Apple Inc,20111205,RPT-Seoul shares inch up with investors cautious ,(Repeats to add table)	     * Investors tread lightly  eye Europe events     * Samsung gains as U.S court rejects Apple bid to ban Galaxy products     * Banking shares down on profit-taking      By Joonhee Yu	     SEOUL  Dec 5 - Seoul shares closed slightly higher on Monday after last week's rally as investors stayed on cautious footing ahead of key events this week such as a crucial European leader's summit and the European Central Bank's final policy meeting of the year.	     "Investors took a,normal
TAPR,Barclays Inverse US Treasury Composite ETN,20111205,UPDATE 3-Energy E&P spending to reach record high ,* Global E&P spending seen at $598 bln vs $544 bln in 2011,topStory
DLBL,Barclays PLC,20111205,UPDATE 3-Energy E&P spending to reach record high ,* Global E&P spending seen at $598 bln vs $544 bln in 2011,topStory
DTYL,Barclays PLC,20111205,UPDATE 3-Energy E&P spending to reach record high ,* Global E&P spending seen at $598 bln vs $544 bln in 2011,topStory
CME,CME Group Inc,20111205,CME accepts Chinese yuan as collateral for trading futures ,HONG KONG  Dec 5 CME Group Inc  operator of the world's leading energy  grains and precious metals markets  said it will start accepting the Chinese currency traded in the offshore market as collateral on all its exchange-traded futures products.,topStory
CMCSA,Comcast Corporation,20111205,Comcast to start selling Verizon mobile early 2012 ,NEW YORK - NEW YORK Comcast Corp  the largest U.S. cable operator  will start selling Verizon Wireless products in four markets early next year  its top cable executive said on Monday.,topStory
EBAY,eBay Inc,20111205,EBay shares gain on holiday sales optimism ,EBay Inc Inc shares rose more than 4 percent on Monday after an analyst upgraded the e-commerce company  citing strong holiday sales.,topStory
EBAY,eBay Inc,20111205,App helps viewers shop while watching TV ,TORONTO Looking for the dress you saw on a hit television show or the jerseys worn during a football game or soccer match? An iPad app aims to help viewers shop while watching TV.,normal
EBAYL,eBay Inc,20111205,EBay shares gain on holiday sales optimism ,EBay Inc Inc shares rose more than 4 percent on Monday after an analyst upgraded the e-commerce company  citing strong holiday sales.,topStory
EBAYL,eBay Inc,20111205,App helps viewers shop while watching TV ,TORONTO Looking for the dress you saw on a hit television show or the jerseys worn during a football game or soccer match? An iPad app aims to help viewers shop while watching TV.,normal
DTYS,iPath US Treasury 10-year Bear ETN,20111205,UPDATE 3-Energy E&P spending to reach record high ,* Global E&P spending seen at $598 bln vs $544 bln in 2011,topStory
DTUS,iPath US Treasury 2-year Bear ETN,20111205,UPDATE 3-Energy E&P spending to reach record high ,* Global E&P spending seen at $598 bln vs $544 bln in 2011,topStory
DTUL,iPath US Treasury 2-year Bull ETN,20111205,UPDATE 3-Energy E&P spending to reach record high ,* Global E&P spending seen at $598 bln vs $544 bln in 2011,topStory
DFVS,iPath US Treasury 5-year Bear ETN,20111205,UPDATE 3-Energy E&P spending to reach record high ,* Global E&P spending seen at $598 bln vs $544 bln in 2011,topStory
DFVL,iPath US Treasury 5-year Bull ETN,20111205,UPDATE 3-Energy E&P spending to reach record high ,* Global E&P spending seen at $598 bln vs $544 bln in 2011,topStory
FLAT,iPath US Treasury Flattener ETN,20111205,UPDATE 3-Energy E&P spending to reach record high ,* Global E&P spending seen at $598 bln vs $544 bln in 2011,topStory
DLBS,iPath US Treasury Long Bond Bear ETN,20111205,UPDATE 3-Energy E&P spending to reach record high ,* Global E&P spending seen at $598 bln vs $544 bln in 2011,topStory
STPP,iPath US Treasury Steepener ETN,20111205,UPDATE 3-Energy E&P spending to reach record high ,* Global E&P spending seen at $598 bln vs $544 bln in 2011,topStory
NATH,Nathan&#39;s Famous Inc,20111205,UPDATE 1-Nathan's Famous to buy back up to $11 mln of shrs ,Dec 5 Restaurant chain operator Nathan's Famous Inc said it will buy back about 10 percent of its outstanding stock for a maximum price of $11 million.,topStory
NWS,News Corporation,20111205,Australia scraps satellite TV tender in blow to Sky  News Corp. ,CANBERRA  Dec 5 Australia's government on Monday ruled out awarding a contract to broadcast local television into Asia to a consortium including Rupert Murdoch's  part-owned Sky News  deciding the service would stay with the state broadcaster.,topStory
NWSA,News Corporation,20111205,Australia scraps satellite TV tender in blow to Sky  News Corp. ,CANBERRA  Dec 5 Australia's government on Monday ruled out awarding a contract to broadcast local television into Asia to a consortium including Rupert Murdoch's  part-owned Sky News  deciding the service would stay with the state broadcaster.,topStory
RYAAY,Ryanair Holdings plc,20111205,Ryanair November passenger numbers down 8 percent ,DUBLIN  Dec 5 Ryanair  Europe's largest low-cost airline  saw passenger numbers fall 8 percent to 4.68 million in November after it grounded up to 80 aircraft due to higher oil prices.,topStory
MMM,3M Company,20111205,PREVIEW-Caution  not succession  weighs on 3M investors ,Dec 5 With 80 days to go until 3M Co  Chief Executive George Buckley hits the company's mandatory retirement age  investors seem unusually disinterested in the immediate future of the management team.,topStory
ABT,Abbott Laboratories,20111205,Abbott dismisses talk of pharma unit sale ,LONDON Abbott Laboratories  has no intention of selling its soon-to-be-separated pharmaceuticals business to another drugmaker and any potential bidder would struggle to persuade management otherwise  its chief executive said on Monday.,topStory
ABT,Abbott Laboratories,20111205,Abbott dismisses talk of pharma unit sale ,LONDON  Dec 5 Abbott Laboratories  has no intention of selling its soon-to-be-separated pharmaceuticals business to another drugmaker and any potential bidder would struggle to persuade management otherwise  its chief executive said on Monday.,normal
BBVA,Banco Bilbao Viscaya Argentaria SA,20111205,UPDATE 1-Mexico's Bolsa to join wider Latam exchange ,MEXICO CITY  Dec 5 Mexico's Bolsa Mexicana de Valores has agreed to consider a tie-up with other Latin American exchanges  it said on Monday.,topStory
BK,Bank Of New York Mellon Corporation (The),20111205,ON THE MOVE: BNY Mellon Wealth hires former Goldman director ,Dec 5 BNY Mellon Wealth Management has hired a former Goldman Sachs banker to join its ultra high net worth family advisory team in Los Angeles  the firm said on Monday.,topStory
BCS,Barclays PLC,20111205,UPDATE 3-Energy E&P spending to reach record high ,* Global E&P spending seen at $598 bln vs $544 bln in 2011,topStory
BP,BP plc,20111205,BP says Halliburton destroyed Gulf spill evidence ,BP Plc accused Halliburton Co of destroying evidence that the oilfield services company did inadequate cement work on the Gulf of Mexico oil well that blew out last year  and asked a federal judge to punish Halliburton.,topStory
BP,BP plc,20111205,UPDATE 1-BP says Halliburton destroyed Gulf spill evidence ,Dec 5 BP Plc accused Halliburton Co of destroying evidence that the oilfield services company did inadequate cement work on the Gulf of Mexico oil well that blew out last year  and asked a federal judge to punish Halliburton.,normal
BP,BP plc,20111205,BP says Halliburton destroyed Gulf spill evidence ,Dec 5 BP Plc accused Halliburton Co of destroying evidence that the oilfield services company did inadequate cement work on the Gulf of Mexico oil well that blew out last year  and asked a federal judge to punish Halliburton.,normal
BP,BP plc,20111205,UPDATE 2-TNK-BP expands eastern front with Conoco Vietnam bid ,MOSCOW  Dec 5 Russia's TNK-BP  developing a gas project in Vietnam acquired from its major shareholder BP  has also bid for ConocoPhillips  assets in the Asian country  TNK-BP's head of upstream operations Alexander Dodds said on Monday.,normal
BP,BP plc,20111205,Russia's TNK-BP bids for Conoco assets in Vietnam ,MOSCOW Russia's TNK-BP   currently developing a gas project in Vietnam acquired from its major shareholder BP   has also bid for ConocoPhillips  assets in the Asian country  TNK-BP's head of upstream operations Alexander Dodds said on Monday.,normal
BP,BP plc,20111205,TABLE-Russia refinery maintenance to March 2012 ,MOSCOW  Dec 5 Below are listed Russian oil refinery maintenance schedules through March  according to Energy Ministry data and trade sources.  	  Refinery              Company      Unit     Maintenance dates 	  Novoufimsk            Bashneft     CDU-1         27/11-29/12*	  Perm                  LUKOIL       Cat cracker   11/11-10/12                              	                                     Isomerisation 11/10-05/12	  Volgograd             LUKOIL       Hydrotreater  01/12-20,normal
BP,BP plc,20111205,Russia's TNK-BP bids for Conoco assets in Vietnam ,MOSCOW  Dec 5 Russia's TNK-BP  currently developing a gas project in Vietnam acquired from its major shareholder BP  has also bid for ConocoPhillips  assets in the Asian country  TNK-BP's head of upstream operations Alexander Dodds said on Monday.,normal
CVX,Chevron Corporation,20111205,Tiger ends two-year title drought with Chevron win ,THOUSAND OAKS  California Tiger Woods ended a frustrating victory drought of just over two years when he clinched the Chevron World Challenge which he hosts by one shot Sunday  holing a six-foot birdie putt at the last.,topStory
SNP,China Petroleum & Chemical Corporation,20111205,Sinopec Kantons plans $450 mln rights issue for acquisitions ,HONG KONG  Dec 5 Sinopec Kantons Holding Ltd said it plans to raise up to HK$3.5 billion ($450 million) via a rights issue to fund its acquisition of equity interests in five joint ventures from its parent China Petroleum & Chemical Corp (Sinopec) .,topStory
CLF,Cleveland-Cliffs Inc,20111205,UPDATE 2-Cliffs cutting iron ore from one U.S. mine ,Dec 5  U.S. miner Cliffs Natural Resources Inc is cutting production at one of its five iron ore mines by almost 50 percent next year because a steelmaking customer is shutting a blast furnace for maintenance.,topStory
CMC,Commercial Metals Company,20111205,Commercial Metals snubs Icahn's $1.7 billion bid ,Commercial Metals Co  rejected billionaire investor Carl Icahn's $1.73 billion bid to buy out the metals recycler  saying the offer substantially undervalued the company and was "opportunistic.",topStory
CMC,Commercial Metals Company,20111205,UPDATE 3-Commercial Metals snubs Icahn's $1.7 bln bid ,Dec 5 Commercial Metals Co  rejected billionaire investor Carl Icahn's $1.73 billion bid to buy out the metals recycler  saying the offer substantially undervalued the company and was "opportunistic.",normal
COP,ConocoPhillips,20111205,UPDATE 2-TNK-BP expands eastern front with Conoco Vietnam bid ,MOSCOW  Dec 5 Russia's TNK-BP  developing a gas project in Vietnam acquired from its major shareholder BP  has also bid for ConocoPhillips  assets in the Asian country  TNK-BP's head of upstream operations Alexander Dodds said on Monday.,topStory
COP,ConocoPhillips,20111205,Russia's TNK-BP bids for Conoco assets in Vietnam ,MOSCOW Russia's TNK-BP   currently developing a gas project in Vietnam acquired from its major shareholder BP   has also bid for ConocoPhillips  assets in the Asian country  TNK-BP's head of upstream operations Alexander Dodds said on Monday.,normal
COP,ConocoPhillips,20111205,Russia's TNK-BP bids for Conoco assets in Vietnam ,MOSCOW  Dec 5 Russia's TNK-BP  currently developing a gas project in Vietnam acquired from its major shareholder BP  has also bid for ConocoPhillips  assets in the Asian country  TNK-BP's head of upstream operations Alexander Dodds said on Monday.,normal
DB,Deutsche Bank AG,20111205,DIARY-U.S. MEETINGS / DAY AHEAD ,THOMSON REUTERS  Corporate Meetings for US Companies Monday  December 5  2011.	       S&P 500 Earnings - Weekly           S&P 500 Earnings - Day Ahead   	     Non S&P 500 - Weekly               Non S&P 500 - Day Ahead        	     ConferenceCall/Webcast - Weekly    ConferenceCall/Webcast - Day   	     Meetings - Weekly                   S&P 500 Earnings - Monthly     	     Economic Indicators                  Dividends                      	     Daily earnings hits & misses    	     Federal Rese,topStory
DG,Dollar General Corporation,20111205,Dollar General tops views  says November was strong ,Discount retailer Dollar General Corp  raised its full-year adjusted profit forecast on Monday after seeing strong sales growth in its most recent quarter and into November  including the important Thanksgiving week.,topStory
DG,Dollar General Corporation,20111205,UPDATE 2-Dollar General Q3 beats Street  ups FY view ,Dec 5 Discount retailer Dollar General Corp raised its full-year adjusted earnings outlook after posting a quarterly profit above expectations on strong sales of food items going into the key holiday period.,normal
DOV,Dover Corporation,20111205,Dover sees slowing growth; eyes new markets  bigger ,U.S. industrial conglomerate Dover Corp  forecast slower revenue growth for 2012  but higher than market expectations  and said it was eyeing more big-ticket acquisitions and new markets.,topStory
DOV,Dover Corporation,20111205,UPDATE 1-Dover sees slowing growth; eyes new markets  bigger deals ,* Eyeing buys in fluid solutions  product identification  energy segments,normal
DOV,Dover Corporation,20111205,CORRECTED-BRIEF-Dover gives 2012 outlook ,Dec 5 Dover Corp :   * Sees 2012 revenue growth for Printing and Identification segment of about 0-1 percent - SEC filing  * Sees 2012 growth in China  India and Brazil for Engineered Systems of about 23 percent  * Says new product growth will double in 2012 for Engineered Systems.,normal
E,ENI SpA,20111205,EU mergers and takeovers (Dec 5) ,BRUSSELS  Dec 5 The following are mergers under review by the European Commission and a brief guide to the EU merger process:,topStory
ETR,Entergy Corporation,20111205,Entergy exits power transmission in $1.78 billion deal ,Entergy Corp  struck a $1.78 billion deal with ITC Holdings Corp  to exit its power transmission business  which was increasingly getting bogged down by stricter regulatory requirements and expensive infrastructure upgrades.,topStory
ETR,Entergy Corporation,20111205,UPDATE 5-Entergy exits power transmission in $1.78 bln deal ,* Entergy shareholders to get a 50.1 pct stake in ITC Entergy,normal
ETR,Entergy Corporation,20111205,UPDATE 4-Entergy exits power transmission in $1.78 bln deal ,* Entergy shareholders to get a 50.1 pct stake in ITC Entergy,normal
ETR,Entergy Corporation,20111205,MARKET PULSE-US stocks to watch: Affymax  Entergy  L&L ,U.S. FDA staff review Affymax Inc's Peginesatide to treat anemia associated with chronic renal failure in dialysis patients.,normal
EXC,Exelon Corporation,20111205,Factbox: Major U.S. utility deals in 2011 ,Entergy Corp  said on Monday it will spin-off and merge its electric transmission business with ITC Holdings Corp .,topStory
FCX,Freeport-McMoran Inc,20111205,UPDATE 1-Pan Pacific agrees to 12.4 pct rise in 2012 TC/RCs ,* Agrees to $63.5/T  6.35 cents/pound under 2-yr brick contract,topStory
GM,General Motors Company,20111205,Chevy Volt keeps top safety rating  despite fires ,* NHTSA also has no plan to change its "five star" rating,topStory
GM,General Motors Company,20111205,November service sector cools  factory orders fall ,NEW YORK Growth in the U.S. service sector eased last month  and new orders for factory goods fell in October  tempering recent optimism that the U.S. economy may be poised for a more vigorous rebound. | Video ,normal
GM,General Motors Company,20111205,Chinese bank in Saab rescue talks ,AMSTERDAM A Chinese bank is in talks about taking a stake in Saab  in the latest attempt to rescue the crisis-hit Swedish car maker after an earlier deal to secure its future ran into trouble.,normal
GM,General Motors Company,20111205,GM declares Opel strategy a failure: paper ,FRANKFURT General Motors  has declared its strategy for turning around its European carmaking unit Opel a failure  Financial Times Deutschland reported on Monday  citing GM Vice Chairman Steve Girsky.,normal
GM,General Motors Company,20111205,CORRECTED-OFFICIAL-Chinese bank to step in as Saab part owner ,(Corrects references to "Bank of China" in headline and text to "Chinese bank" or "a bank in China"),normal
GM,General Motors Company,20111205,GM declares Opel strategy a failure - paper ,FRANKFURT  Dec 5 General Motors has declared its strategy for turning around its European carmaking unit Opel a failure  Financial Times Deutschland reported on Monday  citing GM Vice Chairman Steve Girsky.,normal
GTY,Getty Realty Corporation,20111205,Getty Petroleum files for Ch 11 reorganization ,Gas station operator Getty Petroleum Marketing Inc filed for Chapter 11 reorganization  barely a week after its landlord Getty Realty Corp threatened to scrap its lease agreement for failing to pay rent.,topStory
GTY,Getty Realty Corporation,20111205,UPDATE 2-Getty Petroleum files for Ch 11 reorganization ,Dec 5 Gas station operator Getty Petroleum Marketing Inc filed for Chapter 11 reorganisation  barely a week after its landlord Getty Realty Corp threatened to scrap its lease agreement for failing to pay rent.,normal
GS,Goldman Sachs Group Inc (The),20111205,ON THE MOVE: BNY Mellon Wealth hires former Goldman director ,Dec 5 BNY Mellon Wealth Management has hired a former Goldman Sachs banker to join its ultra high net worth family advisory team in Los Angeles  the firm said on Monday.,topStory
GS,Goldman Sachs Group Inc (The),20111205,DIARY-U.S. MEETINGS/WEEK AHEAD ,THOMSON REUTERS  December 5  2011 - Corporate Meetings for US companies for Week ahead.	         S&P 500 Earnings - Weekly           S&P 500 Earnings - Day Ahead   	     Non S&P 500 - Weekly               Non S&P 500 - Day Ahead        	     ConferenceCall/Webcast - Weekly    ConferenceCall/Webcast - Day   	     S&P 500 Earnings - Monthly           Meetings - Day Ahead           	     Economic Indicators                  Dividends                      	     Daily earnings hits & misses    	     ,normal
HAL,Halliburton Company,20111205,BP says Halliburton destroyed Gulf spill evidence ,BP Plc accused Halliburton Co of destroying evidence that the oilfield services company did inadequate cement work on the Gulf of Mexico oil well that blew out last year  and asked a federal judge to punish Halliburton.,topStory
HAL,Halliburton Company,20111205,UPDATE 1-BP says Halliburton destroyed Gulf spill evidence ,Dec 5 BP Plc accused Halliburton Co of destroying evidence that the oilfield services company did inadequate cement work on the Gulf of Mexico oil well that blew out last year  and asked a federal judge to punish Halliburton.,normal
HAL,Halliburton Company,20111205,BP says Halliburton destroyed Gulf spill evidence ,Dec 5 BP Plc accused Halliburton Co of destroying evidence that the oilfield services company did inadequate cement work on the Gulf of Mexico oil well that blew out last year  and asked a federal judge to punish Halliburton.,normal
HOG,Harley-Davidson Inc,20111205,Insight: Bare-bones bikes help Harley slay Geezer Glide image ,For Harley-Davidson  Michael Adams is a godsend.,topStory
HMC,Honda Motor Company Ltd,20111205,Toyota to announce earnings forecast on Friday ,TOKYO Toyota Motor Corp  will announce an earnings forecast on Friday for the financial year to March 2012  as it steadily restores production disrupted by Thai flooding that forced it to withdraw its outlook a month earlier.,topStory
HMC,Honda Motor Company Ltd,20111205,UPDATE 2-Toyota to announce earnings forecast on Friday ,* Toyota's global output largely restored  Honda worse hit,normal
HPQ,HP Inc,20111205,Former HP Chair Patricia Dunn dies of cancer ,SAN FRANCISCO  Dec 5 Patricia Dunn  whose business career included top posts at Barclays' Global Advisors and Hewlett-Packard Co   died on Sunday  according to her husband.,topStory
HSBC,HSBC Holdings plc,20111205,HSBC hit with record fine for ripping off elderly ,LONDON Britain's financial regulator slapped a record 10.5 million pound ($16.4 million) fine on HSBC on Monday for mis-selling investments to pay care home costs for older customers.,topStory
HSEA,HSBC Holdings plc,20111205,HSBC hit with record fine for ripping off elderly ,LONDON Britain's financial regulator slapped a record 10.5 million pound ($16.4 million) fine on HSBC on Monday for mis-selling investments to pay care home costs for older customers.,topStory
HSEB,HSBC Holdings plc,20111205,HSBC hit with record fine for ripping off elderly ,LONDON Britain's financial regulator slapped a record 10.5 million pound ($16.4 million) fine on HSBC on Monday for mis-selling investments to pay care home costs for older customers.,topStory
JPM,J P Morgan Chase & Co,20111205,SuccessFactors deal advisers share up to $35mln in fees ,LONDON  Dec 5 JP Morgan and Morgan Stanley are set to share up to $35 million in fees  according to estimates from Thomson Reuters/Freeman Consulting  as advisers on SAP's $3.4 billion takeover of SuccessFactors.,topStory
JPM,J P Morgan Chase & Co,20111205,SuccessFactors deal advisers share up to $35million in fees ,LONDON JP Morgan and Morgan Stanley are set to share up to $35 million in fees  according to estimates from Thomson Reuters/Freeman Consulting  as advisers on SAP's $3.4 billion takeover of SuccessFactors.,normal
JPM,J P Morgan Chase & Co,20111205,TABLE-Global All-Industry output index at 52.0 in Nov ,Dec 5 Following are details of the JPMorgan Global Purchasing All-Industry Output Index for November.	     	  GLOBAL SERVICES                                      PMI                                                  PMI       Jobs        Orders     Inp Prc  Oct        51.8       51.5        50.8       55.5  Nov        52.6       49.4        51.2       57.8                                                   GLOBAL COMPOSITE PMI                                          PMI       Orders ,normal
JPM,J P Morgan Chase & Co,20111205,UPDATE 2-Roundy's files for IPO of up to $230 mln ,Dec 5 Private equity owned Roundy's Parent Co Inc filed for a $230 million initial public offering with U.S. regulators on Monday  taking advantage of the thaw in the U.S. IPO market.,normal
KKR,KKR & Co LP,20111205,KKR to invest $60 million in China Outfitters IPO ,HONG KONG Global private equity firm KKR & Co L.P.  said on Monday that it would invest $60 million as a cornerstone investor in the Hong Kong initial public offering of China men's casual wear retailer China Outfitters Holdings Ltd .,topStory
KKR,KKR & Co LP,20111205,KKR to invest $60 mln in China Outfitters IPO ,HONG KONG  Dec 5 Global private equity firm KKR & Co L.P. said on Monday that it would invest $60 million as a cornerstone investor in the Hong Kong initial public offering of China men's casual wear retailer China Outfitters Holdings Ltd.,normal
MET,MetLife Inc,20111205,MetLife sees 2012 growth  going back to Fed soon ,MetLife expects operating earnings to rise as much as 7 percent in 2012  the largest life insurer in the United States said on Monday  though its forecasts for the fourth quarter and full-year 2011 were below expectations.,topStory
MCO,Moody&#39;s Corporation,20111205,BRIEF-Moody's: No neg rtg impact on Newgate Funding Plc: Series 2007-2 ,*Moody's Determines No Negative Rating Impact Due to New Guaranties for Swaps and amendments to the ISDA Schedules on Newgate Funding Plc: Series 2007-2,topStory
MCO,Moody&#39;s Corporation,20111205,BRIEF-Moody's:No neg rtg impact on Ludgate Funding Plc: Series 2007-FF1 ,*Moody's Determines No Negative Rating Impact Due to New Guaranties for Swaps and amendments to the ISDA Schedules on Ludgate Funding Plc: Series 2007-FF1,normal
MCO,Moody&#39;s Corporation,20111205,BRIEF-Moody's:US coal industry leans on export markets amid domestic challenges ,* Moody's: US Coal Industry Leans on Export Markets Amid Domestic Challenges,normal
MCO,Moody&#39;s Corporation,20111205,BRIEF: Moody's confirms Centro Shopping Centre CMBS 2006-1's Aaa (sf) ratings ,* Moody's confirms Centro Shopping Centre CMBS 2006-1's Aaa (sf) ratings,normal
MS,Morgan Stanley,20111205,ON THE MOVE: Wells Fargo  Benjamin Edwards  SCF add advisers ,Dec 5 Wells Fargo Advisors  Benjamin F. Edwards and SCF Securities have expanded their adviser ranks with the addition of new hires: WELLS FARGO HIRES FROM MSSB,topStory
MS,Morgan Stanley,20111205,SuccessFactors deal advisers share up to $35mln in fees ,LONDON  Dec 5 JP Morgan and Morgan Stanley are set to share up to $35 million in fees  according to estimates from Thomson Reuters/Freeman Consulting  as advisers on SAP's $3.4 billion takeover of SuccessFactors.,normal
MS,Morgan Stanley,20111205,SuccessFactors deal advisers share up to $35million in fees ,LONDON JP Morgan and Morgan Stanley are set to share up to $35 million in fees  according to estimates from Thomson Reuters/Freeman Consulting  as advisers on SAP's $3.4 billion takeover of SuccessFactors.,normal
MS,Morgan Stanley,20111205,UPDATE 1-Bonanza Creek sets IPO price range of $20-$22/shr ,* To use proceeds to repay debts  expansion of processing facilities,normal
MS,Morgan Stanley,20111205,Asia Private Equity Weekly News  Dec 5  2011 ,HONG KONG  Dec 5 News and developments in Asia private equity from Reuters News for the week ending December 2.,normal
NFX,Newfield Exploration Company,20111205,REFILE-UPDATE1-Newfield  Tesoro ink 18 000 bpd crude supply deaL ,NEW YORK  Dec 5 U.S. crude oil producer Newfield Exploration on Monday signed a seven-year agreement with U.S. oil refiner Tesoro Inc. to supply crude to its Salt Lake City refinery after expansion of crude throughput is completed in 2013.  .,topStory
NEM,Newmont Mining Corporation,20111205,UPDATE 1-Peru enforces emergency decree to end mining protest ,* Gov't says protesters intransigent after mediation fails,topStory
NEM,Newmont Mining Corporation,20111205,Gold Fields says Peru mine unaffected by protests ,JOHANNESBURG  Dec 5 Gold Fields  said on Monday it was considering alternative supply routes to maintain production at its Cerro Corona mine in Peru if protests against Newmont Mining's gold mine project in the region are prolonged.,normal
NEM,Newmont Mining Corporation,20111205,Peru declares emergency to end protest over mining ,* Gov't says protesters intransigent after mediation fails,normal
NEM,Newmont Mining Corporation,20111205,Peru declares emergency to stop protest over mine ,LIMA Peruvian President Ollanta Humala declared a state of emergency late on Sunday to quell protests against Newmont Mining's $4.8 billion Conga mine project that have hobbled the region of Cajamarca for 11 days.,normal
NEM,Newmont Mining Corporation,20111205,UPDATE 1-Peru declares emergency to stop protest over mine ,* Gov't says protesters intransigent after mediation fails,normal
NEM,Newmont Mining Corporation,20111205,Peru declares emergency to stop protest over mine ,LIMA  Dec 4 Peruvian President Ollanta Humala declared a state of emergency late on Sunday to quell protests against Newmont Mining's $4.8 billion Conga mine project that have hobbled the region of Cajamarca for 11 days.,normal
NMR,Nomura Holdings Inc ADR,20111205,CORRECTED-MOVES-Emirates NBD  Reserve Bank of Australia  Jefferies  Nomura ,Dec 5 The following financial service industry appointments were announced on Monday. To inform us of other job changes  email to moves@thomsonreuters.com.,topStory
NMR,Nomura Holdings Inc ADR,20111205,Nomura hires UBS equities exec Downey ,LONDON  Dec 5 Japan's Nomura has poached a senior executive from UBS's prized equities division to run equities trading in Europe  the Middle East and Africa  after a management rejig in the business this year.,normal
NVO,Novo Nordisk A/S,20111205,Government asks top court to rule for generic drugmaker ,WASHINGTON The government urged the Supreme Court to rule in favor of a generic drugmaker in a case over how companies can fight brand-name rivals to get cheaper drugs to market.,topStory
PFE,Pfizer Inc,20111205,Pfizer cancer drug effect may be limited: FDA staff ,Slower tumor growth in kidney cancer patients taking Pfizer Inc's experimental drug  Inlyta  in a clinical trial was driven by a subset of patients who are rare in the United States  U.S. Food and Drug Administration researchers said.,topStory
PFE,Pfizer Inc,20111205,UPDATE 2-Pfizer cancer drug effect may be limited-FDA staff ,Dec 5 Slower tumor growth in kidney cancer patients taking Pfizer Inc's experimental drug  Inlyta  in a clinical trial was driven by a subset of patients who are rare in the United States  U.S. Food and Drug Administration researchers said.,normal
RTN,Raytheon Company,20111205,Raytheon buys cybersecurity firm Pikewerks ,Defense contractor Raytheon Co  said on Monday it bought privately held Pikewerks Corp to bolster its cybersecurity offerings.,topStory
SAP,SAP SE,20111205,SAP splashes out in cloud-computing frenzy ,FRANKFURT/NEW YORK SAP AG's $3.4 billion takeover of SuccessFactors will help it keep up with peers in the frenzied race for cloud-computing business  even if the price paid is very high at first glance  analysts said on Monday. | Video ,topStory
SAP,SAP SE,20111205,UPDATE 3-SAP splashes out in cloud-computing frenzy ,* Acquisition boosts stocks of other cloud-computing firms,normal
SAP,SAP SE,20111205,SuccessFactors deal advisers share up to $35mln in fees ,LONDON  Dec 5 JP Morgan and Morgan Stanley are set to share up to $35 million in fees  according to estimates from Thomson Reuters/Freeman Consulting  as advisers on SAP's $3.4 billion takeover of SuccessFactors.,normal
SAP,SAP SE,20111205,SuccessFactors deal advisers share up to $35million in fees ,LONDON JP Morgan and Morgan Stanley are set to share up to $35 million in fees  according to estimates from Thomson Reuters/Freeman Consulting  as advisers on SAP's $3.4 billion takeover of SuccessFactors.,normal
SLB,Schlumberger NV,20111205,UPDATE 2-Schlumberger sheds 14 more rigs with Saxon deal ,* Schlumberger gets out of non-core rig ownership business,topStory
STO,Statoil ASA,20111205,UPDATE 1-Statoil shuts Heimdal gas over safety concerns ,OSLO  Dec 5 Production at the North Sea Heimdal gas field has been shut over safety concerns since mid-November and it is unclear when it will restart  Norway's Statoil said on Monday.,topStory
STO,Statoil ASA,20111205,UPDATE 2-Centrica  Qatar Petroleum to look at joint investment ,* To look at new or existing projects in upstream oil and gas,normal
STO,Statoil ASA,20111205,N.Sea field development seen costing NOK 3.1 bln -Statoil ,OSLO  Dec 5 Norwegian oil and gas firm Statoil said on Monday its fast-track development of the Visund North oil and gas field in the North Sea was expected to cost 3.1 billion crowns ($536.60 million).,normal
TM,Toyota Motor Corp Ltd Ord,20111205,Toyota to announce earnings forecast on Friday ,TOKYO Toyota Motor Corp  will announce an earnings forecast on Friday for the financial year to March 2012  as it steadily restores production disrupted by Thai flooding that forced it to withdraw its outlook a month earlier.,topStory
TM,Toyota Motor Corp Ltd Ord,20111205,UPDATE 2-Toyota to announce earnings forecast on Friday ,* Toyota's global output largely restored  Honda worse hit,normal
TM,Toyota Motor Corp Ltd Ord,20111205,Toyota to announce new earnings forecast Dec 9 ,TOKYO  Dec 5 Toyota Motor Corp  said on Monday that it will announce a revised earnings forecast for the financial year to March 2012 on Dec. 9 at 0600 GMT.,normal
TRP,TransCanada Corporation,20111205,UPDATE 2-Loud noise from Ravenswood power plant  no injuries ,* New York City says no public hazard from incident     * TransCanada says no impact on operations at site      NEW YORK  Dec 5 A pressure valve at Canadian energy company TransCanada's 2 316-megawatt Ravenswood power plant in Queens made a loud noise heard in Queens and Manhattan Monday morning  New York City said in an email.     The city said there were no public hazards  injuries  explosions  fires  evacuations or utility service disruptions.     TransCanada spokesman Terry Cunha,topStory
VZ,Verizon Communications Inc,20111205,Comcast to start selling Verizon mobile early 2012 ,NEW YORK - NEW YORK Comcast Corp  the largest U.S. cable operator  will start selling Verizon Wireless products in four markets early next year  its top cable executive said on Monday.,topStory
VZA,Verizon Communications Inc,20111205,Comcast to start selling Verizon mobile early 2012 ,NEW YORK - NEW YORK Comcast Corp  the largest U.S. cable operator  will start selling Verizon Wireless products in four markets early next year  its top cable executive said on Monday.,topStory
V,Visa Inc,20111205,UPDATE 1-Visa partners to expand in Rwanda ,DEC 5 - Payment processing company Visa Inc  which plans to generate half of its revenue from markets outside the United States   signed an agreement with the government of Rwanda to expand its electronic payments services in the African country.,topStory
WFC,Wells Fargo & Company,20111205,ON THE MOVE: Wells Fargo  Benjamin Edwards  SCF add advisers ,Dec 5 Wells Fargo Advisors  Benjamin F. Edwards and SCF Securities have expanded their adviser ranks with the addition of new hires: WELLS FARGO HIRES FROM MSSB,topStory
YUM,Yum! Brands Inc,20111205,Yum Brands expects 2012 profit growth ,Yum Brands Inc   the parent of the KFC  Taco Bell and Pizza Hut fast-food chains  raised its 2011 profit forecast and said it expects earnings per share to grow at least 10 percent in 2012  led by continued sales and profit growth in China.,topStory
