ADBE,Adobe Systems Incorporated,20111208,RPT-UPDATE 1-Lockheed  other defense firms targeted by hackers ,* More evidence of campaign against defense firms-analyst,topStory
ADBE,Adobe Systems Incorporated,20111208,UPDATE 1-Lockheed  other defense firms targeted by hackers ,* More evidence of campaign against defense firms-analyst,normal
AMGN,Amgen Inc,20111208,Amgen buying back $5 billion at $60/share ,Amgen Inc  expects to buy back around 83.3 million shares for $60 per share  the high end of the range offered by the company.,topStory
AAPL,Apple Inc,20111208,Apple's founding contract coming up for auction ,NEW YORK  Dec 8 The contract that established Apple as a corporate entity in 1976 and another document  signed 11 days later  that removed one of the partners are expected to fetch up to $150 000 when they are auctioned next week by Sotheby's.,topStory
TAPR,Barclays Inverse US Treasury Composite ETN,20111208,DIARY-U.S. MEETINGS/WEEK AHEAD ,THOMSON REUTERS  December 8  2011 - Corporate Meetings for US companies for Week ahead.	         S&P 500 Earnings - Weekly           S&P 500 Earnings - Day Ahead   	     Non S&P 500 - Weekly               Non S&P 500 - Day Ahead        	     ConferenceCall/Webcast - Weekly    ConferenceCall/Webcast - Day   	     S&P 500 Earnings - Monthly           Meetings - Day Ahead           	     Economic Indicators                  Dividends                      	     Daily earnings hits & misses    	     ,topStory
DLBL,Barclays PLC,20111208,DIARY-U.S. MEETINGS/WEEK AHEAD ,THOMSON REUTERS  December 8  2011 - Corporate Meetings for US companies for Week ahead.	         S&P 500 Earnings - Weekly           S&P 500 Earnings - Day Ahead   	     Non S&P 500 - Weekly               Non S&P 500 - Day Ahead        	     ConferenceCall/Webcast - Weekly    ConferenceCall/Webcast - Day   	     S&P 500 Earnings - Monthly           Meetings - Day Ahead           	     Economic Indicators                  Dividends                      	     Daily earnings hits & misses    	     ,topStory
DTYL,Barclays PLC,20111208,DIARY-U.S. MEETINGS/WEEK AHEAD ,THOMSON REUTERS  December 8  2011 - Corporate Meetings for US companies for Week ahead.	         S&P 500 Earnings - Weekly           S&P 500 Earnings - Day Ahead   	     Non S&P 500 - Weekly               Non S&P 500 - Day Ahead        	     ConferenceCall/Webcast - Weekly    ConferenceCall/Webcast - Day   	     S&P 500 Earnings - Monthly           Meetings - Day Ahead           	     Economic Indicators                  Dividends                      	     Daily earnings hits & misses    	     ,topStory
CSTR,CapStar Financial Holdings Inc,20111208,Coinstar shares rise on Redbox-Verizon partnership report ,Shares of Coinstar Inc jumped 11 percent after media reports that the kiosk maker's Redbox rental service is partnering with Verizon Communications for a new online streaming service.,topStory
CME,CME Group Inc,20111208,CME lowers margin requirements for Crude Oil  Heat Oil futures ,Dec 8 The CME Group  parent of the Chicago Board of Trade  on Thursday lowered margins for Crude Oil Future NYMEX (CL) and Heating Oil Futures NYMEX (HO).,topStory
CME,CME Group Inc,20111208,Illinois House leaders reach deal to keep CME  Sears ,CHICAGO Illinois House leaders have agreed to pass tax breaks to keep the CME Group and Sears Holdings from leaving the state  the minority leader said on Thursday.,normal
CMTL,Comtech Telecommunications Corp,20111208,REFILE-UPDATE 1-Comtech Q1 profit halves  shares fall ,Dec 8 Comtech Telecommunications Corp's  quarterly profit nearly halved in the first quarter  hurt by a sharp decline in demand at its mobile data communications unit  sending its shares down by 5 percent in extended trading.,topStory
CONN,Conn&#39;s Inc,20111208,UPDATE 2-Conn's boosts spending to drive holiday sales ,Dec 8 Electronics and home appliances retailer Conn's Inc said it is ramping up advertising and hiring to drive sales in the holiday season  sending its shares to their highest in more than two years.,topStory
COST,Costco Wholesale Corporation,20111208,Costco shares fall as margins shrink ,(Reuters)- Costco Wholesale Corp  posted a quarterly profit in line with Wall Street's expectations  but shares of the largest U.S. warehouse club operator fell as margins dropped more than expected.,topStory
COST,Costco Wholesale Corporation,20111208,UPDATE 1-Costco Wholesale Q1 profit rises ,Dec 8 Costco Wholesale Corp  posted a higher quarterly profit  helped by strong gasoline prices and membership fees.,normal
COST,Costco Wholesale Corporation,20111208,Unions sue to block Washington state liquor privatization ,SEATTLE Unions representing 1 000 Washington liquor store workers sued to stop the voter-approved closure of state-run liquor shops set to begin on Thursday.,normal
ERIC,Ericsson,20111208,Metaio opens AR platform to chipmakers  developers ,Dec 8 Metaio  one of the leaders in augmented reality (AR) technology  on Thursday opened its platform to chipset vendors and software developers for free  hoping to boost its position in the emerging sector.,topStory
DTYS,iPath US Treasury 10-year Bear ETN,20111208,DIARY-U.S. MEETINGS/WEEK AHEAD ,THOMSON REUTERS  December 8  2011 - Corporate Meetings for US companies for Week ahead.	         S&P 500 Earnings - Weekly           S&P 500 Earnings - Day Ahead   	     Non S&P 500 - Weekly               Non S&P 500 - Day Ahead        	     ConferenceCall/Webcast - Weekly    ConferenceCall/Webcast - Day   	     S&P 500 Earnings - Monthly           Meetings - Day Ahead           	     Economic Indicators                  Dividends                      	     Daily earnings hits & misses    	     ,topStory
DTUS,iPath US Treasury 2-year Bear ETN,20111208,DIARY-U.S. MEETINGS/WEEK AHEAD ,THOMSON REUTERS  December 8  2011 - Corporate Meetings for US companies for Week ahead.	         S&P 500 Earnings - Weekly           S&P 500 Earnings - Day Ahead   	     Non S&P 500 - Weekly               Non S&P 500 - Day Ahead        	     ConferenceCall/Webcast - Weekly    ConferenceCall/Webcast - Day   	     S&P 500 Earnings - Monthly           Meetings - Day Ahead           	     Economic Indicators                  Dividends                      	     Daily earnings hits & misses    	     ,topStory
DTUL,iPath US Treasury 2-year Bull ETN,20111208,DIARY-U.S. MEETINGS/WEEK AHEAD ,THOMSON REUTERS  December 8  2011 - Corporate Meetings for US companies for Week ahead.	         S&P 500 Earnings - Weekly           S&P 500 Earnings - Day Ahead   	     Non S&P 500 - Weekly               Non S&P 500 - Day Ahead        	     ConferenceCall/Webcast - Weekly    ConferenceCall/Webcast - Day   	     S&P 500 Earnings - Monthly           Meetings - Day Ahead           	     Economic Indicators                  Dividends                      	     Daily earnings hits & misses    	     ,topStory
DFVS,iPath US Treasury 5-year Bear ETN,20111208,DIARY-U.S. MEETINGS/WEEK AHEAD ,THOMSON REUTERS  December 8  2011 - Corporate Meetings for US companies for Week ahead.	         S&P 500 Earnings - Weekly           S&P 500 Earnings - Day Ahead   	     Non S&P 500 - Weekly               Non S&P 500 - Day Ahead        	     ConferenceCall/Webcast - Weekly    ConferenceCall/Webcast - Day   	     S&P 500 Earnings - Monthly           Meetings - Day Ahead           	     Economic Indicators                  Dividends                      	     Daily earnings hits & misses    	     ,topStory
DFVL,iPath US Treasury 5-year Bull ETN,20111208,DIARY-U.S. MEETINGS/WEEK AHEAD ,THOMSON REUTERS  December 8  2011 - Corporate Meetings for US companies for Week ahead.	         S&P 500 Earnings - Weekly           S&P 500 Earnings - Day Ahead   	     Non S&P 500 - Weekly               Non S&P 500 - Day Ahead        	     ConferenceCall/Webcast - Weekly    ConferenceCall/Webcast - Day   	     S&P 500 Earnings - Monthly           Meetings - Day Ahead           	     Economic Indicators                  Dividends                      	     Daily earnings hits & misses    	     ,topStory
FLAT,iPath US Treasury Flattener ETN,20111208,DIARY-U.S. MEETINGS/WEEK AHEAD ,THOMSON REUTERS  December 8  2011 - Corporate Meetings for US companies for Week ahead.	         S&P 500 Earnings - Weekly           S&P 500 Earnings - Day Ahead   	     Non S&P 500 - Weekly               Non S&P 500 - Day Ahead        	     ConferenceCall/Webcast - Weekly    ConferenceCall/Webcast - Day   	     S&P 500 Earnings - Monthly           Meetings - Day Ahead           	     Economic Indicators                  Dividends                      	     Daily earnings hits & misses    	     ,topStory
DLBS,iPath US Treasury Long Bond Bear ETN,20111208,DIARY-U.S. MEETINGS/WEEK AHEAD ,THOMSON REUTERS  December 8  2011 - Corporate Meetings for US companies for Week ahead.	         S&P 500 Earnings - Weekly           S&P 500 Earnings - Day Ahead   	     Non S&P 500 - Weekly               Non S&P 500 - Day Ahead        	     ConferenceCall/Webcast - Weekly    ConferenceCall/Webcast - Day   	     S&P 500 Earnings - Monthly           Meetings - Day Ahead           	     Economic Indicators                  Dividends                      	     Daily earnings hits & misses    	     ,topStory
STPP,iPath US Treasury Steepener ETN,20111208,DIARY-U.S. MEETINGS/WEEK AHEAD ,THOMSON REUTERS  December 8  2011 - Corporate Meetings for US companies for Week ahead.	         S&P 500 Earnings - Weekly           S&P 500 Earnings - Day Ahead   	     Non S&P 500 - Weekly               Non S&P 500 - Day Ahead        	     ConferenceCall/Webcast - Weekly    ConferenceCall/Webcast - Day   	     S&P 500 Earnings - Monthly           Meetings - Day Ahead           	     Economic Indicators                  Dividends                      	     Daily earnings hits & misses    	     ,topStory
LAYN,Layne Christensen Company,20111208,Layne Christensen Q3 profit misses estimates ,Layne Christensen's  quarterly profit missed analysts' estimates  hurt by margin pressures and cost overruns at its water infrastructure division.,topStory
LAYN,Layne Christensen Company,20111208,UPDATE 1-Layne Christensen Q3 profit misses estimates ,Dec 8 Layne Christensen's  quarterly profit missed analysts' estimates  hurt by margin pressures and cost overruns at its water infrastructure division.,normal
MSFT,Microsoft Corporation,20111208,Microsoft says opens new centre in India ,Dec 8 Microsoft Corp said on Thursday it has opened a new global delivery centre in southern Indian city of Bangalore to support its clients in more than 65 countries.,topStory
MSFT,Microsoft Corporation,20111208,GE  Microsoft in healthcare software joint venture ,General Electric Co and Microsoft Corp are forming a joint venture to develop and sell software systems to make it easier for healthcare providers to  store  access and share patient information.,normal
MSFT,Microsoft Corporation,20111208,GE  Microsoft in healthcare software joint venture ,Dec 8 General Electric Co and Microsoft Corp are forming a joint venture to develop and sell software systems to make it easier for healthcare providers to to store  access and share patient information.,normal
SHLD,Sears Holdings Corporation,20111208,Illinois House leaders reach deal to keep CME  Sears ,CHICAGO Illinois House leaders have agreed to pass tax breaks to keep the CME Group and Sears Holdings from leaving the state  the minority leader said on Thursday.,topStory
TECD,Tech Data Corporation,20111208,DIARY-U.S. MEETINGS/WEEK AHEAD ,THOMSON REUTERS  December 8  2011 - Corporate Meetings for US companies for Week ahead.	         S&P 500 Earnings - Weekly           S&P 500 Earnings - Day Ahead   	     Non S&P 500 - Weekly               Non S&P 500 - Day Ahead        	     ConferenceCall/Webcast - Weekly    ConferenceCall/Webcast - Day   	     S&P 500 Earnings - Monthly           Meetings - Day Ahead           	     Economic Indicators                  Dividends                      	     Daily earnings hits & misses    	     ,topStory
ZION,Zions Bancorporation,20111208,BRIEF-Moody's Upgrades Zions (LT Deposits to Ba1)  outlook stable ,* Moody's Upgrades Zions (LT Deposits to Ba1)  outlook stable,topStory
AMT,American Tower Corporation (REIT),20111208,UPDATE 1-American Tower  MTN Group form Uganda JV ,Dec 8 American Tower Corp said it launched its Uganda operations by entering a joint venture tower company with Africa's top mobile operator MTN Group.,topStory
AZN,Astrazeneca PLC,20111208,AstraZeneca digs deeper in China with generics buy ,* Buys Guangdong BeiKang Pharmaceutical for undisclosed sum,topStory
BCS,Barclays PLC,20111208,DIARY-U.S. MEETINGS/WEEK AHEAD ,THOMSON REUTERS  December 8  2011 - Corporate Meetings for US companies for Week ahead.	         S&P 500 Earnings - Weekly           S&P 500 Earnings - Day Ahead   	     Non S&P 500 - Weekly               Non S&P 500 - Day Ahead        	     ConferenceCall/Webcast - Weekly    ConferenceCall/Webcast - Day   	     S&P 500 Earnings - Monthly           Meetings - Day Ahead           	     Economic Indicators                  Dividends                      	     Daily earnings hits & misses    	     ,topStory
BCE,BCE Inc,20111208,UPDATE 1-BCE ups dividend  announces share buyback ,Dec 8 BCE Inc  Canada's largest telecom company  raised its dividend for 2012 by about 5 percent to C$2.17 per share and said it will buy back up to C$250 million ($247.1 million) of shares.,topStory
BBY,Best Buy Co Inc,20111208,China's "Best Buys" scramble to tap e-commerce boom ,HONG KONG Two Chinese appliance and electronics retailers  regarded by some as the country's answers to Best Buy Co Inc   are racing to beef up their e-commerce arms and tap the booming but highly competitive online retail market.,topStory
BBY,Best Buy Co Inc,20111208,China's 'Best Buys' scramble to tap e-commerce boom ,* Retailers aim for e-commerce to make up large part of sales,normal
BBL,BHP Billiton plc,20111208,BHP job changes  CEO comments  fan talk of asset sales ,SYDNEY Management changes at BHP Billiton and comments by CEO Marius Kloppers have fanned speculation the world's biggest miner will try to sell less profitable assets to better exploit its crown jewels -- iron ore  coal  copper  gas and potash.,topStory
BBL,BHP Billiton plc,20111208,REFILE-BHP job changes  CEO comments  fan talk of asset sales ,SYDNEY  Dec 8 Management changes at BHP Billiton and comments by CEO Marius Kloppers have fanned speculation the world's biggest miner will try to sell less profitable assets to better exploit its crown jewels -- iron ore  coal  copper  gas and potash.,normal
BA,Boeing Company (The),20111208,Boeing eyes remaining aircraft orders in U.S. spree ,Boeing Co   on track to notch its highest number of commercial aircraft orders since 2007  is working to bag what many experts say are the last available orders in a buying spree by U.S. operators.,topStory
BA,Boeing Company (The),20111208,UPDATE 1-Boeing  Air Lease close $1.2 billion order ,Dec 8 Boeing Co and Air Lease Corp  said on Thursday they finalized an order worth $1.2 billion  for four 787-9 Dreamliners and four Next-Generation 737-800s.,normal
BA,Boeing Company (The),20111208,UPDATE 1-Boeing machinists union ratifies labor pact ,Dec 7 Boeing Co's  biggest labor union on Wednesday ratified a four-year contract extension  ensuring the upcoming version of the planemaker's best-selling 737 narrowbody will be built in Washington state and likely ending Boeing's high-profile dispute with the National Labor Relations Board.,normal
BA,Boeing Company (The),20111208,UPDATE 1-Boeing nearing deals with FedEx  Southwest-reports ,Dec 7 Boeing Co is nearing two separate deals with world's No. 2 package delivery company FedEx Corp and discount carrier Southwest Airlines Co   according to media reports.,normal
BA,Boeing Company (The),20111208,Boeing union members line up to vote on contract ,Members of Boeing Co's biggest labor union began voting on Wednesday on a four-year contract extension  which if ratified could end the planemaker's dispute with the National Labor Relations Board and ensure the upcoming version of the best-selling 737 narrowbody will be built in Washington state.,normal
BA,Boeing Company (The),20111208,Boeing nears deals with FedEx  Southwest: reports ,Boeing Co is nearing two separate deals with world's No. 2 package delivery company FedEx Corp and discount carrier Southwest Airlines Co  according to media reports.,normal
CVX,Chevron Corporation,20111208,Oil dragged down by ECB comments; eyes EU summit ,NEW YORK Crude oil futures fell for a second straight day on Thursday as disappointing comments from the head of the European Central Bank increased doubts among investors that the region's debt crisis will be contained.,topStory
CVX,Chevron Corporation,20111208,Trafigura unit buys Caribbean assets from Chevron ,Dec 8 Puma Energy  a unit of Europe-based commodities trading giant Trafigura  said on Thursday it agreed to buy Caribbean region fuel distribution and storage assets from U.S. oil major Chevron   in a bid to expand its presence in the region.,normal
CVX,Chevron Corporation,20111208,UPDATE 1-Keyera to buy iso-octane facility for $198 mln ,Dec 8 Canada's Keyera Corp said it will buy Alberta EnviroFuels  an iso-octane manufacturing business jointly owned by subsidiaries of Finland's Neste Oil Oyj and Chevron Corp  for $198 million.,normal
CVX,Chevron Corporation,20111208,Singapore Refining Co cuts output on poor margins - sources ,SINGAPORE  Dec 8 Singapore Refining Company  a joint venture between Singapore Petroleum Company and Chevron Corp  has reduced the utilisation rate at its refinery due to poor margins  two sources close to the company said on Thursday.,normal
CHT,Chunghwa Telecom Co Ltd,20111208,TEXT-S&P revises Chunghwa Telecom otlk to negative; rtgs afrmd ,-- Increasing regulatory pressure on Taiwan-based incumbent telecom operator  Chunghwa Telecom Co. Ltd. (CHT)  to reduce its tariff's has been weakening the operator's profit margins.,topStory
C,Citigroup Inc,20111208,Japan regulators to seek punishment for Citigroup unit: report ,Japan's regulator Securities and Exchange Surveillance Commission will ask the Financial Services Agency (FSA) to punish Citigroup Global Markets Japan Inc for trying to manipulate a short-term interest rate benchmark  the Nikkei business daily reported.,topStory
KO,Coca-Cola Company (The),20111208,Coca-Cola moves secret soft drink formula to public vault ,Coca-Cola Co moved the 125-year-old secret formula for its soft drink to its hometown attraction  the World of Coca-Cola  where it will be housed permanently for the public to view.,topStory
COP,ConocoPhillips,20111208,Shell  Conoco  Repsol increase Alaska oil holdings ,ANCHORAGE  Alaska  Dec 7 Royal Dutch Shell on Wednesday acquired exploration rights to state territory off Alaska's northern coast  while ConocoPhillips increased holdings on both state and federal lands on the North Slope.,topStory
DB,Deutsche Bank AG,20111208,Anarchist group may have sent letter bomb: German police ,FRANKFURT An Italian anarchist group has claimed responsibility for a letter bomb sent to Josef Ackermann  chief executive of Deutsche Bank  and may have sent two more packages  investigators said on Thursday. | Video ,topStory
DB,Deutsche Bank AG,20111208,Anarchist group claims letter bomb: German police ,FRANKFURT German investigators said Thursday they had obtained a letter written in Italian in which a group calling itself the Informal Anarchist Federation claimed responsibility for a letter bomb sent to Josef Ackermann  head of Deutsche Bank.,normal
DB,Deutsche Bank AG,20111208,UPDATE 3-Package sent to banker was bomb -German police ,* No claim of responsibility  Occupy movement condemns action   (Adds quotes from police  experts  bank insider),normal
DB,Deutsche Bank AG,20111208,UPDATE 2-Package sent to banker was bomb -German police ,* No claim of responsibility  Occupy movement condemns action   (Updates with confirmation of bomb),normal
DB,Deutsche Bank AG,20111208,German police: package sent to banker was letter bomb ,BERLIN  Dec 8 German police said on Thursday a suspicious envelope sent to Deutsche Bank  Chief Executive Josef Ackermann and intercepted on Wednesday was a letter bomb capable of exploding  an initial examination showed.,normal
DB,Deutsche Bank AG,20111208,UPDATE 2-Deutsche Bank CEO target of suspicious envelope-police ,FRANKFURT  Dec 7 An envelope containing explosives was sent on Wednesday to the head of Deutsche Bank  Josef Ackermann -- known as the face of capitalism in Germany -- but it was intercepted before it reached him  a banking source and a U.S. law enforcement official said.,normal
DOV,Dover Corporation,20111208,More troops' ashes dumped in landfill  Washington Post says ,WASHINGTON The Air Force dumped the remains of more U.S. troops in a Virginia landfill then it had previously acknowledged  the Washington Post reported on Thursday.,topStory
E,ENI SpA,20111208,Med Crude-Urals supported by ENI bid  Bosphorus ,LONDON  Dec 8    Differentials on Russian Urals held steady in the Mediterranean on Thursday  partly supported by the congested ship traffic in the Bosphorus strait.	     In Northwest Europe  Unipec reappeared to offer 100 000 tonnes  knocking its offer level.	     Unipec  the trading arm of Sinopec  offered 100 000 tonnes of Urals for Dec. 27-31 at dated Brent plus 20 cents a barrel in NWE. 	     On Tuesday  Unipec offer the same volume for Dec. 25-29 at dated plus 30 cents.	     So,topStory
E,ENI SpA,20111208,Iran still owes Eni nearly $2 billion in oil-CEO ,DOHA  Dec 8 Italian energy major Eni  hopes nearly $2 billion of Iranian crude it is still owed by the National Iranian Oil Company would be exempt from any possible EU ban on buying Iranian oil  ENI's chief executive said on Thursday.,normal
EQT,EQT Corporation,20111208,UPDATE 1-EQT to form natural gas transmission MLP ,* To form MLP engaged in interstate natural gas transmission,topStory
XOM,Exxon Mobil Corporation,20111208,Exxon Mobil sees global CO2 emission peak in 2030 ,Carbon dioxide emissions from energy sources will rise until 2030  when they will level off as fuels such as natural gas replace dirtier supplies of coal  Exxon Mobil said on Thursday.,topStory
XOM,Exxon Mobil Corporation,20111208,Big Oil says to clean up shale gas business ,DOHA  Dec 8 Big oil and gas companies say their increasing dominance of shale gas exploration will bring improved drilling practices and should end the safety lapses that have led to environmental opposition to the fast-growing  multi-billion dollar industry.,normal
XOM,Exxon Mobil Corporation,20111208,Exxon sees gas replacing coal as top U.S. power generator - WSJ ,Dec 8 Natural gas will replace coal as the leading fuel for generating electricity in the United States by 2025 due to its easy availability and a drive for cleaner-burning energy  the Wall Street Journal said  citing the latest long-term outlook from Exxon Mobil Corp.,normal
FDX,FedEx Corporation,20111208,UPDATE 1-Boeing nearing deals with FedEx  Southwest-reports ,Dec 7 Boeing Co is nearing two separate deals with world's No. 2 package delivery company FedEx Corp and discount carrier Southwest Airlines Co   according to media reports.,topStory
FDX,FedEx Corporation,20111208,Boeing nears deals with FedEx  Southwest: reports ,Boeing Co is nearing two separate deals with world's No. 2 package delivery company FedEx Corp and discount carrier Southwest Airlines Co  according to media reports.,normal
F,Ford Motor Company,20111208,Ford brings back dividend after 5-year gap ,DETROIT Ford Motor Co  restored its dividend for the first time in five years on Thursday  with a quarterly payout of 5 cents per share that the No. 2 U.S. automaker said it could maintain during any future downturn.,topStory
GEK,General Electric Capital Corporation,20111208,EDF and GE Energy to develop new gas turbine ,PARIS  Dec 8 EDF has partnered GE Energy to develop a new generation of combined cycle gas turbine (CCGT) as part of the French utility's aim to modernise its fleet of thermal power plants  the French state-owned utility said in a statememt.,topStory
GE,General Electric Company,20111208,EDF and GE Energy to develop new gas turbine ,PARIS  Dec 8 EDF has partnered GE Energy to develop a new generation of combined cycle gas turbine (CCGT) as part of the French utility's aim to modernise its fleet of thermal power plants  the French state-owned utility said in a statememt.,topStory
GM,General Motors Company,20111208,UPDATE 1-GM  Teijin to develop carbon fiber auto parts-Nikkei ,Dec 9 General Motors Co has signed an agreement with Japanese chemical and pharmaceutical manufacturer Teijin Ltd to jointly develop carbon fiber automobile parts  the Nikkei business daily said on Friday.,topStory
GS,Goldman Sachs Group Inc (The),20111208,Nokia looks to sell luxury Vertu unit: report ,LONDON Nokia  is to sell its luxury subsidiary Vertu  as the Finnish handset manufacturer overhauls its business to compete with other smartphone makers  the Financial Times reported on Thursday.,topStory
GS,Goldman Sachs Group Inc (The),20111208,UPDATE 1-NORDIC STOCKS - Factors to watch on Dec 8 ,HELSINKI  Dec 8 The following stocks may be affected by newspaper reports and other factors on Thursday:,normal
GS,Goldman Sachs Group Inc (The),20111208,UPDATE 1-Nokia looks to sell luxury Vertu unit-FT ,LONDON  Dec 8 Nokia is to sell its luxury subsidiary Vertu  as the Finnish handset manufacturer overhauls its business to compete with other smartphone makers  the Financial Times reported on Thursday.,normal
HRB,H&R Block Inc,20111208,H&R Block ups dividend  unveils new digital products ,H&R Block Inc   the top U.S. tax preparer  upped its dividend and announced a slew of new products at its investor day in New York  as it looks to gain market share in the digital tax preparation segment.,topStory
HRB,H&R Block Inc,20111208,UPDATE 2-H&R Block ups dividend  unveils new digital products ,Dec 8 H&R Block Inc  the top U.S. tax preparer  upped its dividend and announced a slew of new products at its investor day in New York  as it looks to gain market share in the digital tax preparation segment.,normal
HOG,Harley-Davidson Inc,20111208,UPDATE 1-Harley-Davidson to shut down Australian wheel unit ,Dec 7 U.S. motorcycle producer Harley-Davidson Inc said it will cease operations at New Castalloy  its Australian unit that produces cast motorcycle wheels and wheel hubs  and source those components through other existing suppliers.,topStory
HSBC,HSBC Holdings plc,20111208,UPDATE 1-AXA Generali advance in HSBC general insurance sale - sources ,HONG KONG  Dec 8 AXA SA and Assicurazioni Generali SpA are among bidders shortlisted for HSBC Holdings Plc's  planned sale of its general insurance business  sources familiar with the matter told Reuters.,topStory
HSBC,HSBC Holdings plc,20111208,AXA  Generali advance in HSBC insurance sale - sources ,HONG KONG  Dec 8 AXA SA and Assicurazioni Generali SpA are among bidders shortlisted for HSBC Holdings Plc's  planned sale of its general insurance business  sources familiar with the matter told Reuters.,normal
HSEA,HSBC Holdings plc,20111208,UPDATE 1-AXA Generali advance in HSBC general insurance sale - sources ,HONG KONG  Dec 8 AXA SA and Assicurazioni Generali SpA are among bidders shortlisted for HSBC Holdings Plc's  planned sale of its general insurance business  sources familiar with the matter told Reuters.,topStory
HSEA,HSBC Holdings plc,20111208,AXA  Generali advance in HSBC insurance sale - sources ,HONG KONG  Dec 8 AXA SA and Assicurazioni Generali SpA are among bidders shortlisted for HSBC Holdings Plc's  planned sale of its general insurance business  sources familiar with the matter told Reuters.,normal
HSEB,HSBC Holdings plc,20111208,UPDATE 1-AXA Generali advance in HSBC general insurance sale - sources ,HONG KONG  Dec 8 AXA SA and Assicurazioni Generali SpA are among bidders shortlisted for HSBC Holdings Plc's  planned sale of its general insurance business  sources familiar with the matter told Reuters.,topStory
HSEB,HSBC Holdings plc,20111208,AXA  Generali advance in HSBC insurance sale - sources ,HONG KONG  Dec 8 AXA SA and Assicurazioni Generali SpA are among bidders shortlisted for HSBC Holdings Plc's  planned sale of its general insurance business  sources familiar with the matter told Reuters.,normal
IBN,ICICI Bank Limited,20111208,Mitsubishi UFJ to buy stake in AMP to form alliance ,WELLINGTON  Dec 9 AMP Capital Ltd   Australia's top wealth manager  said on Friday Mitsubishi UFJ Trust and Banking Corporation will buy a 15 percent stake in AMP for A$425 million ($434.03 million) to form a strategic alliance.,topStory
IBM,International Business Machines Corporation,20111208,IBM to buy DemandTec for about $440 million ,International Business Machines plans to buy analytics software provider DemandTec for about $440 million in cash.,topStory
IVC,Invacare Corporation,20111208,UPDATE 1-FDA proposes suspension of some Invacare operations ,Dec 8 Invacare Corp said U.S. health regulators have proposed the suspension of certain operations at the medical equipment maker's corporate office and its wheelchair manufacturing facility in Elyria  Ohio.,topStory
JPM,J P Morgan Chase & Co,20111208,Dutch fund sues JPMorgan over mortgage pools ,NEW YORK JPMorgan Chase & Co has been sued by Stichting Pensioenfonds ABP  a pension fund for public employees in the Netherlands  over residential mortgage-backed securities it purchased.,topStory
JCP,JC Penney Company Inc Holding Company,20111208,Penney adds Martha Stewart brand in shot at Macy's ,J.C. Penney Co Inc  took a large stake in Martha Stewart Living Omnimedia Inc  and plans to open Martha Stewart shops within its stores in 2013  in the first big deal announced by its new chief executive and a challenge to rival department stores like Macy's Inc .,topStory
KFY,Korn/Ferry International,20111208,UPDATE 1-Korn/Ferry Q2 earnings miss Wall Street view ,Dec 8 Korn/Ferry International Inc  posted a quarterly profit that missed analysts' expectations  hurt by higher expenses  and the U.S. executive search company forecast lower-than-expected third-quarter earnings.,topStory
LMT,Lockheed Martin Corporation,20111208,RPT-UPDATE 1-Lockheed  other defense firms targeted by hackers ,* More evidence of campaign against defense firms-analyst,topStory
LMT,Lockheed Martin Corporation,20111208,UPDATE 1-Lockheed  other defense firms targeted by hackers ,* More evidence of campaign against defense firms-analyst,normal
M,Macy&#39;s Inc,20111208,Stern Advice: Companies shake up 401(k)plans  cut fees ,WASHINGTON Companies are shaking up their 401(k) retirement plans  trimming lists of mutual fund offerings and shaving the fees workers pay as they prepare for new federal rules that will put more plan information in front of employees.,topStory
M,Macy&#39;s Inc,20111208,Penney adds Martha Stewart brand in shot at Macy's ,J.C. Penney Co Inc  took a large stake in Martha Stewart Living Omnimedia Inc  and plans to open Martha Stewart shops within its stores in 2013  in the first big deal announced by its new chief executive and a challenge to rival department stores like Macy's Inc .,normal
MTW,Manitowoc Company Inc (The),20111208,UPDATE 1-Manitowoc warns on fourth-quarter sales ,Dec 8 Diversified industrial manufacturer Manitowoc Co Inc said supply-chain issues regarding some crane components and striking workers at its Wisconsin facility will hurt fourth-quarter sales.,topStory
MFC,Manulife Financial Corp,20111208,UPDATE 2-US Prudential keen on S.Korea's Tong Yang Life- source ,* Vogo Fund seeks to sell up to 60.7 pct stake in Tong Yang,topStory
MCD,McDonald&#39;s Corporation,20111208,McDonald's November sales beat Street view ,McDonald's Corp  reported a bigger-than-expected rise in November sales at established restaurants across the board  led by big gains in Japan  China and a strong showing in its top revenue market of Europe.,topStory
MCD,McDonald&#39;s Corporation,20111208,UPDATE 2-McDonald's Nov. comp sales beat Street view ,-    * Nov. global same-store sales up 7.4 pct vs view 4.6 pct,normal
MCO,Moody&#39;s Corporation,20111208,BRIEF-Moody's assigns definitive ratings to structured settlement securitization sponsored by J.G. Wentworth ,* Moody's assigns definitive ratings to structured settlement securitization sponsored by J.G. Wentworth,topStory
MCO,Moody&#39;s Corporation,20111208,BRIEF-Moody's asgns rtgs to notes by Siena SME 11-1 S.r.l ,* Moody's assigns definitive ratings to Notes issued by Siena SME 11-1 S.r.l.,normal
MCO,Moody&#39;s Corporation,20111208,BRIEF-Moody's on Indiana Finance Authority Industrial Development Revenue Bonds ,Dec 08 Indiana Finance Authority Industrial Development Revenue Bonds,normal
MCO,Moody&#39;s Corporation,20111208,BRIEF-Moody's:Corporate default rate falls to 1.8% in November ,* Moody's :Corporate Default Rate Falls to 1.8% in November,normal
MS,Morgan Stanley,20111208,ON THE MOVE: UBS recruits Morgan Stanley Smith Barney team ,Dec 8 UBS Wealth Management Americas    the U.S. brokerage division of the Swiss bank  has hired three Morgan Stanley Smith Barney advisers that together managed more than $200 million in client assets  the firm said on Thursday.,topStory
MOS,Mosaic Company (The),20111208,UPDATE 2-Potash  Mosaic end legal battle over Saskatchewan mine ,* Mosaic to deliver output owed to Potash Corp till Dec 2012,topStory
PAA,Plains All American Pipeline LP,20111208,Plains to convert line to carry crude to Cushing ,NEW YORK  Dec 8 Plains All American Pipeline LP said on Thursday it will convert its liquefied petroleum gas pipeline to carry crude from a once abandoned oil field to the Plains' oil terminal at Cushing  Oklahoma.,topStory
PJH,Prudential Financial Inc,20111208,Prudential keen on S.Korea's Tong Yang Life: source ,SEOUL Prudential Financial Inc   the second-largest life insurer in the United states  is interested in buying South Korea's Tong Yang Life Insurance   a source with knowledge of the matter said.,topStory
PJH,Prudential Financial Inc,20111208,UPDATE 2-US Prudential keen on S.Korea's Tong Yang Life- source ,* Vogo Fund seeks to sell up to 60.7 pct stake in Tong Yang,normal
PJH,Prudential Financial Inc,20111208,Prudential interested in South Korea's Tong Yang Life - source ,SEOUL  Dec 8 Prudential Financial  the second-largest life insurer in the United states  is considering making an offer for control of South Korea's Tong Yang Life Insurance  a source with knowledge of the matter said.,normal
PRH,Prudential Financial Inc,20111208,Prudential keen on S.Korea's Tong Yang Life: source ,SEOUL Prudential Financial Inc   the second-largest life insurer in the United states  is interested in buying South Korea's Tong Yang Life Insurance   a source with knowledge of the matter said.,topStory
PRH,Prudential Financial Inc,20111208,UPDATE 2-US Prudential keen on S.Korea's Tong Yang Life- source ,* Vogo Fund seeks to sell up to 60.7 pct stake in Tong Yang,normal
PRH,Prudential Financial Inc,20111208,Prudential interested in South Korea's Tong Yang Life - source ,SEOUL  Dec 8 Prudential Financial  the second-largest life insurer in the United states  is considering making an offer for control of South Korea's Tong Yang Life Insurance  a source with knowledge of the matter said.,normal
PRU,Prudential Financial Inc,20111208,Prudential keen on S.Korea's Tong Yang Life: source ,SEOUL Prudential Financial Inc   the second-largest life insurer in the United states  is interested in buying South Korea's Tong Yang Life Insurance   a source with knowledge of the matter said.,topStory
PRU,Prudential Financial Inc,20111208,UPDATE 2-US Prudential keen on S.Korea's Tong Yang Life- source ,* Vogo Fund seeks to sell up to 60.7 pct stake in Tong Yang,normal
PRU,Prudential Financial Inc,20111208,Prudential interested in South Korea's Tong Yang Life - source ,SEOUL  Dec 8 Prudential Financial  the second-largest life insurer in the United states  is considering making an offer for control of South Korea's Tong Yang Life Insurance  a source with knowledge of the matter said.,normal
RJF,Raymond James Financial Inc,20111208,DIARY-U.S. MEETINGS/WEEK AHEAD ,THOMSON REUTERS  December 8  2011 - Corporate Meetings for US companies for Week ahead.	         S&P 500 Earnings - Weekly           S&P 500 Earnings - Day Ahead   	     Non S&P 500 - Weekly               Non S&P 500 - Day Ahead        	     ConferenceCall/Webcast - Weekly    ConferenceCall/Webcast - Day   	     S&P 500 Earnings - Monthly           Meetings - Day Ahead           	     Economic Indicators                  Dividends                      	     Daily earnings hits & misses    	     ,topStory
RBS,Royal Bank Scotland plc (The),20111208,New Issue-Akzo Nobel prices 800 mln euro 2018 bond ,Underlying govt bond    Over Mid-swaps  equivalent to 274bp,topStory
SAP,SAP SE,20111208,RLPC-SAP to repay loan for SuccessFactors with cashflow ,LONDON  Dec 8 German business software company SAP's 1 billion euro ($1.33 billion) loan to back its acquisition of cloud computing firm SuccessFactors Inc  is expected to be repaid quickly by SAP's free cashflow  banking sources said on Thursday.,topStory
SNE,Sony Corp Ord,20111208,UPDATE 1-NCC Group sees strong year on rising IT security awareness ,* Sees FY12 pretax profit of 21-21.5 mln stg  ahead of market view,topStory
BID,Sotheby&#39;s,20111208,Top diamonds fail to sell at NY jewelry auction ,NEW YORK Just days before one of the most anticipated jewelry sales in years  an auction of diamonds  sapphires and other gems produced middling results.,topStory
S,Sprint Corporation,20111208,Publicis lands Sprint advertising deal ,PARIS  Dec 8    Sprint  the No.3 U.S. mobile provider  said on Thursday it awarded a global advertising contract to Digitas  a unit French advertising group Publicis.,topStory
S,Sprint Corporation,20111208,UPDATE 1-Clearwire ups its stock offering to $350 mln ,* Offering priced at $2/shr  12 pct below Wednesday close,normal
TOT,Total SA,20111208,Total's Alberta oil sands project gets approved ,CALGARY  Alberta The Canadian government gave Total SA approval on Thursday to start construction on its C$9 billion ($8.9 billion) Joslyn North oil sands project in Alberta  marking the fifth mining development in the vast crude deposit.,topStory
TOT,Total SA,20111208,Uganda hopes to be able to approve Tullow deal by Jan ,NEW DELHI  Dec 8 Approval for Tullow Oil's  sale of some of its Ugandan assets to CNOOC  and Total could come before the end of January if the company furnishes details about the deal within two weeks  Uganda's oil minister said on Thursday.,normal
UMC,United Microelectronics Corporation,20111208,Taiwan's UMC Nov sales fall 22.75 pct on year ,TAIPEI  Dec 8 Taiwan's UMC  the world's No.2 contract chipmaker  said on Thursday its November sales fell 22.75 percent from a year earlier.,topStory
VZ,Verizon Communications Inc,20111208,Coinstar shares rise on Redbox-Verizon partnership report ,Shares of Coinstar Inc jumped 11 percent after media reports that the kiosk maker's Redbox rental service is partnering with Verizon Communications for a new online streaming service.,topStory
VZA,Verizon Communications Inc,20111208,Coinstar shares rise on Redbox-Verizon partnership report ,Shares of Coinstar Inc jumped 11 percent after media reports that the kiosk maker's Redbox rental service is partnering with Verizon Communications for a new online streaming service.,topStory
WMT,Wal-Mart Stores Inc,20111208,Wal-Mart files plan for share sale by Waltons ,Wal-Mart Stores  disclosed an agreement on Thursday to sell more than 70 million shares of the world's largest retailer by a firm controlled by members of the founding Walton family.,topStory
WFC,Wells Fargo & Company,20111208,Wachovia agrees to $148 million pact with SEC  states ,Wachovia Bank  owned by Wells Fargo & Co  agreed to pay $148 million in a settlement with federal and state authorities over allegations of bid-rigging and other abuses in the municipal bond derivatives market.,topStory
WFC,Wells Fargo & Company,20111208,Liquidity twist on bank liability management ,LONDON  Dec 8 (IFR) - Wells Fargo and Yorkshire Building Society joined the bulging liability management pipeline on Thursday  although unlike recent exercises conducted by European banks  they cited liquidity as the rationale for their deals.,normal
ZBK,Zions Bancorporation,20111208,BRIEF-Moody's Upgrades Zions (LT Deposits to Ba1)  outlook stable ,* Moody's Upgrades Zions (LT Deposits to Ba1)  outlook stable,topStory
