AMZN,Amazoncom Inc,20111129,Retail stocks up after strong holiday weekend ,After a blockbuster performance over the long Thanksgiving weekend  risk-taking retailers such as Macy's Inc  and Amazon.com Inc  were rewarded with big gains in their shares  while chains that are still tinkering with their strategies reaped smaller rewards. | Video ,topStory
AAPL,Apple Inc,20111129,UPDATE 1-HTC does not violate FlashPoint patent  ITC says ,Nov 29 HTC Corp   the world's No. 5 smartphone maker  does not infringe patented technology owned by FlashPoint Technology in making its smartphones with digital cameras  the International Trade Commission said on Tuesday.,topStory
AAPL,Apple Inc,20111129,RIM to offer security features for iPhone  Android ,TORONTO Research In Motion is introducing a software tool that gives corporate customers the option of linking employees' personal iPhones to the BlackBerry network without compromising security.,normal
AAPL,Apple Inc,20111129,UPDATE 1-RIM to offer security features for iPhone  Androids ,* RIM's Mobile Fusion to work on corporate iPhones  Androids   * New software may protect RIM's corporate base - analysts   * No detail on price until Q1 release; will be "competitive"   * Shares jump 8 pct; still down about 70 pct this year,normal
AAPL,Apple Inc,20111129,Apple beats Android in Britain ,The long-awaited iPhone 4S launch helped Apple Inc take top spot in the British smartphone market in October  overtaking phones using Google Inc's Android platform  data from research firm Kantar Worldpanel ComTech showed on Monday.,normal
BMLP,Bank Of Montreal,20111129,Greater Toronto Airports Auth sells C$400 mln notes ,Nov 29 (Reuters) The Greater Toronto Airports Authority on Tuesday sold C$400 million ($388 million) of 30-year medium-term notes  according to a term sheet seen by Reuters.,topStory
TAPR,Barclays Inverse US Treasury Composite ETN,20111129,S&P criteria change reduces ratings on big banks ,NEW YORK Standard & Poor's reduced its credit ratings on 15 big banking companies  mostly in the Europe and United States  on Tuesday as the result of a sweeping overhaul of its ratings criteria.,topStory
TAPR,Barclays Inverse US Treasury Composite ETN,20111129,S&P criteria change reduces ratings on big banks ,NEW YORK  Nov 29 Standard & Poor's reduced its credit ratings on several big banks in the United States and Europe on Tuesday as the result of an overhaul of its ratings criteria.,normal
TAPR,Barclays Inverse US Treasury Composite ETN,20111129,New Issue-John Deere Capital sells $1.1 bln notes in 2 parts ,Nov 29 John Deere Capital Corp on Tuesday sold $1.1 billion of notes in two parts  said IFR  a Thomson Reuters service.     Barclays Capital  Deutsche Bank and J.P. Morgan were the joint bookrunning manager for the sale. BORROWER: JOHN DEERE CAPITAL CORP TRANCHE 1 AMT $600 MLN      COUPON 1.25 PCT      MATURITY    12/2/2014 TYPE NTS          ISS PRICE 99.871     FIRST PAY    6/2/2012 MOODY'S A2        YIELD 1.294          SETTLEMENT  12/2/2011 S&P SINGLE-A      SPREAD 90 BPS        P,normal
TAPR,Barclays Inverse US Treasury Composite ETN,20111129,MOVES-Citi Private Bank  Robert W. Baird  Barclays Wealth ,Nov 29 The following financial service industry appointments were announced on Tuesday. To inform us of other job changes  email to moves@thomsonreuters.com.,normal
TAPR,Barclays Inverse US Treasury Composite ETN,20111129,TABLE-Companies exposed to carbon price crash ,LONDON  Nov 29    Prices for U.N.-backed carbon credits fell to a new record low below 5 euros last week  as anxiety about economic growth fuelled panic selling.	     The U.N.'s Clean Development Mechanism is already suffering from record credit issuance and uncertainty about its future after emissions-cutting pact the Kyoto Protocol expires in 2012.	     Under the scheme  countries or private investors can finance projects that cut emissions of six greenhouse gases in countries with,normal
TAPR,Barclays Inverse US Treasury Composite ETN,20111129,CORRECTED-New Issue-CADES adds 280 mln euros to 2021 bond ,November 29 (Reuters) -Following are terms and conditions,normal
DLBL,Barclays PLC,20111129,S&P criteria change reduces ratings on big banks ,NEW YORK Standard & Poor's reduced its credit ratings on 15 big banking companies  mostly in the Europe and United States  on Tuesday as the result of a sweeping overhaul of its ratings criteria.,topStory
DLBL,Barclays PLC,20111129,S&P criteria change reduces ratings on big banks ,NEW YORK  Nov 29 Standard & Poor's reduced its credit ratings on several big banks in the United States and Europe on Tuesday as the result of an overhaul of its ratings criteria.,normal
DLBL,Barclays PLC,20111129,New Issue-John Deere Capital sells $1.1 bln notes in 2 parts ,Nov 29 John Deere Capital Corp on Tuesday sold $1.1 billion of notes in two parts  said IFR  a Thomson Reuters service.     Barclays Capital  Deutsche Bank and J.P. Morgan were the joint bookrunning manager for the sale. BORROWER: JOHN DEERE CAPITAL CORP TRANCHE 1 AMT $600 MLN      COUPON 1.25 PCT      MATURITY    12/2/2014 TYPE NTS          ISS PRICE 99.871     FIRST PAY    6/2/2012 MOODY'S A2        YIELD 1.294          SETTLEMENT  12/2/2011 S&P SINGLE-A      SPREAD 90 BPS        P,normal
DLBL,Barclays PLC,20111129,MOVES-Citi Private Bank  Robert W. Baird  Barclays Wealth ,Nov 29 The following financial service industry appointments were announced on Tuesday. To inform us of other job changes  email to moves@thomsonreuters.com.,normal
DLBL,Barclays PLC,20111129,TABLE-Companies exposed to carbon price crash ,LONDON  Nov 29    Prices for U.N.-backed carbon credits fell to a new record low below 5 euros last week  as anxiety about economic growth fuelled panic selling.	     The U.N.'s Clean Development Mechanism is already suffering from record credit issuance and uncertainty about its future after emissions-cutting pact the Kyoto Protocol expires in 2012.	     Under the scheme  countries or private investors can finance projects that cut emissions of six greenhouse gases in countries with,normal
DLBL,Barclays PLC,20111129,CORRECTED-New Issue-CADES adds 280 mln euros to 2021 bond ,November 29 (Reuters) -Following are terms and conditions,normal
DTYL,Barclays PLC,20111129,S&P criteria change reduces ratings on big banks ,NEW YORK Standard & Poor's reduced its credit ratings on 15 big banking companies  mostly in the Europe and United States  on Tuesday as the result of a sweeping overhaul of its ratings criteria.,topStory
DTYL,Barclays PLC,20111129,S&P criteria change reduces ratings on big banks ,NEW YORK  Nov 29 Standard & Poor's reduced its credit ratings on several big banks in the United States and Europe on Tuesday as the result of an overhaul of its ratings criteria.,normal
DTYL,Barclays PLC,20111129,New Issue-John Deere Capital sells $1.1 bln notes in 2 parts ,Nov 29 John Deere Capital Corp on Tuesday sold $1.1 billion of notes in two parts  said IFR  a Thomson Reuters service.     Barclays Capital  Deutsche Bank and J.P. Morgan were the joint bookrunning manager for the sale. BORROWER: JOHN DEERE CAPITAL CORP TRANCHE 1 AMT $600 MLN      COUPON 1.25 PCT      MATURITY    12/2/2014 TYPE NTS          ISS PRICE 99.871     FIRST PAY    6/2/2012 MOODY'S A2        YIELD 1.294          SETTLEMENT  12/2/2011 S&P SINGLE-A      SPREAD 90 BPS        P,normal
DTYL,Barclays PLC,20111129,MOVES-Citi Private Bank  Robert W. Baird  Barclays Wealth ,Nov 29 The following financial service industry appointments were announced on Tuesday. To inform us of other job changes  email to moves@thomsonreuters.com.,normal
DTYL,Barclays PLC,20111129,TABLE-Companies exposed to carbon price crash ,LONDON  Nov 29    Prices for U.N.-backed carbon credits fell to a new record low below 5 euros last week  as anxiety about economic growth fuelled panic selling.	     The U.N.'s Clean Development Mechanism is already suffering from record credit issuance and uncertainty about its future after emissions-cutting pact the Kyoto Protocol expires in 2012.	     Under the scheme  countries or private investors can finance projects that cut emissions of six greenhouse gases in countries with,normal
DTYL,Barclays PLC,20111129,CORRECTED-New Issue-CADES adds 280 mln euros to 2021 bond ,November 29 (Reuters) -Following are terms and conditions,normal
BECN,Beacon Roofing Supply Inc,20111129,UPDATE 1- Beacon Roofing Q4 beats Street ,Nov 29 Roofing products distributor Beacon Roofing Supply Inc posted better-than-expected quarterly results driven by re-roofing activity following spring hail storms and price increases.,topStory
CSCO,Cisco Systems Inc,20111129,Global cloud data traffic growing rapidly: Cisco ,Network equipment maker Cisco Systems Inc said global cloud data traffic will grow at a compound annual rate of 66 percent between 2010 and 2015  as consumers and businesses seek untethered access to content and applications.,topStory
CSCO,Cisco Systems Inc,20111129,Global cloud data traffic growing rapidly - Cisco ,Nov 29 Network equipment maker Cisco Systems Inc said global cloud data traffic will grow at a compound annual rate of 66 percent between 2010 and 2015  as consumers and businesses seek untethered access to content and applications.,normal
CME,CME Group Inc,20111129,UPDATE 2-Illinois house votes down CME  Sears tax relief ,CHICAGO  Nov 29 The Illinois house voted down a proposal on Tuesday that would have given $100 million in tax relief to CME Group and Sears Holdings   which have threatened to move to other states.,topStory
CME,CME Group Inc,20111129,Illinois senate panel passes CME  Sears tax breaks ,CHICAGO  Nov 29 A second committee of Illinois legislators approved a proposal that gives $100 million in tax relief to CME Group and Sears Holdings   which have threatened to move to other states.,normal
ESRX,Express Scripts Holding Company,20111129,Seven U.S. lawmakers back Medco/Express Scripts deal ,WASHINGTON  Nov 28 Seven U.S. lawmakers with the Congressional Black Caucus sent a letter to antitrust regulators supporting Express Scripts' planned purchase of pharmacy benefits manager Medco Health Solutions .,topStory
INTU,Intuit Inc,20111129,Small businesses create 55 000 jobs in November ,WASHINGTON U.S. small businesses created 55 000 jobs in November but employees worked fewer hours and earned less money  according to a survey on Tuesday that highlighted the still weak labor market conditions.,topStory
DTYS,iPath US Treasury 10-year Bear ETN,20111129,S&P criteria change reduces ratings on big banks ,NEW YORK Standard & Poor's reduced its credit ratings on 15 big banking companies  mostly in the Europe and United States  on Tuesday as the result of a sweeping overhaul of its ratings criteria.,topStory
DTYS,iPath US Treasury 10-year Bear ETN,20111129,S&P criteria change reduces ratings on big banks ,NEW YORK  Nov 29 Standard & Poor's reduced its credit ratings on several big banks in the United States and Europe on Tuesday as the result of an overhaul of its ratings criteria.,normal
DTYS,iPath US Treasury 10-year Bear ETN,20111129,New Issue-John Deere Capital sells $1.1 bln notes in 2 parts ,Nov 29 John Deere Capital Corp on Tuesday sold $1.1 billion of notes in two parts  said IFR  a Thomson Reuters service.     Barclays Capital  Deutsche Bank and J.P. Morgan were the joint bookrunning manager for the sale. BORROWER: JOHN DEERE CAPITAL CORP TRANCHE 1 AMT $600 MLN      COUPON 1.25 PCT      MATURITY    12/2/2014 TYPE NTS          ISS PRICE 99.871     FIRST PAY    6/2/2012 MOODY'S A2        YIELD 1.294          SETTLEMENT  12/2/2011 S&P SINGLE-A      SPREAD 90 BPS        P,normal
DTYS,iPath US Treasury 10-year Bear ETN,20111129,MOVES-Citi Private Bank  Robert W. Baird  Barclays Wealth ,Nov 29 The following financial service industry appointments were announced on Tuesday. To inform us of other job changes  email to moves@thomsonreuters.com.,normal
DTYS,iPath US Treasury 10-year Bear ETN,20111129,TABLE-Companies exposed to carbon price crash ,LONDON  Nov 29    Prices for U.N.-backed carbon credits fell to a new record low below 5 euros last week  as anxiety about economic growth fuelled panic selling.	     The U.N.'s Clean Development Mechanism is already suffering from record credit issuance and uncertainty about its future after emissions-cutting pact the Kyoto Protocol expires in 2012.	     Under the scheme  countries or private investors can finance projects that cut emissions of six greenhouse gases in countries with,normal
DTYS,iPath US Treasury 10-year Bear ETN,20111129,CORRECTED-New Issue-CADES adds 280 mln euros to 2021 bond ,November 29 (Reuters) -Following are terms and conditions,normal
DTUS,iPath US Treasury 2-year Bear ETN,20111129,S&P criteria change reduces ratings on big banks ,NEW YORK Standard & Poor's reduced its credit ratings on 15 big banking companies  mostly in the Europe and United States  on Tuesday as the result of a sweeping overhaul of its ratings criteria.,topStory
DTUS,iPath US Treasury 2-year Bear ETN,20111129,S&P criteria change reduces ratings on big banks ,NEW YORK  Nov 29 Standard & Poor's reduced its credit ratings on several big banks in the United States and Europe on Tuesday as the result of an overhaul of its ratings criteria.,normal
DTUS,iPath US Treasury 2-year Bear ETN,20111129,New Issue-John Deere Capital sells $1.1 bln notes in 2 parts ,Nov 29 John Deere Capital Corp on Tuesday sold $1.1 billion of notes in two parts  said IFR  a Thomson Reuters service.     Barclays Capital  Deutsche Bank and J.P. Morgan were the joint bookrunning manager for the sale. BORROWER: JOHN DEERE CAPITAL CORP TRANCHE 1 AMT $600 MLN      COUPON 1.25 PCT      MATURITY    12/2/2014 TYPE NTS          ISS PRICE 99.871     FIRST PAY    6/2/2012 MOODY'S A2        YIELD 1.294          SETTLEMENT  12/2/2011 S&P SINGLE-A      SPREAD 90 BPS        P,normal
DTUS,iPath US Treasury 2-year Bear ETN,20111129,MOVES-Citi Private Bank  Robert W. Baird  Barclays Wealth ,Nov 29 The following financial service industry appointments were announced on Tuesday. To inform us of other job changes  email to moves@thomsonreuters.com.,normal
DTUS,iPath US Treasury 2-year Bear ETN,20111129,TABLE-Companies exposed to carbon price crash ,LONDON  Nov 29    Prices for U.N.-backed carbon credits fell to a new record low below 5 euros last week  as anxiety about economic growth fuelled panic selling.	     The U.N.'s Clean Development Mechanism is already suffering from record credit issuance and uncertainty about its future after emissions-cutting pact the Kyoto Protocol expires in 2012.	     Under the scheme  countries or private investors can finance projects that cut emissions of six greenhouse gases in countries with,normal
DTUS,iPath US Treasury 2-year Bear ETN,20111129,CORRECTED-New Issue-CADES adds 280 mln euros to 2021 bond ,November 29 (Reuters) -Following are terms and conditions,normal
DTUL,iPath US Treasury 2-year Bull ETN,20111129,S&P criteria change reduces ratings on big banks ,NEW YORK Standard & Poor's reduced its credit ratings on 15 big banking companies  mostly in the Europe and United States  on Tuesday as the result of a sweeping overhaul of its ratings criteria.,topStory
DTUL,iPath US Treasury 2-year Bull ETN,20111129,S&P criteria change reduces ratings on big banks ,NEW YORK  Nov 29 Standard & Poor's reduced its credit ratings on several big banks in the United States and Europe on Tuesday as the result of an overhaul of its ratings criteria.,normal
DTUL,iPath US Treasury 2-year Bull ETN,20111129,New Issue-John Deere Capital sells $1.1 bln notes in 2 parts ,Nov 29 John Deere Capital Corp on Tuesday sold $1.1 billion of notes in two parts  said IFR  a Thomson Reuters service.     Barclays Capital  Deutsche Bank and J.P. Morgan were the joint bookrunning manager for the sale. BORROWER: JOHN DEERE CAPITAL CORP TRANCHE 1 AMT $600 MLN      COUPON 1.25 PCT      MATURITY    12/2/2014 TYPE NTS          ISS PRICE 99.871     FIRST PAY    6/2/2012 MOODY'S A2        YIELD 1.294          SETTLEMENT  12/2/2011 S&P SINGLE-A      SPREAD 90 BPS        P,normal
DTUL,iPath US Treasury 2-year Bull ETN,20111129,MOVES-Citi Private Bank  Robert W. Baird  Barclays Wealth ,Nov 29 The following financial service industry appointments were announced on Tuesday. To inform us of other job changes  email to moves@thomsonreuters.com.,normal
DTUL,iPath US Treasury 2-year Bull ETN,20111129,TABLE-Companies exposed to carbon price crash ,LONDON  Nov 29    Prices for U.N.-backed carbon credits fell to a new record low below 5 euros last week  as anxiety about economic growth fuelled panic selling.	     The U.N.'s Clean Development Mechanism is already suffering from record credit issuance and uncertainty about its future after emissions-cutting pact the Kyoto Protocol expires in 2012.	     Under the scheme  countries or private investors can finance projects that cut emissions of six greenhouse gases in countries with,normal
DTUL,iPath US Treasury 2-year Bull ETN,20111129,CORRECTED-New Issue-CADES adds 280 mln euros to 2021 bond ,November 29 (Reuters) -Following are terms and conditions,normal
DFVS,iPath US Treasury 5-year Bear ETN,20111129,S&P criteria change reduces ratings on big banks ,NEW YORK Standard & Poor's reduced its credit ratings on 15 big banking companies  mostly in the Europe and United States  on Tuesday as the result of a sweeping overhaul of its ratings criteria.,topStory
DFVS,iPath US Treasury 5-year Bear ETN,20111129,S&P criteria change reduces ratings on big banks ,NEW YORK  Nov 29 Standard & Poor's reduced its credit ratings on several big banks in the United States and Europe on Tuesday as the result of an overhaul of its ratings criteria.,normal
DFVS,iPath US Treasury 5-year Bear ETN,20111129,New Issue-John Deere Capital sells $1.1 bln notes in 2 parts ,Nov 29 John Deere Capital Corp on Tuesday sold $1.1 billion of notes in two parts  said IFR  a Thomson Reuters service.     Barclays Capital  Deutsche Bank and J.P. Morgan were the joint bookrunning manager for the sale. BORROWER: JOHN DEERE CAPITAL CORP TRANCHE 1 AMT $600 MLN      COUPON 1.25 PCT      MATURITY    12/2/2014 TYPE NTS          ISS PRICE 99.871     FIRST PAY    6/2/2012 MOODY'S A2        YIELD 1.294          SETTLEMENT  12/2/2011 S&P SINGLE-A      SPREAD 90 BPS        P,normal
DFVS,iPath US Treasury 5-year Bear ETN,20111129,MOVES-Citi Private Bank  Robert W. Baird  Barclays Wealth ,Nov 29 The following financial service industry appointments were announced on Tuesday. To inform us of other job changes  email to moves@thomsonreuters.com.,normal
DFVS,iPath US Treasury 5-year Bear ETN,20111129,TABLE-Companies exposed to carbon price crash ,LONDON  Nov 29    Prices for U.N.-backed carbon credits fell to a new record low below 5 euros last week  as anxiety about economic growth fuelled panic selling.	     The U.N.'s Clean Development Mechanism is already suffering from record credit issuance and uncertainty about its future after emissions-cutting pact the Kyoto Protocol expires in 2012.	     Under the scheme  countries or private investors can finance projects that cut emissions of six greenhouse gases in countries with,normal
DFVS,iPath US Treasury 5-year Bear ETN,20111129,CORRECTED-New Issue-CADES adds 280 mln euros to 2021 bond ,November 29 (Reuters) -Following are terms and conditions,normal
DFVL,iPath US Treasury 5-year Bull ETN,20111129,S&P criteria change reduces ratings on big banks ,NEW YORK Standard & Poor's reduced its credit ratings on 15 big banking companies  mostly in the Europe and United States  on Tuesday as the result of a sweeping overhaul of its ratings criteria.,topStory
DFVL,iPath US Treasury 5-year Bull ETN,20111129,S&P criteria change reduces ratings on big banks ,NEW YORK  Nov 29 Standard & Poor's reduced its credit ratings on several big banks in the United States and Europe on Tuesday as the result of an overhaul of its ratings criteria.,normal
DFVL,iPath US Treasury 5-year Bull ETN,20111129,New Issue-John Deere Capital sells $1.1 bln notes in 2 parts ,Nov 29 John Deere Capital Corp on Tuesday sold $1.1 billion of notes in two parts  said IFR  a Thomson Reuters service.     Barclays Capital  Deutsche Bank and J.P. Morgan were the joint bookrunning manager for the sale. BORROWER: JOHN DEERE CAPITAL CORP TRANCHE 1 AMT $600 MLN      COUPON 1.25 PCT      MATURITY    12/2/2014 TYPE NTS          ISS PRICE 99.871     FIRST PAY    6/2/2012 MOODY'S A2        YIELD 1.294          SETTLEMENT  12/2/2011 S&P SINGLE-A      SPREAD 90 BPS        P,normal
DFVL,iPath US Treasury 5-year Bull ETN,20111129,MOVES-Citi Private Bank  Robert W. Baird  Barclays Wealth ,Nov 29 The following financial service industry appointments were announced on Tuesday. To inform us of other job changes  email to moves@thomsonreuters.com.,normal
DFVL,iPath US Treasury 5-year Bull ETN,20111129,TABLE-Companies exposed to carbon price crash ,LONDON  Nov 29    Prices for U.N.-backed carbon credits fell to a new record low below 5 euros last week  as anxiety about economic growth fuelled panic selling.	     The U.N.'s Clean Development Mechanism is already suffering from record credit issuance and uncertainty about its future after emissions-cutting pact the Kyoto Protocol expires in 2012.	     Under the scheme  countries or private investors can finance projects that cut emissions of six greenhouse gases in countries with,normal
DFVL,iPath US Treasury 5-year Bull ETN,20111129,CORRECTED-New Issue-CADES adds 280 mln euros to 2021 bond ,November 29 (Reuters) -Following are terms and conditions,normal
FLAT,iPath US Treasury Flattener ETN,20111129,S&P criteria change reduces ratings on big banks ,NEW YORK Standard & Poor's reduced its credit ratings on 15 big banking companies  mostly in the Europe and United States  on Tuesday as the result of a sweeping overhaul of its ratings criteria.,topStory
FLAT,iPath US Treasury Flattener ETN,20111129,S&P criteria change reduces ratings on big banks ,NEW YORK  Nov 29 Standard & Poor's reduced its credit ratings on several big banks in the United States and Europe on Tuesday as the result of an overhaul of its ratings criteria.,normal
FLAT,iPath US Treasury Flattener ETN,20111129,New Issue-John Deere Capital sells $1.1 bln notes in 2 parts ,Nov 29 John Deere Capital Corp on Tuesday sold $1.1 billion of notes in two parts  said IFR  a Thomson Reuters service.     Barclays Capital  Deutsche Bank and J.P. Morgan were the joint bookrunning manager for the sale. BORROWER: JOHN DEERE CAPITAL CORP TRANCHE 1 AMT $600 MLN      COUPON 1.25 PCT      MATURITY    12/2/2014 TYPE NTS          ISS PRICE 99.871     FIRST PAY    6/2/2012 MOODY'S A2        YIELD 1.294          SETTLEMENT  12/2/2011 S&P SINGLE-A      SPREAD 90 BPS        P,normal
FLAT,iPath US Treasury Flattener ETN,20111129,MOVES-Citi Private Bank  Robert W. Baird  Barclays Wealth ,Nov 29 The following financial service industry appointments were announced on Tuesday. To inform us of other job changes  email to moves@thomsonreuters.com.,normal
FLAT,iPath US Treasury Flattener ETN,20111129,TABLE-Companies exposed to carbon price crash ,LONDON  Nov 29    Prices for U.N.-backed carbon credits fell to a new record low below 5 euros last week  as anxiety about economic growth fuelled panic selling.	     The U.N.'s Clean Development Mechanism is already suffering from record credit issuance and uncertainty about its future after emissions-cutting pact the Kyoto Protocol expires in 2012.	     Under the scheme  countries or private investors can finance projects that cut emissions of six greenhouse gases in countries with,normal
FLAT,iPath US Treasury Flattener ETN,20111129,CORRECTED-New Issue-CADES adds 280 mln euros to 2021 bond ,November 29 (Reuters) -Following are terms and conditions,normal
DLBS,iPath US Treasury Long Bond Bear ETN,20111129,S&P criteria change reduces ratings on big banks ,NEW YORK Standard & Poor's reduced its credit ratings on 15 big banking companies  mostly in the Europe and United States  on Tuesday as the result of a sweeping overhaul of its ratings criteria.,topStory
DLBS,iPath US Treasury Long Bond Bear ETN,20111129,S&P criteria change reduces ratings on big banks ,NEW YORK  Nov 29 Standard & Poor's reduced its credit ratings on several big banks in the United States and Europe on Tuesday as the result of an overhaul of its ratings criteria.,normal
DLBS,iPath US Treasury Long Bond Bear ETN,20111129,New Issue-John Deere Capital sells $1.1 bln notes in 2 parts ,Nov 29 John Deere Capital Corp on Tuesday sold $1.1 billion of notes in two parts  said IFR  a Thomson Reuters service.     Barclays Capital  Deutsche Bank and J.P. Morgan were the joint bookrunning manager for the sale. BORROWER: JOHN DEERE CAPITAL CORP TRANCHE 1 AMT $600 MLN      COUPON 1.25 PCT      MATURITY    12/2/2014 TYPE NTS          ISS PRICE 99.871     FIRST PAY    6/2/2012 MOODY'S A2        YIELD 1.294          SETTLEMENT  12/2/2011 S&P SINGLE-A      SPREAD 90 BPS        P,normal
DLBS,iPath US Treasury Long Bond Bear ETN,20111129,MOVES-Citi Private Bank  Robert W. Baird  Barclays Wealth ,Nov 29 The following financial service industry appointments were announced on Tuesday. To inform us of other job changes  email to moves@thomsonreuters.com.,normal
DLBS,iPath US Treasury Long Bond Bear ETN,20111129,TABLE-Companies exposed to carbon price crash ,LONDON  Nov 29    Prices for U.N.-backed carbon credits fell to a new record low below 5 euros last week  as anxiety about economic growth fuelled panic selling.	     The U.N.'s Clean Development Mechanism is already suffering from record credit issuance and uncertainty about its future after emissions-cutting pact the Kyoto Protocol expires in 2012.	     Under the scheme  countries or private investors can finance projects that cut emissions of six greenhouse gases in countries with,normal
DLBS,iPath US Treasury Long Bond Bear ETN,20111129,CORRECTED-New Issue-CADES adds 280 mln euros to 2021 bond ,November 29 (Reuters) -Following are terms and conditions,normal
STPP,iPath US Treasury Steepener ETN,20111129,S&P criteria change reduces ratings on big banks ,NEW YORK Standard & Poor's reduced its credit ratings on 15 big banking companies  mostly in the Europe and United States  on Tuesday as the result of a sweeping overhaul of its ratings criteria.,topStory
STPP,iPath US Treasury Steepener ETN,20111129,S&P criteria change reduces ratings on big banks ,NEW YORK  Nov 29 Standard & Poor's reduced its credit ratings on several big banks in the United States and Europe on Tuesday as the result of an overhaul of its ratings criteria.,normal
STPP,iPath US Treasury Steepener ETN,20111129,New Issue-John Deere Capital sells $1.1 bln notes in 2 parts ,Nov 29 John Deere Capital Corp on Tuesday sold $1.1 billion of notes in two parts  said IFR  a Thomson Reuters service.     Barclays Capital  Deutsche Bank and J.P. Morgan were the joint bookrunning manager for the sale. BORROWER: JOHN DEERE CAPITAL CORP TRANCHE 1 AMT $600 MLN      COUPON 1.25 PCT      MATURITY    12/2/2014 TYPE NTS          ISS PRICE 99.871     FIRST PAY    6/2/2012 MOODY'S A2        YIELD 1.294          SETTLEMENT  12/2/2011 S&P SINGLE-A      SPREAD 90 BPS        P,normal
STPP,iPath US Treasury Steepener ETN,20111129,MOVES-Citi Private Bank  Robert W. Baird  Barclays Wealth ,Nov 29 The following financial service industry appointments were announced on Tuesday. To inform us of other job changes  email to moves@thomsonreuters.com.,normal
STPP,iPath US Treasury Steepener ETN,20111129,TABLE-Companies exposed to carbon price crash ,LONDON  Nov 29    Prices for U.N.-backed carbon credits fell to a new record low below 5 euros last week  as anxiety about economic growth fuelled panic selling.	     The U.N.'s Clean Development Mechanism is already suffering from record credit issuance and uncertainty about its future after emissions-cutting pact the Kyoto Protocol expires in 2012.	     Under the scheme  countries or private investors can finance projects that cut emissions of six greenhouse gases in countries with,normal
STPP,iPath US Treasury Steepener ETN,20111129,CORRECTED-New Issue-CADES adds 280 mln euros to 2021 bond ,November 29 (Reuters) -Following are terms and conditions,normal
MSFT,Microsoft Corporation,20111129,Exclusive: PE firm eyes buyout for Yahoo's U.S. business ,NEW YORK Thomas H. Lee Partners is interested in buying the U.S. operations of Yahoo Inc  breaking away from other bidders that are for now eyeing either a minority stake or teaming up with the Internet giant's partners in Asia  sources familiar with the matter said.,topStory
MSFT,Microsoft Corporation,20111129,Microsoft  AgreeYa to provide access to apps across platforms ,BEIJING Microsoft Corp and U.S. mobile engineering firm AgreeYa Mobility on Tuesday signed an agreement to allow corporations and other users to connect to Microsoft services from a variety of computing platforms  including phones and tablets running Apple Inc's iOS and Google Inc's Android.,normal
MSFT,Microsoft Corporation,20111129,Microsoft  AgreeYa to provide access to apps across platforms ,BEIJING  Nov 29 Microsoft Corp  and U.S. mobile engineering firm AgreeYa Mobility on Tuesday signed an agreement to allow corporations and other users to connect to Microsoft services from a variety of computing platforms  including phones and tablets running Apple Inc's  iOS and Google Inc's Android.,normal
NWS,News Corporation,20111129,Murdoch suffers BSkyB revolt  but hangs on ,LONDON BSkyB independent shareholders dealt James Murdoch a heavy blow on Tuesday with over 40 percent failing to back his re-election as chairman  venting their anger at his handling of a phone hacking scandal. | Video ,topStory
NWS,News Corporation,20111129,CORRECTED-(OFFICIAL)-UPDATE 4-Murdoch suffers BSkyB revolt  but hangs on ,* 17 pct of shareholders vote against Murdoch  7 pct abstain,normal
NWS,News Corporation,20111129,UPDATE 1-Murdoch suffers BSkyB revolt  but hangs on ,LONDON  Nov 29 Investors holding nearly a quarter of BSkyB shares failed to back the re-election of chairman James Murdoch on Tuesday  in protest over the former chief executive's handling of a phone hacking scandal that has damaged the family name.,normal
NWS,News Corporation,20111129,19 percent vote against Murdoch at BSkyB ,LONDON  Nov 29 At least 19 percent of BSkyB investors failed to back the re-election of chairman James Murdoch on Tuesday  in protest over the former chief executive's handling of a phone hacking scandal that has damaged the family name.,normal
NWSA,News Corporation,20111129,Murdoch suffers BSkyB revolt  but hangs on ,LONDON BSkyB independent shareholders dealt James Murdoch a heavy blow on Tuesday with over 40 percent failing to back his re-election as chairman  venting their anger at his handling of a phone hacking scandal. | Video ,topStory
NWSA,News Corporation,20111129,CORRECTED-(OFFICIAL)-UPDATE 4-Murdoch suffers BSkyB revolt  but hangs on ,* 17 pct of shareholders vote against Murdoch  7 pct abstain,normal
NWSA,News Corporation,20111129,UPDATE 1-Murdoch suffers BSkyB revolt  but hangs on ,LONDON  Nov 29 Investors holding nearly a quarter of BSkyB shares failed to back the re-election of chairman James Murdoch on Tuesday  in protest over the former chief executive's handling of a phone hacking scandal that has damaged the family name.,normal
NWSA,News Corporation,20111129,19 percent vote against Murdoch at BSkyB ,LONDON  Nov 29 At least 19 percent of BSkyB investors failed to back the re-election of chairman James Murdoch on Tuesday  in protest over the former chief executive's handling of a phone hacking scandal that has damaged the family name.,normal
OSUR,OraSure Technologies Inc,20111129,OraSure gets wider use for hep C test  shares up ,Nov 29 OraSure Technologies received approval to sell its test for the hepatitis C virus to a wider range of clinics and doctors' offices in the United States  sending shares of the company up nearly 9 percent.,topStory
PBIB,Porter Bancorp Inc,20111129,UPDATE 1-Porter Bancorp shareholder raises bad assets concern ,* Questions accuracy of representations made to investors,topStory
STX,Seagate Technology PLC,20111129,Seagate shares jump on strong Q2 revenue outlook ,Shares of Seagate Technology  jumped 9 percent in pre-market trade on Tuesday after the hard disk drive maker forecast strong second-quarter revenue.,topStory
SHLD,Sears Holdings Corporation,20111129,UPDATE 2-Illinois house votes down CME  Sears tax relief ,CHICAGO  Nov 29 The Illinois house voted down a proposal on Tuesday that would have given $100 million in tax relief to CME Group and Sears Holdings   which have threatened to move to other states.,topStory
SHLD,Sears Holdings Corporation,20111129,Illinois senate panel passes CME  Sears tax breaks ,CHICAGO  Nov 29 A second committee of Illinois legislators approved a proposal that gives $100 million in tax relief to CME Group and Sears Holdings   which have threatened to move to other states.,normal
SIRI,Sirius XM Holdings Inc,20111129,Sirius CEO wants defined role if Liberty takes over ,NEW YORK Sirius XM Radio Inc  CEO Mel Karmazin admits that he doesn't like playing second fiddle  which could pose a problem in 2012 if Liberty Media Corp  increases its stake in the satellite radio operator.,topStory
SIRI,Sirius XM Holdings Inc,20111129,Sirius CEO wants defined role if Liberty takes over ,NEW YORK Sirius XM Radio Inc  CEO Mel Karmazin admits that he doesn't like playing second fiddle  which could pose a problem in 2012 if Liberty Media Corp  increases its stake in the satellite radio operator.,normal
TTWO,Take-Two Interactive Software Inc,20111129,Take-Two CEO aims fire at Zynga before IPO ,NEW YORK Strauss Zelnick  chief executive of video game maker Take-Two Interactive Software Inc <TTWO.O  took aim social gaming company Zynga on Tuesday  questioning its business model and whether investors received enough data before its planned public stock offering. | Video ,topStory
AMTD,TD Ameritrade Holding Corporation,20111129,CORRECTED - Schwab's optionsXpress cuts equity trade commissions ,Nov 29 Options and futures trading specialist optionsXpress said on Tuesday it lowered the price of its U.S. online equity trading commissions to $8.95 a trade from $9.95.,topStory
ANF,Abercrombie & Fitch Company,20111129,European equity funds bleeding assets since 2007: Fitch ,LONDON With the debt crisis raging  nearly two thirds of European equity funds suffered a net loss in assets in 2011 as investors withdrew money  adding to a trend that has seen the sector nearly halve since 2007  a report said on Tuesday.,topStory
ANF,Abercrombie & Fitch Company,20111129,European equity funds bleeding assets since 2007-Fitch ,* Drop reflects 27.6 pct negative return  115 bln eur redemptions,normal
AGCO,AGCO Corporation,20111129,New Issue-AGCO Corp sells $300 mln of notes ,Nov 29 AGCO Corp late on Monday sold $300 million of notes in the 144a private placement market  said IFR  a Thomson Reuters service.     J.P. Morgan was the sole bookrunning manager for the sale. BORROWER: AGCO CORP AMT $300 MLN      COUPON 5.875 PCT     MATURITY   12/1/2021 TYPE NTS          ISS PRICE 100.00     FIRST PAY   6/1/2012 MOODY'S Ba1       YIELD 5.875PCT       SETTLEMENT 12/5/2011 S&P BBB-MINUS     SPREAD N/A           PAY FREQ SEMI-ANNUAL FITCH N/A          MORE THAN TR,topStory
AIG,American International Group Inc,20111129,UPDATE 1-PICC says plans $783 mln rights issue ,* Says to issue rights H shares at 47.1 pct discount to previous close,topStory
AI,Arlington Asset Investment Corp,20111129,DIARY-U.S. MEETINGS/WEEK AHEAD ,THOMSON REUTERS  November 29  2011 - Corporate Meetings for US companies for Week ahead.	         S&P 500 Earnings - Weekly           S&P 500 Earnings - Day Ahead   	     Non S&P 500 - Weekly               Non S&P 500 - Day Ahead        	     ConferenceCall/Webcast - Weekly    ConferenceCall/Webcast - Day   	     S&P 500 Earnings - Monthly           Meetings - Day Ahead           	     Economic Indicators                  Dividends                      	     Daily earnings hits & misses    	    ,topStory
AIC,Arlington Asset Investment Corp,20111129,DIARY-U.S. MEETINGS/WEEK AHEAD ,THOMSON REUTERS  November 29  2011 - Corporate Meetings for US companies for Week ahead.	         S&P 500 Earnings - Weekly           S&P 500 Earnings - Day Ahead   	     Non S&P 500 - Weekly               Non S&P 500 - Day Ahead        	     ConferenceCall/Webcast - Weekly    ConferenceCall/Webcast - Day   	     S&P 500 Earnings - Monthly           Meetings - Day Ahead           	     Economic Indicators                  Dividends                      	     Daily earnings hits & misses    	    ,topStory
AIW,Arlington Asset Investment Corp,20111129,DIARY-U.S. MEETINGS/WEEK AHEAD ,THOMSON REUTERS  November 29  2011 - Corporate Meetings for US companies for Week ahead.	         S&P 500 Earnings - Weekly           S&P 500 Earnings - Day Ahead   	     Non S&P 500 - Weekly               Non S&P 500 - Day Ahead        	     ConferenceCall/Webcast - Weekly    ConferenceCall/Webcast - Day   	     S&P 500 Earnings - Monthly           Meetings - Day Ahead           	     Economic Indicators                  Dividends                      	     Daily earnings hits & misses    	    ,topStory
AGO,Assured Guaranty Ltd,20111129,Lehman Europe claims $1.4 bln from bond insurer ,NEW YORK  Nov 28 The European arm of Lehman Brothers Holdings Inc sued a unit of bond insurer Assured Guaranty Ltd on Monday  claiming more than $1 billion for a series of credit derivative transactions.,topStory
T,AT&T Inc,20111129,FCC to let AT&T pull merger application ,WASHINGTON The Federal Communications Commission granted AT&T Inc's request to withdraw its application for approval of its purchase of T-Mobile USA  an FCC official said on Tuesday.,topStory
T,AT&T Inc,20111129,Analysis: AT&T may struggle to find asset buyers ,AT&T Inc will struggle to find buyers for any asset sale big enough to salvage its $39 billion deal to buy T-Mobile USA  with most likely buyers Leap Wireless International Inc and MetroPCS Communications lacking the cash.,normal
T,AT&T Inc,20111129,UPDATE 1-US FCC to let AT&T pull merger application ,WASHINGTON  Nov 29 The U.S. Federal Communications Commission granted AT&T Inc's request to withdraw its application for approval of its purchase of T-Mobile USA  an FCC official said on Tuesday.,normal
T,AT&T Inc,20111129,US FCC to let AT&T pull merger application-report ,WASHINGTON  Nov 29 The U.S. Federal Communications Commission planned to approve AT&T Inc's  request to withdraw its application for approval of its acquisition of T-Mobile USA  the Wall Street Journal reported on Tuesday.,normal
T,AT&T Inc,20111129,AT&T in talks with Leap about divestitures: report ,AT&T is in talks with Leap Wireless International about a potential sale of some assets to the smaller operator in a last ditch effort to gain regulatory approval for AT&T's proposed T-Mobile USA purchase  according to a New York Times report.,normal
T,AT&T Inc,20111129,AT&T in talks with Leap about divestitures-report ,Nov 29 AT&T Inc is in talks with Leap Wireless International Inc about a potential sale of some assets to the smaller operator in a last ditch effort to gain regulatory approval for AT&T's proposed T-Mobile USA purchase  according to a New York Times report.,normal
T,AT&T Inc,20111129,AT&T's T-Mobile deal could be affected by election ,NEW YORK (TheWrap.com) - The chances of an AT&T-T-Mobile merger grow dimmer by the day  but there may yet be hope on the horizon for the telecommunications giants -- next year's election.,normal
BAC,Bank of America Corporation,20111129,S&P criteria change reduces ratings on big banks ,NEW YORK Standard & Poor's reduced its credit ratings on 15 big banking companies  mostly in the Europe and United States  on Tuesday as the result of a sweeping overhaul of its ratings criteria.,topStory
BAC,Bank of America Corporation,20111129,UPDATE 2-S&P criteria change reduces ratings on big banks ,NEW YORK  Nov 29 Standard & Poor's reduced its credit ratings on 15 big banking companies  mostly in the Europe and United States  on Tuesday as the result of a sweeping overhaul of its ratings criteria.,normal
BAC,Bank of America Corporation,20111129,S&P criteria change reduces ratings on big banks ,NEW YORK  Nov 29 Standard & Poor's reduced its credit ratings on several big banks in the United States and Europe on Tuesday as the result of an overhaul of its ratings criteria.,normal
BAC,Bank of America Corporation,20111129,Bank of America shares hit new 52-week low ,Bank of America Corp  shares touched a new 52-week low on Tuesday and threatened to slip below $5 amid concerns about the European debt crisis and the U.S. economy.,normal
BAC,Bank of America Corporation,20111129,Wisconsin bank settles overdraft case  joins BofA ,Nov 28 A unit of Wisconsin lender Associated Banc-Corp has agreed to pay $13 million to settle consumer litigation accusing it of charging excessive overdraft fees.,normal
BMO,Bank Of Montreal,20111129,Greater Toronto Airports Auth sells C$400 mln notes ,Nov 29 (Reuters) The Greater Toronto Airports Authority on Tuesday sold C$400 million ($388 million) of 30-year medium-term notes  according to a term sheet seen by Reuters.,topStory
BCS,Barclays PLC,20111129,S&P criteria change reduces ratings on big banks ,NEW YORK Standard & Poor's reduced its credit ratings on 15 big banking companies  mostly in the Europe and United States  on Tuesday as the result of a sweeping overhaul of its ratings criteria.,topStory
BCS,Barclays PLC,20111129,S&P criteria change reduces ratings on big banks ,NEW YORK  Nov 29 Standard & Poor's reduced its credit ratings on several big banks in the United States and Europe on Tuesday as the result of an overhaul of its ratings criteria.,normal
BCS,Barclays PLC,20111129,New Issue-John Deere Capital sells $1.1 bln notes in 2 parts ,Nov 29 John Deere Capital Corp on Tuesday sold $1.1 billion of notes in two parts  said IFR  a Thomson Reuters service.     Barclays Capital  Deutsche Bank and J.P. Morgan were the joint bookrunning manager for the sale. BORROWER: JOHN DEERE CAPITAL CORP TRANCHE 1 AMT $600 MLN      COUPON 1.25 PCT      MATURITY    12/2/2014 TYPE NTS          ISS PRICE 99.871     FIRST PAY    6/2/2012 MOODY'S A2        YIELD 1.294          SETTLEMENT  12/2/2011 S&P SINGLE-A      SPREAD 90 BPS        P,normal
BCS,Barclays PLC,20111129,MOVES-Citi Private Bank  Robert W. Baird  Barclays Wealth ,Nov 29 The following financial service industry appointments were announced on Tuesday. To inform us of other job changes  email to moves@thomsonreuters.com.,normal
BCS,Barclays PLC,20111129,TABLE-Companies exposed to carbon price crash ,LONDON  Nov 29    Prices for U.N.-backed carbon credits fell to a new record low below 5 euros last week  as anxiety about economic growth fuelled panic selling.	     The U.N.'s Clean Development Mechanism is already suffering from record credit issuance and uncertainty about its future after emissions-cutting pact the Kyoto Protocol expires in 2012.	     Under the scheme  countries or private investors can finance projects that cut emissions of six greenhouse gases in countries with,normal
BCS,Barclays PLC,20111129,CORRECTED-New Issue-CADES adds 280 mln euros to 2021 bond ,November 29 (Reuters) -Following are terms and conditions,normal
ABX,Barrick Gold Corporation,20111129,UPDATE 1-Tethyan begins arbitration over Pakistan project dispute ,ISLAMABAD  Nov 29 Tethyan Copper  which owns the massive Reko Diq copper-gold project in the Baluchistan province of Pakistan  said it has begun international arbitration proceedings in order to protect its rights after the province rejected its mining lease application.,topStory
ABX,Barrick Gold Corporation,20111129,Antofagasta  Barrick JV invokes arbitration on Pakistan project ,ISLAMABAD  Nov 29 Tethyan Copper  a joint venture between Chile's Antofagasta and Barrick Gold   said on Tuesday it had applied for international arbitration after Pakistan's Baluchistan province rejected a mining lease application for its Reko Diq project.,normal
BBY,Best Buy Co Inc,20111129,Consumers more hopeful but home prices fall ,NEW YORK Americans shook off some of their concerns about the economy this month but a surprise fall in house prices in September underscored the weak foundations of the recovery. | Video ,topStory
BBY,Best Buy Co Inc,20111129,Retail stocks up after strong holiday weekend ,After a blockbuster performance over the long Thanksgiving weekend  risk-taking retailers such as Macy's Inc  and Amazon.com Inc  were rewarded with big gains in their shares  while chains that are still tinkering with their strategies reaped smaller rewards. | Video ,normal
BHP,BHP Billiton Limited,20111129,Miner BHP considers sale of diamond assets ,LONDON BHP Billiton    the world's biggest miner  is considering selling all or part of its diamond assets  which include the EKATI mine in northern Canada  as it focuses on large  long-life  scalable assets.,topStory
BHP,BHP Billiton Limited,20111129,REFILE-UPDATE 3-Miner BHP considers sale of diamond assets ,* Has majority interests in EKATI diamond mine  Chidliak exploration project,normal
BAM,Brookfield Asset Management Inc,20111129,UPDATE 2-Kerzner transfers Atlantis resort to Brookfield ,NASSAU  Bahamas  Nov 29 Kerzner International Ltdunveiled on Tuesday a debt-for-equity restructuring that will transfer ownership of its Atlantis mega resort in the Bahamas to a Toronto real estate and asset management company.,topStory
CP,Canadian Pacific Railway Limited,20111129,Canadian Pacific Railway sells C$125 mln notes ,Nov 29 (Reuters) Canadian Pacific Railway Co on Tuesday sold C$125 million ($121 million) of medium-term notes due Jan. 14  2022  according to a term sheet seen by Reuters.,topStory
CP,Canadian Pacific Railway Limited,20111129,New Issue-Canadian Pacific Railway sells $500 mln debt ,Nov 29 Canadian Pacific Railway Co on Tuesday sold $500 million of notes in two parts  said IFR  a Thomson Reuters service.     J.P. Morgan was the sole bookrunning manager for the sale. BORROWER: CANADIAN PACIFIC RAILWAY CO TRANCHE 1 AMT $250 MLN      COUPON 4.50 PCT      MATURITY    1/15/2022 TYPE NTS          ISS PRICE 98.151     FIRST PAY   7/15/2012 MOODY'S Baa3      YIELD 4.733          SETTLEMENT  12/1/2011 S&P BBB-MINUS     SPREAD 275 BPS       PAY FREQ SEMI-ANNUAL FITCH N/A ,normal
C,Citigroup Inc,20111129,S&P criteria change reduces ratings on big banks ,NEW YORK Standard & Poor's reduced its credit ratings on 15 big banking companies  mostly in the Europe and United States  on Tuesday as the result of a sweeping overhaul of its ratings criteria.,topStory
C,Citigroup Inc,20111129,S&P criteria change reduces ratings on big banks ,NEW YORK  Nov 29 Standard & Poor's reduced its credit ratings on several big banks in the United States and Europe on Tuesday as the result of an overhaul of its ratings criteria.,normal
C,Citigroup Inc,20111129,New Issue-Raytheon sells $1 bln notes in 2 parts ,Nov 29 Raytheon Co on Tuesday sold $1 billion of senior unsecured notes in two parts  said IFR  a Thomson Reuters service.    Bank of America Merrill Lynch  Citigroup and J.P. Morgan were the joint bookrunning manager for the sale. BORROWER: RAYTHEON CO TRANCHE 1 AMT $575 MLN      COUPON 1.40 PCT      MATURITY   12/15/2014 TYPE SR NTS       ISS PRICE 99.879     FIRST PAY   6/15/2012 MOODY'S A3        YIELD 1.441          SETTLEMENT  12/6/2011 S&P A-MINUS       SPREAD 105 BPS       PA,normal
C,Citigroup Inc,20111129,New Issue-Walt Disney Co sells $1.6 bln notes in 2 parts ,Nov 29 The Walt Disney Company on Tuesday sold $1.6 billion of senior unsecured notes in two parts  said IFR  a Thomson Reuters service.     BNP Paribas  Citigroup  Credit Suisse and Deutsche Bank were the joint bookrunning manager for the sale. BORROWER: THE WALT DISNEY COMPANY TRANCHE 1 AMT $1 BLN        COUPON 0.875 PCT     MATURITY   12/1/2014 TYPE SR NTS       ISS PRICE 99.673     FIRST PAY   6/1/2012 MOODY'S A2        YIELD 0.986          SETTLEMENT 12/2/2011 S&P SINGLE-A      ,normal
C,Citigroup Inc,20111129,MOVES-Citi Private Bank  Robert W. Baird  Barclays Wealth ,Nov 29 The following financial service industry appointments were announced on Tuesday. To inform us of other job changes  email to moves@thomsonreuters.com.,normal
GLW,Corning Incorporated,20111129,UPDATE 1-Corning slashes outlook in glass glut  shares drop ,Nov 29 Corning Inc slashed its fourth-quarter profit outlook and warned that a major South Korean client does not plan to honor its contracts as the supply of LCD glass outpaces demand  triggering an 11 percent share price plunge.,topStory
DAL,Delta Air Lines Inc,20111129,American Airlines files for bankruptcy ,American Airlines  the third-largest U.S. carrier  and its parent AMR Corp filed for bankruptcy protection on Tuesday to cut labor costs in the face of high fuel prices and dampened travel demand. | Video ,topStory
DB,Deutsche Bank AG,20111129,New Issue-Walt Disney Co sells $1.6 bln notes in 2 parts ,Nov 29 The Walt Disney Company on Tuesday sold $1.6 billion of senior unsecured notes in two parts  said IFR  a Thomson Reuters service.     BNP Paribas  Citigroup  Credit Suisse and Deutsche Bank were the joint bookrunning manager for the sale. BORROWER: THE WALT DISNEY COMPANY TRANCHE 1 AMT $1 BLN        COUPON 0.875 PCT     MATURITY   12/1/2014 TYPE SR NTS       ISS PRICE 99.673     FIRST PAY   6/1/2012 MOODY'S A2        YIELD 0.986          SETTLEMENT 12/2/2011 S&P SINGLE-A      ,topStory
DB,Deutsche Bank AG,20111129,New Issue-John Deere Capital sells $1.1 bln notes in 2 parts ,Nov 29 John Deere Capital Corp on Tuesday sold $1.1 billion of notes in two parts  said IFR  a Thomson Reuters service.     Barclays Capital  Deutsche Bank and J.P. Morgan were the joint bookrunning manager for the sale. BORROWER: JOHN DEERE CAPITAL CORP TRANCHE 1 AMT $600 MLN      COUPON 1.25 PCT      MATURITY    12/2/2014 TYPE NTS          ISS PRICE 99.871     FIRST PAY    6/2/2012 MOODY'S A2        YIELD 1.294          SETTLEMENT  12/2/2011 S&P SINGLE-A      SPREAD 90 BPS        P,normal
DB,Deutsche Bank AG,20111129,Deutsche cuts 2011 EU CO2 price view by a third ,LONDON Deutsche Bank slashed its year-end price forecast for European Union carbon permits to 6 euros a tonne from 9 euros due to a worsening economic outlook and an oversupply of permits in the period 2013 to 2020  it said in a note on Tuesday.,normal
ENB,Enbridge Inc,20111129,UPDATE 1-Oil sands opponents turn focus to Enbridge project ,* Government  industry see Asian exports as key initiative,topStory
ENB,Enbridge Inc,20111129,Oil-sands opponents turn focus to Pacific project ,* Government  industry see Asian exports as key initiative,normal
ETR,Entergy Corporation,20111129,Entergy Arkansas unit files to join Midwest grid ,HOUSTON  Nov 28 Entergy Corp's Arkansas utility on Monday filed an application with state regulators seeking to transfer control of high-voltage transmission assets in the state to the Midwest Independent Transmission System Operator (MISO) by December 2013.,topStory
XOM,Exxon Mobil Corporation,20111129,Japan's TonenGeneral restarts CDU after inspection ,TOKYO  Nov 29 Exxon Mobil's  Japanese refining unit  TonenGeneral Sekiyu  restarted its sole 156 000 barrels per day (bpd) crude distillation unit (CDU) at its Sakai refinery in western Japan on Nov. 24  a fire department official said on Tuesday.,topStory
FCX,Freeport-McMoran Inc,20111129,Contrasting news for Freeport  Newmont in Peru ,Nov 29 U.S. mining companies operating in Peru had contrasting fortunes on Tuesday -- one faced with protests and the other with the prospect of labor peace as a strike ends.,topStory
GPS,Gap Inc (The),20111129,CORRECTED-(OFFICIAL)-U.S. apparel brand Gap says to triple China network in 2012 ,* To triple China network to 45 stores by end fiscal 2012,topStory
GM,General Motors Company,20111129,Mando says wins $520 mln GM supply deal ,SEOUL  Nov 29 South Korean auto parts maker Mando said on Tuesday it had won $520 million deal to supply brakes and electric power steering systems to General Motors.,topStory
GS,Goldman Sachs Group Inc (The),20111129,S&P criteria change reduces ratings on big banks ,NEW YORK Standard & Poor's reduced its credit ratings on 15 big banking companies  mostly in the Europe and United States  on Tuesday as the result of a sweeping overhaul of its ratings criteria.,topStory
GS,Goldman Sachs Group Inc (The),20111129,UPDATE 2-S&P criteria change reduces ratings on big banks ,NEW YORK  Nov 29 Standard & Poor's reduced its credit ratings on 15 big banking companies  mostly in the Europe and United States  on Tuesday as the result of a sweeping overhaul of its ratings criteria.,normal
GS,Goldman Sachs Group Inc (The),20111129,S&P criteria change reduces ratings on big banks ,NEW YORK  Nov 29 Standard & Poor's reduced its credit ratings on several big banks in the United States and Europe on Tuesday as the result of an overhaul of its ratings criteria.,normal
GS,Goldman Sachs Group Inc (The),20111129,STXNEWS LATAM-Goldman cuts estimates on Brazil steelmakers ,Goldman Sachs Group analysts led by Marcelo Aguiar cut on Tuesday the estimates for operational earnings and price targets for Brazilian steelmakers Gerdau    CSN  and Usiminas    as an expected deterioration in the global macroeconomic scenario is hampering the outlook for steel prices around the world.,normal
HMC,Honda Motor Company Ltd,20111129,UPDATE 2-Thailand lets Honda import cars tariff-free to June ,* Honda and other car firms can bring in parts tariff-free   (Adds para 3 and context on Honda's sales in para 6),topStory
HMC,Honda Motor Company Ltd,20111129,BRIEF-Honda says floods to cut its Thai sales 30 pct in 2011 ,* Honda expects flooding to cut its 2011 domestic sales by 30 percent from the normal annual sales of 120 000 units  Pitak Pruittisarikorn  executive vice president of Honda Automobile (Thailand)  said,normal
HMC,Honda Motor Company Ltd,20111129,Thailand lets Honda import cars tariff-free to June ,BANGKOK  Nov 29 Thailand's government said on Tuesday it would let Honda Motor Co import assembled cars tariff-free until next June to replace output lost because of recent flooding.,normal
HPQ,HP Inc,20111129,HP launches first products using Autonomy's tech ,LONDON U.S. group Hewlett-Packard has rolled out its first software using technology gained from its $12 billion acquisition of British group Autonomy  eight weeks after the deal closed.,topStory
HPQ,HP Inc,20111129,HP launches first products using Autonomy's tech ,LONDON  Nov 29 U.S. group Hewlett-Packard  has rolled out its first software using technology gained from its $12 billion acquisition of British group Autonomy  eight weeks after the deal closed.,normal
HSBC,HSBC Holdings plc,20111129,S&P criteria change reduces ratings on big banks ,NEW YORK Standard & Poor's reduced its credit ratings on 15 big banking companies  mostly in the Europe and United States  on Tuesday as the result of a sweeping overhaul of its ratings criteria.,topStory
HSBC,HSBC Holdings plc,20111129,S&P criteria change reduces ratings on big banks ,NEW YORK  Nov 29 Standard & Poor's reduced its credit ratings on several big banks in the United States and Europe on Tuesday as the result of an overhaul of its ratings criteria.,normal
HSEA,HSBC Holdings plc,20111129,S&P criteria change reduces ratings on big banks ,NEW YORK Standard & Poor's reduced its credit ratings on 15 big banking companies  mostly in the Europe and United States  on Tuesday as the result of a sweeping overhaul of its ratings criteria.,topStory
HSEA,HSBC Holdings plc,20111129,S&P criteria change reduces ratings on big banks ,NEW YORK  Nov 29 Standard & Poor's reduced its credit ratings on several big banks in the United States and Europe on Tuesday as the result of an overhaul of its ratings criteria.,normal
HSEB,HSBC Holdings plc,20111129,S&P criteria change reduces ratings on big banks ,NEW YORK Standard & Poor's reduced its credit ratings on 15 big banking companies  mostly in the Europe and United States  on Tuesday as the result of a sweeping overhaul of its ratings criteria.,topStory
HSEB,HSBC Holdings plc,20111129,S&P criteria change reduces ratings on big banks ,NEW YORK  Nov 29 Standard & Poor's reduced its credit ratings on several big banks in the United States and Europe on Tuesday as the result of an overhaul of its ratings criteria.,normal
ITUB,Itau Unibanco Banco Holding SA,20111129,UPDATE 2-Brazil's Itau sees loan defaults lower in 2012-CEO ,* Itau eyes expansion in Colombia  not bidding for Losango,topStory
JPM,J P Morgan Chase & Co,20111129,New Issue-Raytheon sells $1 bln notes in 2 parts ,Nov 29 Raytheon Co on Tuesday sold $1 billion of senior unsecured notes in two parts  said IFR  a Thomson Reuters service.    Bank of America Merrill Lynch  Citigroup and J.P. Morgan were the joint bookrunning manager for the sale. BORROWER: RAYTHEON CO TRANCHE 1 AMT $575 MLN      COUPON 1.40 PCT      MATURITY   12/15/2014 TYPE SR NTS       ISS PRICE 99.879     FIRST PAY   6/15/2012 MOODY'S A3        YIELD 1.441          SETTLEMENT  12/6/2011 S&P A-MINUS       SPREAD 105 BPS       PA,topStory
JPM,J P Morgan Chase & Co,20111129,New Issue-John Deere Capital sells $1.1 bln notes in 2 parts ,Nov 29 John Deere Capital Corp on Tuesday sold $1.1 billion of notes in two parts  said IFR  a Thomson Reuters service.     Barclays Capital  Deutsche Bank and J.P. Morgan were the joint bookrunning manager for the sale. BORROWER: JOHN DEERE CAPITAL CORP TRANCHE 1 AMT $600 MLN      COUPON 1.25 PCT      MATURITY    12/2/2014 TYPE NTS          ISS PRICE 99.871     FIRST PAY    6/2/2012 MOODY'S A2        YIELD 1.294          SETTLEMENT  12/2/2011 S&P SINGLE-A      SPREAD 90 BPS        P,normal
JPM,J P Morgan Chase & Co,20111129,UPDATE 1-Top JPMorgan bankers hosting Romney fund-raiser ,NEW YORK  Nov 29 Jimmy Lee  a veteran Wall Street investment banker  and three other top executives at JPMorgan Chase & Co are hosting a $2 500-per-person reception for Republican presidential candidate Mitt Romney in two weeks.,normal
JPM,J P Morgan Chase & Co,20111129,TABLE-Companies exposed to carbon price crash ,LONDON  Nov 29    Prices for U.N.-backed carbon credits fell to a new record low below 5 euros last week  as anxiety about economic growth fuelled panic selling.	     The U.N.'s Clean Development Mechanism is already suffering from record credit issuance and uncertainty about its future after emissions-cutting pact the Kyoto Protocol expires in 2012.	     Under the scheme  countries or private investors can finance projects that cut emissions of six greenhouse gases in countries with,normal
JPM,J P Morgan Chase & Co,20111129,Top JPMorgan bankers hosting Romney fund-raiser ,NEW YORK Jimmy Lee  a veteran Wall Street investment banker  and three other top executives at JPMorgan Chase & Co are hosting a $2 500-per-person reception for Republican presidential candidate Mitt Romney in two weeks.,normal
JPM,J P Morgan Chase & Co,20111129,New Issue-Scripps Network Interactive sells $500 mln notes ,Nov 29 Scripps Network Interactive Inc  late on Monday sells $500 million of senior unsecured notes  said IFR  a Thomson Reuters service.     JP Morgan and Wells Fargo were the joint bookrunning managers for the sale. BORROWER: AMT $500 MLN      COUPON 2.70 PCT      MATURITY  12/15/2016 TYPE SR NTS       ISS PRICE 99.878     FIRST PAY  6/15/2012 MOODY'S Baa1      YIELD 2.726          SETTLEMENT 12/1/2011 S&P A-MINUS       SPREAD 180 BPS       PAY FREQ SEMI-ANNUAL FITCH N/A          M,normal
JPM,J P Morgan Chase & Co,20111129,New Issue-AGCO Corp sells $300 mln of notes ,Nov 29 AGCO Corp late on Monday sold $300 million of notes in the 144a private placement market  said IFR  a Thomson Reuters service.     J.P. Morgan was the sole bookrunning manager for the sale. BORROWER: AGCO CORP AMT $300 MLN      COUPON 5.875 PCT     MATURITY   12/1/2021 TYPE NTS          ISS PRICE 100.00     FIRST PAY   6/1/2012 MOODY'S Ba1       YIELD 5.875PCT       SETTLEMENT 12/5/2011 S&P BBB-MINUS     SPREAD N/A           PAY FREQ SEMI-ANNUAL FITCH N/A          MORE THAN TR,normal
JPM,J P Morgan Chase & Co,20111129,New Issue-Canadian Pacific Railway sells $500 mln debt ,Nov 29 Canadian Pacific Railway Co on Tuesday sold $500 million of notes in two parts  said IFR  a Thomson Reuters service.     J.P. Morgan was the sole bookrunning manager for the sale. BORROWER: CANADIAN PACIFIC RAILWAY CO TRANCHE 1 AMT $250 MLN      COUPON 4.50 PCT      MATURITY    1/15/2022 TYPE NTS          ISS PRICE 98.151     FIRST PAY   7/15/2012 MOODY'S Baa3      YIELD 4.733          SETTLEMENT  12/1/2011 S&P BBB-MINUS     SPREAD 275 BPS       PAY FREQ SEMI-ANNUAL FITCH N/A ,normal
JPM,J P Morgan Chase & Co,20111129,Slice of missing MF Global customer cash may be in Britain-NYT ,Nov 28 About $200 million in customer funds missing at MF Global may have surfaced at JP Morgan Chase in Britain  the New York Times said  citing people briefed on the matter.,normal
JCP,JC Penney Company Inc Holding Company,20111129,Cyber Monday sales hit record $1.25 billion ,Cyber Monday online sales set a record  led by department stores and home goods retailers  according to U.S. data released on Tuesday.,topStory
KKR,KKR & Co LP,20111129,Exclusive: PE firm eyes buyout for Yahoo's U.S. business ,NEW YORK Thomas H. Lee Partners is interested in buying the U.S. operations of Yahoo Inc  breaking away from other bidders that are for now eyeing either a minority stake or teaming up with the Internet giant's partners in Asia  sources familiar with the matter said.,topStory
KKR,KKR & Co LP,20111129,KKR  Sequoia among China Outfitters IPO cornerstones - IFR ,HONG KONG  Nov 28 Private equity funds KKR & Co LP  Sequoia Capital China and Everbright Private Equity  have committed three-quarters of the $145 million Hong Kong initial public offering of China Outfitters Holdings Ltd   according to IFR  a Thomson Reuters publication.,normal
M,Macy&#39;s Inc,20111129,Cyber Monday sales hit record $1.25 billion ,Cyber Monday online sales set a record  led by department stores and home goods retailers  according to U.S. data released on Tuesday.,topStory
M,Macy&#39;s Inc,20111129,Retail stocks up after strong holiday weekend ,After a blockbuster performance over the long Thanksgiving weekend  risk-taking retailers such as Macy's Inc  and Amazon.com Inc  were rewarded with big gains in their shares  while chains that are still tinkering with their strategies reaped smaller rewards. | Video ,normal
MA,Mastercard Incorporated,20111129,Edenred to speed digital transition ,PARIS  Nov 29 French vouchers and prepaid cards group Edenred reiterated its aim to grow issue volume --the face value of its vouchers and the amount put on prepaid cards -- by 6-14 percent a year and to speed up the transition to digital products.,topStory
MA,Mastercard Incorporated,20111129,Edenred says to speed up digital transition ,PARIS  Nov 29 French vouchers and prepaid cards group Edenred reiterated its aim to grow issue volume --the face value of its vouchers and the amount put on prepaid cards -- by 6-14 percent a year and to speed up the transition to digital products.,normal
MBI,MBIA Inc,20111129,Banks  MBIA in talks to settle legal dispute: report ,Several big banks are in talks to reach a settlement with bond insurer MBIA Inc that could end a legal battle over billions of dollars in losses triggered by the financial crisis  the Wall Street Journal said  citing people familiar with the matter.,topStory
MBI,MBIA Inc,20111129,UPDATE 1-Banks  MBIA in talks to settle legal dispute - WSJ ,Nov 28 Several big banks are in talks to reach a settlement with bond insurer MBIA Inc that could end a legal battle over billions of dollars in losses triggered by the financial crisis  the Wall Street Journal said  citing people familiar with the matter.,normal
MBI,MBIA Inc,20111129,Banks  MBIA in talks to settle legal dispute - WSJ ,Nov 28 Several big banks are in talks to reach a settlement with bond insurer MBIA Inc that could end a legal battle over billions of dollars in losses triggered by the financial crisis  the Wall Street Journal said  citing people familiar with the matter.,normal
MCO,Moody&#39;s Corporation,20111129,BRIEF: Moody's says AbitibiBowater's ratings unaffected by unsolicited offer to acquire Fibrek Inc. ,* Moody's says AbitibiBowater's ratings unaffected by unsolicited offer to acquire Fibrek Inc.,topStory
MCO,Moody&#39;s Corporation,20111129,WRAPUP 5-Italy borrowing cost soars as euro pressure mounts , ,normal
MCO,Moody&#39;s Corporation,20111129,BRIEF-Moody's:US broadcasters face revenue threat from networks' reverse compensation fees ,* Moody's: US Broadcasters Face Revenue Threat from Networks' Reverse Compensation Fees,normal
MCO,Moody&#39;s Corporation,20111129,BRIEF-Moody's asgns provisional rating to FADE  FTA notes ,Nov 29 Fondo de Titulizacion del Deficit del Sistema Electrico,normal
MCO,Moody&#39;s Corporation,20111129,BRIEF: Moody's assigns Aa3 to East Nippon Expressway's bonds ,Nov 29 East Nippon Expressway: * Moody's assigns Aa3 to East Nippon Expressway's bonds ,normal
MCO,Moody&#39;s Corporation,20111129,Moody's says may cut EU banks' subordinated ratings ,Ratings agency Moody's said on Tuesday it could downgrade the subordinated debt of 87 banks across 15 European Union nations on concerns that governments would be too cash-strapped to bail out holders of riskier bank debt in times of stress.,normal
MCO,Moody&#39;s Corporation,20111129,UPDATE 1-Moody's says may cut EU banks' subordinated ratings ,Nov 29 Ratings agency Moody's said on Tuesday it could downgrade the subordinated debt of 87 banks across 15 European Union nations on concerns that governments would be too cash-strapped to bail out holders of riskier bank debt in times of stress.,normal
MCO,Moody&#39;s Corporation,20111129,Moody's says may cut EU banks' subordinated ratings ,Nov 29 Ratings agency Moody's said on Tuesday it could downgrade the subordinated debt of 87 banks across 15 European Union nations on concerns that governments would be too cash-strapped to bail out holders of riskier bank debt in times of stress.,normal
MS,Morgan Stanley,20111129,S&P criteria change reduces ratings on big banks ,NEW YORK Standard & Poor's reduced its credit ratings on 15 big banking companies  mostly in the Europe and United States  on Tuesday as the result of a sweeping overhaul of its ratings criteria.,topStory
MS,Morgan Stanley,20111129,UPDATE 2-S&P criteria change reduces ratings on big banks ,NEW YORK  Nov 29 Standard & Poor's reduced its credit ratings on 15 big banking companies  mostly in the Europe and United States  on Tuesday as the result of a sweeping overhaul of its ratings criteria.,normal
MS,Morgan Stanley,20111129,S&P criteria change reduces ratings on big banks ,NEW YORK  Nov 29 Standard & Poor's reduced its credit ratings on several big banks in the United States and Europe on Tuesday as the result of an overhaul of its ratings criteria.,normal
MS,Morgan Stanley,20111129,Morgan Stanley resumes MEast gasoline trading operations ,SINGAPORE  Nov 29 Wall Street bank Morgan Stanley has resumed gasoline trading operations in the Middle East after a gap of about 12 months  with the recent lease of 380 000 barrels of storage at the United Arab Emirates (UAE) port of Jebel Ali  sources said on Tuesday.,normal
NEM,Newmont Mining Corporation,20111129,UPDATE 1-Police  protesters clash over Newmont's Peru mine ,* Environmental official resigns amid controversy  (Adds quotes  details),topStory
NEM,Newmont Mining Corporation,20111129,Contrasting news for Freeport  Newmont in Peru ,Nov 29 U.S. mining companies operating in Peru had contrasting fortunes on Tuesday -- one faced with protests and the other with the prospect of labor peace as a strike ends.,normal
NEM,Newmont Mining Corporation,20111129,Police  protesters clash over Newmont's Peru mine ,* Protests grow  airport closed     * Environmental official resigns amid controversy     LIMA  Nov 29 Police clashed with protesters opposed to Newmont Mining's $4.8 billion Conga project on Tuesday as President Ollanta Humala struggles to end an increasingly bitter environmental dispute.     Authorities said two dozen people were injured by rubber bullets and tear gas police fired to break up two protests against the U.S. company's proposed gold mine  which would be the biggest min,normal
NR,Newpark Resources Inc,20111129,Text-S&P raises Newpark Resources sr uscd nts to B- ,NEW YORK (Standard & Poor's) Nov. 29  2011--Standard & Poor's Ratings Services today revised the recovery rating on Newpark Resources Inc.'s $172.5 million 4% senior unsecured convertible notes due 2017 to '5' from '6'. At the same time  we raised our issue rating on the notes to 'B-' from 'CCC+'. The '5' recovery rating indicates our expectation of modest (10% to 30%) recovery in the event of a payment default. Newpark resources' 'B' corporate credit rating remains unchanged. Our revised recove,topStory
NKE,Nike Inc,20111129,Adidas eyes basketball boost after NBA lockout ends ,FRANKFURT  Nov 29 The chief executive of Adidas  the world's second largest sportswear company  is eyeing a year-end boost to its basketball business following the end of the NBA lockout in the United States.,topStory
NBL,Noble Energy Inc,20111129,CORRECTED - UPDATE 1-Noble exploring building LNG facility off Israel ,Nov 29 U.S. oil and gas company Noble Energy Inc said on Tuesday it will explore the possibility of building a floating liquefied natural gas facility off Israel.,topStory
PFE,Pfizer Inc,20111129,Bristol/Pfizer anti-clot drug gets fast FDA review ,A promising new drug shown to be better than warfarin at preventing strokes in patients with a dangerously irregular heartbeat may reach the U.S. market more quickly after health regulators gave it an expedited review.,topStory
PFE,Pfizer Inc,20111129,UPDATE 5-Bristol/Pfizer anti-clot drug gets fast FDA review ,Nov 29 A promising new drug shown to be better than warfarin at preventing strokes in patients with a dangerously irregular heartbeat may reach the U.S. market more quickly after health regulators gave it an expedited review.,normal
PJC,Piper Jaffray Companies,20111129,DIARY-U.S. MEETINGS/WEEK AHEAD ,THOMSON REUTERS  November 29  2011 - Corporate Meetings for US companies for Week ahead.	         S&P 500 Earnings - Weekly           S&P 500 Earnings - Day Ahead   	     Non S&P 500 - Weekly               Non S&P 500 - Day Ahead        	     ConferenceCall/Webcast - Weekly    ConferenceCall/Webcast - Day   	     S&P 500 Earnings - Monthly           Meetings - Day Ahead           	     Economic Indicators                  Dividends                      	     Daily earnings hits & misses    	    ,topStory
PNC,PNC Financial Services Group Inc (The),20111129,PNC Financial will not issue shares in RBC deal ,PNC Financial Services Group Inc will not issue common stock as part of its purchase of the Royal Bank of Canada's U.S. retail bank operations  and has no plans to buy back shares in 2011  the company said on Tuesday.,topStory
PNC,PNC Financial Services Group Inc (The),20111129,UPDATE 1-PNC Financial will not issue shares in RBC deal ,Nov 29 PNC Financial Services Group Inc  will not issue common stock as part of its purchase of the Royal Bank of Canada's U.S. retail bank operations  and has no plans to buy back shares in 2011  the company said on Tuesday.,normal
RTN,Raytheon Company,20111129,New Issue-Raytheon sells $1 bln notes in 2 parts ,Nov 29 Raytheon Co on Tuesday sold $1 billion of senior unsecured notes in two parts  said IFR  a Thomson Reuters service.    Bank of America Merrill Lynch  Citigroup and J.P. Morgan were the joint bookrunning manager for the sale. BORROWER: RAYTHEON CO TRANCHE 1 AMT $575 MLN      COUPON 1.40 PCT      MATURITY   12/15/2014 TYPE SR NTS       ISS PRICE 99.879     FIRST PAY   6/15/2012 MOODY'S A3        YIELD 1.441          SETTLEMENT  12/6/2011 S&P A-MINUS       SPREAD 105 BPS       PA,topStory
RIO,Rio Tinto Plc,20111129,Analysis: Rio Tinto faces new hurdles on Canadian uranium ,TORONTO Rio Tinto's  battle to secure its foothold in Canada's uranium-rich Athabasca region has only just begun now that it has apparently won a bidding war to gain control of Hathor Exploration .,topStory
RIO,Rio Tinto Plc,20111129,Banks lead FTSE lower ahead of EU meeting ,LONDON Nov 29 Britain's FTSE 100 fell early on Tuesday  giving up some gains from the previous two sessions as investors waited for the outcome of a European finance ministers meeting which will attempt to contain the region's debt crisis.,normal
RY,Royal Bank Of Canada,20111129,PNC Financial will not issue shares in RBC deal ,PNC Financial Services Group Inc will not issue common stock as part of its purchase of the Royal Bank of Canada's U.S. retail bank operations  and has no plans to buy back shares in 2011  the company said on Tuesday.,topStory
RY,Royal Bank Of Canada,20111129,UPDATE 1-PNC Financial will not issue shares in RBC deal ,Nov 29 PNC Financial Services Group Inc  will not issue common stock as part of its purchase of the Royal Bank of Canada's U.S. retail bank operations  and has no plans to buy back shares in 2011  the company said on Tuesday.,normal
SA,Seabridge Gold Inc,20111129,UPDATE 1-Seabridge sees robust expansion for key project ,Nov 29 Seabridge Gold Inc said drilling at its Courageous Lake project in Canada's Northwest Territories showed significant expansion of a gold zone that could more than quadruple the zone's contribution to measured and indicated resources.,topStory
SFL,Ship Finance International Limited,20111129,BRIEF-Moody's cuts Ship Finance International to B1 ,*Moody's downgrades Ship Finance International to B1 from Ba3   the ratings under review for possible downgrade,topStory
TVE,Tennessee Valley Authority,20111129,TEXT-S&P cuts rtgs on TVA-backed leases to 'AA-' ,Nov 29- Standard & Poor's Ratings Services said it downgraded by two notches  to 'AA-'  various long-term leases with the Tennessee Valley Authority (TVA; AA+/Negative) as obligor. The outlook on the leases is stable  given the fact that a further downgrade of the U.S. would not lower the rating on the leases.,topStory
BX,The Blackstone Group LP,20111129,CIC  Blackstone invest in Greentown property venture-source ,HONG KONG  Nov 29 Sovereign wealth fund China Investment Corp. (CIC) and private equity firm Blackstone Group have invested in a joint venture with mainland property developer Greentown China  a source close to the deal said.,topStory
SCHW,The Charles Schwab Corporation,20111129,CORRECTED - Schwab's optionsXpress cuts equity trade commissions ,Nov 29 Options and futures trading specialist optionsXpress said on Tuesday it lowered the price of its U.S. online equity trading commissions to $8.95 a trade from $9.95.,topStory
SCHW,The Charles Schwab Corporation,20111129,Avoid new tax paperwork for your investments at your own peril ,NEW YORK  Nov 29 It's not just holiday cards and sales flyers cluttering your mailbox: There's a good chance you've also been getting lots of unfamiliar paperwork about your investments. New tax rules require your broker and mutual funds to keep track of the cost of your investments for tax purposes (termed the cost basis)  and they are writing now to ask you to choose your accounting method.,normal
TIF,Tiffany & Co,20111129,Tiffany sales growth shows signs of slowing ,Concerns about slowing sales momentum took some of the luster off Tiffany & Co's  stock amid signs that European and U.S. economic distress are weighing on luxury consumers  and shares fell 9 percent.,topStory
TIF,Tiffany & Co,20111129,UPDATE 4-Tiffany sales growth shows signs of slowing ,Nov 29 Concerns about slowing sales momentum took some of the luster off Tiffany & Co's stock amid signs that European and U.S. economic distress are weighing on luxury consumers  and shares fell 9 percent.,normal
TM,Toyota Motor Corp Ltd Ord,20111129,BMW  Toyota to work on electric car batteries: source ,MUNICH German carmaker BMW and Japanese rival Toyota Motor are planning to cooperate on research into lithium-ion batteries for electric cars  a source familiar with the situation told Reuters on Tuesday.,topStory
TM,Toyota Motor Corp Ltd Ord,20111129,UPDATE 1-BMW  Toyota to work on electric car batteries-source ,MUNICH  Nov 29 German carmaker BMW  and Japanese rival Toyota Motor are planning to cooperate on research into lithium-ion batteries for electric cars  a source familiar with the situation told Reuters on Tuesday.,normal
TM,Toyota Motor Corp Ltd Ord,20111129,BMW  Toyota to work on electric car batteries-source ,MUNICH  Nov 29 German carmaker BMW  is planning to cooperate with Japanese rival Toyota  on research into lithium-ion batteries for electric cars  a source familiar with the situation told Reuters on Tuesday.,normal
TM,Toyota Motor Corp Ltd Ord,20111129,Toyota aims to take on EVs with plug-in Prius hybrid ,TOKYO Toyota Motor Corp said it would start taking orders for its first plug-in hybrid car  the Prius PHV  in Japan on Tuesday  touting it as the world's most practical green car and aiming to steal thunder from pure battery-powered vehicles.,normal
TM,Toyota Motor Corp Ltd Ord,20111129,UPDATE 3-Toyota aims to take on EVs with plug-in Prius hybrid ,TOKYO  Nov 29 Toyota Motor Corp  said it would start taking orders for its first plug-in hybrid car  the Prius PHV  in Japan on Tuesday  touting it as the world's most practical green car and aiming to steal thunder from pure battery-powered vehicles.,normal
TM,Toyota Motor Corp Ltd Ord,20111129,Panasonic to supply batteries for Toyota Prius hybrid ,TOKYO Panasonic Corp said on Tuesday it would supply lithium ion batteries for Toyota Motor Corp's Prius plug-in hybrid vehicle  whose Japan launch was announced the same day.,normal
TM,Toyota Motor Corp Ltd Ord,20111129,Panasonic: to supply batteries for Toyota Prius hybrid ,TOKYO  Nov 29 Panasonic Corp said on Tuesday it would supply lithium ion batteries for Toyota Motor Corp's Prius plug-in hybrid vehicle  whose Japan launch was announced the same day.,normal
TM,Toyota Motor Corp Ltd Ord,20111129,Toyota: Prius PHV to sell for $41 000 in Japan Jan 30 ,TOKYO  Nov 29 Toyota Motor Corp  said on Tuesday its first plug-in hybrid car  the Prius PHV  would be priced from 3.20 million yen ($41 000) in Japan.,normal
RIG,Transocean Ltd,20111129,UPDATE 2-Transocean to sell stock  shares hit 7-year low ,Nov 29 Transocean Ltd    owner of the world's largest offshore rig fleet  will sell 26 million shares in an underwritten public offer to buy back convertible notes and partially refinance its acquisition of Aker Drilling ASA.,topStory
UAL,United Continental Holdings Inc,20111129,American Airlines files for bankruptcy ,American Airlines  the third-largest U.S. carrier  and its parent AMR Corp filed for bankruptcy protection on Tuesday to cut labor costs in the face of high fuel prices and dampened travel demand. | Video ,topStory
UAL,United Continental Holdings Inc,20111129,United Air to get single operating OK on Wed-union ,Nov 29 United Continental Holdings Inc   formed from a merger last year of United Airlines and Continental Airlines  will receive government approval on Wednesday to fly as a single carrier  the union representing pilots said on Tuesday.,normal
UNH,UnitedHealth Group Incorporated,20111129,UnitedHealth sees 2012 Medicare  Medicaid gains ,UnitedHealth Group Inc  the largest U.S. health insurer  forecast an increase in membership next year as gains in its Medicare and Medicaid plans more than offset declines in some plans serving employers and individuals.,topStory
UNH,UnitedHealth Group Incorporated,20111129,UPDATE 3-UnitedHealth sees 2012 Medicare  Medicaid gains ,Nov 29 UnitedHealth Group Inc   the largest U.S. health insurer  forecast an increase in membership next year as gains in its Medicare and Medicaid plans more than offset declines in some plans serving employers and individuals.,normal
V,Visa Inc,20111129,Edenred to speed digital transition ,PARIS  Nov 29 French vouchers and prepaid cards group Edenred reiterated its aim to grow issue volume --the face value of its vouchers and the amount put on prepaid cards -- by 6-14 percent a year and to speed up the transition to digital products.,topStory
V,Visa Inc,20111129,Edenred says to speed up digital transition ,PARIS  Nov 29 French vouchers and prepaid cards group Edenred reiterated its aim to grow issue volume --the face value of its vouchers and the amount put on prepaid cards -- by 6-14 percent a year and to speed up the transition to digital products.,normal
DIS,Walt Disney Company (The),20111129,New Issue-Walt Disney Co sells $1.6 bln notes in 2 parts ,Nov 29 The Walt Disney Company on Tuesday sold $1.6 billion of senior unsecured notes in two parts  said IFR  a Thomson Reuters service.     BNP Paribas  Citigroup  Credit Suisse and Deutsche Bank were the joint bookrunning manager for the sale. BORROWER: THE WALT DISNEY COMPANY TRANCHE 1 AMT $1 BLN        COUPON 0.875 PCT     MATURITY   12/1/2014 TYPE SR NTS       ISS PRICE 99.673     FIRST PAY   6/1/2012 MOODY'S A2        YIELD 0.986          SETTLEMENT 12/2/2011 S&P SINGLE-A      ,topStory
WFC,Wells Fargo & Company,20111129,S&P criteria change reduces ratings on big banks ,NEW YORK Standard & Poor's reduced its credit ratings on 15 big banking companies  mostly in the Europe and United States  on Tuesday as the result of a sweeping overhaul of its ratings criteria.,topStory
WFC,Wells Fargo & Company,20111129,S&P criteria change reduces ratings on big banks ,NEW YORK  Nov 29 Standard & Poor's reduced its credit ratings on several big banks in the United States and Europe on Tuesday as the result of an overhaul of its ratings criteria.,normal
WFC,Wells Fargo & Company,20111129,New Issue-Scripps Network Interactive sells $500 mln notes ,Nov 29 Scripps Network Interactive Inc  late on Monday sells $500 million of senior unsecured notes  said IFR  a Thomson Reuters service.     JP Morgan and Wells Fargo were the joint bookrunning managers for the sale. BORROWER: AMT $500 MLN      COUPON 2.70 PCT      MATURITY  12/15/2016 TYPE SR NTS       ISS PRICE 99.878     FIRST PAY  6/15/2012 MOODY'S Baa1      YIELD 2.726          SETTLEMENT 12/1/2011 S&P A-MINUS       SPREAD 180 BPS       PAY FREQ SEMI-ANNUAL FITCH N/A          M,normal
DNN,Denison Mine Corp,20111129,UPDATE 1-Denison eyes big resource boost at Mutanga ,Nov 29 Denison Mines Corp said on Tuesday that it could potentially boost the resource estimate at its Mutanga project in Zambia by 16 to 24 million pounds of uranium  based on exploration drilling completed this year.,topStory
