AMZN,Amazoncom Inc,20111223,Amazon may benefit as digital goods sales jump ,Digital goods are the fastest-growing category online this holiday  led by e-books  suggesting Amazon.com Inc's strategy of blanketing the world with cheap e-readers and tablet computers may be producing some early gains.,topStory
FSLR,First Solar Inc,20111223,Insight: More solar firms set to burn up as prices sink ,Only four years ago  hundreds of start-ups optimistically built factories and churned out solar panels to meet rising demand. Now  closures and failure loom for many.,topStory
INTC,Intel Corporation,20111223,Intel's smartphone guru angles for smooth landing ,SANTA CLARA  California Mike Bell likens his new job at Intel Corp to piloting a glider.,topStory
KNDI,Kandi Technologies Group Inc,20111223,DIARY-U.S. MEETINGS/WEEK AHEAD ,THOMSON REUTERS  December 23  2011 - Corporate Meetings for US companies for Week ahead.	         S&P 500 Earnings - Weekly           S&P 500 Earnings - Day Ahead   	     Non S&P 500 - Weekly               Non S&P 500 - Day Ahead        	     ConferenceCall/Webcast - Weekly    ConferenceCall/Webcast - Day   	     S&P 500 Earnings - Monthly           Meetings - Day Ahead           	     Economic Indicators                  Dividends                      	     Daily earnings hits & misses    	    ,topStory
MNTA,Momenta Pharmaceuticals Inc,20111223,Momenta shares rise on biosimilars deal with Baxter ,Shares of Momenta Pharmaceuticals  rose as much as 7 percent early Friday  a day after it inked a deal with Baxter International Inc   marking the third partnership on generic versions of biotechnology drugs this month.,topStory
NFLX,Netflix Inc,20111223,Netflix CEO Reed Hastings takes $1.5 million pay cut ,NEW YORK (TheWrap.com) - Netflix CEO Reed Hastings is getting the corporate equivalent of coal in his Christmas stocking -- a pay cut.,topStory
NWS,News Corporation,20111223,News Corp near hiring new top lawyer: source ,NEW YORK News Corp  is close to hiring Gerson Zweifach as its top corporate lawyer  bringing in the highly regarded litigator at a time when the company is dealing with the fallout from its phone-hacking scandal.,topStory
NWSA,News Corporation,20111223,News Corp near hiring new top lawyer: source ,NEW YORK News Corp  is close to hiring Gerson Zweifach as its top corporate lawyer  bringing in the highly regarded litigator at a time when the company is dealing with the fallout from its phone-hacking scandal.,topStory
OPHC,OptimumBank Holdings Inc,20111223,DIARY-U.S. MEETINGS/WEEK AHEAD ,THOMSON REUTERS  December 23  2011 - Corporate Meetings for US companies for Week ahead.	         S&P 500 Earnings - Weekly           S&P 500 Earnings - Day Ahead   	     Non S&P 500 - Weekly               Non S&P 500 - Day Ahead        	     ConferenceCall/Webcast - Weekly    ConferenceCall/Webcast - Day   	     S&P 500 Earnings - Monthly           Meetings - Day Ahead           	     Economic Indicators                  Dividends                      	     Daily earnings hits & misses    	    ,topStory
QCOM,QUALCOMM Incorporated,20111223,AT&T wins regulatory approval to buy Qualcomm spectrum ,AT&T Inc said late on Thursday that it won regulatory approval to buy wireless spectrum from U.S. chipmaker Qualcomm Inc  a move that would boost the company's 4G network.,topStory
QCOM,QUALCOMM Incorporated,20111223,UPDATE 1-AT&T wins regulatory approval to buy Qualcomm spectrum ,Dec 22 AT&T Inc said late on Thursday that it won regulatory approval to buy wireless spectrum from U.S. chipmaker Qualcomm Inc  a move that would boost the company's 4G network.,normal
T,AT&T Inc,20111223,AT&T wins regulatory approval to buy Qualcomm spectrum ,AT&T Inc said late on Thursday that it won regulatory approval to buy wireless spectrum from U.S. chipmaker Qualcomm Inc  a move that would boost the company's 4G network.,topStory
T,AT&T Inc,20111223,UPDATE 1-AT&T wins regulatory approval to buy Qualcomm spectrum ,Dec 22 AT&T Inc said late on Thursday that it won regulatory approval to buy wireless spectrum from U.S. chipmaker Qualcomm Inc  a move that would boost the company's 4G network.,normal
BAC,Bank of America Corporation,20111223,BofA mulls more asset sales to boost capital ,Bank of America Corp  is lagging behind its major U.S. competitors in complying with new capital rules  leading the bank to consider even more asset sales  sources said.,topStory
BAX,Baxter International Inc,20111223,Momenta shares rise on biosimilars deal with Baxter ,Shares of Momenta Pharmaceuticals  rose as much as 7 percent early Friday  a day after it inked a deal with Baxter International Inc   marking the third partnership on generic versions of biotechnology drugs this month.,topStory
BBY,Best Buy Co Inc,20111223,U.S. shoppers less than merry after online glitches ,NEW YORK/SAN FRANCISCO Tom Nenon  a philosophy professor at the University of Memphis  is vexed with his online shopping experience at Best Buy  a sentiment shared by other U.S. Internet shoppers this holiday season. | Video ,topStory
BMY,Bristol-Myers Squibb Company,20111223,Bristol-Myers liver cancer drug fails trial ,Bristol-Myers Squibb Co said on Thursday its liver cancer drug brivanib failed to meet the primary endpoint in a late-stage clinical trial.,topStory
CWH,Camping World Holdings Inc,20111223,Text-S&P puts Commonwealth Reit on watch; subsidary IPO cited ,OVERVIEW      -- CommonWealth REIT  a U.S. office REIT  announced on Thursday that its newly formed Select Income REIT subsidiary has filed an IPO registration for an initial public offering of shares. CommonWealth intends to contribute 253 properties  including some of its most stable assets  to the subsidiary  which will invest primarily in net-leased  single-tenant properties.      -- We placed our 'BBB' corporate credit rating on CommonWealth on CreditWatch with negative implications  affect,topStory
CVX,Chevron Corporation,20111223,Brazil fines Chevron a further $5.4 million for spill ,SAO PAULO Brazil's environment inspector fined Chevron Corp 10 million reais ($5.4 million) for breaching the terms of the U.S. oil company's environmental license when tackling an offshore spill at a well it drilled in November.,topStory
C,Citigroup Inc,20111223,Parmalat says U.S. court rejects claim against Citigroup ,MILAN  Dec 23 Parmalat said on Friday a U.S. appeal court had affirmed a lower court's decision rejecting its claim against Citigroup in a case connected with the collapse of the Italian diary group in 2003.,topStory
C,Citigroup Inc,20111223,Citi bounces back to top Indonesia debt deal table ,* Citi secures No.2 spot for equity offering table-Reuters data,normal
CEO,CNOOC Limited,20111223,Q+A-Can China build "Daqing of the deep" by 2020? ,* Less than 15 exploration wells sunk; only one major find,topStory
CEO,CNOOC Limited,20111223,REFILE-CNOOC gas fields to remain shut for weeks after leak ,(Adds dropped word to 4th paragraph  removes extraneous word from last paragraph),normal
DAL,Delta Air Lines Inc,20111223,Delta facing U.S. class action lawsuit over baggage policy ,With so many people flying over the holidays  there's a good chance some of these travelers will end up at their final destination without their luggage. Nearly four of every 1 000 passengers filed a complaint about mishandled bags in 2010 - about 2 million reports in all.,topStory
DAL,Delta Air Lines Inc,20111223,NY man sues airlines over "underwear bomber" plot ,NEW YORK A New York man is suing Delta Air Lines and Air France-KLM for $10 million for injuries he says he sustained while helping to stop the so-called "underwear bomber" from blowing up a plane on Christmas Day 2009.,normal
DB,Deutsche Bank AG,20111223,German stocks - Factors to watch on December 23 ,FRANKFURT  Dec 23 The DAX top-30 index  looked set to open 0.9 percent higher on Friday  according to premarket data from brokerage Lang & Schwarz at 0723 GMT.,topStory
XOM,Exxon Mobil Corporation,20111223,Oil rises on supply worries  supportive data ,NEW YORK Oil prices rose for a fifth straight day on Friday  on concerns about potential supply disruptions in Iran and Iraq and recent signs of a strengthening U.S. economy. | Video ,topStory
FCX,Freeport-McMoran Inc,20111223,UPDATE 2-Freeport Indonesia workers to return to work Saturday -union ,JAKARTA  Dec 23 Thousands of workers at Freeport McMoRan Copper & Gold Inc's mine in Indonesia will start returning to work on Saturday to end a three-month strike that shook labour relations in Southeast Asia's largest economy.,topStory
GEK,General Electric Capital Corporation,20111223,GE unit to pay $70 million over muni bond bid-rigging ,WASHINGTON General Electric Co  acknowledged that three former traders at a finance unit engaged in bid-rigging of municipal bonds and agreed to pay authorities $70.4 million in penalties and damages  the latest settlement in a long-running probe that has ensnared some of the largest financial institutions.,topStory
GE,General Electric Company,20111223,GE unit to pay $70 million over muni bond bid-rigging ,WASHINGTON General Electric Co  acknowledged that three former traders at a finance unit engaged in bid-rigging of municipal bonds and agreed to pay authorities $70.4 million in penalties and damages  the latest settlement in a long-running probe that has ensnared some of the largest financial institutions.,topStory
GNW,Genworth Financial Inc,20111223,CORRECTED-Genworth solutions funds draw $500 mln in 7 months ,Dec 22 In just seven months  Genworth Financial   which sells fund-management services to financial advisers  has attracted more than $500 million to its new Portfolio Solutions product.,topStory
HMC,Honda Motor Company Ltd,20111223,Honda plans to make lighter vehicles - Nikkei ,Dec 24 Honda Motor Co plans to adopt new design and assembly methods to make its vehicles lighter  the Nikkei business daily reported.,topStory
JNJ,Johnson & Johnson,20111223,EU mergers and takeovers (Dec 23) ,BRUSSELS  Dec 23 The following are mergers under review by the European Commission and a brief guide to the EU merger process:,topStory
LMT,Lockheed Martin Corporation,20111223,Lockheed in up to $980 million U.S. missile shield deal ,WASHINGTON Lockheed Martin Corp  has won a five-year follow-on contract worth up to $980 million for work on U.S. missile defense command control  battle management and communications  the Defense Department said Friday.,topStory
MCO,Moody&#39;s Corporation,20111223,BRIEF-Moody's:Italian leasing ABS performance stable from August to October 2011 ,Dec 23 Leasimpresa Finance S.r.l. (LF 2)  Medioleasing Finance S.r.l and UBI Lease Finance 5 S.r.l.,topStory
MCO,Moody&#39;s Corporation,20111223,UPDATE 3-Moody's keeps Austria at AAA  eyes euro zone crisis ,VIENNA/LONDON  Dec 23 Moody's held Austria's top sovereign rating with a stable outlook on Friday but warned the debt crisis posed a credit risk for it and most euro zone states  putting pressure on the region's policymakers to take action.,normal
MCO,Moody&#39;s Corporation,20111223,BRIEF-Moody's disclosures on credit ratings of Islamic Development Bank ,* Moody's disclosures on credit ratings of Islamic Development Bank,normal
MCO,Moody&#39;s Corporation,20111223,BRIEF-Moody's disclosures on credit ratings of Inter-American Development Bank ,* Moody's Disclosures on Credit Ratings of Inter-American Development Bank,normal
MCO,Moody&#39;s Corporation,20111223,BRIEF-Moody's disclosures on credit rtgs of Jamaica  Government of ,* Moody's disclosures on credit ratings of Jamaica  Government of,normal
MCO,Moody&#39;s Corporation,20111223,BRIEF-Moody's sees no rtg impact for Noble following Gloucester Coal merger ,* Moody's sees no rating impact for Noble following Gloucester Coal merger,normal
MCO,Moody&#39;s Corporation,20111223,BRIEF-Moody's disclosures on credit ratings of International Finance Corporation ,* Moody's disclosures on credit ratings of International Finance Corporation,normal
MCO,Moody&#39;s Corporation,20111223,BRIEF-Moody's disclosures on credit rtgs of Inter-American Investment Corporation ,* Moody's disclosures on credit ratings of Inter-American Investment Corporation,normal
MCO,Moody&#39;s Corporation,20111223,BRIEF-Moody's disclosures on credit ratings of North American Development Bank ,* Moody's disclosures on credit ratings of North American Development Bank,normal
MCO,Moody&#39;s Corporation,20111223,UPDATE 1-Romania - Factors to watch on Dec 23 ,BUCHAREST  Dec 23 Here are news stories  press reports and events to watch which may affect Romanian financial markets on Friday.,normal
MS,Morgan Stanley,20111223,ON THE MOVE: Morgan Keegan  MSSB advisers go to LPL  Williams ,Dec 23 Three former Morgan Keegan advisers and four former Morgan Stanley Smith Barney advisers have left their firms for LPL Financial and Williams Financial  respectively  recruiters with knowledge of the moves told Reuters.  LPL HIRES FROM MORGAN KEEGAN,topStory
NKE,Nike Inc,20111223,Sales of new athletic shoe bring police to control crowds ,CHICAGO Police in several cities around the country on Friday were called to stores to manage unruly shoppers seeking Nike's new Air Jordan athletic shoes.,topStory
TOT,Total SA,20111223,Total merges solar units  ups SunPower stake ,U.S. solar panel maker SunPower Corp  a unit of French oil major Total  said it had agreed to buy Total-owned Tenesol for $165.4 million in cash in an expected deal that will regroup the French group's solar business under one umbrella.,topStory
TOT,Total SA,20111223,Total merges solar units  ups SunPower stake ,U.S. solar panel maker SunPower Corp   a unit of French oil major Total   said it had agreed to buy Total-owned Tenesol for $165.4 million in cash in an expected deal that will regroup the French group's solar business under one umbrella.,normal
TOT,Total SA,20111223,UPDATE 2-Total merges solar units  ups SunPower stake ,Dec 23 U.S. solar panel maker SunPower Corp  a unit of French oil major Total  said it had agreed to buy Total-owned Tenesol for $165.4 million in cash in an expected deal that will regroup the French group's solar business under one umbrella.,normal
TYL,Tyler Technologies Inc,20111223,Tyler  The Creator arrested for vandalism ,LOS ANGELES Rapper Tyler  The Creator was arrested on suspicion of felony vandalism on Thursday  following a show at a nightclub on the famed Sunset Strip  police said.,topStory
UAL,United Continental Holdings Inc,20111223,United Continental shares off on revenue concerns ,Shares of United Continental Holdings  fell about 7 percent on Friday as some analysts cut their fourth-quarter profit estimates  citing weaker-than-expected revenue.,topStory
