AAPL,Apple Inc,20111102,UPDATE 2-Fusion-io Q1 beats street  shares up ,Nov 2 Fusion-io Inc's quarterly results beat estimates helped by growth across its core business and the storage hardware and software maker raised its full-year revenue outlook  sending its shares up as much as 19 percent.,topStory
AAPL,Apple Inc,20111102,Google revamps Gmail  flubs iPhone app ,NEW YORK (TheWrap.com) - Google continued its design overhaul by unveiling a new look for its popular Gmail  one similar in aesthetic to the company's recent remakes of Google Calendar and Reader.,normal
AAPL,Apple Inc,20111102,Apple loses tablet case against small Spanish firm ,MADRID A small Spanish tablet maker has won a patent infringement battle with Apple Inc in a rare victory against the U.S. company in its global defense of markets for its iPads  a court document showed on Wednesday.,normal
AAPL,Apple Inc,20111102,UPDATE 1-SK Tel  KT to launch iPhone 4S in S.Korea Nov 11 ,* Apple says iPhone 4S to hit S.Korea  Hong Kong  13 other markets Nov.11,normal
ADP,Automatic Data Processing Inc,20111102,Wall St. on edge over Greece  Bernanke soothes ,NEW YORK Stocks rebounded from two days of sharp losses on Wednesday after the Federal Reserve said it is prepared to do more for the economy if conditions warrant  helping to stanch the panicky reaction to Europe's debt crisis. | Video ,topStory
ADP,Automatic Data Processing Inc,20111102,Private sector adds jobs  slow growth seen ,NEW YORK Private employers added more jobs than expected last month  though the lack of robust labor market growth reinforced the Federal Reserve's view that economic progress will likely be "frustratingly slow." | Video ,normal
ADP,Automatic Data Processing Inc,20111102,WRAPUP 4-US private sector adds jobs  slow growth seen ,* Private employers add 110 000 jobs in Oct-ADP     * Planned layoffs dropped last month-Challenger     * Mortgage purchase activity rose last week-MBA     * Fed cuts 2012 GDP to 2.5-2.9 pct from 3.3-3.7  (Adds Bernanke  Fed growth forecasts  market close)     By Leah Schnurr     NEW YORK  Nov 2 U.S. private employers added more jobs than expected last month  though the lack of robust labor market growth reinforced the U.S. Federal Reserve's view that economic progress will likely be,normal
ADP,Automatic Data Processing Inc,20111102,US STOCKS-Wall St rises on ADP jobs report  Fed on tap ,NEW YORK  Nov 2 U.S. stocks rebounded after two days of losses on Wednesday  aided by upbeat job market data as investors eyed a crisis meeting about Greece and a Federal Reserve policy session.,normal
ADP,Automatic Data Processing Inc,20111102,TREASURIES-Bonds slip after 3-day rally  Fed awaited ,NEW YORK  Nov 2 U.S. Treasuries fell on Wednesday after a three-day rally as investors eyed chances of more Federal Reserve easing and further details on a Greek referendum eased some fears about Europe's debt crisis.,normal
ADP,Automatic Data Processing Inc,20111102,Expect payrolls below ADP's report: Prakken ,NEW YORK Ongoing job losses in the government sector mean Friday's key job report will likely come in lower than Wednesday's private employer data  which showed a gain of 110 000 jobs in October  said Joel Prakken  chairman of Macroeconomic Advisers LLC.,normal
ADP,Automatic Data Processing Inc,20111102,Dollar briefly extends losses vs euro after ADP data ,NEW YORK  Nov 2 The U.S. dollar briefly extended losses against the euro on Wednesday after data showed the U.S. private sector created more jobs than expected in October.,normal
TAPR,Barclays Inverse US Treasury Composite ETN,20111102,MOVES-Barclays Corporate  Stephens ,Nov 2 The following financial service industry appointments were announced on Wednesday. To inform us of other job changes  email to moves@thomsonreuters.com.,topStory
TAPR,Barclays Inverse US Treasury Composite ETN,20111102,UPDATE 2-EFSF delays bond offering ,LONDON  Nov 2 (IFR) - The European Financial Stability Facility (EFSF) has decided not to go ahead with a EUR3bn max long 10-year deal according to sources familiar with the matter.,normal
TAPR,Barclays Inverse US Treasury Composite ETN,20111102,EFSF delays bond offering ,LONDON  Nov 2 (IFR) - The European Financial Stability Facility (EFSF) has decided not to go ahead with a EUR3BN max 10-year deal according to sources familiar with the matter. The issuer mandated Barclays Capital  Credit Agricole and JP Morgan on Monday and market expectations had been that a deal would launch and price on Wednesday.,normal
DLBL,Barclays PLC,20111102,MOVES-Barclays Corporate  Stephens ,Nov 2 The following financial service industry appointments were announced on Wednesday. To inform us of other job changes  email to moves@thomsonreuters.com.,topStory
DLBL,Barclays PLC,20111102,UPDATE 2-EFSF delays bond offering ,LONDON  Nov 2 (IFR) - The European Financial Stability Facility (EFSF) has decided not to go ahead with a EUR3bn max long 10-year deal according to sources familiar with the matter.,normal
DLBL,Barclays PLC,20111102,EFSF delays bond offering ,LONDON  Nov 2 (IFR) - The European Financial Stability Facility (EFSF) has decided not to go ahead with a EUR3BN max 10-year deal according to sources familiar with the matter. The issuer mandated Barclays Capital  Credit Agricole and JP Morgan on Monday and market expectations had been that a deal would launch and price on Wednesday.,normal
DTYL,Barclays PLC,20111102,MOVES-Barclays Corporate  Stephens ,Nov 2 The following financial service industry appointments were announced on Wednesday. To inform us of other job changes  email to moves@thomsonreuters.com.,topStory
DTYL,Barclays PLC,20111102,UPDATE 2-EFSF delays bond offering ,LONDON  Nov 2 (IFR) - The European Financial Stability Facility (EFSF) has decided not to go ahead with a EUR3bn max long 10-year deal according to sources familiar with the matter.,normal
DTYL,Barclays PLC,20111102,EFSF delays bond offering ,LONDON  Nov 2 (IFR) - The European Financial Stability Facility (EFSF) has decided not to go ahead with a EUR3BN max 10-year deal according to sources familiar with the matter. The issuer mandated Barclays Capital  Credit Agricole and JP Morgan on Monday and market expectations had been that a deal would launch and price on Wednesday.,normal
CME,CME Group Inc,20111102,MF Global may have hid recent fund transfers: CME ,CME Group Inc  the main exchange regulator of bankrupt brokerage MF Global Holdings Ltd  said it appears that any transfer by the broker of its customer segregated funds happened after a CME audit last week  and may have been designed to avoid detection.,topStory
CME,CME Group Inc,20111102,UPDATE 1-MF Global may have hid recent fund transfers -CME ,* MF did not disclose  report transfers until Monday -CME,normal
CME,CME Group Inc,20111102,MF Global accounts shock leaves clients scrambling ,CHICAGO/NEW YORK MF Global Holdings Ltd failed to protect customer accounts by keeping them separate from its own funds  said a top U.S. exchange regulator  another shock for commodity markets scrambling to contain fallout from the brokerage's bankruptcy. | Video ,normal
CME,CME Group Inc,20111102,WRAPUP 7-MF Global accounts shock leaves clients scrambling ,CHICAGO/NEW YORK  Nov 1 MF Global Holdings Ltd  failed to protect customer accounts by keeping them separate from its own funds  said a top U.S. exchange regulator  another shock for commodity markets scrambling to contain fallout from the brokerage's bankruptcy.,normal
CTSH,Cognizant Technology Solutions Corporation,20111102,Cognizant beats but investors want more ,U.S.-based Cognizant Technology Solutions Corp  forecast financial results ahead of Wall Street targets but failed to satisfy growth-hungry investors accustomed to seeing the company outperform peers in India's showcase software and services sector.,topStory
CTSH,Cognizant Technology Solutions Corporation,20111102,UPDATE 3-Cognizant beats but investors want more ,Nov 2 U.S.-based Cognizant Technology Solutions Corp forecast financial results ahead of Wall Street targets but failed to satisfy growth-hungry investors accustomed to seeing the company outperform peers in India's showcase software and services sector.,normal
CMCSA,Comcast Corporation,20111102,Cable TV drives results at Time Warner  Comcast ,Comcast Corp and Time Warner Inc reported stronger quarterly results on Wednesday  confirming that it pays to have a solid lineup of cable networks -- at least while advertisers keep spending.,topStory
CMCSA,Comcast Corporation,20111102,WRAPUP 2-Cable TV drives results at Time Warner  Comcast ,Nov 2 Comcast Corp and Time Warner Inc reported stronger quarterly results on Wednesday  confirming that it pays to have a solid lineup of cable networks -- at least while advertisers keep spending.,normal
CMCSA,Comcast Corporation,20111102,Cable TV drives results at Time Warner  Comcast ,Comcast Corp and Time Warner Inc. reported stronger quarterly results on Wednesday  confirming that it pays to have a strong lineup of cable networks -- at least while advertisers keep spending.,normal
CMCSA,Comcast Corporation,20111102,UPDATE 3-Comcast profit rises  overcomes NBC drag ,Nov 2 Comcast Corp's profit rose 5 percent thanks to healthy results from its cable business  calming recent worries that the industry was succumbing to pressures from a weak economy and poor housing market.,normal
ERIC,Ericsson,20111102,ST-Ericsson breaks Qualcomm Windows Phone monopoly ,HELSINKI ST-Ericsson won a deal to supply chipsets for future Nokia phones based on Windows software  breaking Qualcomm's monopoly over Microsoft's mobile platform.,topStory
ERIC,Ericsson,20111102,UPDATE 2-ST-Ericsson breaks Qualcomm Windows Phone monopoly ,HELSINKI  Nov 2 ST-Ericsson  won a deal to supply chipsets for future Nokia phones based on Windows software  breaking Qualcomm's monopoly over Microsoft's mobile platform.,normal
ERIC,Ericsson,20111102,TEXT-Fitch affirms Ericsson at 'BBB+';outlook stable ,(The following statement was released by the rating agency),normal
ERIC,Ericsson,20111102,UPDATE 1-ST-Ericsson breaks Qualcomm Windows Phone monopoly ,* ST-Ericsson to supply chipsets for Nokia Windows Phones,normal
ERIC,Ericsson,20111102,Sony's Hirai to address Q2  focus on restructuring ,TOKYO Sony Corp's heir apparent will make a rare appearance at the Japanese firm's earnings conference on Wednesday  raising hopes the once-stellar brand is at last getting to grips with its struggling TV business and can challenge smartphone rivals.,normal
GRMN,Garmin Ltd,20111102,Personal navigation devices services help Garmin back on track ,Garmin Ltd raised its forecast for the year as it starts to gain from its move to add high-margin services to its staple personal navigation devices (PNDs)  which have seen a freefall in sales over the past few years.,topStory
GRMN,Garmin Ltd,20111102,UPDATE 3-PND services help Garmin back on track  shares rise ,Nov 2 Garmin Ltd raised its forecast for the year as it starts to gain from its move to add high-margin services to its staple personal navigation devices (PNDs)  which have seen a freefall in sales over the past few years.,normal
GPRO,GoPro Inc,20111102,UPDATE 1-Gen-Probe posts loss due to impaired investment ,LOS ANGELES  Nov 2 Diagnostic test maker Gen-Probe Inc posted a third-quarter loss  citing impairment of its $50 million investment in sequencing company Pacific Biosciences  and trimmed 5 cents a share from the high end of its full-year profit outlook.,topStory
HURN,Huron Consulting Group Inc,20111102,UPDATE 1-Huron Consulting Q3 profit tops Street ,Nov 2 Huron Consulting Group Inc posted third-quarter earnings that topped Wall Street estimates  helped by strong growth in its health and education consulting segment  and expects a strong full-year profit.,topStory
DTYS,iPath US Treasury 10-year Bear ETN,20111102,MOVES-Barclays Corporate  Stephens ,Nov 2 The following financial service industry appointments were announced on Wednesday. To inform us of other job changes  email to moves@thomsonreuters.com.,topStory
DTYS,iPath US Treasury 10-year Bear ETN,20111102,UPDATE 2-EFSF delays bond offering ,LONDON  Nov 2 (IFR) - The European Financial Stability Facility (EFSF) has decided not to go ahead with a EUR3bn max long 10-year deal according to sources familiar with the matter.,normal
DTYS,iPath US Treasury 10-year Bear ETN,20111102,EFSF delays bond offering ,LONDON  Nov 2 (IFR) - The European Financial Stability Facility (EFSF) has decided not to go ahead with a EUR3BN max 10-year deal according to sources familiar with the matter. The issuer mandated Barclays Capital  Credit Agricole and JP Morgan on Monday and market expectations had been that a deal would launch and price on Wednesday.,normal
DTUS,iPath US Treasury 2-year Bear ETN,20111102,MOVES-Barclays Corporate  Stephens ,Nov 2 The following financial service industry appointments were announced on Wednesday. To inform us of other job changes  email to moves@thomsonreuters.com.,topStory
DTUS,iPath US Treasury 2-year Bear ETN,20111102,UPDATE 2-EFSF delays bond offering ,LONDON  Nov 2 (IFR) - The European Financial Stability Facility (EFSF) has decided not to go ahead with a EUR3bn max long 10-year deal according to sources familiar with the matter.,normal
DTUS,iPath US Treasury 2-year Bear ETN,20111102,EFSF delays bond offering ,LONDON  Nov 2 (IFR) - The European Financial Stability Facility (EFSF) has decided not to go ahead with a EUR3BN max 10-year deal according to sources familiar with the matter. The issuer mandated Barclays Capital  Credit Agricole and JP Morgan on Monday and market expectations had been that a deal would launch and price on Wednesday.,normal
DTUL,iPath US Treasury 2-year Bull ETN,20111102,MOVES-Barclays Corporate  Stephens ,Nov 2 The following financial service industry appointments were announced on Wednesday. To inform us of other job changes  email to moves@thomsonreuters.com.,topStory
DTUL,iPath US Treasury 2-year Bull ETN,20111102,UPDATE 2-EFSF delays bond offering ,LONDON  Nov 2 (IFR) - The European Financial Stability Facility (EFSF) has decided not to go ahead with a EUR3bn max long 10-year deal according to sources familiar with the matter.,normal
DTUL,iPath US Treasury 2-year Bull ETN,20111102,EFSF delays bond offering ,LONDON  Nov 2 (IFR) - The European Financial Stability Facility (EFSF) has decided not to go ahead with a EUR3BN max 10-year deal according to sources familiar with the matter. The issuer mandated Barclays Capital  Credit Agricole and JP Morgan on Monday and market expectations had been that a deal would launch and price on Wednesday.,normal
DFVS,iPath US Treasury 5-year Bear ETN,20111102,MOVES-Barclays Corporate  Stephens ,Nov 2 The following financial service industry appointments were announced on Wednesday. To inform us of other job changes  email to moves@thomsonreuters.com.,topStory
DFVS,iPath US Treasury 5-year Bear ETN,20111102,UPDATE 2-EFSF delays bond offering ,LONDON  Nov 2 (IFR) - The European Financial Stability Facility (EFSF) has decided not to go ahead with a EUR3bn max long 10-year deal according to sources familiar with the matter.,normal
DFVS,iPath US Treasury 5-year Bear ETN,20111102,EFSF delays bond offering ,LONDON  Nov 2 (IFR) - The European Financial Stability Facility (EFSF) has decided not to go ahead with a EUR3BN max 10-year deal according to sources familiar with the matter. The issuer mandated Barclays Capital  Credit Agricole and JP Morgan on Monday and market expectations had been that a deal would launch and price on Wednesday.,normal
DFVL,iPath US Treasury 5-year Bull ETN,20111102,MOVES-Barclays Corporate  Stephens ,Nov 2 The following financial service industry appointments were announced on Wednesday. To inform us of other job changes  email to moves@thomsonreuters.com.,topStory
DFVL,iPath US Treasury 5-year Bull ETN,20111102,UPDATE 2-EFSF delays bond offering ,LONDON  Nov 2 (IFR) - The European Financial Stability Facility (EFSF) has decided not to go ahead with a EUR3bn max long 10-year deal according to sources familiar with the matter.,normal
DFVL,iPath US Treasury 5-year Bull ETN,20111102,EFSF delays bond offering ,LONDON  Nov 2 (IFR) - The European Financial Stability Facility (EFSF) has decided not to go ahead with a EUR3BN max 10-year deal according to sources familiar with the matter. The issuer mandated Barclays Capital  Credit Agricole and JP Morgan on Monday and market expectations had been that a deal would launch and price on Wednesday.,normal
FLAT,iPath US Treasury Flattener ETN,20111102,MOVES-Barclays Corporate  Stephens ,Nov 2 The following financial service industry appointments were announced on Wednesday. To inform us of other job changes  email to moves@thomsonreuters.com.,topStory
FLAT,iPath US Treasury Flattener ETN,20111102,UPDATE 2-EFSF delays bond offering ,LONDON  Nov 2 (IFR) - The European Financial Stability Facility (EFSF) has decided not to go ahead with a EUR3bn max long 10-year deal according to sources familiar with the matter.,normal
FLAT,iPath US Treasury Flattener ETN,20111102,EFSF delays bond offering ,LONDON  Nov 2 (IFR) - The European Financial Stability Facility (EFSF) has decided not to go ahead with a EUR3BN max 10-year deal according to sources familiar with the matter. The issuer mandated Barclays Capital  Credit Agricole and JP Morgan on Monday and market expectations had been that a deal would launch and price on Wednesday.,normal
DLBS,iPath US Treasury Long Bond Bear ETN,20111102,MOVES-Barclays Corporate  Stephens ,Nov 2 The following financial service industry appointments were announced on Wednesday. To inform us of other job changes  email to moves@thomsonreuters.com.,topStory
DLBS,iPath US Treasury Long Bond Bear ETN,20111102,UPDATE 2-EFSF delays bond offering ,LONDON  Nov 2 (IFR) - The European Financial Stability Facility (EFSF) has decided not to go ahead with a EUR3bn max long 10-year deal according to sources familiar with the matter.,normal
DLBS,iPath US Treasury Long Bond Bear ETN,20111102,EFSF delays bond offering ,LONDON  Nov 2 (IFR) - The European Financial Stability Facility (EFSF) has decided not to go ahead with a EUR3BN max 10-year deal according to sources familiar with the matter. The issuer mandated Barclays Capital  Credit Agricole and JP Morgan on Monday and market expectations had been that a deal would launch and price on Wednesday.,normal
STPP,iPath US Treasury Steepener ETN,20111102,MOVES-Barclays Corporate  Stephens ,Nov 2 The following financial service industry appointments were announced on Wednesday. To inform us of other job changes  email to moves@thomsonreuters.com.,topStory
STPP,iPath US Treasury Steepener ETN,20111102,UPDATE 2-EFSF delays bond offering ,LONDON  Nov 2 (IFR) - The European Financial Stability Facility (EFSF) has decided not to go ahead with a EUR3bn max long 10-year deal according to sources familiar with the matter.,normal
STPP,iPath US Treasury Steepener ETN,20111102,EFSF delays bond offering ,LONDON  Nov 2 (IFR) - The European Financial Stability Facility (EFSF) has decided not to go ahead with a EUR3BN max 10-year deal according to sources familiar with the matter. The issuer mandated Barclays Capital  Credit Agricole and JP Morgan on Monday and market expectations had been that a deal would launch and price on Wednesday.,normal
JASO,JA Solar Holdings Co Ltd,20111102,JA Solar to cut spending  output ,SINGAPORE Chinese solar panel maker JA Solar Holdings Co Ltd will slow spending and cut output as the industry grapples with falling solar prices and subsidy cuts  the company's chief executive said on Tuesday.,topStory
JASO,JA Solar Holdings Co Ltd,20111102,REFILE-China to slow solar output boom as price slips ,SINGAPORE  Nov 2 Chinese solar companies plan to run their plants below capacity in order to shed inventory and slow capital spending as the sector battles shrinking profit margins amid tepid demand and depressed panel prices.,normal
LINC,Lincoln Educational Services Corporation,20111102,UPDATE 2-Lincoln Educational cuts profit outlook  dividend ,* Sees student sign-ups to grow in 2012 from low 2011 levels,topStory
MU,Micron Technology Inc,20111102,Long Rambus deliberations keep onlookers guessing ,SAN FRANCISCO  Nov 2 When the bailiff knocked on the door of a California Superior Court jury room Tuesday  onlookers reached for their laptops.,topStory
MSFT,Microsoft Corporation,20111102,ST-Ericsson breaks Qualcomm Windows Phone monopoly ,HELSINKI ST-Ericsson won a deal to supply chipsets for future Nokia phones based on Windows software  breaking Qualcomm's monopoly over Microsoft's mobile platform.,topStory
MSFT,Microsoft Corporation,20111102,UPDATE 2-ST-Ericsson breaks Qualcomm Windows Phone monopoly ,HELSINKI  Nov 2 ST-Ericsson  won a deal to supply chipsets for future Nokia phones based on Windows software  breaking Qualcomm's monopoly over Microsoft's mobile platform.,normal
MSFT,Microsoft Corporation,20111102,UPDATE 1-ST-Ericsson breaks Qualcomm Windows Phone monopoly ,* ST-Ericsson to supply chipsets for Nokia Windows Phones,normal
NWS,News Corporation,20111102,News Corp focuses on cable profits  not hacking ,News Corp tried to focus attention on its strong quarterly business performance on Wednesday and away from the ongoing fallout from the phone-hacking scandal at its UK newspaper unit  which has rocked the company since it erupted in July.,topStory
NWS,News Corporation,20111102,UPDATE 3-News Corp focuses on cable profits  not hacking ,Nov 2 News Corp tried to focus attention on its strong quarterly business performance on Wednesday and away from the ongoing fallout from the phone-hacking scandal at its UK newspaper unit  which has rocked the company since it erupted in July.,normal
NWSA,News Corporation,20111102,News Corp focuses on cable profits  not hacking ,News Corp tried to focus attention on its strong quarterly business performance on Wednesday and away from the ongoing fallout from the phone-hacking scandal at its UK newspaper unit  which has rocked the company since it erupted in July.,topStory
NWSA,News Corporation,20111102,UPDATE 3-News Corp focuses on cable profits  not hacking ,Nov 2 News Corp tried to focus attention on its strong quarterly business performance on Wednesday and away from the ongoing fallout from the phone-hacking scandal at its UK newspaper unit  which has rocked the company since it erupted in July.,normal
QCOM,QUALCOMM Incorporated,20111102,Qualcomm upbeat for 2012 on mobile devices ,Chipmaker Qualcomm Inc forecast double-digit sales growth this fiscal year  banking on continued strong demand for smartphones and mobile devices as its quarterly results beat Wall Street estimates.,topStory
QCOM,QUALCOMM Incorporated,20111102,CORRECTED - UPDATE 2-Qualcomm Q4 revenue beats estimates ,(Corrects fourth paragraph to year-ago fourth-quarter net earnings of "$865 million" from "$957.98 million"),normal
QCOM,QUALCOMM Incorporated,20111102,ST-Ericsson breaks Qualcomm Windows Phone monopoly ,HELSINKI ST-Ericsson won a deal to supply chipsets for future Nokia phones based on Windows software  breaking Qualcomm's monopoly over Microsoft's mobile platform.,normal
QCOM,QUALCOMM Incorporated,20111102,UPDATE 2-ST-Ericsson breaks Qualcomm Windows Phone monopoly ,HELSINKI  Nov 2 ST-Ericsson  won a deal to supply chipsets for future Nokia phones based on Windows software  breaking Qualcomm's monopoly over Microsoft's mobile platform.,normal
QCOM,QUALCOMM Incorporated,20111102,UPDATE 1-ST-Ericsson breaks Qualcomm Windows Phone monopoly ,* ST-Ericsson to supply chipsets for Nokia Windows Phones,normal
RMBS,Rambus Inc,20111102,Long Rambus deliberations keep onlookers guessing ,SAN FRANCISCO  Nov 2 When the bailiff knocked on the door of a California Superior Court jury room Tuesday  onlookers reached for their laptops.,topStory
GOLD,Randgold Resources Limited,20111102,FTSE gets earnings  data boost to buck 3-day slide ,* Miners  oils lead gainers; Randgold  Next earnings help,topStory
SWIR,Sierra Wireless Inc,20111102,Sierra Wireless results stung by lost business ,Sales at mobile modem maker Sierra Wireless were hurt in the third quarter by a loss of business from Barnes & Noble's e-book readers and from cellular service provider Clearwire  Sierra said on Wednesday.,topStory
SWIR,Sierra Wireless Inc,20111102,UPDATE 1-Sierra Wireless results stung by lost business ,Nov 2 Sales at mobile modem maker Sierra Wireless  were hurt in the third quarter by a loss of business from Barnes & Noble's e-book readers and from cellular service provider Clearwire  Sierra said on Wednesday.,normal
SIMO,Silicon Motion Technology Corporation,20111102,Small chipmakers see macro economy hurting Q4 ,Smaller chipmakers warned of tough times ahead for the sector as macroeconomic uncertainties squeeze customer spending  echoing sentiments expressed by larger rivals such as Texas Instruments last month.,topStory
SBGI,Sinclair Broadcast Group Inc,20111102,UPDATE 2-Sinclair sees rising Q4 ad spend; buys 8 TV stations ,* Buys 8 TV stations for $385 mln from Freedom Communications,topStory
TSLA,Tesla Inc ,20111102,Tesla Motors beats expectations  shares up ,Electric car maker Tesla Motors Inc has yet to show a profit but its shares rose late on Wednesday after it reported a narrower third-quarter loss than analysts had expected.,topStory
TSLA,Tesla Inc ,20111102,UPDATE 2-Tesla Motors beats expectations  shares up ,* Model X sports utility on schedule  first sales late '13,normal
ZUMZ,Zumiez Inc,20111102,UPDATE 1-Zumiez October same-store sales beats Street ,Nov 2 Teen retailer Zumiez Inc beat same-store sales estimates for October.,topStory
ANF,Abercrombie & Fitch Company,20111102,UPDATE 1-American Eagle posts strong Q3 sales ,Nov 2 American Eagle Outfitters Inc  posted strong third-quarter sales as the apparel retailer's stronger merchandise assortments and targeted promotions pushed comparable store sales up 5 percent.,topStory
AA,Alcoa Corporation,20111102,Grade issue halts ingot production at Alcoa smelter ,Nov 2 Alcoa Inc has temporarily stopped producing certain ingots at its Becancour smelter in Quebec because of a quality problem  the aluminum producer said on Wednesday.,topStory
AA,Alcoa Corporation,20111102,Bahrain royal denies taking bribes in Alba case ,DUBAI  Nov 2 A member of the Bahraini royal family has denied accusations of corruption made against him in a UK court case involving a London-based businessman and contracts involving Bahraini aluminium producer Alba  and U.S. giant Alcoa .,normal
ALE,Allete Inc,20111102,WRAPUP 1-Industrial activity powers small US utilities ,* CenterPoint  Allete see FY11 profit at top end of outlook,topStory
AEO,American Eagle Outfitters Inc,20111102,UPDATE 2-American Eagle posts strong Q3 sales; shares rise ,Nov 2 Teen apparel retailer American Eagle Outfitters Inc posted strong third-quarter sales  helped by improved merchandise  more targeted promotions and higher online demand  sending its shares up 9 percent after the bell.,topStory
AEO,American Eagle Outfitters Inc,20111102,UPDATE 1-American Eagle posts strong Q3 sales ,Nov 2 American Eagle Outfitters Inc  posted strong third-quarter sales as the apparel retailer's stronger merchandise assortments and targeted promotions pushed comparable store sales up 5 percent.,normal
T,AT&T Inc,20111102,Judge allows Sprint suit against AT&T/T-Mobile deal ,WASHINGTON A judge on Wednesday ruled that Sprint and C Spire Wireless can pursue part of their antitrust lawsuit against AT&T Inc's proposed $39 billion acquisition of T-Mobile USA.,topStory
T,AT&T Inc,20111102,UPDATE 2-Judge allows Sprint suit against AT&T/T-Mobile deal ,WASHINGTON  Nov 2 A U.S. judge on Wednesday ruled that Sprint and C Spire Wireless can pursue part of their antitrust lawsuit against AT&T Inc's proposed $39 billion acquisition of T-Mobile USA.,normal
T,AT&T Inc,20111102,Judge allows Sprint suit against AT&T/T-Mobile deal ,WASHINGTON  Nov 2 A U.S. judge on Wednesday ruled that she would allow Sprint and C Spire Wireless to pursue part of their antitrust lawsuit against AT&T Corp's proposed acquisition of T-Mobile USA.,normal
T,AT&T Inc,20111102,Republicans seek limits on US FCC merger reviews ,* Bill would require cost-benefit analyses for rulemaking,normal
T,AT&T Inc,20111102,Analysis: Clearwire needs more customers and funding ,NEW YORK Clearwire Corp  needs another big wholesale customer to make investors less nervous about buying stock in the wireless service provider  which is majority owned by its biggest customer Sprint Nextel .,normal
BAC,Bank of America Corporation,20111102,U.S. credit unions boosted by anti-bank campaign ,NEW YORK  Nov 2 Tens of thousands of Americans are closing bank accounts and moving their money to credit unions in a Facebook campaign that has gathered momentum from anti-Wall Street protests  an industry group says.,topStory
BAC,Bank of America Corporation,20111102,UPDATE 3-Ally CEO says may not support its mortgage unit ,Nov 2 Ally Financial Inc's CEO on Wednesday stressed the company's money-losing ResCap mortgage unit is a separate legal entity and doesn't have unlimited backing from its parent company.,normal
BAC,Bank of America Corporation,20111102,BofA employees flood bank's rivals with resumes ,CHARLOTTE  North Carolina Bank of America Corp employees are flooding rival companies with resumes as a major cost-cutting program gets under way at the second-largest U.S. bank.,normal
BAC,Bank of America Corporation,20111102,B of A employees flood bank's rivals with resumes ,CHARLOTTE  N.C.  Nov 2 Bank of America Corp employees are flooding rival companies with resumes as a major cost-cutting program gets under way at the second-largest U.S. bank.,normal
BCS,Barclays PLC,20111102,MOVES-Barclays Corporate  Stephens ,Nov 2 The following financial service industry appointments were announced on Wednesday. To inform us of other job changes  email to moves@thomsonreuters.com.,topStory
BCS,Barclays PLC,20111102,UPDATE 2-EFSF delays bond offering ,LONDON  Nov 2 (IFR) - The European Financial Stability Facility (EFSF) has decided not to go ahead with a EUR3bn max long 10-year deal according to sources familiar with the matter.,normal
BCS,Barclays PLC,20111102,EFSF delays bond offering ,LONDON  Nov 2 (IFR) - The European Financial Stability Facility (EFSF) has decided not to go ahead with a EUR3BN max 10-year deal according to sources familiar with the matter. The issuer mandated Barclays Capital  Credit Agricole and JP Morgan on Monday and market expectations had been that a deal would launch and price on Wednesday.,normal
BKS,Barnes & Noble Inc,20111102,Sierra Wireless results stung by lost business ,Sales at mobile modem maker Sierra Wireless were hurt in the third quarter by a loss of business from Barnes & Noble's e-book readers and from cellular service provider Clearwire  Sierra said on Wednesday.,topStory
BKS,Barnes & Noble Inc,20111102,UPDATE 1-Sierra Wireless results stung by lost business ,Nov 2 Sales at mobile modem maker Sierra Wireless  were hurt in the third quarter by a loss of business from Barnes & Noble's e-book readers and from cellular service provider Clearwire  Sierra said on Wednesday.,normal
BDX,Becton Dickinson and Company,20111102,UPDATE 1-Becton profit forecast below Street; shares drop ,Nov 2 Medical technology company Becton Dickinson & Co forecast a fiscal-year profit below Wall Street's target  citing weak use of healthcare services  and its shares fell nearly 7 percent.,topStory
BDXA,Becton Dickinson and Company,20111102,UPDATE 1-Becton profit forecast below Street; shares drop ,Nov 2 Medical technology company Becton Dickinson & Co forecast a fiscal-year profit below Wall Street's target  citing weak use of healthcare services  and its shares fell nearly 7 percent.,topStory
BHP,BHP Billiton Limited,20111102,UPDATE 1-UBS cuts BHP  Rio Tinto iron ore price forecasts ,* UBS cites shift to more spot iron ore pricing for Rio  BHP,topStory
BHP,BHP Billiton Limited,20111102,UBS cuts BHP  Rio Tinto iron ore price forecasts ,SYDNEY  Nov 3 UBS on Thursday cut its realised price forecast for iron ore sold by BHP Billiton and Rio Tinto for the December quarter to $143 per tonne from $166 per tonne citing an industry move to more spot pricing.,normal
BMY,Bristol-Myers Squibb Company,20111102,Sanofi closing R&D site  cutting U.S. sales jobs ,Nov 2  French drugmaker Sanofi is closing a research and development site in Bridgewater  New Jersey  as part of a move to reorganize R&D operations  and will cut its U.S. cardiovascular and oncology sales force.,topStory
CNP,CenterPoint Energy Inc,20111102,WRAPUP 1-Industrial activity powers small US utilities ,* CenterPoint  Allete see FY11 profit at top end of outlook,topStory
CNP,CenterPoint Energy Inc,20111102,UPDATE 1-CenterPoint Q3 profit beats estimates ,Nov 2 CenterPoint Energy posted a better-than-expected quarterly profit  helped by a rise in industrial customers for its regulated electric and natural gas utilities  and said it expected full-year earnings at the high end of its outlook range.,normal
CHK,Chesapeake Energy Corporation,20111102,UPDATE 2-Chesapeake CEO to repay $12 mln for map sale ,Nov 2 Chesapeake Energy Corp CEO Aubrey McClendon plans to reimburse the company $12 million it paid to purchase his antique map collection in 2008 as part of a settlement with shareholders angered by the transaction.,topStory
CVX,Chevron Corporation,20111102,Chevron starts first shale gas drilling in Poland ,WARSAW  Nov 2 U.S. major Chevron this week started drilling its first shale gas exploration well on one of its four licenses in south-eastern Poland  the company said on Wednesday.,topStory
CHL,China Mobile (Hong Kong) Ltd,20111102,China Telecom appoints Yang Jie as president  COO ,HONG KONG  Nov 2 China Telecom Corp Ltd    the smallest of the country's three telecommunications carriers  has appointed Yang Jie as president and chief operating officer  effective from Wednesday  the company said in a statement.,topStory
CHA,China Telecom Corp Ltd,20111102,China Telecom appoints Yang Jie as president  COO ,HONG KONG  Nov 2 China Telecom Corp Ltd    the smallest of the country's three telecommunications carriers  has appointed Yang Jie as president and chief operating officer  effective from Wednesday  the company said in a statement.,topStory
CHU,China Unicom (Hong Kong) Ltd,20111102,China Telecom appoints Yang Jie as president  COO ,HONG KONG  Nov 2 China Telecom Corp Ltd    the smallest of the country's three telecommunications carriers  has appointed Yang Jie as president and chief operating officer  effective from Wednesday  the company said in a statement.,topStory
C,Citigroup Inc,20111102,CORRECTED-Abu Dhabi's UNB pricing $400m 5-yr bond Wed-lead ,DUBAI  Nov 2 Abu Dhabi's Union National Bank  has launched a $400 million five-year bond  with pricing due on Wednesday  a lead manager confirmed.,topStory
C,Citigroup Inc,20111102,Abu Dhabi's UNB prices $400 mln 5-yr bond - lead ,DUBAI  Nov 2 Abu Dhabi's Union National Bank  has priced a $400 million five-year bond  a lead manager said on Wednesday.,normal
C,Citigroup Inc,20111102,Bank Handlowy Q3 net falls less than expected ,WARSAW  Nov 2Poland's Bank Handlowy  posted a lower than expected 13-percent drop in its third-quarter earnings  weighed down by lower income from investment products amid weak capital markets  the Citigroup  unit said on Wednesday.,normal
CLH,Clean Harbors Inc,20111102,UPDATE 3-Clean Harbors targets buys to meet demand ,* Ups 2011 rev view to $1.92-$1.94 bln from $1.84-$1.88 bln,topStory
CLX,Clorox Company (The),20111102,Clorox posts profit  confirms year view  shares up ,Clorox Co  posted a bigger-than-expected quarterly profit on Wednesday and stood by its expectations for the year  as the bleach maker was aided by its decision to raise prices.,topStory
CLX,Clorox Company (The),20111102,UPDATE 2-Clorox posts profit  confirms year view  shares up ,Nov 2  Clorox Co posted a bigger-than-expected quarterly profit on Wednesday and stood by its expectations for the year  as the bleach maker was aided by its decision to raise prices.,normal
CXO,Concho Resources Inc,20111102,UPDATE 1-Concho Resources Q3 beats Street ,Nov 2 Concho Resources reported quarterly results that beat market expectations  helped by higher production  and the oil-focused explorer said it had acquired acreage for $330 million.,topStory
DB,Deutsche Bank AG,20111102,New Issue-EQT Corp adds $750 mln in notes ,Nov 2 EQT Corp on Wednesday added $750 million of senior unsecured notes  said IFR  a Thomson Reuters service.     The size of the deal was increased from an originally planned $500 million.     Barclay's Capital  Deutsche Bank and J.P. Morgan were the joint bookrunning managers for the sale. BORROWER: EQT CORP AMT $750 MLN      COUPON 4.875 PCT    MATURITY  11/15/2021 TYPE SR NTS       ISS PRICE 99.085    FIRST PAY  5/15/2012 MOODY'S Baa2      YIELD 4.992 PCT     SETTLEMENT 11/7/201,topStory
DB,Deutsche Bank AG,20111102,CORRECTED-Abu Dhabi's UNB pricing $400m 5-yr bond Wed-lead ,DUBAI  Nov 2 Abu Dhabi's Union National Bank  has launched a $400 million five-year bond  with pricing due on Wednesday  a lead manager confirmed.,normal
DB,Deutsche Bank AG,20111102,Abu Dhabi's UNB prices $400 mln 5-yr bond - lead ,DUBAI  Nov 2 Abu Dhabi's Union National Bank  has priced a $400 million five-year bond  a lead manager said on Wednesday.,normal
DB,Deutsche Bank AG,20111102,GS Caltex says to accept bids for GS Power stake by Nov 14 ,SEOUL  Nov 2 South Korea's second-largest crude oil refiner GS Caltex will receive indicative bids from potential investors for its 50 percent stake in unlisted unit GS Power by Nov. 14  a company spokesman said.,normal
DVN,Devon Energy Corporation,20111102,Hunt for oil helps Devon  EOG top Street ,Devon Energy  and EOG Resources Inc  posted better-than-expected quarterly results as efforts to increase production of crude oil and more valuable natural gas liquids from North America's shale fields paid off for the U.S. oil and gas companies.,topStory
EIX,Edison International,20111102,WRAPUP 1-Industrial activity powers small US utilities ,* CenterPoint  Allete see FY11 profit at top end of outlook,topStory
EIX,Edison International,20111102,A2A supervisory board OKs guidelines for Edison talks with EDF ,MILAN  Nov 2 The supervisory board of regional utility A2A approved the guidelines for the continuation of talks with France's EDF over the reorganisation of Italian utility Edison   A2A said on Wednesday.,normal
ENB,Enbridge Inc,20111102,Enterprise weighs options to relieve Cushing oil glut ,NEW YORK  Nov 2 Enterprise Products Partners is now considering two options to move the glut of crude oil landlocked in Oklahoma down to Gulf Coast refineries.,topStory
E,ENI SpA,20111102,ENI  Gazprom Neft return to Libya deal: Kremlin envoy ,MOSCOW Russia's Gazprom Neft  and Italy's ENI  have revived their joint venture in Libya  Russia's Africa envoy  Mikhail Margelov  told reporters on Wednesday.,topStory
ESV,ENSCO plc,20111102,UPDATE 1-Ensco 3rd-qtr profit ahead of Wall St estimates ,Nov 2 Ensco Plc   owner of the world's second-largest offshore drilling fleet  reported on Wednesday a better-than-expected profit on revenue that doubled due to its Pride International acquisition this year.,topStory
EOG,EOG Resources Inc,20111102,Hunt for oil helps Devon  EOG top Street ,Devon Energy  and EOG Resources Inc  posted better-than-expected quarterly results as efforts to increase production of crude oil and more valuable natural gas liquids from North America's shale fields paid off for the U.S. oil and gas companies.,topStory
EOG,EOG Resources Inc,20111102,EOG shares soar 10 percent on earnings  well results ,Shares of EOG Resources Inc  soared 10 percent on Wednesday  a day after the U.S. oil and gas producer reported a better-than-expected quarterly profit and good results from its crude oil wells in the Eagle Ford Shale in South Texas.,normal
EQT,EQT Corporation,20111102,New Issue-EQT Corp adds $750 mln in notes ,Nov 2 EQT Corp on Wednesday added $750 million of senior unsecured notes  said IFR  a Thomson Reuters service.     The size of the deal was increased from an originally planned $500 million.     Barclay's Capital  Deutsche Bank and J.P. Morgan were the joint bookrunning managers for the sale. BORROWER: EQT CORP AMT $750 MLN      COUPON 4.875 PCT    MATURITY  11/15/2021 TYPE SR NTS       ISS PRICE 99.085    FIRST PAY  5/15/2012 MOODY'S Baa2      YIELD 4.992 PCT     SETTLEMENT 11/7/201,topStory
XOM,Exxon Mobil Corporation,20111102,UPDATE 1-Power blip hits Exxon's Beaumont TX refinery-trade ,Nov 2 A power outage early Wednesday briefly affected Exxon Mobil Corp's 344 500 barrel-per-day (bpd) refinery in Beaumont  Texas  a company spokeswoman confirmed.,topStory
XOM,Exxon Mobil Corporation,20111102,Power blip hits Shell Deer Park TX refinery -trade ,Nov 2 A brief power blip affected Royal Dutch Shell's 327 000 barrels-per-day joint-venture refinery on Wednesday  but operations were returning to normal  trade sources said.,normal
XOM,Exxon Mobil Corporation,20111102,Power blip hits Exxon's Beaumont TX refinery-trade ,Nov 2 A power outage early Wednesday affected Exxon Mobil Corp's 344 500 barrel-per-day (bpd) refinery in Beaumont  Texas  according to trade sources.,normal
FMC,FMC Corporation,20111102,UPDATE 2-Fresenius lowers sales outlook on dialysis drugs ,* Sees 2011 sales growth 6 percent vs previous range of 7 to 8 percent,topStory
FMS,Fresenius Medical Care Corporation,20111102,UPDATE 2-Fresenius lowers sales outlook on dialysis drugs ,* Sees 2011 sales growth 6 percent vs previous range of 7 to 8 percent,topStory
FCN,FTI Consulting Inc,20111102,UPDATE 1-FTI Consulting Q3 beats Wall Street ,Nov 2 Business advisory FTI Consulting Inc  posted third-quarter profit above analysts' expectations  helped by growth in its economic consulting business.,topStory
GEK,General Electric Capital Corporation,20111102,Cable TV drives results at Time Warner  Comcast ,Comcast Corp and Time Warner Inc reported stronger quarterly results on Wednesday  confirming that it pays to have a solid lineup of cable networks -- at least while advertisers keep spending.,topStory
GE,General Electric Company,20111102,Cable TV drives results at Time Warner  Comcast ,Comcast Corp and Time Warner Inc reported stronger quarterly results on Wednesday  confirming that it pays to have a solid lineup of cable networks -- at least while advertisers keep spending.,topStory
GS,Goldman Sachs Group Inc (The),20111102,PIMCO's Gross says banks need further capitalization ,SAN FRANCISCO U.S. banks have not done enough to ensure they are well capitalized  and getting back to a system where retail and investment banking are separated would be attractive in terms of reform  Bill Gross  manager of the world's largest bond fund  said on Tuesday.,topStory
GS,Goldman Sachs Group Inc (The),20111102,UPDATE 1-Becton profit forecast below Street; shares drop ,Nov 2 Medical technology company Becton Dickinson & Co forecast a fiscal-year profit below Wall Street's target  citing weak use of healthcare services  and its shares fell nearly 7 percent.,normal
GS,Goldman Sachs Group Inc (The),20111102,UPDATE 1-PIMCO's Gross says US banks need further capitalization ,* Says separating retail and investment banking attractive,normal
HMC,Honda Motor Company Ltd,20111102,UPDATE 4-Nissan lifts guidance  fends off floods  econ gloom ,* Sees maximum loss of 60 000 cars from floods in Thailand,topStory
HMC,Honda Motor Company Ltd,20111102,Nissan Q2 operating profit down 4.6 pct  lifts guidance ,YOKOHAMA  Japan  Nov 2 Nissan Motor Co  reported on Wednesday a 4.6 percent fall in quarterly operating profit  but lifted its annual forecast near the market's consensus despite a strengthening yen  shaky global economy and disruptive floods in Thailand.,normal
HPQ,HP Inc,20111102,Lenovo Q2 net profit up 88 pct  beats forecast ,HONG KONG  Nov 2 Lenovo Group Ltd   the world's No.2 PC brand  posted a better-than-expected 88 percent rise in second-quarter profit  helped by acquisitions and an increase in sales in emerging markets such as China.,topStory
HSBC,HSBC Holdings plc,20111102,CORRECTED-Abu Dhabi's UNB pricing $400m 5-yr bond Wed-lead ,DUBAI  Nov 2 Abu Dhabi's Union National Bank  has launched a $400 million five-year bond  with pricing due on Wednesday  a lead manager confirmed.,topStory
HSBC,HSBC Holdings plc,20111102,Abu Dhabi's UNB prices $400 mln 5-yr bond - lead ,DUBAI  Nov 2 Abu Dhabi's Union National Bank  has priced a $400 million five-year bond  a lead manager said on Wednesday.,normal
HSEA,HSBC Holdings plc,20111102,CORRECTED-Abu Dhabi's UNB pricing $400m 5-yr bond Wed-lead ,DUBAI  Nov 2 Abu Dhabi's Union National Bank  has launched a $400 million five-year bond  with pricing due on Wednesday  a lead manager confirmed.,topStory
HSEA,HSBC Holdings plc,20111102,Abu Dhabi's UNB prices $400 mln 5-yr bond - lead ,DUBAI  Nov 2 Abu Dhabi's Union National Bank  has priced a $400 million five-year bond  a lead manager said on Wednesday.,normal
HSEB,HSBC Holdings plc,20111102,CORRECTED-Abu Dhabi's UNB pricing $400m 5-yr bond Wed-lead ,DUBAI  Nov 2 Abu Dhabi's Union National Bank  has launched a $400 million five-year bond  with pricing due on Wednesday  a lead manager confirmed.,topStory
HSEB,HSBC Holdings plc,20111102,Abu Dhabi's UNB prices $400 mln 5-yr bond - lead ,DUBAI  Nov 2 Abu Dhabi's Union National Bank  has priced a $400 million five-year bond  a lead manager said on Wednesday.,normal
HUN,Huntsman Corporation,20111102,Huntsman Q3 beats on higher prices; shares rally ,Higher prices for chemicals used to make insulation and paint helped Huntsman Corp  post better-than-expected quarterly results  pushing its stock up 15 percent in midday trading.,topStory
HUN,Huntsman Corporation,20111102,UPDATE 4-Huntsman Q3 beats on higher prices; shares rally ,Nov 2 Higher prices for chemicals used to make insulation and paint helped Huntsman Corp post better-than-expected quarterly results  pushing its stock up 15 percent in midday trading.,normal
IBN,ICICI Bank Limited,20111102,Indian shares down 0.1 pct in choppy trade; Reliance gains ,MUMBAI  Nov 2 Indian shares closed 0.09 percent lower in choppy Wednesday trade  as Greece referendum talks and a contraction in German manufacturing stoked risk aversion  erasing early local gains from bargain buying following a two-day fall.,topStory
ICE,Intercontinental Exchange Inc,20111102,ICE profit jumps in volatile third quarter ,IntercontinentalExchange Inc's  quarterly profit jumped a better-than-expected 38 percent as high volatility in the quarter drove robust U.S. and European futures trading.,topStory
ICE,Intercontinental Exchange Inc,20111102,UPDATE 2-ICE profit jumps in volatile third quarter ,Nov 2 IntercontinentalExchange Inc's  quarterly profit jumped a better-than-expected 38 percent as high volatility in the quarter drove robust U.S. and European futures trading.,normal
JPM,J P Morgan Chase & Co,20111102,New Issue-EQT Corp adds $750 mln in notes ,Nov 2 EQT Corp on Wednesday added $750 million of senior unsecured notes  said IFR  a Thomson Reuters service.     The size of the deal was increased from an originally planned $500 million.     Barclay's Capital  Deutsche Bank and J.P. Morgan were the joint bookrunning managers for the sale. BORROWER: EQT CORP AMT $750 MLN      COUPON 4.875 PCT    MATURITY  11/15/2021 TYPE SR NTS       ISS PRICE 99.085    FIRST PAY  5/15/2012 MOODY'S Baa2      YIELD 4.992 PCT     SETTLEMENT 11/7/201,topStory
JPM,J P Morgan Chase & Co,20111102,UPDATE 2-EFSF delays bond offering ,LONDON  Nov 2 (IFR) - The European Financial Stability Facility (EFSF) has decided not to go ahead with a EUR3bn max long 10-year deal according to sources familiar with the matter.,normal
JPM,J P Morgan Chase & Co,20111102,EFSF delays bond offering ,LONDON  Nov 2 (IFR) - The European Financial Stability Facility (EFSF) has decided not to go ahead with a EUR3BN max 10-year deal according to sources familiar with the matter. The issuer mandated Barclays Capital  Credit Agricole and JP Morgan on Monday and market expectations had been that a deal would launch and price on Wednesday.,normal
JPM,J P Morgan Chase & Co,20111102,EFSF INVESTOR CALL PLANNED FOR 09:30GMT- SOURCES ,LONDON  Nov 2 (IFR) - The European Financial Stability Facility (EFSF) will hold an investor call at 9.30 London time ahead a planned EUR3bn no-grow long 10-year issue  leads said. Bookrunners Barclays Capital  Credit Agricole and JP Morgan are handling the trade which is the first time the EFSF has tapped the market since June.,normal
JLL,Jones Lang LaSalle Incorporated,20111102,UPDATE 2-Jones Lang LaSalle profit exceeds expectations ,Nov 2 Jones Lang LaSalle Inc   one of the world's largest real estate service companies  reported quarterly earnings that beat Wall Street expectations  citing increased market share and an acquisition in Europe.,topStory
KB,KB Financial Group Inc,20111102,Seoul shares open down as Europe fears resurface ,SEOUL  Nov 2 Seoul shares opened sharply lower on Wednesday  hit by fears Greek voters could snuff out a bailout plan designed to contain the euro zone debt crisis.,topStory
KMI,Kinder Morgan Inc,20111102,UPDATE 1-El Paso posts Q3 loss  misses Wall St view ,Nov 2 El Paso Corp   which is set to be bought by Kinder Morgan Inc under a deal announced last month  posted worse-than-expected third-quarter results on Wednesday.,topStory
PHG,Koninklijke Philips NV,20111102,UPDATE 1-TPV in deal with Philips  shares suspended ,* Analysts say TPV aimed to gain market share through deal   (Adds details  quotes),topStory
PHG,Koninklijke Philips NV,20111102,Trading in TPV Technology shares suspended on major deal ,HONG KONG  Nov 2 Trading in TPV Technology Ltd  shares was suspended on Wednesday pending a statement regarding a substantial acquisition  it said in a filing with the Hong Kong bourse.,normal
LNC,Lincoln National Corporation,20111102,UPDATE 1-Lincoln National Q3 oper profit beats ,Nov 2 Life insurer Lincoln National Corp  posted operating profit that beat analysts' estimates helped by positive net flows across all its segments.,topStory
LMT,Lockheed Martin Corporation,20111102,Panetta sees half of defense cuts from weapons ,* Senators express concern about Lockheed fighter program,topStory
MMP,Magellan Midstream Partners LP,20111102,Magellan cuts project costs on Houston crude line ,NEW YORK  Nov 2 Magellan Midstream Partners cut the estimated cost of reversing the Houston to El Paso pipeline  making it more viable to ship crude from West Texas to refineries along the U.S. Gulf Coast.,topStory
MRO,Marathon Oil Corporation,20111102,Marathon exploring stake sale in Angolan ops - report ,Nov 1 U.S. energy company Marathon Oil Corp  is exploring selling a stake in its Angolan operations for as much as $800 million  Bloomberg said  citing two people with knowledge of the process.,topStory
MMC,Marsh & McLennan Companies Inc,20111102,UPDATE 2-Marsh & McLennan sees slow Q4 for Oliver Wyman ,Nov 2 Marsh & McLennan's third-quarter profit fell but still stayed on top of Wall Street estimates  and the world's second-largest insurance broker said the weakening economy would take a bite out of earnings at its consulting segment.,topStory
MA,Mastercard Incorporated,20111102,MasterCard hits all-time high on strong growth ,MasterCard Inc reported sharply higher third-quarter profit on Wednesday  easily beating Wall Street estimates on double-digit increases in volumes.,topStory
MA,Mastercard Incorporated,20111102,US STOCKS-Wall St on edge over Greece but Bernanke soothes ,NEW YORK  Nov 2 U.S. stocks rebounded from two days of sharp losses on Wednesday after the Federal Reserve said it is prepared to do more for the economy if conditions warrant  helping to stanch the panicky reaction to Europe's debt crisis.,normal
MA,Mastercard Incorporated,20111102,US STOCKS-Wall St holds gains as Fed keeps policy unchanged ,NEW YORK  Nov 2 U.S. stocks rebounded after two days of losses on Wednesday  aided by upbeat job market data and a slightly optimistic economic outlook from the Federal Reserve.,normal
MA,Mastercard Incorporated,20111102,UPDATE 5-MasterCard hits all-time high on strong growth ,Nov 2 MasterCard Inc reported sharply higher third-quarter profit on Wednesday  easily beating Wall Street estimates on double-digit increases in volumes.,normal
MA,Mastercard Incorporated,20111102,US STOCKS-Wall St set to rise with Greece  Fed in view ,* MasterCard profit beats expectations as revs jump 27 pct,normal
MRK,Merck & Company Inc,20111102,Advisers back Merck drug for some kidney patients ,SILVER SPRING  Maryland Health advisers on Wednesday unanimously recommended use of Merck & Co's cholesterol-lowering drug Vytorin for preventing stroke and other heart problems in patients with chronic kidney disease  but only in those patients not yet on dialysis.,topStory
MRK,Merck & Company Inc,20111102,UPDATE 2-US advisers back Merck drug for some kidney patients ,* Panel backed for pre-dialysis  not in those on dialysis,normal
MRK,Merck & Company Inc,20111102,US advisers back Vytorin in some kidney patients ,SILVER SPRING  Md.  Nov 2 U.S. health advisers on Wednesday put some weight behind Merck & Co's  cholesterol-lowering drug Vytorin in preventing stroke and other heart problems in patients with chronic kidney disease.,normal
MCO,Moody&#39;s Corporation,20111102,BRIEF-Moody's asgns A1 rtg to Eandis's notes ,* Moody's assigns A1 rating to Eandis's EUR500 million 4.5% notes due 2021; negative outlook (Belgium),topStory
MCO,Moody&#39;s Corporation,20111102,BRIEF: Moody's reviews Ricoh's subsidiaries for possible downgrade ,* Moody's reviews Ricoh's subsidiaries for possible downgrade,normal
NEM,Newmont Mining Corporation,20111102,UPDATE 1-Peru seeks truce between Newmont Mining and foes ,* Gov't tries to end conflict over massive investment plan,topStory
OZM,Och-Ziff Capital Management Group LLC,20111102,Och-Ziff reports lower earnings as taxes rose ,Nov 2 Och-Ziff Capital Management Group reported on Wednesday a lower quarterly profit due largely to higher taxes  even though the hedge fund company earned more in fees for managing more money.,topStory
PFE,Pfizer Inc,20111102,New study says Chantix raises suicide risks ,CHICAGO Pfizer's smoking cessation drug Chantix carries too many risks and should only be tried when other treatments fail  researchers said on Wednesday.,topStory
PFE,Pfizer Inc,20111102,Glaxo-Pfizer HIV venture plans Russian manufacturing ,MOSCOW  Nov 2 Drugmakers GlaxoSmithKline  and Pfizer cemented their local Russian foothold on Wednesday as their HIV joint venture ViiV agreed to launch manufacturing in partnership with Russian drugmaker Binnopharm.,normal
PHI,PLDT Inc,20111102,Manila PLDT to issue fixed-rate notes on Nov 8 ,MANILA  Nov 2 Philippine Long Distance Telephone Co (PLDT) said on Wednesday it has priced its offer of 5 billion pesos ($116.6 million) of fixed rate notes and will issue them on Nov. 8.,topStory
PJH,Prudential Financial Inc,20111102,UPDATE 1-Prudential profit up  but takes list of charges ,Nov 2 Prudential Financial   the second-largest life insurer in the United States  on Wednesday reported a larger quarterly profit as revenue grew and substantial net investment gains.,topStory
PRH,Prudential Financial Inc,20111102,UPDATE 1-Prudential profit up  but takes list of charges ,Nov 2 Prudential Financial   the second-largest life insurer in the United States  on Wednesday reported a larger quarterly profit as revenue grew and substantial net investment gains.,topStory
PRU,Prudential Financial Inc,20111102,UPDATE 1-Prudential profit up  but takes list of charges ,Nov 2 Prudential Financial   the second-largest life insurer in the United States  on Wednesday reported a larger quarterly profit as revenue grew and substantial net investment gains.,topStory
PWR,Quanta Services Inc,20111102,UPDATE 1-Quanta Services says part of JV to build Keystone ,Nov 2 Infrastructure contractor Quanta Services Inc said one of its units will be part of a three-company joint venture that will build TransCanada's   controversial Keystone XL pipeline.,topStory
RJF,Raymond James Financial Inc,20111102,Raymond James adds social network tools for advisers ,Raymond James Financial Inc. has joined a growing number of firms that are allowing financial advisers to communicate with clients through social networking sites.,topStory
RJF,Raymond James Financial Inc,20111102,Raymond James adds social network tools for advisers ,Nov 2 Raymond James Financial Inc. has joined a growing number of firms that are allowing financial advisers to communicate with clients through social networking sites.,normal
RIO,Rio Tinto Plc,20111102,UPDATE 1-UBS cuts BHP  Rio Tinto iron ore price forecasts ,* UBS cites shift to more spot iron ore pricing for Rio  BHP,topStory
RIO,Rio Tinto Plc,20111102,UBS cuts BHP  Rio Tinto iron ore price forecasts ,SYDNEY  Nov 3 UBS on Thursday cut its realised price forecast for iron ore sold by BHP Billiton and Rio Tinto for the December quarter to $143 per tonne from $166 per tonne citing an industry move to more spot pricing.,normal
SKM,SK Telecom Co Ltd,20111102,UPDATE 1-SK Tel  KT to launch iPhone 4S in S.Korea Nov 11 ,* Apple says iPhone 4S to hit S.Korea  Hong Kong  13 other markets Nov.11,topStory
SNE,Sony Corp Ord,20111102,ADR REPORT-Sony  Panasonic fall but ADR index rises ,NEW YORK  Nov 2 U.S.-listed shares of Sony Corp weighed on Japanese ADRs after a disappointing forecast  while overall U.S.-listed shares of overseas companies bounced.,topStory
SNE,Sony Corp Ord,20111102,Sony shares sink on massive loss forecast ,TOKYO Sony Corp warned of a fourth straight year of losses  with its television unit alone set to lose $2.2 billion on tumbling demand and a surging yen  sinking its U.S. shares and raising concerns about the viability of its high-profile TV business. | Video ,normal
SNE,Sony Corp Ord,20111102,UPDATE 5-Sony shares sink on massive loss forecast ,TOKYO  Nov 2 Sony Corp warned of a fourth straight year of losses  with its television unit alone set to lose $2.2 billion on tumbling demand and a surging yen  sinking its U.S. shares and raising concerns about the viability of its high-profile TV business.,normal
SNE,Sony Corp Ord,20111102,Sony warns of 4th annual loss; flags $2.2 billion TV loss ,TOKYO Sony Corp surprised investors Wednesday by warning it is heading for its fourth straight annual net loss and that its TV business alone would produce a loss of $2.2 billion due to tumbling demand and a surging yen.,normal
SNE,Sony Corp Ord,20111102,Sony:sees TV unit posting $2.2 billion operating loss in 2011/12 ,TOKYO Sony Corp said on Wednesday it expects its TV unit to post an operating loss of 175 billion yen ($2.2 billion) for the financial year ending in March. | Video ,normal
SNE,Sony Corp Ord,20111102,Sony:sees TV unit posting $2.2 bln operating loss in '11/12 ,TOKYO  Nov 2 Sony Corp said on Wednesday it expects its TV unit to post an operating loss of 175 billion yen ($2.2 billion) for the financial year ending in March.,normal
SNE,Sony Corp Ord,20111102,Nikkei falls over 2 pct on fresh flare-up in Greece worries ,TOKYO  Nov 2 The Nikkei share average fell more than 2 percent on Wednesday to a three-week low on resurgent fears over the euro zone's debt woes  after Greece's surprise call for a referendum threatened to scupper a bailout plan aimed at containing the crisis.,normal
SNE,Sony Corp Ord,20111102,CORRECTED-Sony slashes annual profit outlook by 90 pct ,TOKYO  Nov 2 Sony Corp slashed its full-year operating profit outlook by 90 percent on Wednesday as Thai floods disrupt camera production at the Japanese company  which is already struggling with a soaring yen and weak television sales.,normal
SNE,Sony Corp Ord,20111102,Sony cuts annual TV sales forecast by 9 pct ,TOKYO  Nov 2 Sony Corp on Wednesday cut its annual LCD TV sales forecast by 9 percent to 20 million units from 22 million units.,normal
SNE,Sony Corp Ord,20111102,Sony -2011/12 group forecast(SEC) ,Nov 2 (Reuters) -                 SONY CORP                 CONSOLIDATED EARNINGS ESTIMATES                  Full year to     Full year to                 March 31 2012    March 31 2012                 LATEST           PREVIOUS                 FORECAST         FORECAST  Sales              6.50 trln        7.20 trln  Operating         20.00           200.00     Pretax           10.00           180.00     Net          loss 90.00       prft 60.00        NOTE - Sony Corp is a globally known maker of,normal
S,Sprint Corporation,20111102,Judge allows Sprint suit against AT&T/T-Mobile deal ,WASHINGTON A judge on Wednesday ruled that Sprint and C Spire Wireless can pursue part of their antitrust lawsuit against AT&T Inc's proposed $39 billion acquisition of T-Mobile USA.,topStory
S,Sprint Corporation,20111102,UPDATE 2-Judge allows Sprint suit against AT&T/T-Mobile deal ,WASHINGTON  Nov 2 A U.S. judge on Wednesday ruled that Sprint and C Spire Wireless can pursue part of their antitrust lawsuit against AT&T Inc's proposed $39 billion acquisition of T-Mobile USA.,normal
S,Sprint Corporation,20111102,Clearwire retracts timing for profit target ,NEW YORK Clearwire Corp  on Wednesday retracted its target of an operating profit in the first quarter of 2012  blaming recent moves by its biggest client  Sprint Nextel   that reduce usage of its network.,normal
S,Sprint Corporation,20111102,UPDATE 4-Clearwire retracts timing for profit target ,NEW YORK  Nov 2 Clearwire Corp on Wednesday retracted its target of an operating profit in the first quarter of 2012  blaming recent moves by its biggest client  Sprint Nextel   that reduce usage of its network.,normal
S,Sprint Corporation,20111102,Judge allows Sprint suit against AT&T/T-Mobile deal ,WASHINGTON  Nov 2 A U.S. judge on Wednesday ruled that she would allow Sprint and C Spire Wireless to pursue part of their antitrust lawsuit against AT&T Corp's proposed acquisition of T-Mobile USA.,normal
S,Sprint Corporation,20111102,Analysis: Clearwire needs more customers and funding ,NEW YORK Clearwire Corp  needs another big wholesale customer to make investors less nervous about buying stock in the wireless service provider  which is majority owned by its biggest customer Sprint Nextel .,normal
STT,State Street Corporation,20111102,State Street loses global markets chief ,Nov 2 The senior executive at State Street Corp who oversaw its securities lending business  which has weathered employee defections and a regulatory investigation  has left the company  the Boston-based custody bank confirmed on Wednesday.,topStory
SLF,Sun Life Financial Inc,20111102,UPDATE 2-Sun Life falls to steep loss on weak markets ,TORONTO  Nov 2 Sun Life Financial fell to a steep loss in the third quarter due to falling bond yields and stock prices  Canada's No. 3 insurer said on Wednesday.,topStory
TAL,TAL Education Group,20111102,TEXT-Fitch affirms Dai-ichi Life's IFS at 'A' ,(The following statement was released by the rating agency),topStory
TEVA,Teva Pharmaceutical Industries Limited,20111102,UPDATE 1-Teva Pharm Q3 profit falls  beats forecast ,TEL AVIV  Nov 2 Teva Pharmaceutical Industries  posted lower third-quarter net profit that beat profit estimates as strong European sales helped offset a lack of launches in its U.S. generics drug business.,topStory
SCHW,The Charles Schwab Corporation,20111102,E*Trade switches to R.J.O'Brien after MF collapse ,E*Trade Financial Corp has signed up with Chicago-based futures brokerage R.J.O'Brien in the wake of the collapse of its futures trading partner  MF Global Holding Ltd  while Charles Schwab Corp said it is moving its futures clients in-house.,topStory
SCHW,The Charles Schwab Corporation,20111102,UPDATE 1-E*Trade switches to R.J.O'Brien after MF collapse ,Nov 1 E*Trade Financial Corp has signed up with Chicago-based futures brokerage R.J.O'Brien in the wake of the collapse of its futures trading partner  MF Global Holding Ltd   while Charles Schwab Corp said it is moving its futures clients in-house.,normal
THG,The Hanover Insurance Group Inc,20111102,UPDATE 1-Hanover Insurance posts narrower-than-expected Q3 loss ,Nov 2 The Hanover Insurance Group posted narrower-than-expected quarterly loss as more people bought its policies.,topStory
THGA,The Hanover Insurance Group Inc,20111102,UPDATE 1-Hanover Insurance posts narrower-than-expected Q3 loss ,Nov 2 The Hanover Insurance Group posted narrower-than-expected quarterly loss as more people bought its policies.,topStory
TWX,Time Warner Inc,20111102,Cable TV drives results at Time Warner  Comcast ,Comcast Corp and Time Warner Inc reported stronger quarterly results on Wednesday  confirming that it pays to have a solid lineup of cable networks -- at least while advertisers keep spending.,topStory
TWX,Time Warner Inc,20111102,WRAPUP 2-Cable TV drives results at Time Warner  Comcast ,Nov 2 Comcast Corp and Time Warner Inc reported stronger quarterly results on Wednesday  confirming that it pays to have a solid lineup of cable networks -- at least while advertisers keep spending.,normal
TWX,Time Warner Inc,20111102,Cable TV drives results at Time Warner  Comcast ,Comcast Corp and Time Warner Inc. reported stronger quarterly results on Wednesday  confirming that it pays to have a strong lineup of cable networks -- at least while advertisers keep spending.,normal
TWX,Time Warner Inc,20111102,AOL beats expectations  shares rise ,AOL Inc's third-quarter revenue dropped 6 percent because of its dwindling dial-up Internet access business though it beat analysts expectations and its stock rose more than 11 percent.,normal
TWX,Time Warner Inc,20111102,UPDATE 4-AOL beats expectations  shares rise ,Nov 2 AOL Inc's third-quarter revenue dropped 6 percent because of its dwindling dial-up Internet access business though it beat analysts expectations and its stock rose more than 11 percent.,normal
TWX,Time Warner Inc,20111102,Time Warner profit lifted by latest Harry Potter hit ,Time Warner Inc's quarterly profit rose a better-than-expected 57 percent  lifted by the blockbuster hit "Harry Potter and the Deathly Hallows" as well as stronger television advertising sales and cable fees.,normal
TWX,Time Warner Inc,20111102,UPDATE 2-Time Warner profit lifted by latest Harry Potter hit ,Nov 2 Time Warner Inc's quarterly profit rose a better-than-expected 57 percent  lifted by the blockbuster hit "Harry Potter and the Deathly Hallows" as well as stronger television advertising sales and cable fees.,normal
TM,Toyota Motor Corp Ltd Ord,20111102,UPDATE 4-Nissan lifts guidance  fends off floods  econ gloom ,* Sees maximum loss of 60 000 cars from floods in Thailand,topStory
TM,Toyota Motor Corp Ltd Ord,20111102,Nissan Q2 operating profit down 4.6 pct  lifts guidance ,YOKOHAMA  Japan  Nov 2 Nissan Motor Co  reported on Wednesday a 4.6 percent fall in quarterly operating profit  but lifted its annual forecast near the market's consensus despite a strengthening yen  shaky global economy and disruptive floods in Thailand.,normal
TRP,TransCanada Corporation,20111102,Keystone ruling faces delay as Obama weighs in ,CALGARY/WASHINGTON The decision on the controversial Canada-to-Texas Keystone pipeline could slip into next year  a U.S. State Department official acknowledged on Wednesday  a day after President Barack Obama said for the first time that the final decision rests with him.,topStory
TRP,TransCanada Corporation,20111102,WRAPUP 2-Keystone ruling may fall back as Obama weighs in ,CALGARY/WASHINGTON  Nov 2 The decision on the controversial Canada-to-Texas Keystone pipeline could slip into next year  a State Department official acknowledged on Wednesday  a day after President Barack Obama said for the first time that the final decision rests with him.,normal
TRP,TransCanada Corporation,20111102,Keystone XL decision might slip: State Department ,WASHINGTON The U.S. State Department said on Wednesday it still hoped to make a decision on TransCanada Corp.'s $7 billion Keystone XL pipeline plan by the end of the year  but would not rule out delaying the decision if necessary.,normal
TRP,TransCanada Corporation,20111102,UPDATE 2-TransCanada still expects year-end Keystone ruling ,* Company has been given no indication of change to process,normal
TRP,TransCanada Corporation,20111102,FACTBOX-Keystone XL dominates US energy  environment agenda ,Nov 2 TransCanada Corp's Keystone XL pipeline is at the center of an emotional debate in the United States  pitting promoters of energy security and job creation against advocates of a green economy who fear the environmental risks of moving oil across the length of the country.,normal
TRP,TransCanada Corporation,20111102,Nebraska lawmaker wants state to have say on Keystone ,LINCOLN  Neb  Nov 1 A Nebraska lawmaker on Tuesday proposed giving the state the authority to decide the route of oil pipelines  the latest salvo in a heated debate over a plan for a major pipeline bringing oil from Canada.,normal
RIG,Transocean Ltd,20111102,UPDATE 3-Transocean posts loss on rising costs  shares fall ,Nov 2 Transocean Ltd    the largest offshore drilling contractor  reported on Wednesday an unexpected quarterly loss on a rise in shipyard costs  knocking another 7 percent off its battered shares.,topStory
WMT,Wal-Mart Stores Inc,20111102,UPDATE 2-Walmart offers early preview of Black Friday deals ,Nov 2 Wal-Mart Stores Inc said on Wednesday it will soon give fans a sneak peek at its Black Friday deals and will hold a sale this Saturday  as the world's largest retailer and other U.S. chains make an early effort to win over fickle shoppers this holiday season.,topStory
WMT,Wal-Mart Stores Inc,20111102,G4S chief says misread markets as ISS deal collapses-FT ,LONDON  Nov 2 The chief executive of G4S  Nick Buckles said in an interview with the Financial Times on Wednesday that he "misread the markets" following the collapse of his proposed merger with unlisted ISS.,normal
WMT,Wal-Mart Stores Inc,20111102,Asda signs up cookery school as foodie war hots up ,LONDON  Nov 2 Asda  the British arm of U.S. retailer Wal-Mart   has struck a deal with a leading cookery school  as supermarkets battle to tap a growing trend towards premium foods.,normal
WBK,Westpac Banking Corporation,20111102,UPDATE 3-Australia banks set for $25bln profits; Westpac posts record ,* Australian banks in solid shape despite higher funding costs,topStory
AUY,Yamana Gold Inc,20111102,WRAPUP 1-Kinross  Yamana lifted by surge in gold price ,TORONTO  Nov 2 Miners Kinross Gold and Yamana Gold reported sharp increases in operating profits on Wednesday  as their results were boosted by increased output and a surge in the price of gold.,topStory
