TAPR,Barclays Inverse US Treasury Composite ETN,20111123,UPDATE 1-Option players bet on rebound in shares of big banks ,* Call volume in certain banks is above pace into holiday,topStory
TAPR,Barclays Inverse US Treasury Composite ETN,20111123,Option players bet on rebound in shares of big banks ,* Call volume in certain banks is above pace into holiday,normal
DLBL,Barclays PLC,20111123,UPDATE 1-Option players bet on rebound in shares of big banks ,* Call volume in certain banks is above pace into holiday,topStory
DLBL,Barclays PLC,20111123,Option players bet on rebound in shares of big banks ,* Call volume in certain banks is above pace into holiday,normal
DTYL,Barclays PLC,20111123,UPDATE 1-Option players bet on rebound in shares of big banks ,* Call volume in certain banks is above pace into holiday,topStory
DTYL,Barclays PLC,20111123,Option players bet on rebound in shares of big banks ,* Call volume in certain banks is above pace into holiday,normal
CME,CME Group Inc,20111123,MF Global customers get hope; Corzine asked to testify ,Former customers of MF Global Holdings Ltd got some good news on Tuesday  as the bankruptcy trustee secured more assets and the CME Group Inc expanded a guarantee to speed the return of frozen funds.,topStory
CME,CME Group Inc,20111123,WRAPUP 3-MF Global customers get hope; Corzine asked to testify ,* Trustee sees $1.2 bln shortfall; CME says it's much less,normal
CMCSA,Comcast Corporation,20111123,Comcast CFO Angelakis adds vice chairman role ,Nov 23 Comcast Corp   the largest U.S. cable TV operator  has given Chief Financial Officer Michael Angelakis the additional title of vice chairman  according to a U.S. securities filing on Wednesday.,topStory
ERIC,Ericsson,20111123,UPDATE 1-Zain signs $650 mln Iraq network deal with Ericsson ,DUBAI  Nov 23 - Kuwaiti telecoms operator Zain  on Wednesday signed a $650 million deal to outsource the network of its Iraq unit to Sweden's Ericsson.,topStory
ERIC,Ericsson,20111123,NSN says has gained in Europe modernisation deals ,HELSINKI  Nov 23 Nokia Siemens Networks  has gained market share when fighting for network modernisation deals in Europe  a key battleground for the telecom gear industry  its chief executive told Reuters on Wednesday.,normal
ESRX,Express Scripts Holding Company,20111123,UPDATE 2-UnitedHealth switches drug unit CEO amid expansion ,Nov 23 UnitedHealth Group Inc changed the leadership of its pharmacy benefit unit as the business readies for a major expansion that stands to pit it against Express Scripts Inc and CVS Caremark Corp .,topStory
FITB,Fifth Third Bancorp,20111123,UPDATE 1-Fifth Third in SEC pact on securities repurchase ,Nov 23 Fifth Third Bancorp and the main U.S. securities regulator settled on Wednesday allegations the regional bank failed to adequately notify all investors it was repurchasing certain securities.,topStory
FITBI,Fifth Third Bancorp,20111123,UPDATE 1-Fifth Third in SEC pact on securities repurchase ,Nov 23 Fifth Third Bancorp and the main U.S. securities regulator settled on Wednesday allegations the regional bank failed to adequately notify all investors it was repurchasing certain securities.,topStory
FMBI,First Midwest Bancorp Inc,20111123,Two banks repay bailout funds to Treasury ,WASHINGTON The Treasury Department said on Wednesday that two more banks have repaid a total $210 million in bailout funds that they received during the 2007-2009 financial crisis.,topStory
FMBI,First Midwest Bancorp Inc,20111123,Two U.S. banks repay bailout funds to Treasury ,WASHINGTON  Nov 23 The U.S. Treasury Department said on Wednesday that two more banks have repaid a total $210 million in bailout funds that they received during the 2007-2009 financial crisis.,normal
DTYS,iPath US Treasury 10-year Bear ETN,20111123,UPDATE 1-Option players bet on rebound in shares of big banks ,* Call volume in certain banks is above pace into holiday,topStory
DTYS,iPath US Treasury 10-year Bear ETN,20111123,Option players bet on rebound in shares of big banks ,* Call volume in certain banks is above pace into holiday,normal
DTUS,iPath US Treasury 2-year Bear ETN,20111123,UPDATE 1-Option players bet on rebound in shares of big banks ,* Call volume in certain banks is above pace into holiday,topStory
DTUS,iPath US Treasury 2-year Bear ETN,20111123,Option players bet on rebound in shares of big banks ,* Call volume in certain banks is above pace into holiday,normal
DTUL,iPath US Treasury 2-year Bull ETN,20111123,UPDATE 1-Option players bet on rebound in shares of big banks ,* Call volume in certain banks is above pace into holiday,topStory
DTUL,iPath US Treasury 2-year Bull ETN,20111123,Option players bet on rebound in shares of big banks ,* Call volume in certain banks is above pace into holiday,normal
DFVS,iPath US Treasury 5-year Bear ETN,20111123,UPDATE 1-Option players bet on rebound in shares of big banks ,* Call volume in certain banks is above pace into holiday,topStory
DFVS,iPath US Treasury 5-year Bear ETN,20111123,Option players bet on rebound in shares of big banks ,* Call volume in certain banks is above pace into holiday,normal
DFVL,iPath US Treasury 5-year Bull ETN,20111123,UPDATE 1-Option players bet on rebound in shares of big banks ,* Call volume in certain banks is above pace into holiday,topStory
DFVL,iPath US Treasury 5-year Bull ETN,20111123,Option players bet on rebound in shares of big banks ,* Call volume in certain banks is above pace into holiday,normal
FLAT,iPath US Treasury Flattener ETN,20111123,UPDATE 1-Option players bet on rebound in shares of big banks ,* Call volume in certain banks is above pace into holiday,topStory
FLAT,iPath US Treasury Flattener ETN,20111123,Option players bet on rebound in shares of big banks ,* Call volume in certain banks is above pace into holiday,normal
DLBS,iPath US Treasury Long Bond Bear ETN,20111123,UPDATE 1-Option players bet on rebound in shares of big banks ,* Call volume in certain banks is above pace into holiday,topStory
DLBS,iPath US Treasury Long Bond Bear ETN,20111123,Option players bet on rebound in shares of big banks ,* Call volume in certain banks is above pace into holiday,normal
STPP,iPath US Treasury Steepener ETN,20111123,UPDATE 1-Option players bet on rebound in shares of big banks ,* Call volume in certain banks is above pace into holiday,topStory
STPP,iPath US Treasury Steepener ETN,20111123,Option players bet on rebound in shares of big banks ,* Call volume in certain banks is above pace into holiday,normal
JBLU,JetBlue Airways Corporation,20111123,JetBlue wins auction for more NY flights: report ,JetBlue Airways Corp  won an auction for eight new takeoff and landing slots at both LaGuardia in New York and Reagan National in Washington  Bloomberg News reported on Wednesday  citing people familiar with the matter.,topStory
JBLU,JetBlue Airways Corporation,20111123,JetBlue wins auction for more NY flights-report ,Nov 23 JetBlue Airways Corp won an auction for eight new takeoff and landing slots at both LaGuardia in New York and Reagan National in Washington  Bloomberg News reported on Wednesday  citing people familiar with the matter.,normal
MSFT,Microsoft Corporation,20111123,Microsoft signs confidentiality pact with Yahoo ,SAN FRANCISCO Microsoft Corp has signed a confidentiality agreement with Yahoo Inc  allowing the software giant to take a closer look at Yahoo's business  according to a source familiar with the matter.,topStory
MSFT,Microsoft Corporation,20111123,Microsoft signs confidentiality pact with Yahoo ,* Yahoo NDAs part of company's ongoing "strategic review",normal
MSFT,Microsoft Corporation,20111123,Nokia says Windows Phone excellent start in Britain ,Nov 23 Nokia said sales of its first Windows Phone model  the Lumia 800  were off to an excellent start in Britain  dismissing analyst comments of weak sales start  which have hit shares in the Finnish company.,normal
NFLX,Netflix Inc,20111123,Netflix lawsuit dismissed ,LOS ANGELES (TheWrap.com) - A multi-million-dollar class action lawsuit against Netflix and Walmart that alleged the two companies had conspired to carve up the DVD rental and sales market between them has been dismissed.,topStory
NFLX,Netflix Inc,20111123,U.S. judge sides with Netflix in antitrust lawsuit ,A U.S. judge granted Netflix's bid to resolve all claims in its favor before trial in an antitrust class action  in which plaintiffs had sought hundreds of millions of dollars in damages.,normal
NFLX,Netflix Inc,20111123,Netflix shares hurt by bleak 2012 outlook ,Netflix Inc's shares dropped as much as 7 percent on Tuesday after it warned of a loss for 2012  a move the prompted several Wall Street analysts to cut their price targets for the online video and DVD rental company.,normal
NFLX,Netflix Inc,20111123,U.S. judge sides with Netflix in antitrust lawsuit ,Nov 22 A U.S. judge granted Netflix's  bid to resolve all claims in its favor before trial in an antitrust class action  where plaintiffs had alleged Netflix reached an agreement with Wal-Mart to divide the market for sales and online rentals of DVDs in the United States.,normal
NWS,News Corporation,20111123,James Murdoch quits UK newspaper boards ,LONDON James Murdoch has resigned from the boards of the publishing units within News Corp's British newspaper arm  which used to include the now-defunct News of the World tabloid at the center of the phone hacking scandal  regulatory filings show. | Video ,topStory
NWS,News Corporation,20111123,UPDATE 2-James Murdoch quits UK newspaper boards ,LONDON  Nov 23 James Murdoch has resigned from the boards of the publishing units within News Corp's  British newspaper arm  which used to include the now-defunct News of the World tabloid at the centre of the phone hacking scandal  regulatory filings show.,normal
NWS,News Corporation,20111123,Milly lawyer says phone-hacking "too easy" ,LONDON The lawyer who helped bring down the News of the World after the phone-hacking scandal said on Wednesday he felt sorry for the paper's readers because the problem was more widespread than one newspaper. | Video ,normal
NWS,News Corporation,20111123,James Murdoch resigns from UK newspaper boards ,LONDON James Murdoch has resigned from the boards of the companies that publish its British newspapers including the now-defunct News of the World tabloid at the centre of the phone hacking sandal  regulatory filings show.,normal
NWS,News Corporation,20111123,News Corp's Australian arm denies improper conduct ,MELBOURNE The Australian arm of Rupert Murdoch's News Corp  on Wednesday denied allegations it tried to influence a politician to vote against media law changes in the latest challenge for Murdoch's media empire.,normal
NWS,News Corporation,20111123,UPDATE 2-News Corp's Australian arm denies improper conduct ,* Australian arm of News Corp denies allegations made by ex-politician,normal
NWS,News Corporation,20111123,News Corp Australia arm denies ex-politician's allegation , ,normal
NWSA,News Corporation,20111123,James Murdoch quits UK newspaper boards ,LONDON James Murdoch has resigned from the boards of the publishing units within News Corp's British newspaper arm  which used to include the now-defunct News of the World tabloid at the center of the phone hacking scandal  regulatory filings show. | Video ,topStory
NWSA,News Corporation,20111123,UPDATE 2-James Murdoch quits UK newspaper boards ,LONDON  Nov 23 James Murdoch has resigned from the boards of the publishing units within News Corp's  British newspaper arm  which used to include the now-defunct News of the World tabloid at the centre of the phone hacking scandal  regulatory filings show.,normal
NWSA,News Corporation,20111123,Milly lawyer says phone-hacking "too easy" ,LONDON The lawyer who helped bring down the News of the World after the phone-hacking scandal said on Wednesday he felt sorry for the paper's readers because the problem was more widespread than one newspaper. | Video ,normal
NWSA,News Corporation,20111123,James Murdoch resigns from UK newspaper boards ,LONDON James Murdoch has resigned from the boards of the companies that publish its British newspapers including the now-defunct News of the World tabloid at the centre of the phone hacking sandal  regulatory filings show.,normal
NWSA,News Corporation,20111123,News Corp's Australian arm denies improper conduct ,MELBOURNE The Australian arm of Rupert Murdoch's News Corp  on Wednesday denied allegations it tried to influence a politician to vote against media law changes in the latest challenge for Murdoch's media empire.,normal
NWSA,News Corporation,20111123,UPDATE 2-News Corp's Australian arm denies improper conduct ,* Australian arm of News Corp denies allegations made by ex-politician,normal
NWSA,News Corporation,20111123,News Corp Australia arm denies ex-politician's allegation , ,normal
MMM,3M Company,20111123,CORRECTED-BRIEF-Assura H1 pretax profit up  suspends interim dividend ,* H1 underlying profit before tax rose 21% to £13.9M in the,topStory
ABT,Abbott Laboratories,20111123,UPDATE 2-FDA approves Boston Scientific's Promus stent ,* Sees Q4 pre-tax charge of $40 million for product launch,topStory
ANF,Abercrombie & Fitch Company,20111123,Abercrombie & Fitch preps for its holiday test ,When shoppers hit the stores on Black Friday  Abercrombie & Fitch  will face its biggest test this year as the preppy clothing retailer tries to prove the value of its cachet in teenage apparel to investors.,topStory
ANF,Abercrombie & Fitch Company,20111123,Abercrombie & Fitch preps for its holiday test ,Nov 23 When shoppers hit the stores on Black Friday  Abercrombie & Fitch will face its biggest test this year as the preppy clothing retailer tries to prove the value of its cachet in teenage apparel to investors.,normal
ANF,Abercrombie & Fitch Company,20111123,Gold slides to session low as euro jitters mount ,LONDON  Nov 23 Gold extended losses on Wednesday  falling by as much as 1.2 percent on the day as the intensifying euro zone debt crisis pushed up the dollar at the expense of the euro  stocks and bonds.,normal
ANF,Abercrombie & Fitch Company,20111123,Fitch says euro crisis may threaten France's AAA ,PARIS  Nov 23 The escalating euro zone crisis  with the threat of economic downturn and of increased contingent liabilities  could put France's AAA sovereign rating at risk  credit rating agency Fitch said on Wednesday.,normal
AET,Aetna Inc,20111123,Costly U.S. health system delivers uneven care: OECD ,WASHINGTON The U.S. healthcare system is more effective at delivering high costs than quality care  according to a new study that found first-rate treatment for cancer but insufficient primary care for other ailments.,topStory
T,AT&T Inc,20111123,FCC chief seeks added review of AT&T/T-Mobile deal ,AT&T Inc was dealt a blow on Tuesday as the top U.S. communications regulator sought to have its planned $39 billion purchase of T-Mobile USA sent to an administrative law judge for review.,topStory
T,AT&T Inc,20111123,UPDATE 3-FCC chief seeks added review of AT&T/T-Mobile deal ,Nov 22 AT&T Inc was dealt a blow on Tuesday as the top U.S. communications regulator sought to have its planned $39 billion purchase of T-Mobile USA sent to an administrative law judge for review.,normal
BBVA,Banco Bilbao Viscaya Argentaria SA,20111123,Chile state oil co ENAP secures $300 mln loan ,SANTIAGO  Nov 23 Chile's state oil company ENAP  which has been grappling with debt woes  said on Wednesday it had secured a $300 million 5-year loan with a group of banks to refinance debt.,topStory
SAN,Banco Santander SA,20111123,Analysis: World economy counts cost of euro zone dithering ,LONDON (Reuters)- From credit bottlenecks in eastern Europe to slower growth in China  delays in tackling the euro zone's debt crisis are causing ever-greater economic and financial damage well beyond the borders of the 17-nation bloc.,topStory
BAC,Bank of America Corporation,20111123,U.S. bank shares fall on Europe  stress test concerns ,Bank stocks took a nose-dive on Wednesday on concerns about the European debt crisis and rigorous stress tests unveiled by the Federal Reserve on Tuesday  analysts said.,topStory
BAC,Bank of America Corporation,20111123,RPT-UPDATE 2-US bank shares fall on Europe  stress test concerns ,Nov 23 Bank stocks took a nose-dive on Wednesday on concerns about the European debt crisis and rigorous stress tests unveiled by the Federal Reserve on Tuesday  analysts said.,normal
BAC,Bank of America Corporation,20111123,US bank CDS costs jump as German bond sale fuels fear ,NEW YORK  Nov 23 The cost to insure U.S. bank debt with credit default swaps jumped on Wednesday after a weak German bond sale added to fears that contagion from Europe's debt crisis could spread globally.,normal
BCS,Barclays PLC,20111123,UPDATE 1-Option players bet on rebound in shares of big banks ,* Call volume in certain banks is above pace into holiday,topStory
BCS,Barclays PLC,20111123,Option players bet on rebound in shares of big banks ,* Call volume in certain banks is above pace into holiday,normal
BA,Boeing Company (The),20111123,Aeroflot to consider buying Airbus planes worth $2.25 bln-report ,MOSCOW  Nov 23 Russia's flagship airline Aeroflot will consider on Wednesday an offer for the purchase of 30 Airbus 320 aircraft worth $2.25 billion  Russian business daily Vedomosti reported citing Aeroflot and Airbus sources.,topStory
BSX,Boston Scientific Corporation,20111123,FDA okays Boston Scientific stent despite concerns ,The U.S. Food and Drug Administration has approved a Boston Scientific Corp heart stent  despite concerns about a rare but potentially serious problem  because its benefits still outweigh the possible risks.,topStory
BSX,Boston Scientific Corporation,20111123,UPDATE 1-US FDA okays Boston Sci stent despite concerns ,* Company cites 136 deformation reports per 829 372 units,normal
BSX,Boston Scientific Corporation,20111123,UPDATE 2-FDA approves Boston Scientific's Promus stent ,* Sees Q4 pre-tax charge of $40 million for product launch,normal
BP,BP plc,20111123,Exclusive: BP gags in-house lawyer on oil spill lawsuits ,LONDON Oil giant BP has succeeded in preventing the public airing of comments from a senior in-house lawyer about lawsuits stemming from the Gulf of Mexico oil spill  as part of a legal claim of discrimination.,topStory
BP,BP plc,20111123,BP's Azeri oil  gas output falls in Jan-Sept yr/yr ,BAKU  Nov 23 British oil major BP's   oil and natural gas output in Azerbaijan in January-September 2011 fell compared to the same period last year due to repair works on some drilling platforms   BP-Azerbaijan said in a statement on Wednesday.,normal
CCJ,Cameco Corporation,20111123,Canada competition watchdog clears Rio Tinto bid for Hathor ,MELBOURNE  Nov 23 Canada's competition watchdog has cleared global miner Rio Tinto's C$654 million ($630 million) takeover offer for Hathor Exploration   Rio Tinto said on Wednesday.,topStory
CHK,Chesapeake Energy Corporation,20111123,Chesapeake  partners set Sundrop biofuel plant site ,Sundrop Fuels Inc  a biofuel startup financed by Chesapeake Energy Corp CHK.N> and venture capitalists  selected a site in Louisiana to build its first commercial production facility.,topStory
CVX,Chevron Corporation,20111123,Brazil suspends Chevron's drilling rights ,BRASILIA The Brazilian government on Wednesday suspended Chevron Corp's drilling rights in Brazil until it clarifies the causes of an offshore oil spill  the latest twist in a political firestorm threatening the U.S. company's role in Brazil's oil bonanza.,topStory
CVX,Chevron Corporation,20111123,UPDATE 2-Brazil suspends Chevron's drilling rights ,* Brazil oil regulator sees signs Chevron was "negligent"     * Chevron's request to drill deeper in subsalt area denied     * Chevron executive says company acted quickly  safely      By Peter Murphy     BRASILIA  Nov 23 The Brazilian government on Wednesday suspended Chevron Corp's drilling rights in Brazil until it clarifies the causes of an offshore oil spill  the latest twist in a political firestorm threatening the U.S. company's role in Brazil's oil bonanza.     The decision w,normal
CVX,Chevron Corporation,20111123,Chevron says acted responsibly to Brazil spill ,BRASILIA  Nov 23 The chief executive of Chevron's Brazilian unit said the company acted as responsibly as possible once it learned of the drilling accident that spilled over 2 000 barrels of oil into the ocean.,normal
CVX,Chevron Corporation,20111123,Chevron oil spill fallout still being assessed-experts ,* Spill illustrates risks in tapping offshore frontiers     * One of two by U.S. companies in foreign ops this year     By Kristen Hays     Nov 23 Chevron Corp's efforts to contain an oil spill at its prospect offshore Brazil appear to have worked  but it is too early to say whether the accident is a major setback for offshore producers that push technological limits to tap crude  experts said.     "This is not something that's going to encourage people to give kudos to the industry ,normal
CVX,Chevron Corporation,20111123,UPDATE 1-Conoco reports unit upset at Sweeny  TX refinery ,Nov 23 ConocoPhillips reported a co-generation unit shutdown due to an upset at its 247 000 barrel-per-day (bpd) refinery in Sweeny  Texas  according to a filing with the U.S. National Response Center.,normal
CVX,Chevron Corporation,20111123,Chevron reports unit upset at Old Ocean chemical plant ,Nov 23 Chevron reported an upset of the co-generation units at its Old Ocean  Texas  petrochemical facility  in a filing with the U.S. National Response Center.,normal
C,Citigroup Inc,20111123,UPDATE 1-Option players bet on rebound in shares of big banks ,* Call volume in certain banks is above pace into holiday,topStory
C,Citigroup Inc,20111123,Option players bet on rebound in shares of big banks ,* Call volume in certain banks is above pace into holiday,normal
C,Citigroup Inc,20111123,Fed to test six big banks for Euro stress ,The Federal Reserve plans to stress test six large U.S. banks against a hypothetical market shock  including a deterioration of the European debt crisis  as part of an annual review of bank health. | Video ,normal
C,Citigroup Inc,20111123,UPDATE 1-Solow lawsuit over Citigroup disclosures dismissed ,* Investor said Citigroup hid risk during financial crisis,normal
CEO,CNOOC Limited,20111123,UPDATE 1-CNOOC appoints new CEO  replacing Yang Hua ,HONG KONG  Nov 23 CNOOC Ltd  China's largest offshore oil firm  said on Wednesday it had appointed Li Fanrong as its new chief executive officer  replacing Yang Hua  more than a year after he took the helm of the state-run oil major.,topStory
COP,ConocoPhillips,20111123,UPDATE 1-Conoco reports unit upset at Sweeny  TX refinery ,Nov 23 ConocoPhillips reported a co-generation unit shutdown due to an upset at its 247 000 barrel-per-day (bpd) refinery in Sweeny  Texas  according to a filing with the U.S. National Response Center.,topStory
COP,ConocoPhillips,20111123,Chevron reports unit upset at Old Ocean chemical plant ,Nov 23 Chevron reported an upset of the co-generation units at its Old Ocean  Texas  petrochemical facility  in a filing with the U.S. National Response Center.,normal
COP,ConocoPhillips,20111123,Conoco reports unit upset at Sweeny  TX refinery ,Nov 23 ConocoPhillips reported a co-generation unit shut due to an upset at its 247 000 barrel-per-day (bpd) refinery in Sweeny  Texas  according to a filing with the U.S. National Response Center.,normal
CVS,CVS Health Corporation,20111123,UPDATE 2-UnitedHealth switches drug unit CEO amid expansion ,Nov 23 UnitedHealth Group Inc changed the leadership of its pharmacy benefit unit as the business readies for a major expansion that stands to pit it against Express Scripts Inc and CVS Caremark Corp .,topStory
DE,Deere & Company,20111123,US STOCKS-Wall St continues slide on Europe woes  China data ,* S&P set for 6th losing day on Europe fears  China data     * U.S. data paint a mixed picture     * Deere rallies after profit tops view     * Indexes off: Dow 1.7 pct  S&P 1.8 pct  Nasdaq 2 pct,topStory
DE,Deere & Company,20111123,UPDATE 3-Agricultural demand fuels Deere results  outlook ,Nov 23 Deere & Co reported a 46 percent rise in quarterly earnings and projected "substantial growth" for 2012 amid strong global farming conditions and higher prices  sending its shares higher in an otherwise weak stock market.,normal
DE,Deere & Company,20111123,CORRECTION -  - US STOCKS-Wall St set to open lower on Europe woes  China ,* S&P on track for sixth day of losses on Europe fears     * Jobless claims tick higher in latest week     * Deere rallies in premarket after results     * Futures off: Dow 92 pts  S&P 11 pts  Nasdaq 17 pts     *The Thomson Reuters/University of Michigan's final November consumer sentiment index will be released at 9:55 a.m. EST (1455 GMT) Economists look for a reading of 64.5  compared with 64.2 in the preliminary November report.,normal
DB,Deutsche Bank AG,20111123,UPDATE 1-ExactTarget files for IPO of up to $100 mln ,Nov 23 Marketing company ExactTarget Inc filed with U.S. regulators on Wednesday to raise up to $100 million in an initial public offering of common stock  reviving IPO plans that had been put on hold earlier.,topStory
DB,Deutsche Bank AG,20111123,Ex-SAC trader Akay's hedge fund to launch next week: source ,LONDON Ali Akay  a former trader at Steven Cohen's SAC Capital Advisors  is set to launch his emerging-markets focused hedge fund next week after raising around $200 million  a source familiar with the situation said.,normal
EMR,Emerson Electric Company,20111123,UPDATE 1-Emerson industrial automation orders slow ,Nov 23 Industrial conglomerate Emerson Electric Co said on Wednesday order growth in its industrial automation segment slowed further in the three months to October  while total company orders accelerated slightly.,topStory
EVR,Evercore Inc,20111123,U.S. Postal Service hires GM adviser Evercore ,The U.S. Postal Service has hired an advisory firm that was involved with the restructuring of General Motors Co to help return the cash-strapped mail carrier to profitability.,topStory
XOM,Exxon Mobil Corporation,20111123,UPDATE 2-Imperial Oil sees no Syncrude expansion before 2020 ,* Imperial wants to focus on reliability of base operation,topStory
XOM,Exxon Mobil Corporation,20111123,UPDATE 1-U.S. says hopes Iraq  Exxon can resolve dispute ,WASHINGTON  Nov. 23 The U.S. State Department said on Wednesday it hopes Iraq and Exxon-Mobil Corp.  will resolve their dispute in a way that will not undercut the future development of Iraq's oil resources.,normal
GM,General Motors Company,20111123,U.S. Postal Service hires GM adviser Evercore ,The U.S. Postal Service has hired an advisory firm that was involved with the restructuring of General Motors Co to help return the cash-strapped mail carrier to profitability.,topStory
GG,Goldcorp Inc,20111123,UPDATE 1-Goldcorp finalizes new $2 bln credit facility ,TORONTO  Nov 23 Goldcorp Inc said on Wednesday it has entered into a $2.0 billion credit facility with a syndicate of 15 lenders.,topStory
GS,Goldman Sachs Group Inc (The),20111123,UPDATE 1-Option players bet on rebound in shares of big banks ,* Call volume in certain banks is above pace into holiday,topStory
GS,Goldman Sachs Group Inc (The),20111123,Option players bet on rebound in shares of big banks ,* Call volume in certain banks is above pace into holiday,normal
GS,Goldman Sachs Group Inc (The),20111123,Manhattan US attorney's office taps top SEC lawyer ,Nov 23 A top Securities and Exchange Commission lawyer is leaving the world of civil enforcement to lead the criminal division of the Manhattan U.S. attorney's office  according to an email reviewed by Reuters.,normal
HPQ,HP Inc,20111123,HP can keep secret report on Hurd departure ,Hewlett-Packard Co does not have to turn over to a shareholder an internal report that led to the departure of former chief executive Mark Hurd  Delaware's Supreme Court ruled.,topStory
HPQ,HP Inc,20111123,UPDATE 1-HP can keep secret report on Hurd departure ,* Court rules shareholder does not need to see Hurd report,normal
HPQ,HP Inc,20111123,Whitman's job: restore credibility  spark growth ,SAN FRANCISCO  Nov 22 Hewlett Packard's  new chief executive  Meg Whitman  passed her first test with investors  calming nerves and assuring Wall Street that the technology giant will be disciplined with its investments and focused on core operational improvements.,normal
HPQ,HP Inc,20111123,Whitman's top job: restore HP credibility  jumpstart growth ,SAN FRANCISCO Hewlett Packard's new Chief Executive  Meg Whitman  passed her first test with investors  calming nerves and assuring Wall Street that the technology giant will be disciplined with its investments and focused on core operational improvements.,normal
HSBC,HSBC Holdings plc,20111123,China factory sector shrinks most in 32 months ,BEIJING China's factory sector shrank the most in 32 months in November on signs of domestic economic weakness  a preliminary PMI survey showed  reviving worries that China may be slipping toward a hard landing and fuelling fears of a global recession. | Video ,topStory
HSBC,HSBC Holdings plc,20111123,MOVES-StanChart  Unigestion ,Nov 23 The following financial service industry appointments were announced on Wednesday. To inform us of other job changes  email to moves@thomsonreuters.com.,normal
HSBC,HSBC Holdings plc,20111123,UPDATE 2-UK banks seen as "dumb place" to put capital - RBS CEO ,* BoE policymaker comments on capital "surprising" - RBS CEO,normal
HSBC,HSBC Holdings plc,20111123,Westwood returns to PGA Tour for 2012 ,MIAMI - Britain's world number three Lee Westwood has had a change of heart and rejoined the PGA Tour for the 2012 season.,normal
HSBC,HSBC Holdings plc,20111123,HSBC  RBS reiterate concerns on UK regulatory costs ,LONDON  Nov 23 HSBC  and Royal Bank of Scotland both expressed concerns over the costs associated with proposed new rules for Britain's banks on Wednesday  such as making them hold "bail-in" bonds.,normal
HSBC,HSBC Holdings plc,20111123,UPDATE 4-China factory sector shrinks most in 32 months ,* Bank reserve cuts possible in months ahead  no rate cut yet,normal
HSBC,HSBC Holdings plc,20111123,FOREX-Dollar up on Dexia rescue doubts  weak China data ,* Belgian newspaper report stirs doubts about Dexia rescue,normal
HSEA,HSBC Holdings plc,20111123,China factory sector shrinks most in 32 months ,BEIJING China's factory sector shrank the most in 32 months in November on signs of domestic economic weakness  a preliminary PMI survey showed  reviving worries that China may be slipping toward a hard landing and fuelling fears of a global recession. | Video ,topStory
HSEA,HSBC Holdings plc,20111123,MOVES-StanChart  Unigestion ,Nov 23 The following financial service industry appointments were announced on Wednesday. To inform us of other job changes  email to moves@thomsonreuters.com.,normal
HSEA,HSBC Holdings plc,20111123,UPDATE 2-UK banks seen as "dumb place" to put capital - RBS CEO ,* BoE policymaker comments on capital "surprising" - RBS CEO,normal
HSEA,HSBC Holdings plc,20111123,Westwood returns to PGA Tour for 2012 ,MIAMI - Britain's world number three Lee Westwood has had a change of heart and rejoined the PGA Tour for the 2012 season.,normal
HSEA,HSBC Holdings plc,20111123,HSBC  RBS reiterate concerns on UK regulatory costs ,LONDON  Nov 23 HSBC  and Royal Bank of Scotland both expressed concerns over the costs associated with proposed new rules for Britain's banks on Wednesday  such as making them hold "bail-in" bonds.,normal
HSEA,HSBC Holdings plc,20111123,UPDATE 4-China factory sector shrinks most in 32 months ,* Bank reserve cuts possible in months ahead  no rate cut yet,normal
HSEA,HSBC Holdings plc,20111123,FOREX-Dollar up on Dexia rescue doubts  weak China data ,* Belgian newspaper report stirs doubts about Dexia rescue,normal
HSEB,HSBC Holdings plc,20111123,China factory sector shrinks most in 32 months ,BEIJING China's factory sector shrank the most in 32 months in November on signs of domestic economic weakness  a preliminary PMI survey showed  reviving worries that China may be slipping toward a hard landing and fuelling fears of a global recession. | Video ,topStory
HSEB,HSBC Holdings plc,20111123,MOVES-StanChart  Unigestion ,Nov 23 The following financial service industry appointments were announced on Wednesday. To inform us of other job changes  email to moves@thomsonreuters.com.,normal
HSEB,HSBC Holdings plc,20111123,UPDATE 2-UK banks seen as "dumb place" to put capital - RBS CEO ,* BoE policymaker comments on capital "surprising" - RBS CEO,normal
HSEB,HSBC Holdings plc,20111123,Westwood returns to PGA Tour for 2012 ,MIAMI - Britain's world number three Lee Westwood has had a change of heart and rejoined the PGA Tour for the 2012 season.,normal
HSEB,HSBC Holdings plc,20111123,HSBC  RBS reiterate concerns on UK regulatory costs ,LONDON  Nov 23 HSBC  and Royal Bank of Scotland both expressed concerns over the costs associated with proposed new rules for Britain's banks on Wednesday  such as making them hold "bail-in" bonds.,normal
HSEB,HSBC Holdings plc,20111123,UPDATE 4-China factory sector shrinks most in 32 months ,* Bank reserve cuts possible in months ahead  no rate cut yet,normal
HSEB,HSBC Holdings plc,20111123,FOREX-Dollar up on Dexia rescue doubts  weak China data ,* Belgian newspaper report stirs doubts about Dexia rescue,normal
INFY,Infosys Limited,20111123,Infosys CEO sees Q3 sales close to low end of outlook ,BANGALORE Infosys Ltd  expects its third-quarter revenue growth closer to the lower end of its forecast as customers delay decisions on large contracts  its chief executive said.,topStory
JPM,J P Morgan Chase & Co,20111123,BUYOUTS-Ex-JPMorgan Chase buyout arm to seek $3.5 bln ,NEW YORK  Nov 23 (Reuters-BUYOUTS) - CCMP Capital Advisors LLC  the former private equity arm of JPMorgan Chase   plans to start raising its next investment fund early next year  seeking $3.5 billion  according to two sources.,topStory
JPM,J P Morgan Chase & Co,20111123,JP Morgan to buy all MF Global's LME shares: KPMG ,LONDON J.P. Morgan  has agreed to buy all of defunct U.S. brokerage MF Global's  shareholding in the London Metal Exchange after a competitive bidding process  KPMG  the administrators for MF Global's UK unit  said on Wednesday.,normal
JPM,J P Morgan Chase & Co,20111123,UPDATE 2-JP Morgan agrees to buy all MF Global's LME shares-KPMG ,* Process to sale other parts of MF Global 'continues apace',normal
JPM,J P Morgan Chase & Co,20111123,UPDATE 1-ExactTarget files for IPO of up to $100 mln ,Nov 23 Marketing company ExactTarget Inc filed with U.S. regulators on Wednesday to raise up to $100 million in an initial public offering of common stock  reviving IPO plans that had been put on hold earlier.,normal
JPM,J P Morgan Chase & Co,20111123,RLPC-JP Morgan leads jumbo loan for Samson buy ,* Financing split between secured loan and high-yield bond,normal
JPM,J P Morgan Chase & Co,20111123,JP Morgan agrees to buy all MF Global's LME shares-KPMG ,LONDON  Nov 23 J.P. Morgan has agreed to buy all of defunct U.S. brokerage MF Global's  shareholding in the London Metal Exchange  KPMG  the administrators for MF Global's UK unit  said on Wednesday.,normal
JPM,J P Morgan Chase & Co,20111123,JPMorgan downgrades commodities to underweight ,SINGAPORE  Nov 23 JPMorgan Chase  has downgraded commodities to underweight  saying policy failures in the United States and Europe have darkened the outlook for the next six months.,normal
KMI,Kinder Morgan Inc,20111123,UPDATE 2-Trans Mountain oil line apportioned in December ,CALGARY  Alberta  Nov 23 Kinder Morgan Energy Partners' Trans Mountain oil pipeline to Canada's West Coast from Alberta was massively overbooked for December  forcing it to claw back its shippers' nominated volumes  the company said on Wednesday.,topStory
KKR,KKR & Co LP,20111123,Deals of the day -- mergers and acquisitions ,Nov 23 The following bids  mergers  acquisitions and disposals involving European  U.S. and Asian companies were reported by 2100 GMT on Wednesday.,topStory
KKR,KKR & Co LP,20111123,KKR-led group has deal to buy Samson for $7.2 billion ,A consortium led by private equity firm KKR & Co  clinched a deal to buy oil and gas group Samson Investment Co for $7.2 billion  KKR said on Wednesday. | Video ,normal
KKR,KKR & Co LP,20111123,UPDATE 3-KKR-led group has deal to buy Samson for $7.2 bln ,Nov 23 A consortium led by private equity firm KKR & Co clinched a deal to buy oil and gas group Samson Investment Co for $7.2 billion  KKR said on Wednesday.,normal
MMI,Marcus & Millichap Inc,20111123,Investor Icahn sells 2.9 million shares of Motorola ,Activist investor Carl Icahn reported in a regulatory filing that he sold 2.9 million shares of Motorola Mobility Holdings Inc for $114 million.,topStory
MMI,Marcus & Millichap Inc,20111123,Investor Icahn sells 2.9 mln shares of Motorola ,Nov 22 Activist investor Carl Icahn reported in a regulatory filing that he sold 2.9 million shares of Motorola Mobility Holdings Inc for $114 million.,normal
MRK,Merck & Company Inc,20111123,Merck said to hijack German rival's Facebook page ,German drugmaker Merck KGaA accused U.S. rival Merck & Co of hijacking its Facebook page and said it plans to sue to get it back.,topStory
MRK,Merck & Company Inc,20111123,UPDATE 1-Merck said to hijack German rival's Facebook page ,Nov 23 German drugmaker Merck KGaA  accused U.S. rival Merck & Co of hijacking its Facebook page and said it plans to sue to get it back.,normal
MRK,Merck & Company Inc,20111123,Merck to pay $950 million to settle U.S. Vioxx charge ,Merck & Co will pay roughly $950 million to settle criminal and civil charges that it promoted the painkiller Vioxx for an unapproved use  the U.S. Justice Department said on Tuesday.,normal
MCO,Moody&#39;s Corporation,20111123,Moody's warns U.S. not to skimp on deficit cuts ,NEW YORK Moody's Investors Service on Wednesday warned that its top credit rating for the United States could be in jeopardy if lawmakers backtrack on $1.2 trillion in deficit cuts planned over 10 years.,topStory
MCO,Moody&#39;s Corporation,20111123,BRIEF-Moody's raises timely payment indicator for German mortgage pfandbriefe ,*Moody's raises Timely Payment Indicator for German Mortgage Pfandbriefe,normal
MCO,Moody&#39;s Corporation,20111123,BRIEF: Moody's places select rental car asset backed securities on review for possible upgrade ,* Moody's places select rental car asset backed securities on review for possible upgrade,normal
MCO,Moody&#39;s Corporation,20111123,BRIEF: Moody's places on review for possible downgrade ten TFOVIS RMBS issued by FOVISSSTE in Mexico ,* Moody's places on review for possible downgrade ten TFOVIS RMBS issued by FOVISSSTE in Mexico,normal
MS,Morgan Stanley,20111123,UPDATE 1-Option players bet on rebound in shares of big banks ,* Call volume in certain banks is above pace into holiday,topStory
MS,Morgan Stanley,20111123,Option players bet on rebound in shares of big banks ,* Call volume in certain banks is above pace into holiday,normal
MSI,Motorola Solutions Inc,20111123,Groupon shares sink below $20 IPO price ,NEW YORK Shares of Groupon Inc fell for a third day on Wednesday  sinking below the company's initial public offering price of $20 less than three weeks after the daily deal company went public.,topStory
NMR,Nomura Holdings Inc ADR,20111123,Nomura in talks to sell real estate arm: report ,Nomura Holdings Inc  has started talks to sell domestic businesses including its real estate arm  the Financial Times reported  as Japan's top brokerage rushes to beef up cash in an ailing stock market.,topStory
NMR,Nomura Holdings Inc ADR,20111123,UPDATE 1-Nomura in talks to sell real estate arm - FT ,Nov 23 Nomura Holdings Inc has started talks to sell domestic businesses including its real estate arm  the Financial Times reported  as Japan's top brokerage rushes to beef up cash in an ailing stock market.,normal
NMR,Nomura Holdings Inc ADR,20111123,Market Chatter -- Corporate finance press digest ,Nov 23The following corporate finance-related stories were reported by media on Wednesday:,normal
NMR,Nomura Holdings Inc ADR,20111123,Nomura steps up its asset sale plans - FT ,Nov 22 Japan's Nomura Holdings has approached big private equity firms about the possible sale of domestic businesses including its real estate arm as the bank seeks to shore up its capital buffers  the Financial Times reported on Wednesday.,normal
PFE,Pfizer Inc,20111123,DealTalk: Pfizer likely to spin off animal health: sources ,Pfizer Inc  is expected to spin off its animal health business rather than trigger a tax bill through a sale  while a decision on its infant nutritionals unit is dragging on  sources familiar with the situation said.,topStory
PFE,Pfizer Inc,20111123,DEALTALK-Pfizer likely to spin off animal health -sources ,* Animal health sale would face antitrust scrutiny -sources,normal
RIO,Rio Tinto Plc,20111123,Canada competition watchdog clears Rio Tinto bid for Hathor ,MELBOURNE  Nov 23 Canada's competition watchdog has cleared global miner Rio Tinto's C$654 million ($630 million) takeover offer for Hathor Exploration   Rio Tinto said on Wednesday.,topStory
RBS,Royal Bank Scotland plc (The),20111123,Market situation is one of "utmost gravity" - RBS CEO ,LONDON  Nov 23 The current financial market turmoil must be viewed with the utmost seriousness  the chief executive of Royal Bank of Scotland said on Wednesday.,topStory
RBS,Royal Bank Scotland plc (The),20111123,HSBC  RBS reiterate concerns on UK regulatory costs ,LONDON  Nov 23 HSBC  and Royal Bank of Scotland both expressed concerns over the costs associated with proposed new rules for Britain's banks on Wednesday  such as making them hold "bail-in" bonds.,normal
SSL,Sasol Ltd,20111123,S.Africa stocks hit month low on China data ,JOHANNESBURG  Nov 23 Johannesburg stocks fell to their lowest close in a month on Wednesday  as weak Chinese factory data sparked concerns about demand from the world's second-largest economy  hitting miner Assore  and luxury good maker Richemont.,topStory
SNE,Sony Corp Ord,20111123,Thanksgiving box office glutted with family fare ,LOS ANGELES (TheWrap.com) - Family films are always a big part of the Thanksgiving box office equation  but this year multiplexes will be especially stuffed with the genre.,topStory
S,Sprint Corporation,20111123,UPDATE 2-United Utilities profit drops on higher spending ,* H1 underlying operating profit down about 1 pct to 324.2 mln stg,topStory
SMFG,Sumitomo Mitsui Financial Group Inc,20111123,UPDATE 1-Sumitomo Mitsui to partner Bank of China - Nikkei ,Nov 24 Sumitomo Mitsui Banking Corp (SMBC)  a subsidiary of Sumitomo Mitsui Financial Group   is forming a partnership with Bank of China to help the Japanese lender's clients raise capital and make payments in yuan  business daily Nikkei said.,topStory
TGT,Target Corporation,20111123,Target in talks on credit card receivable deal ,Nov 23 Discount retailer Target Corp  said on Wednesday it was in negotiations for the sale of its credit card receivables and a deal could be reached by the end of the year.,topStory
TGT,Target Corporation,20111123,RPT-PREVIEW-U.S. chains brace for season of holiday discounts ,* Retail stocks have outperformed broad market this month,normal
TEF,Telefonica SA,20111123,Colombia may liquidate Telefonica joint venture ,BOGOTA  Nov 23 Colombia's government warned on Wednesday that it may liquidate a joint venture with Spanish telecoms giant Telefonica if local lawmakers do not approve a $3.9 billion capitalization plan.,topStory
TRV,The Travelers Companies Inc,20111123,CORRECTED - Securian liable for $2.4 mln for alleged misrepresentation ,NEW YORK  Nov 23 A brokerage must pay an investor $2.4 million for failed investments in real estate limited partnerships that one of its brokers sold outside of the firm  a securities arbitration panel has ruled.,topStory
RIG,Transocean Ltd,20111123,Transocean to part ways with top manager Bobillier ,Nov 23 Transocean Ltd    owner of the world's largest offshore drilling fleet  announced the departure of a former high-flying executive as the company struggles to improve its performance.,topStory
UPS,United Parcel Service Inc,20111123,Life credits put a price tag on experience  help older workers ,Jeff Gentz  a pilot for United Parcel Service  wanted to get his college diploma if he was going to keep lecturing his teenage daughter about the importance of a university degree.,topStory
UNH,UnitedHealth Group Incorporated,20111123,UPDATE 2-UnitedHealth switches drug unit CEO amid expansion ,Nov 23 UnitedHealth Group Inc changed the leadership of its pharmacy benefit unit as the business readies for a major expansion that stands to pit it against Express Scripts Inc and CVS Caremark Corp .,topStory
UNH,UnitedHealth Group Incorporated,20111123,UnitedHealth switches drug unit CEO amid expansion ,UnitedHealth Group Inc has changed the leadership of its pharmacy benefit unit as the business readies for a major expansion that positions it as a competitor to the largest companies in the field.,normal
WMT,Wal-Mart Stores Inc,20111123,India cabinet to discuss FDI in multi-brand retail on Thurs ,NEW DELHI  Nov 23 India's federal cabinet on Thursday will discuss allowing 51 percent foreign direct investment (FDI) in multi-brand retail and 100 percent in single-brand retail  a government spokeswoman said on Wednesday.,topStory
WMT,Wal-Mart Stores Inc,20111123,India may open multi-brand retail sector 'within weeks':finmin source ,NEW DELHI  Nov 23 The Indian cabinet will decide within weeks whether to allow retailers  such as Wal-Mart Stores Inc  to operate in the country with a majority stake  a source in the finance ministry said on Wednesday.,normal
WMT,Wal-Mart Stores Inc,20111123,U.S. judge sides with Netflix in antitrust lawsuit ,A U.S. judge granted Netflix's bid to resolve all claims in its favor before trial in an antitrust class action  in which plaintiffs had sought hundreds of millions of dollars in damages.,normal
WMT,Wal-Mart Stores Inc,20111123,UPDATE 1-U.S. judge sides with Netflix in antitrust lawsuit ,* Wal-Mart previously agreed to settle for $27.25 million,normal
WMT,Wal-Mart Stores Inc,20111123,U.S. judge sides with Netflix in antitrust lawsuit ,Nov 22 A U.S. judge granted Netflix's  bid to resolve all claims in its favor before trial in an antitrust class action  where plaintiffs had alleged Netflix reached an agreement with Wal-Mart to divide the market for sales and online rentals of DVDs in the United States.,normal
WFC,Wells Fargo & Company,20111123,UPDATE 1-U.S. Justice Department reviewing debit card fees ,* Banks have since scrapped fee hikes amid public pressure,topStory
YGE,Yingli Green Energy Holding Company Limited,20111123,UPDATE 2-Yingli Green posts loss  cuts shipment view ,Nov 23 China-based Yingli Green Energy Holding Co posted a quarterly loss  hurt by a steep slide in solar panel prices  and cut its full-year photovoltaic module shipment outlook.,topStory
IMO,Imperial Oil Limited,20111123,UPDATE 2-Imperial Oil sees no Syncrude expansion before 2020 ,* Imperial wants to focus on reliability of base operation,topStory
