AKAM,Akamai Technologies Inc,20111013,No merit to report of Akamai-Google deal: source ,SAN FRANCISCO A report on Wednesday that Akamai Technologies Inc was close to being acquired by Google Inc is without merit  according to a person familiar with the matter.,topStory
AKAM,Akamai Technologies Inc,20111013,UPDATE 2-No merit to report of Akamai-Google deal-source ,* Akamai a long-running subject of takeover rumors-analyst,normal
AAPL,Apple Inc,20111013,UPDATE 3-US judge: Samsung tablets infringe Apple patents ,* Apple must show both patent infringement and validity  (Adds further detail from court  Samsung statement),topStory
AAPL,Apple Inc,20111013,Problems plague Apple iCloud  iOS launch ,SAN FRANCISCO  Oct 13 Apple Inc rolled out its new iCloud service and latest mobile software to a chorus of user complaints this week  after glitches led to email access problems and long delays in installation.,normal
AAPL,Apple Inc,20111013,U.S. judge says Samsung tablets infringe Apple patents ,SAN JOSE  California A U.S. judge said Samsung's Galaxy tablets infringe Apple's iPad patents  but also that Apple might have a problem establishing the validity of its patents.,normal
AAPL,Apple Inc,20111013,UPDATE 2-Apple's iPhone 4S goes on sale  fans say tribute to Jobs ,* Hundreds of Australians start global rush to buy iPhone 4S,normal
AAPL,Apple Inc,20111013,UPDATE 1-Apple's iPhone 4S goes on sale  fans say tribute to Jobs ,* Hundreds of Australians start global rush to buy iPhone 4S,normal
AAPL,Apple Inc,20111013,Apple's iPhone 4S goes on sale  fans say tribute to Jobs ,SYDNEY  Oct 14 Apple Inc's iPhone 4S finally hit stores around the globe on Friday  with fans expected to snap up the final gadget unveiled during Steve Jobs' lifetime  many buying the phone as a tribute to the former Apple boss.,normal
AAPL,Apple Inc,20111013,WRAPUP 2-Contrite BlackBerry co-CEOs go into damage-control ,* Lazaridis  Balsillie aim to contain fallout from crisis,normal
AAPL,Apple Inc,20111013,UPDATE 3-Apple's new iPhone features Qualcomm  Toshiba ,Oct 13 Apple Inc's fifth-generation iPhone uses chips from Qualcomm Inc   Toshiba  and a host of smaller semiconductor companies  according to repair firm iFixit  which cracked the device open on Thursday.,normal
AAPL,Apple Inc,20111013,BlackBerry outages irk India  threaten key RIM market ,NEW DELHI/MUMBAI A four-day service outage has cast a shadow over BlackBerry's reputation in India  one of the smartphone maker's few growing markets  where the frustration of hundreds of thousands of users could mean a chance for its rivals to gain ground.,normal
AAPL,Apple Inc,20111013,Apple iPhone 4S features Qualcomm chip ,Apple Inc's fifth-generation iPhone uses a wireless chipset from Qualcomm Inc as well as silicon from smaller chipmakers  according to repair and parts specialist iFixit  which cracked the device open on Thursday.,normal
ASML,ASML Holding NV,20111013,Nikkei climbs to 1-month high on euro zone hopes ,TOKYO Japan's Nikkei stock average rose to a 1-month high Thursday on expectations that Europe will come up with measures to shore up its banks  with chip-related stocks climbing on a boost in sales for ASML Holding NV.,topStory
ASML,ASML Holding NV,20111013,Nikkei climbs to 1-mth high on euro zone hopes ,* Benchmark solidly above 25-day moving average     * Exporters gain  also helped as yen falls to 1-mth low     * ASML sales lift chip-related shares      By Lisa Twaronite	     TOKYO  Oct 13 Japan's Nikkei stock average rose to a 1-month high on Thursday on expectations that Europe will come up with measures to shore up its banks  with chip-related stocks climbing on a boost in sales for ASML Holding NV.     	     Shares of major exporters such as Sony Corp and Komatsu   which were ,normal
ASML,ASML Holding NV,20111013,Nikkei climbs to 1-month high on euro zone hopes ,TOKYO  Oct 13 Japan's Nikkei stock average rose to a 1-month high on Thursday on expectations that Europe will come up with measures to shore up its banks  with chip-related stocks climbing on a boost in sales for ASML Holding.     	     The Nikkei benchmark climbed 1 percent to 8 823.25  while the broader Topix index advanced 0.7 percent to 758.83.,normal
ASML,ASML Holding NV,20111013,Nikkei hits 4-week high on euro zone hopes ,* Benchmark solidly above 25-day moving average     * Exporters gain as yen falls to one-month low     * ASML sales lift chip-related shares      By Lisa Twaronite	     TOKYO  Oct 13 Japan's Nikkei stock average rose to a four-week high on Thursday on expectations that Europe will come up with actual measures to support Greece and shore up European banks.    	     Semiconductor-related shares gained after Dutch chip equipment firm ASML Holding NV reported better-than-expected quarter,normal
ASML,ASML Holding NV,20111013,Nikkei hits 4-week high on euro zone hopes ,* Benchmark solidly above 25-day moving average     * Exporters gain as yen falls to one-month low     * ASML sales lift chip-related shares      By Lisa Twaronite	     TOKYO  Oct 13 Japan's Nikkei stock average rose to a four-week high on Thursday on hopes that Europe will come up with actual measures to support Greece and shore up European banks.	     Shares of major exporters such as Sony Corp   which were sold off during the market downturn until earlier this month on worries abo,normal
TAPR,Barclays Inverse US Treasury Composite ETN,20111013,STXNEWS LATAM-Barclays starts Telefonica Brasil  TIM overweight ,Barclays Capital analysts picked Telefonica Brasil as their top stock among Latin American telecoms  starting coverage on the company and rival Brazilian carrier TIM Participacoes with an "overweight" rating. In a note to clients on Thursday  analyst Vera Rossi pointed to the companies' low debt loads  growth prospects for wireless data and limited regulatory risk compared to peers in Mexico.     Reuters Messaging: brad.c.haynes.thomsonreuters.com@reuters.net,topStory
TAPR,Barclays Inverse US Treasury Composite ETN,20111013,Fitch downgrades UBS  may cut 5 other European banks ,Oct 13 Fitch Ratings on Thursday downgraded the credit rating of UBS AG  and placed five other European banks on credit watch negative.,normal
TAPR,Barclays Inverse US Treasury Composite ETN,20111013,New Issue- ANZ National prices 500 mln euro 2016 bond ,Borrower                ANZ National (Int'l) Bank Ltd (Acting,normal
TAPR,Barclays Inverse US Treasury Composite ETN,20111013,TEXT-Fitch lowers UK support rtng floors; cuts Lloyds  RBS to 'A' ,Oct 13- Fitch Ratings has lowered its Support Rating Floors (SRF) for systemically important UK banks to 'A' from 'AA-' and 'A+'. As a result  Lloyds Banking Group plc's (LBG) and Royal Bank of Scotland Group plc's (RBSG) Long-term Issuer Default Ratings (IDR) have been downgraded to 'A' from 'AA-'. Separately  Fitch has also placed Barclays plc's IDR and Viability Rating (VR) on Rating Watch Negative (RWN). A full list of rating actions is at the end of this comment.,normal
DLBL,Barclays PLC,20111013,STXNEWS LATAM-Barclays starts Telefonica Brasil  TIM overweight ,Barclays Capital analysts picked Telefonica Brasil as their top stock among Latin American telecoms  starting coverage on the company and rival Brazilian carrier TIM Participacoes with an "overweight" rating. In a note to clients on Thursday  analyst Vera Rossi pointed to the companies' low debt loads  growth prospects for wireless data and limited regulatory risk compared to peers in Mexico.     Reuters Messaging: brad.c.haynes.thomsonreuters.com@reuters.net,topStory
DLBL,Barclays PLC,20111013,Fitch downgrades UBS  may cut 5 other European banks ,Oct 13 Fitch Ratings on Thursday downgraded the credit rating of UBS AG  and placed five other European banks on credit watch negative.,normal
DLBL,Barclays PLC,20111013,New Issue- ANZ National prices 500 mln euro 2016 bond ,Borrower                ANZ National (Int'l) Bank Ltd (Acting,normal
DLBL,Barclays PLC,20111013,TEXT-Fitch lowers UK support rtng floors; cuts Lloyds  RBS to 'A' ,Oct 13- Fitch Ratings has lowered its Support Rating Floors (SRF) for systemically important UK banks to 'A' from 'AA-' and 'A+'. As a result  Lloyds Banking Group plc's (LBG) and Royal Bank of Scotland Group plc's (RBSG) Long-term Issuer Default Ratings (IDR) have been downgraded to 'A' from 'AA-'. Separately  Fitch has also placed Barclays plc's IDR and Viability Rating (VR) on Rating Watch Negative (RWN). A full list of rating actions is at the end of this comment.,normal
DTYL,Barclays PLC,20111013,STXNEWS LATAM-Barclays starts Telefonica Brasil  TIM overweight ,Barclays Capital analysts picked Telefonica Brasil as their top stock among Latin American telecoms  starting coverage on the company and rival Brazilian carrier TIM Participacoes with an "overweight" rating. In a note to clients on Thursday  analyst Vera Rossi pointed to the companies' low debt loads  growth prospects for wireless data and limited regulatory risk compared to peers in Mexico.     Reuters Messaging: brad.c.haynes.thomsonreuters.com@reuters.net,topStory
DTYL,Barclays PLC,20111013,Fitch downgrades UBS  may cut 5 other European banks ,Oct 13 Fitch Ratings on Thursday downgraded the credit rating of UBS AG  and placed five other European banks on credit watch negative.,normal
DTYL,Barclays PLC,20111013,New Issue- ANZ National prices 500 mln euro 2016 bond ,Borrower                ANZ National (Int'l) Bank Ltd (Acting,normal
DTYL,Barclays PLC,20111013,TEXT-Fitch lowers UK support rtng floors; cuts Lloyds  RBS to 'A' ,Oct 13- Fitch Ratings has lowered its Support Rating Floors (SRF) for systemically important UK banks to 'A' from 'AA-' and 'A+'. As a result  Lloyds Banking Group plc's (LBG) and Royal Bank of Scotland Group plc's (RBSG) Long-term Issuer Default Ratings (IDR) have been downgraded to 'A' from 'AA-'. Separately  Fitch has also placed Barclays plc's IDR and Viability Rating (VR) on Rating Watch Negative (RWN). A full list of rating actions is at the end of this comment.,normal
CSCO,Cisco Systems Inc,20111013,UPDATE 1-GSI Tech cuts outlook as sales to Cisco dip ,Oct 13 GSI Technology Inc trimmed its second-quarter revenue outlook hurt by lower sales to its largest client Cisco Systems and softness in demand from its Asian customers.,topStory
CSCO,Cisco Systems Inc,20111013,Cisco  USAID sign $50 mln Russia partnership deal ,Oct 13 Networking giant Cisco Systems  and USAID have signed a deal under which they will fund up to $50 million of initiatives to boost the use of IT by government and civilians in Russia.,normal
CMCSA,Comcast Corporation,20111013,Hulu taken off the block ,The joint owners of Hulu  said they have decided against a sale of the popular online video service amid rumors that the bids received were lower than they were willing to accept.,topStory
CMCSA,Comcast Corporation,20111013,UPDATE 1-Hulu taken off the block ,Oct 13 The joint owners of Hulu  said they have decided against a sale of the popular online video service amid rumors that the bids received were lower than they were willing to accept.,normal
ERIC,Ericsson,20111013,Buyout talks in focus as Sony Ericsson seen posting Q3 profit ,STOCKHOLM Reports that Sony could take control of Sony Ericsson are likely to overshadow the handset maker's third-quarter results on Friday  when it is expected to show that a beefed-up smartphone line helped it to make a small profit.,topStory
DTYS,iPath US Treasury 10-year Bear ETN,20111013,STXNEWS LATAM-Barclays starts Telefonica Brasil  TIM overweight ,Barclays Capital analysts picked Telefonica Brasil as their top stock among Latin American telecoms  starting coverage on the company and rival Brazilian carrier TIM Participacoes with an "overweight" rating. In a note to clients on Thursday  analyst Vera Rossi pointed to the companies' low debt loads  growth prospects for wireless data and limited regulatory risk compared to peers in Mexico.     Reuters Messaging: brad.c.haynes.thomsonreuters.com@reuters.net,topStory
DTYS,iPath US Treasury 10-year Bear ETN,20111013,Fitch downgrades UBS  may cut 5 other European banks ,Oct 13 Fitch Ratings on Thursday downgraded the credit rating of UBS AG  and placed five other European banks on credit watch negative.,normal
DTYS,iPath US Treasury 10-year Bear ETN,20111013,New Issue- ANZ National prices 500 mln euro 2016 bond ,Borrower                ANZ National (Int'l) Bank Ltd (Acting,normal
DTYS,iPath US Treasury 10-year Bear ETN,20111013,TEXT-Fitch lowers UK support rtng floors; cuts Lloyds  RBS to 'A' ,Oct 13- Fitch Ratings has lowered its Support Rating Floors (SRF) for systemically important UK banks to 'A' from 'AA-' and 'A+'. As a result  Lloyds Banking Group plc's (LBG) and Royal Bank of Scotland Group plc's (RBSG) Long-term Issuer Default Ratings (IDR) have been downgraded to 'A' from 'AA-'. Separately  Fitch has also placed Barclays plc's IDR and Viability Rating (VR) on Rating Watch Negative (RWN). A full list of rating actions is at the end of this comment.,normal
DTUS,iPath US Treasury 2-year Bear ETN,20111013,STXNEWS LATAM-Barclays starts Telefonica Brasil  TIM overweight ,Barclays Capital analysts picked Telefonica Brasil as their top stock among Latin American telecoms  starting coverage on the company and rival Brazilian carrier TIM Participacoes with an "overweight" rating. In a note to clients on Thursday  analyst Vera Rossi pointed to the companies' low debt loads  growth prospects for wireless data and limited regulatory risk compared to peers in Mexico.     Reuters Messaging: brad.c.haynes.thomsonreuters.com@reuters.net,topStory
DTUS,iPath US Treasury 2-year Bear ETN,20111013,Fitch downgrades UBS  may cut 5 other European banks ,Oct 13 Fitch Ratings on Thursday downgraded the credit rating of UBS AG  and placed five other European banks on credit watch negative.,normal
DTUS,iPath US Treasury 2-year Bear ETN,20111013,New Issue- ANZ National prices 500 mln euro 2016 bond ,Borrower                ANZ National (Int'l) Bank Ltd (Acting,normal
DTUS,iPath US Treasury 2-year Bear ETN,20111013,TEXT-Fitch lowers UK support rtng floors; cuts Lloyds  RBS to 'A' ,Oct 13- Fitch Ratings has lowered its Support Rating Floors (SRF) for systemically important UK banks to 'A' from 'AA-' and 'A+'. As a result  Lloyds Banking Group plc's (LBG) and Royal Bank of Scotland Group plc's (RBSG) Long-term Issuer Default Ratings (IDR) have been downgraded to 'A' from 'AA-'. Separately  Fitch has also placed Barclays plc's IDR and Viability Rating (VR) on Rating Watch Negative (RWN). A full list of rating actions is at the end of this comment.,normal
DTUL,iPath US Treasury 2-year Bull ETN,20111013,STXNEWS LATAM-Barclays starts Telefonica Brasil  TIM overweight ,Barclays Capital analysts picked Telefonica Brasil as their top stock among Latin American telecoms  starting coverage on the company and rival Brazilian carrier TIM Participacoes with an "overweight" rating. In a note to clients on Thursday  analyst Vera Rossi pointed to the companies' low debt loads  growth prospects for wireless data and limited regulatory risk compared to peers in Mexico.     Reuters Messaging: brad.c.haynes.thomsonreuters.com@reuters.net,topStory
DTUL,iPath US Treasury 2-year Bull ETN,20111013,Fitch downgrades UBS  may cut 5 other European banks ,Oct 13 Fitch Ratings on Thursday downgraded the credit rating of UBS AG  and placed five other European banks on credit watch negative.,normal
DTUL,iPath US Treasury 2-year Bull ETN,20111013,New Issue- ANZ National prices 500 mln euro 2016 bond ,Borrower                ANZ National (Int'l) Bank Ltd (Acting,normal
DTUL,iPath US Treasury 2-year Bull ETN,20111013,TEXT-Fitch lowers UK support rtng floors; cuts Lloyds  RBS to 'A' ,Oct 13- Fitch Ratings has lowered its Support Rating Floors (SRF) for systemically important UK banks to 'A' from 'AA-' and 'A+'. As a result  Lloyds Banking Group plc's (LBG) and Royal Bank of Scotland Group plc's (RBSG) Long-term Issuer Default Ratings (IDR) have been downgraded to 'A' from 'AA-'. Separately  Fitch has also placed Barclays plc's IDR and Viability Rating (VR) on Rating Watch Negative (RWN). A full list of rating actions is at the end of this comment.,normal
DFVS,iPath US Treasury 5-year Bear ETN,20111013,STXNEWS LATAM-Barclays starts Telefonica Brasil  TIM overweight ,Barclays Capital analysts picked Telefonica Brasil as their top stock among Latin American telecoms  starting coverage on the company and rival Brazilian carrier TIM Participacoes with an "overweight" rating. In a note to clients on Thursday  analyst Vera Rossi pointed to the companies' low debt loads  growth prospects for wireless data and limited regulatory risk compared to peers in Mexico.     Reuters Messaging: brad.c.haynes.thomsonreuters.com@reuters.net,topStory
DFVS,iPath US Treasury 5-year Bear ETN,20111013,Fitch downgrades UBS  may cut 5 other European banks ,Oct 13 Fitch Ratings on Thursday downgraded the credit rating of UBS AG  and placed five other European banks on credit watch negative.,normal
DFVS,iPath US Treasury 5-year Bear ETN,20111013,New Issue- ANZ National prices 500 mln euro 2016 bond ,Borrower                ANZ National (Int'l) Bank Ltd (Acting,normal
DFVS,iPath US Treasury 5-year Bear ETN,20111013,TEXT-Fitch lowers UK support rtng floors; cuts Lloyds  RBS to 'A' ,Oct 13- Fitch Ratings has lowered its Support Rating Floors (SRF) for systemically important UK banks to 'A' from 'AA-' and 'A+'. As a result  Lloyds Banking Group plc's (LBG) and Royal Bank of Scotland Group plc's (RBSG) Long-term Issuer Default Ratings (IDR) have been downgraded to 'A' from 'AA-'. Separately  Fitch has also placed Barclays plc's IDR and Viability Rating (VR) on Rating Watch Negative (RWN). A full list of rating actions is at the end of this comment.,normal
DFVL,iPath US Treasury 5-year Bull ETN,20111013,STXNEWS LATAM-Barclays starts Telefonica Brasil  TIM overweight ,Barclays Capital analysts picked Telefonica Brasil as their top stock among Latin American telecoms  starting coverage on the company and rival Brazilian carrier TIM Participacoes with an "overweight" rating. In a note to clients on Thursday  analyst Vera Rossi pointed to the companies' low debt loads  growth prospects for wireless data and limited regulatory risk compared to peers in Mexico.     Reuters Messaging: brad.c.haynes.thomsonreuters.com@reuters.net,topStory
DFVL,iPath US Treasury 5-year Bull ETN,20111013,Fitch downgrades UBS  may cut 5 other European banks ,Oct 13 Fitch Ratings on Thursday downgraded the credit rating of UBS AG  and placed five other European banks on credit watch negative.,normal
DFVL,iPath US Treasury 5-year Bull ETN,20111013,New Issue- ANZ National prices 500 mln euro 2016 bond ,Borrower                ANZ National (Int'l) Bank Ltd (Acting,normal
DFVL,iPath US Treasury 5-year Bull ETN,20111013,TEXT-Fitch lowers UK support rtng floors; cuts Lloyds  RBS to 'A' ,Oct 13- Fitch Ratings has lowered its Support Rating Floors (SRF) for systemically important UK banks to 'A' from 'AA-' and 'A+'. As a result  Lloyds Banking Group plc's (LBG) and Royal Bank of Scotland Group plc's (RBSG) Long-term Issuer Default Ratings (IDR) have been downgraded to 'A' from 'AA-'. Separately  Fitch has also placed Barclays plc's IDR and Viability Rating (VR) on Rating Watch Negative (RWN). A full list of rating actions is at the end of this comment.,normal
FLAT,iPath US Treasury Flattener ETN,20111013,STXNEWS LATAM-Barclays starts Telefonica Brasil  TIM overweight ,Barclays Capital analysts picked Telefonica Brasil as their top stock among Latin American telecoms  starting coverage on the company and rival Brazilian carrier TIM Participacoes with an "overweight" rating. In a note to clients on Thursday  analyst Vera Rossi pointed to the companies' low debt loads  growth prospects for wireless data and limited regulatory risk compared to peers in Mexico.     Reuters Messaging: brad.c.haynes.thomsonreuters.com@reuters.net,topStory
FLAT,iPath US Treasury Flattener ETN,20111013,Fitch downgrades UBS  may cut 5 other European banks ,Oct 13 Fitch Ratings on Thursday downgraded the credit rating of UBS AG  and placed five other European banks on credit watch negative.,normal
FLAT,iPath US Treasury Flattener ETN,20111013,New Issue- ANZ National prices 500 mln euro 2016 bond ,Borrower                ANZ National (Int'l) Bank Ltd (Acting,normal
FLAT,iPath US Treasury Flattener ETN,20111013,TEXT-Fitch lowers UK support rtng floors; cuts Lloyds  RBS to 'A' ,Oct 13- Fitch Ratings has lowered its Support Rating Floors (SRF) for systemically important UK banks to 'A' from 'AA-' and 'A+'. As a result  Lloyds Banking Group plc's (LBG) and Royal Bank of Scotland Group plc's (RBSG) Long-term Issuer Default Ratings (IDR) have been downgraded to 'A' from 'AA-'. Separately  Fitch has also placed Barclays plc's IDR and Viability Rating (VR) on Rating Watch Negative (RWN). A full list of rating actions is at the end of this comment.,normal
DLBS,iPath US Treasury Long Bond Bear ETN,20111013,STXNEWS LATAM-Barclays starts Telefonica Brasil  TIM overweight ,Barclays Capital analysts picked Telefonica Brasil as their top stock among Latin American telecoms  starting coverage on the company and rival Brazilian carrier TIM Participacoes with an "overweight" rating. In a note to clients on Thursday  analyst Vera Rossi pointed to the companies' low debt loads  growth prospects for wireless data and limited regulatory risk compared to peers in Mexico.     Reuters Messaging: brad.c.haynes.thomsonreuters.com@reuters.net,topStory
DLBS,iPath US Treasury Long Bond Bear ETN,20111013,Fitch downgrades UBS  may cut 5 other European banks ,Oct 13 Fitch Ratings on Thursday downgraded the credit rating of UBS AG  and placed five other European banks on credit watch negative.,normal
DLBS,iPath US Treasury Long Bond Bear ETN,20111013,New Issue- ANZ National prices 500 mln euro 2016 bond ,Borrower                ANZ National (Int'l) Bank Ltd (Acting,normal
DLBS,iPath US Treasury Long Bond Bear ETN,20111013,TEXT-Fitch lowers UK support rtng floors; cuts Lloyds  RBS to 'A' ,Oct 13- Fitch Ratings has lowered its Support Rating Floors (SRF) for systemically important UK banks to 'A' from 'AA-' and 'A+'. As a result  Lloyds Banking Group plc's (LBG) and Royal Bank of Scotland Group plc's (RBSG) Long-term Issuer Default Ratings (IDR) have been downgraded to 'A' from 'AA-'. Separately  Fitch has also placed Barclays plc's IDR and Viability Rating (VR) on Rating Watch Negative (RWN). A full list of rating actions is at the end of this comment.,normal
STPP,iPath US Treasury Steepener ETN,20111013,STXNEWS LATAM-Barclays starts Telefonica Brasil  TIM overweight ,Barclays Capital analysts picked Telefonica Brasil as their top stock among Latin American telecoms  starting coverage on the company and rival Brazilian carrier TIM Participacoes with an "overweight" rating. In a note to clients on Thursday  analyst Vera Rossi pointed to the companies' low debt loads  growth prospects for wireless data and limited regulatory risk compared to peers in Mexico.     Reuters Messaging: brad.c.haynes.thomsonreuters.com@reuters.net,topStory
STPP,iPath US Treasury Steepener ETN,20111013,Fitch downgrades UBS  may cut 5 other European banks ,Oct 13 Fitch Ratings on Thursday downgraded the credit rating of UBS AG  and placed five other European banks on credit watch negative.,normal
STPP,iPath US Treasury Steepener ETN,20111013,New Issue- ANZ National prices 500 mln euro 2016 bond ,Borrower                ANZ National (Int'l) Bank Ltd (Acting,normal
STPP,iPath US Treasury Steepener ETN,20111013,TEXT-Fitch lowers UK support rtng floors; cuts Lloyds  RBS to 'A' ,Oct 13- Fitch Ratings has lowered its Support Rating Floors (SRF) for systemically important UK banks to 'A' from 'AA-' and 'A+'. As a result  Lloyds Banking Group plc's (LBG) and Royal Bank of Scotland Group plc's (RBSG) Long-term Issuer Default Ratings (IDR) have been downgraded to 'A' from 'AA-'. Separately  Fitch has also placed Barclays plc's IDR and Viability Rating (VR) on Rating Watch Negative (RWN). A full list of rating actions is at the end of this comment.,normal
JBHT,JB Hunt Transport Services Inc,20111013,UPDATE 2-JB Hunt reports higher Q3 profit  shares up ,Oct 13 J.B. Hunt Transport Services  reported higher quarterly profit that slightly beat Wall Street estimates  driven by double-digit revenue growth in three of its four divisions.,topStory
KFRC,Kforce Inc,20111013,UPDATE 1-Kforce raises Q3 outlook above estimates ,Oct 13 Staffing company Kforce Inc  raised its third-quarter outlook amid a rise in temporary hiring.,topStory
MCHP,Microchip Technology Incorporated,20111013,UPDATE 1-Microchip cuts Q2 outlook on soft demand ,Oct 13 Microchip Technology Inc  forecast disappointing July-September results  saying its business did not pick up towards the end of the quarter as it had hoped  as a weak economy squeezes demand in the chipmaking industry.,topStory
MSFT,Microsoft Corporation,20111013,RPT-UPDATE 2-Romney sharpens attack on China's economic policies ,SEATTLE  Oct 13 U.S. Republican presidential candidate Mitt Romney on Thursday threatened trade sanctions against China if the world's No. 2 economy does not halt what he said was currency manipulation  unfair subsidies and rampant intellectual property theft.,topStory
NFLX,Netflix Inc,20111013,Netflix gets more shows from CBS  Warner Bros ,Oct 13 Netflix Inc's U.S customers will be able to watch shows like "Gossip Girl" and "The Vampire Diaries" online after it signed programming deals with CBS Corp and Warner Bros for shows from their joint venture  The CW television network.,topStory
NWS,News Corporation,20111013,UPDATE 1-Hulu taken off the block ,Oct 13 The joint owners of Hulu  said they have decided against a sale of the popular online video service amid rumors that the bids received were lower than they were willing to accept.,topStory
NWSA,News Corporation,20111013,UPDATE 1-Hulu taken off the block ,Oct 13 The joint owners of Hulu  said they have decided against a sale of the popular online video service amid rumors that the bids received were lower than they were willing to accept.,topStory
NICE,NICE Ltd,20111013,UK cost agency rejects Bristol-Myers' skin cancer drug ,* Melanoma treatment Yervoy costs around 80 000 pounds a patient,topStory
PDCO,Patterson Companies Inc,20111013,RPC Inc shares rise on buyout rumors ,Oct 13 Shares of oilfield service company RPC Inc jumped as much as 11 percent on rumors of a possible buyout by onshore driller Patterson-UTI Energy Inc .,topStory
QCOM,QUALCOMM Incorporated,20111013,UPDATE 3-Apple's new iPhone features Qualcomm  Toshiba ,Oct 13 Apple Inc's fifth-generation iPhone uses chips from Qualcomm Inc   Toshiba  and a host of smaller semiconductor companies  according to repair firm iFixit  which cracked the device open on Thursday.,topStory
QCOM,QUALCOMM Incorporated,20111013,Apple iPhone 4S features Qualcomm chip ,Apple Inc's fifth-generation iPhone uses a wireless chipset from Qualcomm Inc as well as silicon from smaller chipmakers  according to repair and parts specialist iFixit  which cracked the device open on Thursday.,normal
SWKS,Skyworks Solutions Inc,20111013,UPDATE 3-Apple's new iPhone features Qualcomm  Toshiba ,Oct 13 Apple Inc's fifth-generation iPhone uses chips from Qualcomm Inc   Toshiba  and a host of smaller semiconductor companies  according to repair firm iFixit  which cracked the device open on Thursday.,topStory
VRTX,Vertex Pharmaceuticals Incorporated,20111013,JPMorgan drags blue chips down; Google up late ,NEW YORK The Dow and S&P 500 slipped on Thursday after JPMorgan's earnings and China's soft trade data revived worries about the impact of slower growth on profits. | Video ,topStory
VRTX,Vertex Pharmaceuticals Incorporated,20111013,US STOCKS SNAPSHOT-S&P briefly turns up ,NEW YORK  Oct 13 The S&P 500 briefly turned higher and the Dow cut losses on Thursday  with technology leading the way up. The Nasdaq added to gains.,normal
VRTX,Vertex Pharmaceuticals Incorporated,20111013,REFILE-US STOCKS-Dow  S&P 500 slip as JPMorgan falls; Nasdaq up ,NEW YORK  Oct 13 The Dow and S&P 500 slipped on Thursday as JPMorgan's earnings and China's soft economic data increased worries about the impact of slower growth on third-quarter profits.,normal
VRTX,Vertex Pharmaceuticals Incorporated,20111013,US STOCKS-JP Morgan results splash water on Wall St's 3-day rise ,NEW YORK  Oct 13 U.S. stocks fell on Thursday after three days of gains as earnings from JPMorgan and soft economic data from China reinforced worries about a slowing global economy.,normal
VRTX,Vertex Pharmaceuticals Incorporated,20111013,US STOCKS-JP Morgan results splash water on Wall St's 3-day rise ,NEW YORK  Oct 13 U.S. stocks fell on Thursday after three days of gains as earnings from JPMorgan and soft economic data from China reinforced worries about a slowing global economy.,normal
VRTX,Vertex Pharmaceuticals Incorporated,20111013,UPDATE 1-IMS revises Incivek drug data; Vertex shares jump ,Oct. 13 IMS Health  which provides prescription data and other services to the pharmaceutical industry  said it is revising estimates of the number of prescriptions written in late September for Vertex Pharmaceuticals Inc's  hepatitis C drug Incivek  sending its shares up nearly 7 percent.,normal
VOD,Vodafone Group Plc,20111013,UPDATE 2-Blame game looms over BlackBerry email delays ,Oct 13 BlackBerry maker Research In Motion  faced the prospect of a compensation bill from network providers on Thursday as it wrestled for a fourth day to get the world's dominant mobile email service working properly.,topStory
VOD,Vodafone Group Plc,20111013,UPDATE 1-Compensation clouds gather over BlackBerry outage ,Oct 13 BlackBerry maker Research In Motion  faced the prospect of a compensation bill from network providers on Thursday as the world's dominant provider of mobile email struggled for a fourth day with service glitches.,normal
ANF,Abercrombie & Fitch Company,20111013,EURO GOVT-Bunds hit session high before Italian auctions ,LONDON  Oct 13 German Bund futures reversed losses to hit the day's highs on Thursday as Italian bond yields rose to their highest in more than two months ahead of BTP auctions seen testing investor demand after Moody's and Fitch cut Italy's ratings last week.,topStory
APA,Apache Corporation,20111013,UPDATE 2-Canada approves LNG exports for Apache-led project ,CALGARY  Alberta  Oct 13 Canada's National Energy Board gave the go-ahead on Thursday for the country's first exports of liquefied natural gas  approving a license sought by KM LNG  a group  led by Apache Corp   planning an LNG project on the Pacific Coast.,topStory
AGO,Assured Guaranty Ltd,20111013,TEXT: S&P Places AGM Corp-Insured U.S. Pub Fin Iss Rtgs On Watch Neg ,NEW YORK (Standard & Poor's) Oct. 13  2011--Standard & Poor's Ratings Services said today it placed its ratings on 610 Assured Guaranty Municipal Corp.-  152 Assured Guaranty Corp.-  and eight Assured Guaranty Municipal Corp.- and Assured Guaranty Corp.-insured U.S. Public Finance issues on CreditWatch with negative implications.,topStory
T,AT&T Inc,20111013,FCC presses AT&T on jobs claims for merger ,WASHINGTON  Oct 13 A federal telecommunications regulator asked AT&T Inc on Thursday to provide data on claims that its deal to buy T-Mobile USA would mean a net gain of U.S. jobs  saying its responses on this issue "remain incomplete.",topStory
T,AT&T Inc,20111013,MetroPCS says uniquely placed for Clearwire deal ,NEW YORK MetroPCS Communications Inc  sees itself as "uniquely positioned" to forge a spectrum deal with Clearwire Corp .,normal
SAN,Banco Santander SA,20111013,TEX-S&P cuts 16 Banco Santander LOC-supported rtgs ,Oct 13 - Standard & Poor's Ratings Services today lowered its ratings on 16 bond issues that are supported by Banco Santander S.A.'s confirming letters of credit (LOCs) to 'AA-/A-1+' from 'AA/A-1+' (see list). The long-term components of our ratings on the bonds are based on the higher of our long-term issuer credit ratings on Sovereign Bank ('A')  the fronting LOC provider  and Banco Santander S.A. ('AA-')  the confirming LOC provider (collectively  the LOC providers) and address full and timel,topStory
BAC,Bank of America Corporation,20111013,UPDATE 1-Democrats ask US Justice Dept to probe bank fees ,WASHINGTON  Oct 13 House Democrats on Thursday called on the Justice Department to investigate whether large banks are coordinating new fees in violation of antitrust laws.,topStory
BAC,Bank of America Corporation,20111013,Chicago protesters stage "die-in" at bank ,CHICAGO A few hundred demonstrators protesting over unemployment woes targeted Bank of America on Thursday  with 30 protesters entering a bank building in Chicago and laying down in a "die-in" before heeding police orders to leave.,normal
BAC,Bank of America Corporation,20111013,UPDATE 1-BofA names MacDonald head of equities  Asia-Pacific - memo ,HONG KONG  Oct 13 Bank of America Corp (BofA)  has named Peter MacDonald as the head of its equities business for the Asia-Pacific  according to an internal memo seen by Reuters  a move that aligns BofA's Asian business with the global structure.,normal
BAC,Bank of America Corporation,20111013,CORRECTED-BofA names MacDonald head of equities  Asia-Pacific - memo ,HONG KONG  Oct 13 Bank of America Corp (BofA)  has named Peter MacDonald as the head of its equities business for Asia-Pacific  according to an internal memo seen by Reuters  a move that aligns BofA's Asian business with the global structure.,normal
BCS,Barclays PLC,20111013,STXNEWS LATAM-Barclays starts Telefonica Brasil  TIM overweight ,Barclays Capital analysts picked Telefonica Brasil as their top stock among Latin American telecoms  starting coverage on the company and rival Brazilian carrier TIM Participacoes with an "overweight" rating. In a note to clients on Thursday  analyst Vera Rossi pointed to the companies' low debt loads  growth prospects for wireless data and limited regulatory risk compared to peers in Mexico.     Reuters Messaging: brad.c.haynes.thomsonreuters.com@reuters.net,topStory
BCS,Barclays PLC,20111013,Fitch downgrades UBS  may cut 5 other European banks ,Oct 13 Fitch Ratings on Thursday downgraded the credit rating of UBS AG  and placed five other European banks on credit watch negative.,normal
BCS,Barclays PLC,20111013,New Issue- ANZ National prices 500 mln euro 2016 bond ,Borrower                ANZ National (Int'l) Bank Ltd (Acting,normal
BCS,Barclays PLC,20111013,TEXT-Fitch lowers UK support rtng floors; cuts Lloyds  RBS to 'A' ,Oct 13- Fitch Ratings has lowered its Support Rating Floors (SRF) for systemically important UK banks to 'A' from 'AA-' and 'A+'. As a result  Lloyds Banking Group plc's (LBG) and Royal Bank of Scotland Group plc's (RBSG) Long-term Issuer Default Ratings (IDR) have been downgraded to 'A' from 'AA-'. Separately  Fitch has also placed Barclays plc's IDR and Viability Rating (VR) on Rating Watch Negative (RWN). A full list of rating actions is at the end of this comment.,normal
BZH,Beazer Homes USA Inc,20111013,UPDATE 1-Beazer Homes says Q4 orders up by a third ,Oct 13 Home builder Beazer Homes USA Inc  said its fourth-quarter orders rose by a third  suggesting an improvement in the housing market after a prolonged slump.,topStory
BHP,BHP Billiton Limited,20111013,UPDATE 2-No recent iron ore shipment to China cancelled-BHP ,* Miner BHP says new iron ore projects to ease supply tightness,topStory
BHP,BHP Billiton Limited,20111013,No recent iron ore shipment to China cancelled-BHP ,PARIS  Oct 13 Global miner BHP Billiton   has not had any iron ore shipment to China cancelled or renegotiated in the last few weeks  the company's Chief Executive Ferrous and Coal said on Thursday.,normal
BLK,BlackRock Inc,20111013,UPDATE 1-BlackRock's Fink says don't ignore Wall St protests ,NEW YORK  Oct 13 The chief executive of the world's largest money manager said Thursday he welcomed the anti-Wall Street protests spreading around the country  saying they would help add balance to the debate on America's future.,topStory
BLK,BlackRock Inc,20111013,BlackRock's Fink: Regulation may hit jobs in U.S.  UK  Europe ,NEW YORK Financial service firms may eventually migrate toward countries such as Singapore and Hong Kong if new regulation makes doing business too costly in the United States  Britain and Europe  BlackRock Chief Executive Laurence Fink said on Thursday.,normal
BLK,BlackRock Inc,20111013,BlackRock's Fink-Regulation may hit jobs in US  UK  Europe ,NEW YORK  Oct 13 Financial service firms may eventually migrate toward countries such as Singapore and Hong Kong if new regulation makes doing business too costly in the United States  Britain and Europe  BlackRock Chief Executive Laurence Fink said on Thursday.,normal
BLK,BlackRock Inc,20111013,BlackRock's Fink says don't turn back on Wall St protesters ,NEW YORK  Oct 13 The chief executive of the world's largest money manager said Thursday he welcomed the anti-Wall Street protests spreading around the country  saying they would help add balance to the debate on America's future.,normal
BA,Boeing Company (The),20111013,UTC's Pratt to buy Rolls share of engine venture ,Pratt & Whitney said on Wednesday that it will spend $1.5 billion to buy Rolls-Royce Holding Plc's  share of the International Aero Engines consortium that produces the engine that powers the Airbus  A320 plane family.,topStory
BA,Boeing Company (The),20111013,UPDATE 2-UTC's Pratt to buy Rolls share of engine venture ,Oct 12 Pratt & Whitney said on Wednesday that it will spend $1.5 billion to buy Rolls-Royce Holding Plc's share of the International Aero Engines consortium that produces the engine that powers the Airbus A320 plane family.,normal
BP,BP plc,20111013,UPDATE 2-BP gets UK nod for 4.5 bln stg North Sea project ,LONDON  Oct 13 Britain has given BP the go-ahead for a 4.5 billion pound ($7 billion) North Sea oil and gas project that confirms interest in the region despite tax rises and could slow the decline in output there.,topStory
BP,BP plc,20111013,TNK-BP shareholder ups BP court claim to $13 billion ,MOSCOW A minority shareholder in TNK-BP  has increased its damage claims against BP  to 409 billion roubles ($13.2 billion) from 154 billion based on potential profits in a Russian court case over a failed deal with Rosneft .,normal
BP,BP plc,20111013,REFILE-UPDATE 2-US to impose sanctions on BP  Gulf spill contractors ,WASHINGTON  Oct 12 The U.S. offshore drilling regulator on Wednesday formally issued sanctions against BP  and the major contractors involved in the 2010 explosion on the Deepwater Horizon rig that killed 11 workers and spewed more than 4 million barrels of oil into the Gulf of Mexico.,normal
BP,BP plc,20111013,U.S. to impose sanctions on BP  Gulf spill contractors ,WASHINGTON The U.S. offshore drilling regulator on Wednesday formally issued sanctions against BP and the major contractors involved in the 2010 explosion on the Deepwater Horizon rig that killed 11 workers and spewed more than 4 million barrels of oil into the Gulf of Mexico.,normal
BMY,Bristol-Myers Squibb Company,20111013,UK cost agency rejects Bristol-Myers' skin cancer drug ,* Melanoma treatment Yervoy costs around 80 000 pounds a patient,topStory
BG,Bunge Limited,20111013,DuPont seeking buyers for Teijin JV-Bloomberg ,Oct 12 DuPont Co is seeking buyers for two separate businesses  a polyester-film joint venture and one that makes powder-based paint  Bloomberg reported  citing people with knowledge of the matter.,topStory
C,Citigroup Inc,20111013,REFILE-LVMH  HNA  Middle East fund to bid for India DLF's Amanresorts-sources ,MUMBAI/HONG KONG  Oct 13 LVMH   the world's biggest luxury goods group  China's HNA Group and a Middle Eastern fund are expected to submit binding bids for Indian developer DLF's luxury hotel chain Amanresorts International  two sources with direct knowledge of the matter told Reuters.,topStory
C,Citigroup Inc,20111013,LVMH  HNA  Middle East fund to bid for India DLF's Amanresorts-sources ,NEW DELHI  Oct 13 LVMH   the world's biggest luxury goods group  China's HNA Group and a Middle Eastern fund are expected to submit binding bids for Indian developer DLF's luxury hotel chain Amanresorts International  two sources with direct knowledge of the matter told Reuters.,normal
COP,ConocoPhillips,20111013,ConocoPhillips buys Marathon share in LNG plant ,ANCHORAGE  Alaska  Oct 13 ConocoPhillips has purchased Marathon Oil Corp's 30 percent share in the nation's sole liquefied natural gas (LNG) export facility  a company spokeswoman said on Thursday.,topStory
COP,ConocoPhillips,20111013,Norway's Troll A gas flowing at 33 pct capacity ,TROLL A PLATFORM  North Sea - Oct 13 Norway's Troll A natural gas platform is running at a third of capacity  or 40 million cubic metres per day  operator Statoil  said on Thursday.,normal
CNX,CONSOL Energy Inc,20111013,UPDATE 4-Coal mine problems hit Consol  stocks down ,Oct 13 Coal miner Consol Energy Inc  said on Thursday that production at two of its Appalachian mines was affected by structural problems  but it still expects to hit its target for the year.,topStory
DB,Deutsche Bank AG,20111013,Fitch downgrades UBS  may cut 5 other European banks ,Oct 13 Fitch Ratings on Thursday downgraded the credit rating of UBS AG  and placed five other European banks on credit watch negative.,topStory
DB,Deutsche Bank AG,20111013,RHJ in talks with General Atlantic over BHF - paper ,FRANKFURT Private equity investor RHJ  is in talks with General Atlantic Partners about reviving its bid to buy Deutsche Bank  unit BHF  German daily Financial Times Deutschland said in an advance copy of its Friday edition.,normal
DB,Deutsche Bank AG,20111013,RHJ in talks with General Atlantic over BHF -paper ,FRANKFURT  Oct 13 Private equity investor RHJ is in talks with General Atlantic Partners about reviving its bid to buy Deutsche Bank unit BHF  German daily Financial Times Deutschland said in an advance copy of its Friday edition.,normal
DB,Deutsche Bank AG,20111013,New Issue-Hypo Noe prices 500 mln euro 2014 bond ,of a Austrian Public Sector Covered bond priced on Thursday.,normal
DB,Deutsche Bank AG,20111013,New Issue-Hypo Noe prices 500 mln euro 2014 bond ,of a Austrian Public Sector Covered bond priced on Thursday.,normal
DB,Deutsche Bank AG,20111013,WRAPUP 2-EU banks could get six months to boost capital ,* Deutsche would need 9 bln eur to meet capital bar -sources,normal
DB,Deutsche Bank AG,20111013,Deutsche shifts top Mideast ECM banker to London - sources ,Oct 13 Deutsche Bank is moving its top Middle East     equity banker to London from Dubai  the bank confirmed  the latest in a string of moves by international banks prompted by low business volumes in the region.,normal
DB,Deutsche Bank AG,20111013,UPDATE 2-Capital demands could stifle economy  warns Deutsche ,* Deutsche would need 9 bln eur to meet 9 pct capital bar -sources,normal
DB,Deutsche Bank AG,20111013,UPDATE 1-Cerberus  Goldman Sachs place 8.2 mln GSW shares ,* Shares placed at 20.25 eur  brings proceeds of 166 mln eur,normal
DB,Deutsche Bank AG,20111013,Ackermann -there are limits to size of rescue fund ,BERLIN  Oct 13 Deutsche Bank Chief Executive Josef Ackermann said on Thursday there are limits to the size of rescue funds for the euro zone because the public and courts would not allow them to grow over a certain size.,normal
D,Dominion Energy Inc,20111013,UPDATE 1-Ophir Energy agrees 118 mln stg bid for Dominion ,LONDON  Oct 13 Oil and gas firm Ophir Energy  has agreed to buy Dominion Petroleum in a 118 million pound ($186 million) all-share deal that will expand its portfolio of projects in East Africa.,topStory
DCUD,Dominion Energy Inc,20111013,UPDATE 1-Ophir Energy agrees 118 mln stg bid for Dominion ,LONDON  Oct 13 Oil and gas firm Ophir Energy  has agreed to buy Dominion Petroleum in a 118 million pound ($186 million) all-share deal that will expand its portfolio of projects in East Africa.,topStory
DRUA,Dominion Energy Inc,20111013,UPDATE 1-Ophir Energy agrees 118 mln stg bid for Dominion ,LONDON  Oct 13 Oil and gas firm Ophir Energy  has agreed to buy Dominion Petroleum in a 118 million pound ($186 million) all-share deal that will expand its portfolio of projects in East Africa.,topStory
E,ENI SpA,20111013,Libya owes $1 billion for fuel for revolution ,TRIPOLI Libya imported $1.6 billion worth of fuel during the six months of revolution  including from Qatar and Turkey  and has yet to repay $890 million  the interim oil and finance minister said on Thursday.,topStory
FLR,Fluor Corporation,20111013,UPDATE 1-Fluor gets nuclear firm stranded by Ponzi scheme ,* $30 mln investment gives Fluor majority stake in NuScale,topStory
F,Ford Motor Company,20111013,Ford-UAW contract ratification at risk ,DETROIT Workers at a Ford Motor Co plant in Chicago overwhelmingly rejected a proposed four-year labor contract  the second "no" vote at a Ford plant this week  throwing into doubt the prospects for ratification.,topStory
F,Ford Motor Company,20111013,UPDATE 5-Ford-UAW contract ratification at risk ,* Ford shares down less than 1 pct; GM shares down 1.6 pct,normal
GPS,Gap Inc (The),20111013,Gap bets on bolder classics for turnaround ,NEW YORK Gap Inc  is looking to simplify its clothing offerings  dab in more color  and de-clutter its North American namesake stores to help boost sluggish sales at the chain.,topStory
GPS,Gap Inc (The),20111013,UPDATE 3-Gap bets on bolder classics for turnaround ,NEW YORK  Oct 13 Gap Inc is looking to simplify its clothing offerings  dab in more color  and de-clutter its North American namesake stores to help boost sluggish sales at the chain.,normal
GPS,Gap Inc (The),20111013,Gap bets on bolder classics for turnaround ,NEW YORK Gap Inc  is looking to simplify its clothing offerings  dab in more color  and de-clutter its North American namesake stores to help boost its languishing sales.,normal
GEK,General Electric Capital Corporation,20111013,General Electric picks Colo. for solar panel plant ,General Electric Co on Thursday said it has selected Colorado as the location for a solar panel factory that will create 355 jobs in that state.,topStory
GEK,General Electric Capital Corporation,20111013,General Electric picks Colo. for solar panel plant ,Oct 13 General Electric Co on Thursday said it has selected Colorado as the location for a solar panel factory that will create 355 jobs in that state.,normal
GE,General Electric Company,20111013,General Electric picks Colo. for solar panel plant ,General Electric Co on Thursday said it has selected Colorado as the location for a solar panel factory that will create 355 jobs in that state.,topStory
GE,General Electric Company,20111013,General Electric picks Colo. for solar panel plant ,Oct 13 General Electric Co on Thursday said it has selected Colorado as the location for a solar panel factory that will create 355 jobs in that state.,normal
GM,General Motors Company,20111013,UPDATE 5-Ford-UAW contract ratification at risk ,* Ford shares down less than 1 pct; GM shares down 1.6 pct,topStory
GFI,Gold Fields Limited,20111013,Gold Fields venture suspends Kyrgyz drilling ,ALMATY  Oct 13 South African miner Gold Fields'  joint venture in Kyrgyzstan will suspend drilling after supporters of its exploration project in the Central Asian state received death threats only days after a violent attack on its camp  the company's chairman told Reuters.,topStory
GS,Goldman Sachs Group Inc (The),20111013,New Issue-EBRD prices $1.25 bln 2016 bond ,Borrower                European Bank for Reconstruction and Development,topStory
GS,Goldman Sachs Group Inc (The),20111013,REFILE-LVMH  HNA  Middle East fund to bid for India DLF's Amanresorts-sources ,MUMBAI/HONG KONG  Oct 13 LVMH   the world's biggest luxury goods group  China's HNA Group and a Middle Eastern fund are expected to submit binding bids for Indian developer DLF's luxury hotel chain Amanresorts International  two sources with direct knowledge of the matter told Reuters.,normal
GS,Goldman Sachs Group Inc (The),20111013,LVMH  HNA  Middle East fund to bid for India DLF's Amanresorts-sources ,NEW DELHI  Oct 13 LVMH   the world's biggest luxury goods group  China's HNA Group and a Middle Eastern fund are expected to submit binding bids for Indian developer DLF's luxury hotel chain Amanresorts International  two sources with direct knowledge of the matter told Reuters.,normal
GS,Goldman Sachs Group Inc (The),20111013,UPDATE 1-Cerberus  Goldman Sachs place 8.2 mln GSW shares ,* Shares placed at 20.25 eur  brings proceeds of 166 mln eur,normal
GS,Goldman Sachs Group Inc (The),20111013,UPDATE 1-BofA names MacDonald head of equities  Asia-Pacific - memo ,HONG KONG  Oct 13 Bank of America Corp (BofA)  has named Peter MacDonald as the head of its equities business for the Asia-Pacific  according to an internal memo seen by Reuters  a move that aligns BofA's Asian business with the global structure.,normal
GS,Goldman Sachs Group Inc (The),20111013,PRESS DIGEST - British business - Oct 13 ,Proposals to introduce compulsory workplace pensions contain little protection for employees and could lead to widespread mis-selling  David Pitt-Watson  the renowned fund manager  has suggested.,normal
GS,Goldman Sachs Group Inc (The),20111013,DuPont seeking buyers for Teijin JV-Bloomberg ,Oct 12 DuPont Co is seeking buyers for two separate businesses  a polyester-film joint venture and one that makes powder-based paint  Bloomberg reported  citing people with knowledge of the matter.,normal
GHL,Greenhill & Co Inc,20111013,DuPont seeking buyers for Teijin JV-Bloomberg ,Oct 12 DuPont Co is seeking buyers for two separate businesses  a polyester-film joint venture and one that makes powder-based paint  Bloomberg reported  citing people with knowledge of the matter.,topStory
HAL,Halliburton Company,20111013,REFILE-UPDATE 2-US to impose sanctions on BP  Gulf spill contractors ,WASHINGTON  Oct 12 The U.S. offshore drilling regulator on Wednesday formally issued sanctions against BP  and the major contractors involved in the 2010 explosion on the Deepwater Horizon rig that killed 11 workers and spewed more than 4 million barrels of oil into the Gulf of Mexico.,topStory
HAL,Halliburton Company,20111013,U.S. to impose sanctions on BP  Gulf spill contractors ,WASHINGTON The U.S. offshore drilling regulator on Wednesday formally issued sanctions against BP and the major contractors involved in the 2010 explosion on the Deepwater Horizon rig that killed 11 workers and spewed more than 4 million barrels of oil into the Gulf of Mexico.,normal
HES,Hess Corporation,20111013,UPDATE 1-U.S. DOE halves home heat oil reserve to 1 mln bbls ,* Reserve downsized as DOE converts to ultra-clean diesel     * DOE ends leasing of storage space in NY Harbor      WASHINGTON  Oct 13 The U.S. Department of Energy said on Thursday it will halve the home heating oil reserve to 1 million barrels of fuel as supplies near the New York harbor are adequate.     The heating oil reserve is being converted to hold ultra-low-sulfur diesel because several states in the Northeast will require the use of cleaner fuels in coming years.     The D,topStory
HES,Hess Corporation,20111013,U.S. DOE halves home heat oil reserve to 1 mln bbls ,WASHINGTON  Oct 13 The U.S. Department of Energy said on Thursday it will halve the home heating oil reserve to 1 million barrels of fuel as supplies near the New York harbor are adequate.     The DOE awarded contracts to Hess Corp to store 500 000 barrels of ultra-low-sulfur diesel at a terminal in Groton  Connecticut and awarded Global Companies  LLC a contract to store the same amount in Revere  Massachusetts.,normal
HPQ,HP Inc,20111013,Lenovo says confident of closing PC mkt market gap with HP ,HONG KONG  Oct 13 Lenovo Group Ltd  said on Thursday that it is confident of closing the market share gap with Hewlett-Packard Co in the global personal computer market.,topStory
HSBC,HSBC Holdings plc,20111013,New Issue-Svenska prices 1.25 mln euro 2021 bond ,Borrower                Svenska Handelsbanken AB ,topStory
HSBC,HSBC Holdings plc,20111013,New Issue-EIB adds 1.0 bln SEK to 2016 bond ,Notes                   The issue size will total 2.25 billion,normal
HSBC,HSBC Holdings plc,20111013,New Issue-EBRD prices $1.25 bln 2016 bond ,Borrower                European Bank for Reconstruction and Development,normal
HSBC,HSBC Holdings plc,20111013,UK tax office targets 6 000 HSBC Swiss accounts ,LONDON  Oct 13 British tax authority HMRC said it is targeting 6 000 holders of accounts with HSBC's  Swiss bank in a probe over whether they have declared all income and gains.,normal
HSBC,HSBC Holdings plc,20111013,CNH Tracker- Selloff  new buyers to herald changes in bond sales ,By Saikat Chatterjee	     HONG KONG  Oct 13 Recent volatility in global markets may have an unexpected benefit for the offshore yuan market  broadening the potential investor base for so-called "dim sum" bonds by permanently changing the way the debt has been sold.	     At a recent Thomson Reuters CNH panel discussion  HSBC's credit strategist Becky Liu said more institutional investors including central banks  Taiwanese insurers and banks are showing a rising interest in the market.,normal
HSEA,HSBC Holdings plc,20111013,New Issue-Svenska prices 1.25 mln euro 2021 bond ,Borrower                Svenska Handelsbanken AB ,topStory
HSEA,HSBC Holdings plc,20111013,New Issue-EIB adds 1.0 bln SEK to 2016 bond ,Notes                   The issue size will total 2.25 billion,normal
HSEA,HSBC Holdings plc,20111013,New Issue-EBRD prices $1.25 bln 2016 bond ,Borrower                European Bank for Reconstruction and Development,normal
HSEA,HSBC Holdings plc,20111013,UK tax office targets 6 000 HSBC Swiss accounts ,LONDON  Oct 13 British tax authority HMRC said it is targeting 6 000 holders of accounts with HSBC's  Swiss bank in a probe over whether they have declared all income and gains.,normal
HSEA,HSBC Holdings plc,20111013,CNH Tracker- Selloff  new buyers to herald changes in bond sales ,By Saikat Chatterjee	     HONG KONG  Oct 13 Recent volatility in global markets may have an unexpected benefit for the offshore yuan market  broadening the potential investor base for so-called "dim sum" bonds by permanently changing the way the debt has been sold.	     At a recent Thomson Reuters CNH panel discussion  HSBC's credit strategist Becky Liu said more institutional investors including central banks  Taiwanese insurers and banks are showing a rising interest in the market.,normal
HSEB,HSBC Holdings plc,20111013,New Issue-Svenska prices 1.25 mln euro 2021 bond ,Borrower                Svenska Handelsbanken AB ,topStory
HSEB,HSBC Holdings plc,20111013,New Issue-EIB adds 1.0 bln SEK to 2016 bond ,Notes                   The issue size will total 2.25 billion,normal
HSEB,HSBC Holdings plc,20111013,New Issue-EBRD prices $1.25 bln 2016 bond ,Borrower                European Bank for Reconstruction and Development,normal
HSEB,HSBC Holdings plc,20111013,UK tax office targets 6 000 HSBC Swiss accounts ,LONDON  Oct 13 British tax authority HMRC said it is targeting 6 000 holders of accounts with HSBC's  Swiss bank in a probe over whether they have declared all income and gains.,normal
HSEB,HSBC Holdings plc,20111013,CNH Tracker- Selloff  new buyers to herald changes in bond sales ,By Saikat Chatterjee	     HONG KONG  Oct 13 Recent volatility in global markets may have an unexpected benefit for the offshore yuan market  broadening the potential investor base for so-called "dim sum" bonds by permanently changing the way the debt has been sold.	     At a recent Thomson Reuters CNH panel discussion  HSBC's credit strategist Becky Liu said more institutional investors including central banks  Taiwanese insurers and banks are showing a rising interest in the market.,normal
HUM,Humana Inc,20111013,Pfizer  Humana form research pact on elderly health ,Pfizer Inc has formed a partnership with health insurer Humana Inc to research ways to improve healthcare for the elderly.,topStory
INFY,Infosys Limited,20111013,Infosys says not in talks for buying Thomson Reuters unit ,MUMBAI Infosys Ltd   India's second-largest software services exporter  said on Thursday it is not in talks to acquire the healthcare business of Thomson Reuters Corp .,topStory
INFY,Infosys Limited,20111013,Infosys says not in talks for buying Thomson Reuters unit ,MUMBAI  Oct 13 Infosys Ltd   India's second-largest software services exporter  said on Thursday it is not in talks to acquire the healthcare business of Thomson Reuters Corp .,normal
ITT,ITT Inc,20111013,CORRECTED - ITT says emerging markets  M&A to aid growth after spin-offs ,Oct 13 ITT Corp on Thursday said growth in emerging markets and acquisitions would fuel sales and profits after it splits into three companies.,topStory
JPM,J P Morgan Chase & Co,20111013,JPMorgan Q3 net falls; bank eyes expenses ,JPMorgan Chase & Co's quarterly earnings fell 25 percent  excluding an accounting gain  as European financial turmoil reduced demand for securities underwriting and acquisition advice.,topStory
JPM,J P Morgan Chase & Co,20111013,Analysis: Wall Street banks profit from their weakness ,NEW YORK The tempestuous bond markets of the third quarter could result in surprising gains for U.S. banks  but investors are unlikely to be impressed.,normal
JPM,J P Morgan Chase & Co,20111013,UPDATE 8-JPMorgan Q3 net falls; bank eyes expenses ,Oct 13 JPMorgan Chase & Co's quarterly earnings fell 25 percent  excluding an accounting gain  as European financial turmoil reduced demand for securities underwriting and acquisition advice.,normal
JPM,J P Morgan Chase & Co,20111013,UPDATE 1-Democrats ask US Justice Dept to probe bank fees ,WASHINGTON  Oct 13 House Democrats on Thursday called on the Justice Department to investigate whether large banks are coordinating new fees in violation of antitrust laws.,normal
JPM,J P Morgan Chase & Co,20111013,REFILE-US STOCKS-Dow  S&P 500 slip as JPMorgan falls; Nasdaq up ,NEW YORK  Oct 13 The Dow and S&P 500 slipped on Thursday as JPMorgan's earnings and China's soft economic data increased worries about the impact of slower growth on third-quarter profits.,normal
JPM,J P Morgan Chase & Co,20111013,GLOBAL MARKETS-China data weighs on world stocks  copper ,* Copper declines after data from China  the biggest user,normal
JPM,J P Morgan Chase & Co,20111013,US STOCKS-JP Morgan results splash water on Wall St's 3-day rise ,NEW YORK  Oct 13 U.S. stocks fell on Thursday after three days of gains as earnings from JPMorgan and soft economic data from China reinforced worries about a slowing global economy.,normal
JPM,J P Morgan Chase & Co,20111013,US STOCKS-JP Morgan results splash water on Wall St's 3-day rise ,NEW YORK  Oct 13 U.S. stocks fell on Thursday after three days of gains as earnings from JPMorgan and soft economic data from China reinforced worries about a slowing global economy.,normal
JPM,J P Morgan Chase & Co,20111013,JPMorgan money managers hit by downturn ,JPMorgan Chase & Co said third-quarter earnings in its asset and wealth management division were hurt by turbulent markets and customer withdrawals.,normal
JPM,J P Morgan Chase & Co,20111013,UPDATE 1-JPMorgan money managers hit by downturn ,Oct 13 JPMorgan Chase & Co said third-quarter earnings in its asset and wealth management division were hurt by turbulent markets and customer withdrawals.,normal
KKR,KKR & Co LP,20111013,JPM results signal tough quarter for private equity ,NEW YORK  Oct 13 A loss at JPMorgan Chase & Co's private equity group signals a tough quarter for buyout shops  as global economic uncertainty and market declines hit the value of their investments.,topStory
KKR,KKR & Co LP,20111013,EU mergers and takeovers (Oct 13) ,BRUSSELS  Oct 13 The following are mergers under review by the European Commission and a brief guide to the EU merger process:,normal
KR,Kroger Company (The),20111013,UPDATE 5-Higher prices hurt at Safeway  shares fall ,Oct 13 Safeway Inc reported a quarterly profit that beat analysts' low expectations  but shares fell 2.1 percent as higher food prices showed signs of denting demand at the second-largest U.S. supermarket company.,topStory
KR,Kroger Company (The),20111013,Higher prices hurt at Safeway  shares fall ,Safeway Inc  reported a quarterly profit that beat analysts' low expectations  but shares fell 2.8 percent as higher food prices showed signs of denting demand at the second-largest U.S. supermarket company.,normal
LAZ,Lazard Ltd,20111013,REFILE-MOVES-Credit Suisse  SocGen  Lazard ,Oct 13 The following financial service industry appointments were announced on Thursday. To inform us of other job changes  email: moves@thomsonreuters.com.,topStory
LNN,Lindsay Corporation,20111013,UPDATE 1-Lindsay Corp Q4 profit falls ,Oct 13 Agricultural equipment maker Lindsay Corp  posted a lower quarterly profit hurt by a 27 percent rise in operating costs.,topStory
LYG,Lloyds Banking Group Plc,20111013,TEXT-Fitch lowers UK support rtng floors; cuts Lloyds  RBS to 'A' ,Oct 13- Fitch Ratings has lowered its Support Rating Floors (SRF) for systemically important UK banks to 'A' from 'AA-' and 'A+'. As a result  Lloyds Banking Group plc's (LBG) and Royal Bank of Scotland Group plc's (RBSG) Long-term Issuer Default Ratings (IDR) have been downgraded to 'A' from 'AA-'. Separately  Fitch has also placed Barclays plc's IDR and Viability Rating (VR) on Rating Watch Negative (RWN). A full list of rating actions is at the end of this comment.,topStory
MGA,Magna International Inc,20111013,UPDATE 3-Magna shares slump on U.S. antitrust probe ,WASHINGTON  Oct 13 Shares of Magna International  slipped  on Thursday after the auto-parts maker said it was co-operating with a U.S. antitrust investigation into the automobile tooling industry.,topStory
MRO,Marathon Oil Corporation,20111013,ConocoPhillips buys Marathon share in LNG plant ,ANCHORAGE  Alaska  Oct 13 ConocoPhillips has purchased Marathon Oil Corp's 30 percent share in the nation's sole liquefied natural gas (LNG) export facility  a company spokeswoman said on Thursday.,topStory
MMI,Marcus & Millichap Inc,20111013,Google's Q3 eases fears over ad market  costs ,SAN FRANCISCO Google Inc's results trounced Wall Street expectations with the help of strong advertising sales and deft cost controls  driving its shares roughly 6 percent higher.,topStory
MMI,Marcus & Millichap Inc,20111013,Wall St eager for Google mobile  ad business update ,SAN FRANCISCO  Oct 12 Google Inc's  plans to acquire Motorola Mobility Holdings Inc and the health of its advertising business will be in the spotlight when the Internet search leader reports quarterly results on Thursday.,normal
MA,Mastercard Incorporated,20111013,ATM group sues Visa  MasterCard over price fixing ,A group representing operators of automated teller machines filed a lawsuit against Visa  and MasterCard  alleging that the credit and debit card issuers violated antitrust laws by fixing the price of ATM access fees.,topStory
MCO,Moody&#39;s Corporation,20111013,New Issue-Hypo Noe prices 500 mln euro 2014 bond ,of a Austrian Public Sector Covered bond priced on Thursday.,topStory
MCO,Moody&#39;s Corporation,20111013,New Issue-Hypo Noe prices 500 mln euro 2014 bond ,of a Austrian Public Sector Covered bond priced on Thursday.,normal
MCO,Moody&#39;s Corporation,20111013,New Issue-EIB adds 1.0 bln SEK to 2016 bond ,Notes                   The issue size will total 2.25 billion,normal
MCO,Moody&#39;s Corporation,20111013,New Issue-EBRD prices $1.25 bln 2016 bond ,Borrower                European Bank for Reconstruction and Development,normal
MCO,Moody&#39;s Corporation,20111013,BRIEF-Moody's says CODELCO's rtngs unaffected by debt financing agreement ,Oct 13 Corporacion Nacional del Cobre de Chile's  ("CODELCO"),normal
MCO,Moody&#39;s Corporation,20111013,EURO GOVT-Bunds hit session high before Italian auctions ,LONDON  Oct 13 German Bund futures reversed losses to hit the day's highs on Thursday as Italian bond yields rose to their highest in more than two months ahead of BTP auctions seen testing investor demand after Moody's and Fitch cut Italy's ratings last week.,normal
MCO,Moody&#39;s Corporation,20111013,BRIEF-Moody's changes LG Electronic's otlk to neg ,* Moody's changes LG Electronic's outlook to negative from stable,normal
MS,Morgan Stanley,20111013,Analysis: Wall Street banks profit from their weakness ,NEW YORK The tempestuous bond markets of the third quarter could result in surprising gains for U.S. banks  but investors are unlikely to be impressed.,topStory
MS,Morgan Stanley,20111013,TEXT-Fitch may cut Morgan Stanley ratings ,(The following statement was released by the rating agency)     Oct 13 - Fitch Ratings has placed Morgan Stanley's  (MS) 'A/F1' long- and short-term Issuer Default Ratings (IDRs) and the 'a' Viability Rating (VR) on Rating Watch Negative. A complete list of ratings follows this release. In conjunction with a broad  global review of financial institutions and more specifically  global trading and universal banks  Fitch has placed several issuers on Rating Watch Negative  including MS.,normal
MS,Morgan Stanley,20111013,New Issue-EBRD prices $1.25 bln 2016 bond ,Borrower                European Bank for Reconstruction and Development,normal
MS,Morgan Stanley,20111013,Japan banks unlikely to help western rivals-lobby head ,TOKYO  Oct 13 Japanese banks are unlikely to come to the rescue of troubled western rivals as they did during the height of financial crisis three years ago because they are constrained by stiffer global capital rules  the head of the country's banking lobby said on Thursday.,normal
NAV,Navistar International Corporation,20111013,UPDATE 2-Icahn reports 9.8 pct stake in Navistar ,NEW YORK  Oct 13 Billionaire investor Carl Icahn reported a 9.8 percent stake in Navistar International Corp on Thursday and said the truck and engine maker's shares have been undervalued.,topStory
NOC,Northrop Grumman Corporation,20111013,UPDATE 3-Northrop pulls out of Farnborough air show ,WASHINGTON  Oct 13 Northrop Grumman Corp on Thursday pulled out of the 2012 international air show in Farnborough  England  a dramatic move underscoring the company's drive to cut costs as it prepares for leaner times in the global defense market.,topStory
NOC,Northrop Grumman Corporation,20111013,REFILE-UPDATE 1-Northrop pulls out of Farnborough air show ,WASHINGTON  Oct 13 Northrop Grumman Corp on Thursday pulled out of the 2012 international air show in Farnborough  England  a dramatic move underscoring the company's drive to cut costs as it prepares for leaner times in the global defense market.,normal
NOC,Northrop Grumman Corporation,20111013,Northrop pulls out of Farnborough air show ,WASHINGTON Northrop Grumman Corp  on Thursday pulled out of the 2012 international air show in Farnborough  England  a dramatic move underscoring the company's drive to cut costs as it prepares for leaner times in the global defense market.,normal
NOC,Northrop Grumman Corporation,20111013,Northrop pulls out of Farnborough air show ,WASHINGTON  Oct 13 Northrop Grumman Corp on Thursday said it had decided not to participate in the 2012 international air show in Farnborough  England  saying the measure was part of a broader drive to save money.,normal
OSK,Oshkosh Corporation,20111013,Insight: Wisconsin clash spotlights U.S. labor-management rift ,OSHKOSH  Wisconsin (Reuters) -- Oshkosh Corp has been a rare lifeline for the beleaguered United Auto Workers  one of the few American manufacturers to have added significantly to its ranks of well-paid union workers in a brutal decade for factory hands.,topStory
PFE,Pfizer Inc,20111013,Pfizer  Humana form research pact on elderly health ,Pfizer Inc has formed a partnership with health insurer Humana Inc to research ways to improve healthcare for the elderly.,topStory
PKX,POSCO,20111013,POSCO to slash capex this yr by $857 mln - report ,SEOUL  Oct 13 South Korea's POSCO  has decided to slash capital expenditure this year by about 1 trillion won ($857 million)  as steel markets shrink amid the global economic slowdown  local media reported on Thursday.,topStory
PJH,Prudential Financial Inc,20111013,TEXT-S&P: AIG Edison Life upgraded to 'AA-';outlook negative ,-- The Prudential Financial group announced that three companies under its umbrella--AIG Edison  AIG Star  and Gibraltar--have signed a merger agreement. (Gibraltar will be the surviving entity.),topStory
PRH,Prudential Financial Inc,20111013,TEXT-S&P: AIG Edison Life upgraded to 'AA-';outlook negative ,-- The Prudential Financial group announced that three companies under its umbrella--AIG Edison  AIG Star  and Gibraltar--have signed a merger agreement. (Gibraltar will be the surviving entity.),topStory
PRU,Prudential Financial Inc,20111013,TEXT-S&P: AIG Edison Life upgraded to 'AA-';outlook negative ,-- The Prudential Financial group announced that three companies under its umbrella--AIG Edison  AIG Star  and Gibraltar--have signed a merger agreement. (Gibraltar will be the surviving entity.),topStory
RIO,Rio Tinto Plc,20111013,UPDATE 3-Rio Tinto defies gloom with record iron ore sales ,SYDNEY  Oct 13 Mining giant Rio Tinto   sought to brush off fears of a global economic crisis on Thursday  reporting record iron ore sales and a 5 percent jump in output for the third quarter  predicting continued strong commodities demand.,topStory
RIO,Rio Tinto Plc,20111013,UPDATE 2-China's Sept iron ore imports highest since January ,SHANGHAI/SINGAPORE  Oct 13 China imported 60.57 million tonnes of iron ore in September  the highest monthly volume since January  as mills stocked up ahead of a holiday  but the purchasing momentum of the world's top buyer may not be sustained as steel prices take a hit.,normal
RIO,Rio Tinto Plc,20111013,TABLE-Rio Tinto Q3 production of key commodities ,Oct 13 Following are Rio Tinto's   third quarter 2011 production figures:    	                                     2011       2010      2011	                                      Q3         Q3        Q2      	 Alumina ('000 t)                    2 235      2 343     2 240	 Aluminium ('000 t)                    962        939       958  	 Bauxite ('000 t)                    9 178      8 604     8 726  	 Hard coking coal ('000 t)           2 774      2 434     1 775  	 Australian therm,normal
RIO,Rio Tinto Plc,20111013,Rio Tinto Q3 iron ore output +5 pct vs yr ago ,SYDNEY  Oct 13 Global miner Rio Tinto   on Thursday reported a 5 percent rise in third-quarter iron ore production from a year ago and said its Australian coal operations had recovered from flooding earlier in the year.,normal
RBS,Royal Bank Scotland plc (The),20111013,TEXT-Fitch lowers UK support rtng floors; cuts Lloyds  RBS to 'A' ,Oct 13- Fitch Ratings has lowered its Support Rating Floors (SRF) for systemically important UK banks to 'A' from 'AA-' and 'A+'. As a result  Lloyds Banking Group plc's (LBG) and Royal Bank of Scotland Group plc's (RBSG) Long-term Issuer Default Ratings (IDR) have been downgraded to 'A' from 'AA-'. Separately  Fitch has also placed Barclays plc's IDR and Viability Rating (VR) on Rating Watch Negative (RWN). A full list of rating actions is at the end of this comment.,topStory
RES,RPC Inc,20111013,RPC Inc shares rise on buyout rumors ,Oct 13 Shares of oilfield service company RPC Inc jumped as much as 11 percent on rumors of a possible buyout by onshore driller Patterson-UTI Energy Inc .,topStory
SNE,Sony Corp Ord,20111013,Nikkei hits 4-week high on euro zone hopes ,* Benchmark solidly above 25-day moving average     * Exporters gain  lifted as yen falls to one-month low      By Lisa Twaronite	     TOKYO  Oct 13 Japan's Nikkei rose to a four-week high on Thursday on hopes that Europe will come up with actual measures to support Greece and shore up European banks.    	     Shares in major exporters such as Sony Corp   which were sold off during the market downturn until earlier this month on worries about the global economy  rose sharply as playe,topStory
S,Sprint Corporation,20111013,Clearwire rallies on subs growth  MetroPCS deal talk ,NEW YORK Clearwire Corp reported  better-than-expected subscriber numbers on Thursday  while MetroPCS Communications  said it is interested in spectrum deal with the wireless telecommunications company.,topStory
S,Sprint Corporation,20111013,UPDATE 4-Clearwire rallies on subs growth  MetroPCS deal talk ,* Sees cash at $700 mln  better than analyst expectations,normal
STO,Statoil ASA,20111013,Norway's Troll A gas flowing at 33 pct capacity ,TROLL A PLATFORM  North Sea - Oct 13 Norway's Troll A natural gas platform is running at a third of capacity  or 40 million cubic metres per day  operator Statoil  said on Thursday.,topStory
TEVA,Teva Pharmaceutical Industries Limited,20111013,FDA reviewers unconvinced on Teva Parkinson's drug ,Teva Pharmaceutical Industries Ltd's clinical trials of its Parkinson's drug Azilect left U.S. drug reviewers unconvinced that the treatment slows the disease's progression.,topStory
TEVA,Teva Pharmaceutical Industries Limited,20111013,UPDATE 2-FDA reviewers unconvinced on Teva Parkinson's drug ,Oct 13 Teva Pharmaceutical Industries Ltd's  clinical trials of its Parkinson's drug Azilect left U.S. drug reviewers unconvinced that the treatment slows the disease's progression.,normal
BX,The Blackstone Group LP,20111013,JPM results signal tough quarter for private equity ,NEW YORK  Oct 13 A loss at JPMorgan Chase & Co's private equity group signals a tough quarter for buyout shops  as global economic uncertainty and market declines hit the value of their investments.,topStory
TRP,TransCanada Corporation,20111013,Lawmakers say pipeline approval process tainted ,WASHINGTON/CALGARY U.S. lawmakers will urge Secretary of State Hillary Clinton on Friday to reject the proposed route of the Keystone XL oil sands pipeline  saying they are concerned the approval process has been tainted by alleged conflicts of interest.,topStory
RIG,Transocean Ltd,20111013,REFILE-UPDATE 2-US to impose sanctions on BP  Gulf spill contractors ,WASHINGTON  Oct 12 The U.S. offshore drilling regulator on Wednesday formally issued sanctions against BP  and the major contractors involved in the 2010 explosion on the Deepwater Horizon rig that killed 11 workers and spewed more than 4 million barrels of oil into the Gulf of Mexico.,topStory
RIG,Transocean Ltd,20111013,U.S. to impose sanctions on BP  Gulf spill contractors ,WASHINGTON The U.S. offshore drilling regulator on Wednesday formally issued sanctions against BP and the major contractors involved in the 2010 explosion on the Deepwater Horizon rig that killed 11 workers and spewed more than 4 million barrels of oil into the Gulf of Mexico.,normal
TKC,Turkcell Iletisim Hizmetleri AS,20111013,UPDATE 2-Turkcell fails to hold key votes at EGM ,* EGM fails to vote on dividend   (Adds analyst comment  share reaction),topStory
TKC,Turkcell Iletisim Hizmetleri AS,20111013,Turkcell shares fall 1.4 pct after EGM fails to hold key votes ,ISTANBUL  Oct 13 Shares in Turkey's biggest mobile operator Turkcell fell 1.4 percent on Thursday after its extraordinary general meeting failed to hold key votes on board changes and dividend distribution late on Wednesday.,normal
TKC,Turkcell Iletisim Hizmetleri AS,20111013,Turkcell says EGM did not vote on dividend distribution ,ISTANBUL  Oct 13 An extraordinary general meeting of Turkcell   Turkey's biggest cell network operator  did not vote on its dividend distribution  the company said on Thursday.,normal
VMI,Valmont Industries Inc,20111013,UPDATE 1-Valmont Q3 tops; flags Europe slowdown concerns ,Oct 13 Valmont Industries Inc posted quarterly results that topped market estimates on higher sales at its irrigation segment but warned that the economic slowdown  particularly in Europe  could hurt its business in the current quarter.,topStory
V,Visa Inc,20111013,ATM group sues Visa  MasterCard over price fixing ,A group representing operators of automated teller machines filed a lawsuit against Visa  and MasterCard  alleging that the credit and debit card issuers violated antitrust laws by fixing the price of ATM access fees.,topStory
WMT,Wal-Mart Stores Inc,20111013,INSIGHT-Wal-Mart moms: The election pollsters' new favorites ,Oct 13 Laura Bartlett doesn't think of herself as the key to the 2012 elections. She's a bank employee  mother of two and budding comedian with the troupe Four Funny Females. And honestly  she couldn't care less about politics.,topStory
DIS,Walt Disney Company (The),20111013,UPDATE 1-Hulu taken off the block ,Oct 13 The joint owners of Hulu  said they have decided against a sale of the popular online video service amid rumors that the bids received were lower than they were willing to accept.,topStory
WFC,Wells Fargo & Company,20111013,UPDATE 1-Democrats ask US Justice Dept to probe bank fees ,WASHINGTON  Oct 13 House Democrats on Thursday called on the Justice Department to investigate whether large banks are coordinating new fees in violation of antitrust laws.,topStory
WFC,Wells Fargo & Company,20111013,Wells Fargo gives staff tough healthcare choices ,Wells Fargo & Co plans to cut costs by moving its workers into insurance plans that encourage them to spend less on healthcare.,normal
WFC,Wells Fargo & Company,20111013,Eleven arrested in San Francisco protest ,SAN FRANCISCO Police arrested 11 demonstrators for blocking access to Wells Fargo's corporate headquarters in San Francisco on Wednesday  and the city's famed cable cars were halted for two hours during protests against economic inequality  officials said. | Video ,normal
WLL,Whiting Petroleum Corporation,20111013,Whiting Petroleum awaits N Dakota ok for pipeline ,Oct 13  Independent oil producer Whiting Petroleum Corp is awaiting state permission for construction of crude pipeline to replace trucks as a means of access to major crude markets for the growing amount of shale oil from its North Dakota Bakken fields  a state regulator said on Thursday.,topStory
WGO,Winnebago Industries Inc,20111013,Winnebago warns of rough ride ahead ,Winnebago Industries Inc's  profit topped Wall Street estimates  but hopes of a nascent recovery in the recreational vehicle industry earlier this year skidded as the largest U.S. motor home maker warned of ebbing consumer confidence.,topStory
WGO,Winnebago Industries Inc,20111013,UPDATE 4-Winnebago warns of rough ride ahead ,* Company considering price reductions in 2012 - CEO   By A. Ananthalakshmi and Lynn Adler	 Oct 13 Winnebago Industries Inc's profit topped Wall Street estimates  but hopes of a nascent recovery in the recreational vehicle industry earlier this year skidded as the largest U.S. motor home maker warned of ebbing consumer confidence.,normal
