AAPL,Apple Inc,20111122,Panel rules Apple does not infringe S3 patents ,Apple Inc does not violate patents owned by S3 Graphics Co  the International Trade Commission said on Monday in the latest ruling in the smartphone patent wars.,topStory
AAPL,Apple Inc,20111122,EU regulator "concerned" over cellphone patents war ,BRUSSELS EU regulators investigating Apple Inc  and Samsung Electronics  over their patents dispute are worried intellectual property rights may be unfairly used by some firms against their rivals  the EU antitrust chief said on Tuesday.,normal
AAPL,Apple Inc,20111122,EU regulator 'concerned' over cellphone patents war ,BRUSSELS  Nov 22 EU regulators investigating Apple Inc and Samsung Electronics  over their patents dispute are worried intellectual property rights may be unfairly used by some firms against their rivals  the EU antitrust chief said on Tuesday.,normal
CELG,Celgene Corporation,20111122,UPDATE 1-Celgene's Revlimid fails to help prostate cancer ,Nov 22 Celgene Corp said on Tuesday it will stop a late-stage trial of Revlimid for prostate cancer after it was determined that it would not extend survival  eliminating a potential avenue of expanded use for its flagship drug.,topStory
CEVA,CEVA Inc,20111122,RPT-Ceva  Mitsui invest in gesture technology firm ,TEL AVIV  Nov 22 Israeli mobile chip company Ceva has made a minority equity investment together with Mitsui & Co Global Investment of Japan in eyeSight Mobile Technologies  which makes touch-free interfaces for smartphones  tablets  PCs and other digital devices.,topStory
CME,CME Group Inc,20111122,CME Europe on track to launch cleared OTC gold-official ,LONDON  Nov 22 The CME Group  the world's leading derivatives market place  is on target to launch cleared over-the-counter gold in Europe by the end of 2011  and wants to boost the number of contracts it clears  a top official said on Tuesday.,topStory
CME,CME Group Inc,20111122,RPT-INSIGHT-Farm belt rage over MF Global could chill markets ,And yet many traders still look to the CME Group to make it right somehow  a sentiment that dates back more than a century to the CME's roots as the Chicago Butter and Egg Board. Until its listing in 2002  the Chicago Mercantile Exchange was run as a member-owned club  providing a degree of comfort to traders that the exchange had their best interests at heart.,normal
CME,CME Group Inc,20111122,INSIGHT-Farm belt rage over MF Global could chill markets ,And yet many traders still look to the CME Group to make it right somehow  a sentiment that dates back more than a century to the CME's roots as the Chicago Butter and Egg Board. Until its listing in 2002  the Chicago Mercantile Exchange was run as a member-owned club  providing a degree of comfort to traders that the exchange had their best interests at heart.,normal
CBRL,Cracker Barrel Old Country Store Inc,20111122,UPDATE 1-Cracker Barrel Q1 adj profit beats estimates ,Nov 22 Cracker Barrel Old Country Store Inc posted first-quarter profit that beat Wall Street expectations  helped by a sequential improvement in restaurant and retail sales.    KEY POINTS:   Q1 2011      I/B/E/S     Q1 2010    	      Revenue       $598.4 mln   $602.2 mln  $598.7 mln      Net income    $23.8 mln    -           $23.7 mln      GAAP EPS      $1.03        -           $1.01      Adj EPS       $1.09        $1.05       -  	     * Company sees FY2012 EPS of $4.10-4.25  exclu,topStory
DAKT,Daktronics Inc,20111122,UPDATE 1-Daktronics profit misses  optimistic on Q3 ,Nov 22 Daktronics Inc's quarterly profit missed estimates hurt by higher costs  but the electronic scoreboard and billboard maker said it expects strong sales and improved margins in its current quarter.,topStory
DCIX,Diana Containerships Inc,20111122,UPDATE 1-Diana Containerships Q3 profit beats Street ,Nov 22 Shipping company Diana Containerships Inc's quarterly profit beat analysts' estimates  helped by the increase in the number of vessels in its fleet and higher charter rates.,topStory
INTC,Intel Corporation,20111122,HP prods EU antitrust authorities against Oracle ,SAN JOSE  California Hewlett-Packard is trying to enlist European antitrust authorities to investigate whether Oracle improperly leveraged its strength in software to freeze HP out of certain parts of the hardware market  attorneys for both companies said in court.,topStory
ISRL,Isramco Inc,20111122,UPDATE 1-Daewoo signs deal to develop Israel's Tamar gas field ,* Signs with Noble  Delek  Isramco; eyes FPSO vessel deals,topStory
ISRL,Isramco Inc,20111122,Daewoo says inks deal to develop Israel's Tamar gas field ,SEOUL  Nov 22 South Korea's Daewoo Shipbuilding & Marine Engineering said on Tuesday that it had signed an agreement to develop Israel's Tamar natural gas field with Noble   Delek Group  and Isramco Inc.,normal
JASO,JA Solar Holdings Co Ltd,20111122,Chinese solar losses mount but stocks still rise ,Chinese solar companies including Suntech Power Holdings Co Ltd  JA Solar Holdings Co Ltd and LDK Solar Co Ltd posted larger-than-expected quarterly losses and warned that the sector's bleak outlook would continue well into next year.,topStory
JASO,JA Solar Holdings Co Ltd,20111122,WRAPUP 4-Chinese solar company losses mount but stocks soar ,Nov 22 Chinese solar companies including Suntech Power Holdings Co Ltd   JA Solar Holdings Co Ltd and LDK Solar Co Ltd posted larger-than-expected quarterly losses and warned that the sector's bleak outlook would continue well into next year.,normal
MYL,Mylan NV,20111122,UPDATE 1-US FDA warns Mylan on Puerto Rico plant violations ,Nov 22 U.S. drug regulators found "significant violations" of manufacturing regulations at Mylan Inc's  Caguas  Puerto Rico  facility  according to a letter posted on Tuesday.,topStory
NDAQ,Nasdaq Inc,20111122,Tokyo  Osaka to merge to create world's No.3 exchange ,TOKYO  Nov 22 The Tokyo Stock Exchange (TSE) and Osaka Securities Exchange Co Ltd (OSE) said on Tuesday they would merge to cope with sluggish market conditions in Japan and build scale amid a flurry of consolidation amid global rivals.,topStory
NFLX,Netflix Inc,20111122,Netflix shares hurt by bleak 2012 outlook ,Netflix Inc's shares dropped as much as 7 percent on Tuesday after it warned of a loss for 2012  a move the prompted several Wall Street analysts to cut their price targets for the online video and DVD rental company.,topStory
NFLX,Netflix Inc,20111122,UPDATE 1-Netflix shares hurt by bleak 2012 outlook ,Nov 22 Netflix Inc's shares dropped as much as 7 percent on Tuesday after it warned of a loss for 2012  a move the prompted several Wall Street analysts to cut their price targets for the online video and DVD rental company.,normal
NFLX,Netflix Inc,20111122,UPDATE 4-Netflix raises $400 mln in shares  debt ,Nov 21 Video rental company Netflix Inc said late on Monday that it raised $400 million in fresh capital by selling convertible debt to long-time backer Technology Crossover Ventures and stock to funds managed by T. Rowe Price.,normal
NWS,News Corporation,20111122,Australian police investigate local News Corp arm - report ,Nov 23 Australian police are investigating claims News Ltd  News Corp's Australian arm  tried to influence a politician to vote a certain way on media laws  The Age newspaper said on Wednesday.,topStory
NWS,News Corporation,20111122,Mediator appointed in Dodgers-Fox Sports dispute ,Nov 22 The Los Angeles Dodgers bankruptcy case judge appointed a mediator to try and sort out the dispute between the baseball team and Fox Sports regarding the sale of the team's television telecast rights.,normal
NWSA,News Corporation,20111122,Australian police investigate local News Corp arm - report ,Nov 23 Australian police are investigating claims News Ltd  News Corp's Australian arm  tried to influence a politician to vote a certain way on media laws  The Age newspaper said on Wednesday.,topStory
NWSA,News Corporation,20111122,Mediator appointed in Dodgers-Fox Sports dispute ,Nov 22 The Los Angeles Dodgers bankruptcy case judge appointed a mediator to try and sort out the dispute between the baseball team and Fox Sports regarding the sale of the team's television telecast rights.,normal
QCOM,QUALCOMM Incorporated,20111122,US seeks extended review of AT&T/T-Mobile deal ,Nov 22 Federal Communications Commission Chairman Julius Genachowski will seek an administrative hearing on AT&T Inc's proposed $39 billion deal to acquire Deutsche Telekom AG's T-Mobile USA  the agency said on Tuesday.,topStory
QCOM,QUALCOMM Incorporated,20111122,Qualcomm wins first deal for new screens ,Qualcomm has won a first deal for its new Mirasol display technology by supplying the South Korean Kyobo Book Center's new e-reader.,normal
TROW,T Rowe Price Group Inc,20111122,UPDATE 4-Netflix raises $400 mln in shares  debt ,Nov 21 Video rental company Netflix Inc said late on Monday that it raised $400 million in fresh capital by selling convertible debt to long-time backer Technology Crossover Ventures and stock to funds managed by T. Rowe Price.,topStory
TIVO,TiVo Corporation,20111122,TiVo's third-quarter revenue beats Street ,TiVo Inc   the maker of digital television recorders  posted revenue that beat Wall Street expectations as it sold more of its products through service providers such as RCN in the United States and Virgin Media in the United Kingdom.,topStory
TIVO,TiVo Corporation,20111122,UPDATE 1-TiVo's third-quarter revenue beats Street ,Nov 22 TiVo Inc   the maker of digital television recorders  posted revenue that beat Wall Street expectations as it sold more of its products through service providers such as RCN in the United States and Virgin Media in the United Kingdom.,normal
VOD,Vodafone Group Plc,20111122,UK spending watchdog gears up for Vodafone tax inquiry ,LONDON  Nov 22 Britain's public spending watchdog is to hire outsiders to examine large corporate tax settlements  as it ramps up its inquiry into deals such as those agreed with U.S. investment bank Goldman Sachs and British mobile group Vodafone.,topStory
AET,Aetna Inc,20111122,UnitedHealth to buy Medicare specialist XLHealth ,UnitedHealth Group Inc plans to acquire privately held XLHealth Corp in the health insurance industry's latest deal involving Medicare plans for the elderly.,topStory
AET,Aetna Inc,20111122,UPDATE 2-UnitedHealth to buy Medicare specialist XLHealth ,Nov 22 UnitedHealth Group Inc plans to acquire privately held XLHealth Corp in the health insurance industry's latest deal involving Medicare plans for the elderly.,normal
AXP,American Express Company,20111122,Wesley Snipes slapped with suit by American Express ,LOS ANGELES (TheWrap.com) - Wesley Snipes won't be leaving home with his American Express card anytime soon -- primarily because he's currently sitting in the slammer -- and that's probably a good thing.,topStory
AIG,American International Group Inc,20111122,Greenberg sues U.S. for $25 billion over AIG takeover ,A company run by former American International Group Inc Chief Executive Maurice "Hank" Greenberg sued the U.S. government for $25 billion  calling the 2008 federal takeover of the insurer unconstitutional.,topStory
AIG,American International Group Inc,20111122,UPDATE 5-Greenberg sues U.S. for $25 bln over AIG takeover ,Nov 21 A company run by former American International Group Inc Chief Executive Maurice "Hank" Greenberg sued the U.S. government for $25 billion  calling the 2008 federal takeover of the insurer unconstitutional.,normal
AI,Arlington Asset Investment Corp,20111122,DIARY-U.S. MEETINGS/WEEK AHEAD ,THOMSON REUTERS  November 22  2011 - Corporate Meetings for US companies for Week ahead.	         S&P 500 Earnings - Weekly           S&P 500 Earnings - Day Ahead   	     Non S&P 500 - Weekly               Non S&P 500 - Day Ahead        	     ConferenceCall/Webcast - Weekly    ConferenceCall/Webcast - Day   	     S&P 500 Earnings - Monthly           Meetings - Day Ahead           	     Economic Indicators                  Dividends                      	     Daily earnings hits & misses    	    ,topStory
AIC,Arlington Asset Investment Corp,20111122,DIARY-U.S. MEETINGS/WEEK AHEAD ,THOMSON REUTERS  November 22  2011 - Corporate Meetings for US companies for Week ahead.	         S&P 500 Earnings - Weekly           S&P 500 Earnings - Day Ahead   	     Non S&P 500 - Weekly               Non S&P 500 - Day Ahead        	     ConferenceCall/Webcast - Weekly    ConferenceCall/Webcast - Day   	     S&P 500 Earnings - Monthly           Meetings - Day Ahead           	     Economic Indicators                  Dividends                      	     Daily earnings hits & misses    	    ,topStory
AIW,Arlington Asset Investment Corp,20111122,DIARY-U.S. MEETINGS/WEEK AHEAD ,THOMSON REUTERS  November 22  2011 - Corporate Meetings for US companies for Week ahead.	         S&P 500 Earnings - Weekly           S&P 500 Earnings - Day Ahead   	     Non S&P 500 - Weekly               Non S&P 500 - Day Ahead        	     ConferenceCall/Webcast - Weekly    ConferenceCall/Webcast - Day   	     S&P 500 Earnings - Monthly           Meetings - Day Ahead           	     Economic Indicators                  Dividends                      	     Daily earnings hits & misses    	    ,topStory
T,AT&T Inc,20111122,FCC chief seeks added review of AT&T/T-Mobile deal ,AT&T Inc was dealt a blow on Tuesday as the top U.S. communications regulator sought to have its planned $39 billion purchase of T-Mobile USA sent to an administrative law judge for review.,topStory
T,AT&T Inc,20111122,UPDATE 2-FCC chief seeks added review of AT&T/T-Mobile deal ,Nov 22 AT&T Inc was dealt a blow on Tuesday as the top U.S. communications regulator sought to have its planned $39 billion purchase of T-Mobile USA sent to an administrative law judge for review.,normal
T,AT&T Inc,20111122,US seeks extended review of AT&T/T-Mobile deal ,Nov 22 Federal Communications Commission Chairman Julius Genachowski will seek an administrative hearing on AT&T Inc's proposed $39 billion deal to acquire Deutsche Telekom AG's T-Mobile USA  the agency said on Tuesday.,normal
BBVA,Banco Bilbao Viscaya Argentaria SA,20111122,UPDATE 1-Spain's BBVA to issue up to 3.48 bln euros in convertibles ,MADRID  Nov 22 BBVA  Spain's second largest bank  is to issue up to 3.475 billion euros of convertible bonds  it said on Tuesday in a note to the Madrid stock market regulator.,topStory
SAN,Banco Santander SA,20111122,BRIEF: Moody's assigns Aa3 to Banco Santander Chile's proposed global senior notes ,* Moody's assigns Aa3 to Banco Santander Chile's proposed global senior notes,topStory
BAC,Bank of America Corporation,20111122,UPDATE 2-BofA reaches settlement in Countrywide case ,Nov 22 Bank of America Corp has reached a settlement with former Countrywide Financial Corp institutional investors who decided not to join a $624 million class-action case that won court approval in February.,topStory
BAC,Bank of America Corporation,20111122,BofA reaches settlement in Countrywide case ,Bank of America Corp  has reached a settlement with former Countrywide Financial Corp institutional investors who decided not to join a $624 million class-action case that won court approval in February.,normal
BAC,Bank of America Corporation,20111122,BofA warned by regulators to get stronger: report ,U.S. regulators have informed Bank of America's  board that the company could face public enforcement action if they are not satisfied with recent steps taken to strengthen the bank  the Wall Street Journal said  citing people familiar with the situation.,normal
BAC,Bank of America Corporation,20111122,Market Chatter -- Corporate finance press digest ,Nov 22The following corporate finance-related stories were reported by media on Tuesday:,normal
BAC,Bank of America Corporation,20111122,BofA warned by regulators to get stronger - WSJ ,Nov 21 U.S. regulators have informed Bank of America's board that the company could face public enforcement action if they are not satisfied with recent steps taken to strengthen the bank  the Wall Street Journal said  citing people familiar with the situation.,normal
BAC,Bank of America Corporation,20111122,Apollo  Goldman Sachs enter MBNA Europe auction: report ,LONDON Apollo Global Management  and Goldman Sachs  have entered the auction for Bank of America Corp's  British and Irish credit card portfolios  the Financial Times reported on Tuesday.,normal
BAC,Bank of America Corporation,20111122,Police arrest 15 at Massachusetts foreclosure protest ,AMHERST  Mass Fifteen people were arrested at a sit-in against home foreclosures at a Bank of America branch in Massachusetts on Monday  while Tea Party supporters demonstrated across the street  organizers and police said.,normal
BNS,Bank of Nova Scotia (The),20111122,Enbridge sells C$250 mln 2-yr floating-rate notes ,Nov 22 Enbridge Inc on Tuesday sold C$250 million ($240 million) of two-year floating-rate medium term notes  according to a term sheet seen by Reuters.,topStory
BH,Biglari Holdings Inc,20111122,UPDATE 1-Cracker Barrel Q1 adj profit beats estimates ,Nov 22 Cracker Barrel Old Country Store Inc posted first-quarter profit that beat Wall Street expectations  helped by a sequential improvement in restaurant and retail sales.    KEY POINTS:   Q1 2011      I/B/E/S     Q1 2010    	      Revenue       $598.4 mln   $602.2 mln  $598.7 mln      Net income    $23.8 mln    -           $23.7 mln      GAAP EPS      $1.03        -           $1.01      Adj EPS       $1.09        $1.05       -  	     * Company sees FY2012 EPS of $4.10-4.25  exclu,topStory
BLK,BlackRock Inc,20111122,UPDATE 2-BofA reaches settlement in Countrywide case ,Nov 22 Bank of America Corp has reached a settlement with former Countrywide Financial Corp institutional investors who decided not to join a $624 million class-action case that won court approval in February.,topStory
BA,Boeing Company (The),20111122,Jetmakers battle for United order: sources ,PARIS/CHICAGO Airbus and Boeing are bidding to sell around 150 jets to United Continental as the world's largest airline joins an industry-wide scramble for fuel savings  people familiar with the matter said.,topStory
BA,Boeing Company (The),20111122,UPDATE 2-Jetmakers battle for United order -sources ,* U.S. major seen buying about 150 short-haul narrowbody jets,normal
BA,Boeing Company (The),20111122,Boeing says may close Wichita defense plant ,Nov 22 Boeing Co said it may close a Wichita  Kansas  facility as it prepares for a tougher defense spending environment.,normal
BA,Boeing Company (The),20111122,REFILE-Jetmakers scrap over potential United order -sources ,PARIS/CHICAGO  Nov 22 Airbus and Boeing are bidding to sell around 150 jets to United Continental as the world's largest airline joins an industry-wide  scramble for fuel savings  people familiar with the matter said.,normal
BA,Boeing Company (The),20111122,UPDATE 2-France's Zodiac bullish on aerospace growth ,* FY op profit up 60 pct to 386 mln eur vs consensus 371 mln,normal
BA,Boeing Company (The),20111122,Zodiac says suppliers won't lag Airbus  Boeing output ,PARIS  Nov 22 A leading French aerospace supplier shrugged off worries about  the global economy and expressed confidence on Tuesday that the industry would be able to keep up with planned production increases at Airbus  and Boeing.,normal
BP,BP plc,20111122,UPDATE 3-Chevron fined $28 mln  faces Brazil spill backlash ,* Brazil oil agency says "no comparison" with BP spill     * Chevron estimates total leak at 2 400 barrels     * Rio state threatens action against Transocean      By Leila Coimbra and Sabrina Lorenzi     RIO DE JANEIRO  Nov 21 Brazil's government slapped Chevron with a $28 million fine on Monday for causing an offshore oil spill  and the penalty could rise as the U.S. company faces a political backlash over the accident.     While the leak is relatively small and mostly contained  i,topStory
CPB,Campbell Soup Company,20111122,Campbell yet to convince Street on soup turnaround ,Campbell Soup Co's  efforts to turnaround its U.S. soups business have yet to convince Wall Street as it risks losing price-conscious buyers with fewer promotions and by raising prices due to high ingredient costs.,topStory
CPB,Campbell Soup Company,20111122,UPDATE 6-Campbell yet to convince Street on soup turnaround ,Nov 22 Campbell Soup Co's efforts to turnaround its U.S. soups business have yet to convince Wall Street as it risks losing price-conscious buyers with fewer promotions and by raising prices due to high ingredient costs.,normal
CPB,Campbell Soup Company,20111122,US STOCKS-Wall St flat on debt worries; Fed minutes on tap ,* Third-quarter U.S. growth slips from prior reading     * HP shares tumble after weak profit outlook     * Indexes: Dow flat  S&P up 0.1  Nasdaq up 0.2 pct     *Trading volume is likely to be thin this week as global uncertainties and the U.S. Thanksgiving holiday keep many investors on the sidelines.     Campbell Soup Co reported first-quarter earnings that beat expectations while sales were slightly below consensus  sending the stock down 4.5 percent to $32.11.,normal
CPB,Campbell Soup Company,20111122,US STOCKS-Wall St falls fifth straight day on debt worries ,* Third-quarter U.S. growth slips from prior reading     * HP shares tumble after weak profit outlook     * Indexes off: Dow 0.6 pct  S&P 0.6  Nasdaq 0.7 pct     *Trading volume is likely to be thin this week as global uncertainties and the U.S. Thanksgiving holiday keep many investors on the sidelines.     Campbell Soup Co reported first-quarter earnings that beat expectations while sales were slightly below consensus  sending the stock down 6.2 percent to $31.54.,normal
CPB,Campbell Soup Company,20111122,US STOCKS-Futures rise  Hewlett-Packard puts techs in focus ,* HP shares edge lower after tepid profit outlook     * S&P down 5 pct in 4-day selloff  Dow negative for year     * Futures up: Dow 41 pts  S&P 7.2 pts  Nasdaq 2.75 pts     *Also due due to report are Campbell Soup Co   and Medtronic Inc .,normal
CP,Canadian Pacific Railway Limited,20111122,Activist investor bumps up stake in CP Rail ,Nov 22 Pershing Square Capital Management has invested another $90 million in Canadian Pacific Railway   raising the fund's stake in Canada's second-biggest railroad to 12.4 percent from 12.2 percent.,topStory
CVX,Chevron Corporation,20111122,UPDATE 1-Chevron says no new leakage in Brazil spill ,Nov 22 Chevron Corp said there was no new leakage at the Frade project oil spill off Brazil's coast and added that it will respond to the assessment notices from the Brazilian government.,topStory
CVX,Chevron Corporation,20111122,Chevron fined $28 million  faces Brazil spill backlash ,RIO DE JANEIRO Brazil's government slapped Chevron with a $28 million fine on Monday for causing an offshore oil spill  and the penalty could rise as the U.S. company faces a political backlash over the accident. | Video ,normal
CHS,Chico&#39;s FAS Inc,20111122,UPDATE 3-Discounts to hurt Chico's holiday-qtr margins ,Nov 22 Women's clothing retailer Chico's FAS Inc warned that its margins will remain under pressure as it offers higher discounts to draw shoppers in the holiday season  dragging its shares down 17 percent to their lowest in a year.,topStory
CHS,Chico&#39;s FAS Inc,20111122,Stocks to watch: Campbell Soup  Suntech  Chico's ,The world's largest soup maker reported a higher-than-expected quarterly profit after it shrunk advertising and promotion costs  but sales  gross margin and EBIT declined.,normal
C,Citigroup Inc,20111122,Fed to test six big U.S. banks for Euro stress ,The U.S. Federal Reserve plans to stress test six large U.S. banks against a hypothetical market shock  including a deterioration of the European debt crisis  as part of an annual review of bank health.,topStory
CLGX,CoreLogic Inc,20111122,UPDATE 3-NY court allows lawsuit over bogus home appraisals ,Nov 22 New York's highest court allowed the state to pursue a lawsuit that accused First American Corp and its eAppraiseIT unit of colluding with the former Washington Mutual Inc to fraudulently inflate home values.,topStory
CUB,Cubic Corporation,20111122,UPDATE 1- Cubic Corp Q4 profit beats Street on lower costs ,Nov 22 Cubic Corp  a supplier of combat training systems and services  posted a better-than-expected quarterly profit  helped by an 8 percent fall in product costs.,topStory
DB,Deutsche Bank AG,20111122,UPDATE 3-Deutsche Bank eyes asset management sales ,FRANKFURT  Nov 22 Deutsche Bank AG  is considering the sales of several global asset management businesses in light of new regulation  rising costs and growing competition expected to weigh down future earnings.,topStory
DSW,DSW Inc,20111122,UPDATE 1-DSW Q3 adj profit beats  raises FY profit view ,NOV 22 - Shoe retailer DSW Inc raised its full-year sales outlook after beating third-quarter profit estimates  helped by strong boot sales.	     The company  which sells branded footwear for men and women at discounted rates  said it expects comparable store sales to grow 7-8 percent this year. 	         	  KEY POINTS:         Q3 2011      I/B/E/S      Q3 2010             Revenue         $530.7 mln   $531.7 mln   $489.3 mln          Net income      $53.7 mln    --                               ,topStory
EV,Eaton Vance Corporation,20111122,Eaton Vance Q4 profit falls 7 pct ,Asset manager Eaton Vance Corp  said quarterly profit fell 7 percent as investors wary of volatile markets pulled money out of its funds.,topStory
EV,Eaton Vance Corporation,20111122,UPDATE 2-Eaton Vance Q4 profit falls 7 pct ,Nov 22 Asset manager Eaton Vance Corp  said quarterly profit fell 7 percent as investors wary of volatile markets pulled money out of its funds.,normal
EC,Ecopetrol SA,20111122,Colombia Ecopetrol plans $8.47 bln in 2012 investment ,* Plan supposes WTI oil price of $70 per barrel next year,topStory
ENB,Enbridge Inc,20111122,Enbridge sells C$250 mln 2-yr floating-rate notes ,Nov 22 Enbridge Inc on Tuesday sold C$250 million ($240 million) of two-year floating-rate medium term notes  according to a term sheet seen by Reuters.,topStory
EVR,Evercore Inc,20111122,U.S. Postal Service hires GM adviser Evercore ,The U.S. Postal Service has hired an advisory firm that was involved with the restructuring of General Motors Co to help return the cash-strapped mail carrier to profitability.,topStory
EVR,Evercore Inc,20111122,U.S. Postal Service hires GM adviser Evercore ,Nov 22 The U.S. Postal Service has hired an advisory firm that was involved with the restructuring of General Motors Co to help return the cash-strapped mail carrier to profitability.,normal
XOM,Exxon Mobil Corporation,20111122,UPDATE 4-Iraq may penalize Exxon after Kurdistan gamble ,* Shahristani says sanctions on Exxon possible by year-end,topStory
XOM,Exxon Mobil Corporation,20111122,US State Dept says had warned over Iraq oil deals ,WASHINGTON  Nov. 22 The U.S. State Department said on Tuesday it has warned Exxon Mobil and other U.S. firms of the risks of signing contracts in Iraq without nation-wide approval  but would not say whether it talked with Exxon before it struck a controversial oil deal in Iraq's Kurdistan region.,normal
XOM,Exxon Mobil Corporation,20111122,Iraq to decide on Exxon sanctions before year-end ,LONDON  Nov 22 Iraq will take a decision on sanctions against U.S. oil major Exxon Mobil before the end of the year  Iraqi Deputy Prime Minister for Energy Hussain al-Shahristani said on Tuesday.,normal
XOM,Exxon Mobil Corporation,20111122,Iraq attacks Exxon for signing deal with Kurdish region ,LONDON Iraq said on Tuesday it would slap sanctions on U.S. oil major Exxon Mobil  for signing a deal with the Kurdish region  which it said came without any approval from either Baghdad or Washington.,normal
XOM,Exxon Mobil Corporation,20111122,UPDATE 2-Iraq attacks Exxon  says U.S. supports Baghdad ,* Says US would have asked Exxon to clear deal with Baghdad,normal
XOM,Exxon Mobil Corporation,20111122,Iraq considering sanctions against Exxon: Shahristani ,LONDON Iraq is considering imposing sanctions on Exxon Mobil  after its decision to sign a deal with the country's Kurdish region  Deputy Prime Minister for Energy Hussain al-Shahristani said on Tuesday.,normal
XOM,Exxon Mobil Corporation,20111122,UPDATE 1-Iraq considering sanctions against Exxon- Shahristani ,* Kurdish region says Exxon has signed deal to explore area,normal
XOM,Exxon Mobil Corporation,20111122,Iraq considering sanctions against Exxon- Shahristani ,LONDON  Nov 22 Iraq is considering imposing sanctions on Exxon Mobil after its decision to sign a deal with the country's Kurdish region  Deputy Prime Minister for Energy Hussain al-Shahristani said on Tuesday.,normal
FNV,Franco-Nevada Corporation,20111122,UPDATE 1-Franco-Nevada to raise C$340 mln in offering ,Nov 22 Franco-Nevada Corp said on Tuesday it will raise C$340 million ($327 million) through an equity financing  with the money earmarked for acquisitions and working capital.,topStory
FRO,Frontline Ltd,20111122,UPDATE 3-Frontline says must restructure to beat industry blues ,OSLO  Nov 22 Frontline  the global oil tanker industry's top independent player  warned it would need to restructure to survive tough times  and said the wider sector was teetering on the brink as it battled overcapacity and weak demand.,topStory
GM,General Motors Company,20111122,U.S. Postal Service hires GM adviser Evercore ,The U.S. Postal Service has hired an advisory firm that was involved with the restructuring of General Motors Co to help return the cash-strapped mail carrier to profitability.,topStory
GM,General Motors Company,20111122,U.S. Postal Service hires GM adviser Evercore ,Nov 22 The U.S. Postal Service has hired an advisory firm that was involved with the restructuring of General Motors Co to help return the cash-strapped mail carrier to profitability.,normal
GM,General Motors Company,20111122,Third-quarter growth cut on weak inventories ,WASHINGTON The U.S. economy grew more slowly than previously estimated in the third quarter  but a drawing down of stocks held by companies and firm consumer spending suggested output would pick up in late 2011.,normal
GM,General Motors Company,20111122,Analysis: GM options grim as it returns to Opel quagmire ,DETROIT/FRANKFURT As General Motors Co  Vice Chairman Steve Girsky takes the wheel at struggling German brand Opel  he had better fasten his seatbelt.,normal
GS,Goldman Sachs Group Inc (The),20111122,RPT-UPDATE 3-Olympus ex-CEO Woodford to attend board meeting ,TOKYO/LONDON  Nov 22 The sacked chief executive of Japan's disgraced Olympus Corp says he has accepted an invitation to attend the company's board meeting this week  which could be a hopeful sign for investors who want him to return and lead a clean-up of the firm.,topStory
GS,Goldman Sachs Group Inc (The),20111122,UPDATE 3-Olympus ex-CEO Woodford to attend board meeting ,TOKYO/LONDON  Nov 22 The sacked chief executive of Japan's disgraced Olympus Corp says he has accepted an invitation to attend the company's board meeting this week  which could be a hopeful sign for investors who want him to return and lead a clean-up of the firm.,normal
GS,Goldman Sachs Group Inc (The),20111122,Analysis: Wall St. banks wonder if they are shrinking for good ,NEW YORK Wall Street bankers are used to vicious swings in fortunes - it is in their DNA. Make a killing in the good times  they say  because markets may turn against you tomorrow.,normal
GS,Goldman Sachs Group Inc (The),20111122,UK spending watchdog gears up for Vodafone tax inquiry ,LONDON  Nov 22 Britain's public spending watchdog is to hire outsiders to examine large corporate tax settlements  as it ramps up its inquiry into deals such as those agreed with U.S. investment bank Goldman Sachs and British mobile group Vodafone.,normal
GS,Goldman Sachs Group Inc (The),20111122,European shares bounce from weakness; banks gain ,LONDON  Nov 22 European shares rose on Tuesday  bouncing from a steep sell-off in the previous session and after Wall Street finished off its lows  though gains were set to be capped by worries over high euro zone and U.S. debt levels.,normal
GS,Goldman Sachs Group Inc (The),20111122,Goldman Sachs lifts holdings of Olympus shares -filing ,TOKYO  Nov 22 Three Goldman Sachs  units hold a total of 6.67 percent of outstanding shares in Japan's scandal-hit Olympus Corp for trading purposes  according to Japan regulatory filings released on Tuesday.,normal
GS,Goldman Sachs Group Inc (The),20111122,Market Chatter -- Corporate finance press digest ,Nov 22The following corporate finance-related stories were reported by media on Tuesday:,normal
GS,Goldman Sachs Group Inc (The),20111122,Apollo  Goldman Sachs enter MBNA Europe auction: report ,LONDON Apollo Global Management  and Goldman Sachs  have entered the auction for Bank of America Corp's  British and Irish credit card portfolios  the Financial Times reported on Tuesday.,normal
HMC,Honda Motor Company Ltd,20111122,UPDATE 1-Honda to ramp up SUV output in N.America - Nikkei ,Nov 23 Japan's Honda Motor Co  will ramp up production of sports utility vehicles (SUV) in North America and reduce export to the region to offset the impact of strong yen on its earnings  the Nikkei said.,topStory
HRL,Hormel Foods Corporation,20111122,UPDATE 1-Hormel profit hurt by costs  but beats Street view ,Nov 22 Hormel Foods Corp reported a lower quarterly profit on Tuesday  hurt by higher feed costs in its Jennie-O turkey business and one less week in the period than a year earlier.,topStory
HPQ,HP Inc,20111122,HP prods EU antitrust authorities against Oracle ,SAN JOSE  California Hewlett-Packard is trying to enlist European antitrust authorities to investigate whether Oracle improperly leveraged its strength in software to freeze HP out of certain parts of the hardware market  attorneys for both companies said in court.,topStory
HPQ,HP Inc,20111122,HP can keep secret report on Hurd departure ,Hewlett-Packard Co does not have to turn over to a shareholder an internal report that led to the departure of former chief executive Mark Hurd  Delaware's Supreme Court ruled.,normal
HPQ,HP Inc,20111122,US STOCKS-Wall St slips on euro zone  growth worries ,* Spanish debt auction results in record-high yields     * Downward revision of U.S. GDP growth adds to nervousness     * HP shares tumble after weak profit outlook     * Indexes off: Dow 0.3 pct  S&P 0.2 pct  Nasdaq 0.1 pct     *Among Nasdaq stocks  Groupon Inc slumped as much as 14 percent on Monday on concern about increased competition  leaving shares of the largest daily deal company close to their $20 initial public offering price.     Trading volume is likely to be thin this week as the U,normal
HPQ,HP Inc,20111122,HP can keep secret report on Hurd departure ,* Court rules shareholder does not need to see Hurd report,normal
HPQ,HP Inc,20111122,US STOCKS-Wall St flat on debt worries; Fed minutes on tap ,* Third-quarter U.S. growth slips from prior reading     * HP shares tumble after weak profit outlook     * Indexes: Dow flat  S&P up 0.1  Nasdaq up 0.2 pct     *Trading volume is likely to be thin this week as global uncertainties and the U.S. Thanksgiving holiday keep many investors on the sidelines.     Campbell Soup Co reported first-quarter earnings that beat expectations while sales were slightly below consensus  sending the stock down 4.5 percent to $32.11.,normal
HPQ,HP Inc,20111122,US STOCKS-Wall St falls fifth straight day on debt worries ,* Third-quarter U.S. growth slips from prior reading     * HP shares tumble after weak profit outlook     * Indexes off: Dow 0.6 pct  S&P 0.6  Nasdaq 0.7 pct     *Trading volume is likely to be thin this week as global uncertainties and the U.S. Thanksgiving holiday keep many investors on the sidelines.     Campbell Soup Co reported first-quarter earnings that beat expectations while sales were slightly below consensus  sending the stock down 6.2 percent to $31.54.,normal
HPQ,HP Inc,20111122,US STOCKS-Wall St flat after selloff  but GDP read weaker ,* Q3 GDP 2nd reading at 2 pct vs 2.5 pct previous estimate     * S&P down 5 pct in 4-day selloff  Dow negative for year     * HP shares tumble after weak profit outlook     * Indexes; Dow off 0.1 pct  S&P flat  Nasdaq up 0.2 pct,normal
HPQ,HP Inc,20111122,US STOCKS-Futures set to open lower after weaker GDP reading ,* Q3 GDP 2nd reading at 2 pct vs 2.5 pct previous estimate     * S&P down 5 pct in 4-day selloff  Dow negative for year     * HP shares dip after tepid profit outlook     * Futures down: Dow 47 pts  S&P 4.1 pts  Nasdaq 13.5 pts,normal
HPQ,HP Inc,20111122,US STOCKS-Futures flat after selloff  HP puts focus on tech ,* HP shares dip after tepid profit outlook     * S&P down 5 pct in 4-day selloff  Dow negative for year     * Futures: Dow up 3 pts  S&P up 1.4 pts  Nasdaq off 5.75,normal
HPQ,HP Inc,20111122,US STOCKS-Futures rise  Hewlett-Packard puts techs in focus ,* HP shares edge lower after tepid profit outlook     * S&P down 5 pct in 4-day selloff  Dow negative for year     * Futures up: Dow 41 pts  S&P 7.2 pts  Nasdaq 2.75 pts     *Also due due to report are Campbell Soup Co   and Medtronic Inc .,normal
HSBC,HSBC Holdings plc,20111122,UPDATE 2-Qatar eyes sovereign bond; demand seen high ,* Citi  HSBC  SC  JPM  QNB  Mitsubishi picked for meetings,topStory
HSBC,HSBC Holdings plc,20111122,Qatar picks banks for roadshow  bond may follow - leads ,DUBAI  Nov 22 Qatar has mandated six banks to conduct roadshows with investors and a potential sovereign bond issue may follow  according to lead managers on Tuesday.,normal
HSEA,HSBC Holdings plc,20111122,UPDATE 2-Qatar eyes sovereign bond; demand seen high ,* Citi  HSBC  SC  JPM  QNB  Mitsubishi picked for meetings,topStory
HSEA,HSBC Holdings plc,20111122,Qatar picks banks for roadshow  bond may follow - leads ,DUBAI  Nov 22 Qatar has mandated six banks to conduct roadshows with investors and a potential sovereign bond issue may follow  according to lead managers on Tuesday.,normal
HSEB,HSBC Holdings plc,20111122,UPDATE 2-Qatar eyes sovereign bond; demand seen high ,* Citi  HSBC  SC  JPM  QNB  Mitsubishi picked for meetings,topStory
HSEB,HSBC Holdings plc,20111122,Qatar picks banks for roadshow  bond may follow - leads ,DUBAI  Nov 22 Qatar has mandated six banks to conduct roadshows with investors and a potential sovereign bond issue may follow  according to lead managers on Tuesday.,normal
JPM,J P Morgan Chase & Co,20111122,JP Morgan to buy MF Global stake in LME: sources ,LONDON J.P. Morgan will soon announce it has bought a 4.7 percent stake in the London Metal Exchange (LME) from defunct U.S. brokerage MF Global  two people familiar with the situation said  making it the exchange's largest shareholder.,topStory
JPM,J P Morgan Chase & Co,20111122,Deals of the day -- mergers and acquisitions ,Nov 22 The following bids  mergers  acquisitions and disposals involving European  U.S. and Asian companies were reported by 2100 GMT on Tuesday:,normal
JPM,J P Morgan Chase & Co,20111122,UPDATE 2-BayernLB sues JPMorgan over $2.1 bln mortgage debt ,Nov 22 Germany's Bayerische Landesbank has sued JPMorgan Chase & Co to recover losses on nearly $2.1 billion in residential mortgage-backed securities  saying it was fraudulently misled about the debt's risks.,normal
JPM,J P Morgan Chase & Co,20111122,UPDATE 2-JP Morgan to buy MF Global stake in LME - sources ,LONDON  Nov 22 J.P. Morgan will soon announce it has bought a 4.7 percent stake in the London Metal Exchange (LME) from defunct U.S. brokerage MF Global  two people familiar with the situation said  making it the exchange's largest shareholder.,normal
JPM,J P Morgan Chase & Co,20111122,UPDATE 2-Qatar eyes sovereign bond; demand seen high ,* Citi  HSBC  SC  JPM  QNB  Mitsubishi picked for meetings,normal
JPM,J P Morgan Chase & Co,20111122,JP Morgan to buy MF Global stake in LME - source ,LONDON  Nov 22 U.S. investment bank J.P. Morgan is set to announce it has bought a 4.7 percent stake in the London Metal Exchange for 25 million pounds ($39.1) from defunct U.S. brokerage MF Global  a person familiar with the situation said.,normal
JPM,J P Morgan Chase & Co,20111122,New Issue-Superior Energy Services sells $800 mln notes ,Nov 22 Superior Energy Services LLC on Monday sells $800 million of senior unsecured notes in the 144a private placement market  said IFR  a Thomson Reuters service.      The size of the deal increased from the originally planned $700 million.     J.P. Morgan  Bank of America Merrill Lynch and Wells Fargo were the joint bookrunning managers for the sale. BORROWER: SUPERIOR ENERGY SERVICES LLC AMT $800 MLN      COUPON 7.125 PCT      MATURITY   12/15/2021 TYPE SR NTS       ISS PRICE 10,normal
JPM,J P Morgan Chase & Co,20111122,Qatar picks banks for roadshow  bond may follow - leads ,DUBAI  Nov 22 Qatar has mandated six banks to conduct roadshows with investors and a potential sovereign bond issue may follow  according to lead managers on Tuesday.,normal
JPM,J P Morgan Chase & Co,20111122,MF Global trustee doubles estimates of shortfall ,NEW YORK The shortfall of commodity customer funds at MF Global Holdings Ltd  may be around $1.2 billion  about double initial estimates from regulators  the trustee liquidating the company said on Monday. | Video ,normal
JPM,J P Morgan Chase & Co,20111122,MF Global  creditors seek outside administrator ,NEW YORK Collapsed futures brokerage MF Global Holdings Ltd  has asked to appoint a trustee to run its Chapter 11 bankruptcy.,normal
JEC,Jacobs Engineering Group Inc,20111122,Jacobs says clients unfazed by Keystone XL delay ,Jacobs Engineering Group Inc  a leading contractor in Canada's oil sands  sees the Keystone XL delay as a political decision  not technical  and expects the $7 billion pipeline will eventually be approved.,topStory
JEC,Jacobs Engineering Group Inc,20111122,Jacobs says clients unfazed by Keystone XL delay ,Jacobs Engineering Group Inc  a leading contractor in Canada's oil sands  sees the Keystone XL delay as a political decision  not technical  and expects the $7 billion pipeline will eventually be approved.,normal
JEC,Jacobs Engineering Group Inc,20111122,UPDATE 1-Jacobs says clients unfazed by Keystone XL delay ,* Clients in oil sands likely to keep investing regardless,normal
JEC,Jacobs Engineering Group Inc,20111122,Jacobs says clients unfazed by Keystone XL delay ,Nov 22 Jacobs Engineering Group Inc   a leading contractor in Canada's oil sands  sees the Keystone XL delay as a political decision  not technical  and expects the $7 billion pipeline will eventually be approved.,normal
KMI,Kinder Morgan Inc,20111122,UPDATE 1-Kinder Morgan reports fire at Port Arthur terminal ,Nov 22 Kinder Morgan Energy Partners LP  reported a fire at its petroleum coke terminal Monday in Port Arthur  Texas  in a filing with the U.S. National Response Center.,topStory
KKR,KKR & Co LP,20111122,Itochu joins KKR in $7 billion Samson oil deal: sources ,NEW YORK/TOKYO KKR and Japanese trading house Itochu Corp have joined forces in a roughly $7 billion bid for U.S. oil and gas group Samson Investment Co  in a rare link-up between a major private equity firm and a Japanese company.,topStory
KKR,KKR & Co LP,20111122,UPDATE 4-Itochu joins KKR in $7 bln Samson oil deal-sources ,NEW YORK/TOKYO  Nov 22 KKR and Japanese trading house Itochu Corp have joined forces in a roughly $7 billion bid for U.S. oil and gas group Samson Investment Co  in a rare link-up between a major private equity firm and a Japanese company.,normal
LYG,Lloyds Banking Group Plc,20111122,Britain's FTSE 100 hits 7-week closing low ,LONDON  Nov 22 Britain's top shares index hit a seven-week closing low on Tuesday  led lower by energy stocks on worries slower U.S. growth would crimp demand for crude while Commerzbank's funding concerns hit Royal Bank of Scotland and Lloyds Banking Group.,topStory
LMT,Lockheed Martin Corporation,20111122,UPDATE 1-Lockheed fighter-plane upgrade deal clarified ,* Latest Air Force contract boosts ceiling from $6 billion,topStory
LMT,Lockheed Martin Corporation,20111122,Lockheed clarifies latest F-22 fighter upgrade deal ,WASHINGTON  Nov 22 Lockheed Martin Corp  said it had received a boost to a 10-year upgrade contract for its premier F-22 fighter plane that raised the overall deal's potential value to $7.4 billion  not a new contract of this value.,normal
LMT,Lockheed Martin Corporation,20111122,Lockheed gets potential $7.4 bln F-22 upgrade deal ,WASHINGTON  Nov 21 Lockheed Martin Corp  has won a U.S. Air Force contract potentially worth $7.4 billion for upgrades to its problem-plagued F-22 Raptor fighter jet  designed to be the premier U.S. combat plane.,normal
MCD,McDonald&#39;s Corporation,20111122,McDonalds dumps egg supplier after safety  cruelty concerns ,CHICAGO McDonald's said on Friday it dumped a McMuffin egg supplier after a government agency found filthy conditions and "unacceptable rodent activity " and an animal rights group exposed cruel treatment of the chickens.,topStory
MDT,Medtronic plc,20111122,UPDATE 4-Medtronic earnings beat forecasts  shares up ,* Sees 2nd half of FY revenue growth from cont ops 1-3 pct,topStory
MDT,Medtronic plc,20111122,Stocks to watch: Campbell Soup  Suntech  Chico's ,The world's largest soup maker reported a higher-than-expected quarterly profit after it shrunk advertising and promotion costs  but sales  gross margin and EBIT declined.,normal
MDT,Medtronic plc,20111122,Medtronic earnings beat forecasts  shares up ,Medtronic Inc   the world's largest medical device maker  reported higher-than-expected quarterly earnings as sales in most of its businesses improved  sending its shares up nearly 4 percent on Tuesday.,normal
MDT,Medtronic plc,20111122,Medtronic posts higher quarterly earnings ,Medical device maker Medtronic Inc  reported higher quarterly earnings on Tuesday as sales in most of its businesses improved.,normal
MDT,Medtronic plc,20111122,US STOCKS-Futures rise  Hewlett-Packard puts techs in focus ,* HP shares edge lower after tepid profit outlook     * S&P down 5 pct in 4-day selloff  Dow negative for year     * Futures up: Dow 41 pts  S&P 7.2 pts  Nasdaq 2.75 pts     *Also due due to report are Campbell Soup Co   and Medtronic Inc .,normal
MRK,Merck & Company Inc,20111122,Merck to pay $950 million to settle U.S. Vioxx charge ,Merck & Co will pay roughly $950 million to settle criminal and civil charges that it promoted the painkiller Vioxx for an unapproved use  the U.S. Justice Department said on Tuesday.,topStory
MRK,Merck & Company Inc,20111122,UPDATE 2-Merck to pay $950 mln to settle US Vioxx charge ,Nov 22 Merck & Co will pay roughly $950 million to settle criminal and civil charges that it promoted the painkiller Vioxx for an unapproved use  the U.S. Justice Department said on Tuesday.,normal
MRK,Merck & Company Inc,20111122,Merck to pay nearly $1 bln to settle U.S. charges ,Nov 22 Merck & Co will pay roughly $950 million to settle criminal and civil charges that it promoted the painkiller drug Vioxx for an unapproved use  the U.S. Justice Department said on Tuesday.,normal
MET,MetLife Inc,20111122,A.M. Best says looking at insurance stresses again ,* Some companies have "outsize exposure" to euro zone risk,topStory
MCO,Moody&#39;s Corporation,20111122,BRIEF: Moody's: No Negative Ratings Impact On GCO ELF II From Adding Nelnet as Subservicer ,* Moody's: No Negative Ratings Impact On GCO ELF II From Adding Nelnet as Subservicer,topStory
MCO,Moody&#39;s Corporation,20111122,BRIEF: Moody's assigns B2 rating to MediMedia's Extended Revolver and Term Loan ,* Moody's Assigns B2 Rating to MediMedia's Extended Revolver and Term Loan,normal
MCO,Moody&#39;s Corporation,20111122,Gold up over 1 percent on option bids  technicals weak ,NEW YORK/LONDON Gold rose more than 1 percent on Tuesday  partially recouping the previous session's tumble  as buying related to options' expiration lifted bullion prices toward the key $1 700-an-ounce option strike price.,normal
MCO,Moody&#39;s Corporation,20111122,Rating agencies: No downgrades after debt failure ,NEW YORK Rating agencies Standard & Poor's and Moody's said on Monday there will no immediate downgrade of their credit ratings on the United States due to the failure of a congressional "super committee" to reach an agreement on debt reduction.,normal
MCO,Moody&#39;s Corporation,20111122,BRIEF-Moody's:No negative rating impact on PULS CDO 2006-1 PLC ,*Moody's Determines No Negative Rating Impact Due to New Guaranty for Swap on PULS CDO 2006-1 PLC,normal
MCO,Moody&#39;s Corporation,20111122,BRIEF-Moody's on  European default rates in RMBS pools ,Nov 22 European residential mortgage-backed securities,normal
MCO,Moody&#39;s Corporation,20111122,UPDATE 1-Austria finmin-Moody's talks went well  AAA safe ,VIENNA  Nov 22 Austria's finance minister expressed confidence on Tuesday that the country would hold on to its AAA sovereign rating after encouraging discussions with ratings agency Moody's.,normal
MCO,Moody&#39;s Corporation,20111122,European shares bounce after sell-off; banks gain ,LONDON  Nov 22 European shares rose in early trade on Tuesday  bouncing from a steep sell-off in the previous session and after Wall Street finished off its lows  though gains were set to be capped by worries over high euro zone and U.S. debt levels.,normal
MCO,Moody&#39;s Corporation,20111122,PRECIOUS-Gold rebounds; Europe  US debt worry weighs ,* Light buying emerges after price dip; more liquidation feared     * Spot gold could fall to $1 619-$1 637 - technicals     * Coming up: U.S. GDP  July; 1330 GMT   (Updates prices)	     By Rujun Shen	     SINGAPORE  Nov 22 Spot gold rebounded on Tuesday  as a decline of more than 2 percent in the previous session attracted some buyers  while worries about debt crises in both the United States and the euro zone are expected to keep sentiment fragile.	     U.S. lawmakers abandoned the,normal
MCO,Moody&#39;s Corporation,20111122,CORRECTED-PRECIOUS-Gold rebounds; Europe  US debt worry weigh ,(Corrects previous session's low for spot silver to $30.63)	     * Light buying emerges after price dip     * Spot gold could fall to $1 619-$1 637 - technicals       * Coming up: U.S. GDP  July; 1330 GMT      By Rujun Shen	     SINGAPORE  Nov 22 Spot gold gained half a percent on Tuesday  as a decline of more than 2 percent attracted some buyers  while worries about debt crises in both the United States and the euro zone are expected to keep sentiment fragile.	     U.S. lawmakers ab,normal
MS,Morgan Stanley,20111122,Analysis: Bank repatriation insulates euro  drains world ,LONDON European bank money is heading home as the sovereign debt crisis reaches a crescendo  insulating the euro exchange rate but threatening a credit shock to challenge policymakers worldwide.,topStory
MS,Morgan Stanley,20111122,Analysis: Wall St. banks wonder if they are shrinking for good ,NEW YORK Wall Street bankers are used to vicious swings in fortunes - it is in their DNA. Make a killing in the good times  they say  because markets may turn against you tomorrow.,normal
NBL,Noble Energy Inc,20111122,UPDATE 1-Daewoo signs deal to develop Israel's Tamar gas field ,* Signs with Noble  Delek  Isramco; eyes FPSO vessel deals,topStory
OII,Oceaneering International Inc,20111122,UPDATE 1-Oceaneering to buy Norway-based AGR's unit ,Nov 22 Oilfield services provider Oceaneering International Inc said it will acquire AGR Group ASA's unit for about $240 million  including debt  to boost its inspection business in Norway.,topStory
PFE,Pfizer Inc,20111122,Pfizer to buy Excaliard Pharma for skin drug ,Pfizer Inc  agreed to buy privately held biopharmaceutical company Excaliard Pharmaceuticals for an undisclosed sum  to gain access to Excaliard's experimental skin scarring drug.,topStory
PIR,Pier 1 Imports Inc,20111122,UPDATE 2-Argentina trade surplus widens 30 pct in October ,* Exports climb 28 percent to $7.53 billion     * Imports rise 27 percent to $6.31 billion     * Economists say government measures curb surplus erosion      By Luis Andres Henao     BUENOS AIRES  Nov 22 Argentina's trade surplus widened 30 percent in October from a year earlier to $1.22 billion  marking the second straight month of expansion after several months of declines  the government said on Tuesday.     October's figure was slightly above the $1.21 billion surplus announced b,topStory
PJC,Piper Jaffray Companies,20111122,DIARY-U.S. MEETINGS/WEEK AHEAD ,THOMSON REUTERS  November 22  2011 - Corporate Meetings for US companies for Week ahead.	         S&P 500 Earnings - Weekly           S&P 500 Earnings - Day Ahead   	     Non S&P 500 - Weekly               Non S&P 500 - Day Ahead        	     ConferenceCall/Webcast - Weekly    ConferenceCall/Webcast - Day   	     S&P 500 Earnings - Monthly           Meetings - Day Ahead           	     Economic Indicators                  Dividends                      	     Daily earnings hits & misses    	    ,topStory
PEG,Public Service Enterprise Group Incorporated,20111122,PSEG want Dynegy's bankruptcy dismissed ,* PSEG shares down 0.6 percent; Dynegy Inc off 3.1 percent,topStory
RBS,Royal Bank Scotland plc (The),20111122,MOVES-Allied Irish Banks  Brown Brothers Harriman  State Street ,Nov 22 The following financial service industry appointments were announced on Tuesday. To inform us of other job changes  email to moves@thomsonreuters.com.,topStory
SIG,Signet Jewelers Limited,20111122,UPDATE 3-U.S. sales gains give Kay Jewelers parent a lift ,* Same-store sales up 13.9 pct in U.S.  down 0.5 pct in UK,topStory
STT,State Street Corporation,20111122,MOVES-Allied Irish Banks  Brown Brothers Harriman  State Street ,Nov 22 The following financial service industry appointments were announced on Tuesday. To inform us of other job changes  email to moves@thomsonreuters.com.,topStory
STO,Statoil ASA,20111122,TEXT-S&P :Centrica rtgs unaffected by Norwegian acquisition ,Nov 22- Standard & Poor's Ratings Services said today that the announcement by U.K.-based electricity and gas utility Centrica PLC (A-/Stable/A-2) that it is acquiring gas fields in the Norwegian North Sea from Statoil ASA  (AA-/Stable/A-1+)  for a consideration of GBP1 billion  has no immediate effect on our ratings or outlook on Centrica. We understand the assets acquired are cash generative  and  in our view  the increase in adjusted debt resulting from the transaction will have only a margin,topStory
SUN,Sunoco LP,20111122,Sunoco says Eagle Point refinery assets not sold yet ,NEW YORK  Nov 22 Sunoco Inc. said on Tuesday that some refinery assets of its shuttered Eagle Point refinery in southern New Jersey were up for sale but that there was no new news related to the former refinery.,topStory
TGT,Target Corporation,20111122,Chains brace for season of holiday discounts ,Retailers trying to woo shoppers with early deals and longer hours this week  and throughout the holiday season  could be putting their profits at risk as shoppers search for bargains and not much else. | Video ,topStory
TGT,Target Corporation,20111122,US chains brace for season of holiday discounts ,U.S. retailers trying to woo shoppers with early deals and longer hours this week  and throughout the holiday season  could be putting their profits at risk as shoppers search for bargains and not much else.,normal
TGT,Target Corporation,20111122,Target has egg shortage on supplier issue-AP ,Nov 21 Retailer Target Corp is experiencing egg shortages at some stores nationwide after dropping a supplier that has been accused of animal cruelty  The Associated Press reported on Monday.,normal
TEF,Telefonica SA,20111122,BRIEF-Moody's:Most European telecoms will manage refinancing challenges through 2015 ,Nov 22 ERC Ireland Finance Ltd  eircom   Hellenic Telecommunications Organization SA  Portugal Telecom SGPS SA  Telecom Italia S.p.A. and  Telefonica SA,topStory
BX,The Blackstone Group LP,20111122,Blackstone eyes $500-$720 million deals a year in India ,MUMBAI U.S. private-equity giant Blackstone Group  expects to invest roughly $500 million to $720 million a year in India over the next few years  a top official said on Tuesday.,topStory
TRP,TransCanada Corporation,20111122,Nebraska lawmakers vote to reroute pipeline ,LINCOLN  Nebraska Nebraska lawmakers on Tuesday voted unanimously to reroute a controversial proposed U.S.-to-Canada oil pipeline away from an ecologically-sensitive region in the state  and the governor quickly signed the measure into law.,topStory
TRP,TransCanada Corporation,20111122,Nebraska governor signs bills to reroute Keystone pipeline ,LINCOLN  Neb Nebraska governor Dave Heineman signed into law on Tuesday bills to reroute the Keystone XL pipeline away from the ecologically sensitive Sandhills region.,normal
RIG,Transocean Ltd,20111122,UPDATE 3-Chevron fined $28 mln  faces Brazil spill backlash ,* Brazil oil agency says "no comparison" with BP spill     * Chevron estimates total leak at 2 400 barrels     * Rio state threatens action against Transocean      By Leila Coimbra and Sabrina Lorenzi     RIO DE JANEIRO  Nov 21 Brazil's government slapped Chevron with a $28 million fine on Monday for causing an offshore oil spill  and the penalty could rise as the U.S. company faces a political backlash over the accident.     While the leak is relatively small and mostly contained  i,topStory
UAL,United Continental Holdings Inc,20111122,Jetmakers battle for United order: sources ,PARIS/CHICAGO Airbus and Boeing are bidding to sell around 150 jets to United Continental as the world's largest airline joins an industry-wide scramble for fuel savings  people familiar with the matter said.,topStory
UAL,United Continental Holdings Inc,20111122,UPDATE 2-Jetmakers battle for United order -sources ,* U.S. major seen buying about 150 short-haul narrowbody jets,normal
UAL,United Continental Holdings Inc,20111122,REFILE-Jetmakers scrap over potential United order -sources ,PARIS/CHICAGO  Nov 22 Airbus and Boeing are bidding to sell around 150 jets to United Continental as the world's largest airline joins an industry-wide  scramble for fuel savings  people familiar with the matter said.,normal
UNH,UnitedHealth Group Incorporated,20111122,UnitedHealth to buy Medicare specialist XLHealth ,UnitedHealth Group Inc plans to acquire privately held XLHealth Corp in the health insurance industry's latest deal involving Medicare plans for the elderly.,topStory
UNH,UnitedHealth Group Incorporated,20111122,UPDATE 2-UnitedHealth to buy Medicare specialist XLHealth ,Nov 22 UnitedHealth Group Inc plans to acquire privately held XLHealth Corp in the health insurance industry's latest deal involving Medicare plans for the elderly.,normal
WMT,Wal-Mart Stores Inc,20111122,Chains brace for season of holiday discounts ,Retailers trying to woo shoppers with early deals and longer hours this week  and throughout the holiday season  could be putting their profits at risk as shoppers search for bargains and not much else. | Video ,topStory
WFC,Wells Fargo & Company,20111122,ON THE MOVE: Morgan Stanley Smith Barney hires nine advisers ,Nov 22 Morgan Stanley Smith Barney  the largest U.S. brokerage by assets  has hired nine advisers who managed more than $1 billion at their previous firms  the company said on Tuesday.,topStory
WFC,Wells Fargo & Company,20111122,New Issue-Superior Energy Services sells $800 mln notes ,Nov 22 Superior Energy Services LLC on Monday sells $800 million of senior unsecured notes in the 144a private placement market  said IFR  a Thomson Reuters service.      The size of the deal increased from the originally planned $700 million.     J.P. Morgan  Bank of America Merrill Lynch and Wells Fargo were the joint bookrunning managers for the sale. BORROWER: SUPERIOR ENERGY SERVICES LLC AMT $800 MLN      COUPON 7.125 PCT      MATURITY   12/15/2021 TYPE SR NTS       ISS PRICE 10,normal
YUM,Yum! Brands Inc,20111122,UPDATE 2-Yum's India unit gains independence ,Nov 22 KFC parent Yum Brands Inc said on Tuesday it is making its India division a stand-alone unit  as the fast-food restaurant operator seeks to expand in that rapidly growing market.,topStory
YUM,Yum! Brands Inc,20111122,UPDATE 2-Yum's India unit gains independence ,Nov 22 KFC parent Yum Brands Inc said on Tuesday it is making its India division a stand-alone unit  as the fast-food restaurant operator seeks to expand in that rapidly growing market.,normal
