AAPL,Apple Inc,20111010,Steve Jobs died of respiratory arrest  tumor ,Oct 10 Apple Inc co-founder Steve Jobs died of respiratory arrest caused by a pancreatic tumor  according to the death certificate.,topStory
AAPL,Apple Inc,20111010,Apple's iPhone 4S breaks early order record ,People who want the new $200 Apple iPhone 4S may have to get in line on Friday because U.S. wireless phone carriers appear to have sold out.,normal
AAPL,Apple Inc,20111010,UPDATE 6-Apple's iPhone 4S breaks early order record ,Oct 10 People who want the new $200 Apple iPhone 4S may have to get in line on Friday because U.S. wireless phone carriers appear to have sold out.,normal
AAPL,Apple Inc,20111010,Facebook releases iPad app ,SAN FRANCISCO Facebook released its long-awaited iPad app on Monday and introduced support for social games on the mobile versions of its online service.,normal
AAPL,Apple Inc,20111010,Facebook releases iPad app ,SAN FRANCISCO  Oct 10 Facebook released its long-awaited iPad app on Monday and introduced support for social games on the mobile versions of its online service.,normal
AAPL,Apple Inc,20111010,Apple employee celebration of Jobs next week ,SAN FRANCISCO A celebration of Steve Jobs' life by Apple Inc will be held next week  Chief Executive Tim Cook said in a memo to employees on Monday.,normal
AAPL,Apple Inc,20111010,UPDATE 1-Apple employee celebration of Jobs next week ,SAN FRANCISCO  Oct 10 A celebration of Steve Jobs' life by Apple Inc will be held next week  Chief Executive Tim Cook said in a memo to employees on Monday.,normal
AAPL,Apple Inc,20111010,HK design student says Jobs tribute not original ,HONG KONG A Hong Kong design student's tribute to Steve Jobs that generated a buzz in cyberspace following the death of the co-founder of Apple last week is not original  the teen-ager said Monday.,normal
AAPL,Apple Inc,20111010,REFILE-HK design student says Jobs tribute not original ,HONG KONG  Oct 10 A Hong Kong design student's tribute to Steve Jobs that generated a buzz in cyberspace following the death of the co-founder of Apple last week is not original  the teen-ager said Monday.,normal
AAPL,Apple Inc,20111010,Samsung delays new Android model release after Jobs's death ,SEOUL Samsung Electronics Co said on Monday it had delayed the launch of a new smartphone based on Google's latest version of the Android operating system while the world pays tribute to Apple co-founder Steve Jobs who died last week.,normal
TAPR,Barclays Inverse US Treasury Composite ETN,20111010,UPDATE 3-Qatari royals swoop on Belgian  Luxembourg private banks ,* KBC sells private bank KBL to Qatari-backed Precision Group,topStory
TAPR,Barclays Inverse US Treasury Composite ETN,20111010,Baird finds some PGA Tour comfort after again falling short ,SAN MARTIN  California For only the second time in 348 career starts on the PGA Tour  Briny Baird felt he was poised to win a tournament before falling agonisingly short Sunday at the Frys.com Open.,normal
DLBL,Barclays PLC,20111010,UPDATE 3-Qatari royals swoop on Belgian  Luxembourg private banks ,* KBC sells private bank KBL to Qatari-backed Precision Group,topStory
DLBL,Barclays PLC,20111010,Baird finds some PGA Tour comfort after again falling short ,SAN MARTIN  California For only the second time in 348 career starts on the PGA Tour  Briny Baird felt he was poised to win a tournament before falling agonisingly short Sunday at the Frys.com Open.,normal
DTYL,Barclays PLC,20111010,UPDATE 3-Qatari royals swoop on Belgian  Luxembourg private banks ,* KBC sells private bank KBL to Qatari-backed Precision Group,topStory
DTYL,Barclays PLC,20111010,Baird finds some PGA Tour comfort after again falling short ,SAN MARTIN  California For only the second time in 348 career starts on the PGA Tour  Briny Baird felt he was poised to win a tournament before falling agonisingly short Sunday at the Frys.com Open.,normal
CBOE,CBOE Holdings Inc,20111010,Chicago protesters seek exchange tax to fund jobs ,CHICAGO Stand Up Chicago  a coalition planning a protest against economic inequality on Monday  wants to levy a $1.4 billion tax on trading at the city's biggest financial exchanges to fund a jobs program.,topStory
CBOE,CBOE Holdings Inc,20111010,Chicago protesters seek exchange tax to fund jobs ,CHICAGO Stand Up Chicago  a coalition planning a protest against economic inequality on Monday  wants to levy a $1.4 billion tax on trading at the city's biggest financial exchanges to fund a jobs program.,normal
CBOE,CBOE Holdings Inc,20111010,Chicago protesters seek exchange tax to fund jobs ,CHICAGO  Oct 10 Stand Up Chicago  a coalition planning a protest against economic inequality on Monday  wants to levy a $1.4 billion tax on trading at the city's biggest financial exchanges to fund a jobs program.,normal
EMITF,Elbit Imaging Ltd,20111010,ASIA PRIVATE EQUITY WEEKLY NEWS  OCTOBER 10  2011 ,HONG KONG  October 10 News and developments in Asia private equity from Reuters News for the week ending October 7.,topStory
FSLR,First Solar Inc,20111010,Congress watchdog probes solar loans after Solyndra ,* Loans went to solar plants with contracts for the power,topStory
INSM,Insmed Inc,20111010,Insmed slumps as FDA keeps hold on lung treatment trial ,Drugmaker Insmed Inc said the U.S. health regulator is continuing the hold on the company's late-stage trial of a treatment for lung infection in patients with cystic fibrosis  sending its shares down to their lowest ever.,topStory
INSM,Insmed Inc,20111010,UPDATE 2-Insmed slumps as FDA keeps hold on lung treatment trial ,Oct 10 Drugmaker Insmed Inc said the U.S. health regulator is continuing the hold on the company's late-stage trial of a treatment for lung infection in patients with cystic fibrosis  sending its shares down to their lowest ever.,normal
DTYS,iPath US Treasury 10-year Bear ETN,20111010,UPDATE 3-Qatari royals swoop on Belgian  Luxembourg private banks ,* KBC sells private bank KBL to Qatari-backed Precision Group,topStory
DTYS,iPath US Treasury 10-year Bear ETN,20111010,Baird finds some PGA Tour comfort after again falling short ,SAN MARTIN  California For only the second time in 348 career starts on the PGA Tour  Briny Baird felt he was poised to win a tournament before falling agonisingly short Sunday at the Frys.com Open.,normal
DTUS,iPath US Treasury 2-year Bear ETN,20111010,UPDATE 3-Qatari royals swoop on Belgian  Luxembourg private banks ,* KBC sells private bank KBL to Qatari-backed Precision Group,topStory
DTUS,iPath US Treasury 2-year Bear ETN,20111010,Baird finds some PGA Tour comfort after again falling short ,SAN MARTIN  California For only the second time in 348 career starts on the PGA Tour  Briny Baird felt he was poised to win a tournament before falling agonisingly short Sunday at the Frys.com Open.,normal
DTUL,iPath US Treasury 2-year Bull ETN,20111010,UPDATE 3-Qatari royals swoop on Belgian  Luxembourg private banks ,* KBC sells private bank KBL to Qatari-backed Precision Group,topStory
DTUL,iPath US Treasury 2-year Bull ETN,20111010,Baird finds some PGA Tour comfort after again falling short ,SAN MARTIN  California For only the second time in 348 career starts on the PGA Tour  Briny Baird felt he was poised to win a tournament before falling agonisingly short Sunday at the Frys.com Open.,normal
DFVS,iPath US Treasury 5-year Bear ETN,20111010,UPDATE 3-Qatari royals swoop on Belgian  Luxembourg private banks ,* KBC sells private bank KBL to Qatari-backed Precision Group,topStory
DFVS,iPath US Treasury 5-year Bear ETN,20111010,Baird finds some PGA Tour comfort after again falling short ,SAN MARTIN  California For only the second time in 348 career starts on the PGA Tour  Briny Baird felt he was poised to win a tournament before falling agonisingly short Sunday at the Frys.com Open.,normal
DFVL,iPath US Treasury 5-year Bull ETN,20111010,UPDATE 3-Qatari royals swoop on Belgian  Luxembourg private banks ,* KBC sells private bank KBL to Qatari-backed Precision Group,topStory
DFVL,iPath US Treasury 5-year Bull ETN,20111010,Baird finds some PGA Tour comfort after again falling short ,SAN MARTIN  California For only the second time in 348 career starts on the PGA Tour  Briny Baird felt he was poised to win a tournament before falling agonisingly short Sunday at the Frys.com Open.,normal
FLAT,iPath US Treasury Flattener ETN,20111010,UPDATE 3-Qatari royals swoop on Belgian  Luxembourg private banks ,* KBC sells private bank KBL to Qatari-backed Precision Group,topStory
FLAT,iPath US Treasury Flattener ETN,20111010,Baird finds some PGA Tour comfort after again falling short ,SAN MARTIN  California For only the second time in 348 career starts on the PGA Tour  Briny Baird felt he was poised to win a tournament before falling agonisingly short Sunday at the Frys.com Open.,normal
DLBS,iPath US Treasury Long Bond Bear ETN,20111010,UPDATE 3-Qatari royals swoop on Belgian  Luxembourg private banks ,* KBC sells private bank KBL to Qatari-backed Precision Group,topStory
DLBS,iPath US Treasury Long Bond Bear ETN,20111010,Baird finds some PGA Tour comfort after again falling short ,SAN MARTIN  California For only the second time in 348 career starts on the PGA Tour  Briny Baird felt he was poised to win a tournament before falling agonisingly short Sunday at the Frys.com Open.,normal
STPP,iPath US Treasury Steepener ETN,20111010,UPDATE 3-Qatari royals swoop on Belgian  Luxembourg private banks ,* KBC sells private bank KBL to Qatari-backed Precision Group,topStory
STPP,iPath US Treasury Steepener ETN,20111010,Baird finds some PGA Tour comfort after again falling short ,SAN MARTIN  California For only the second time in 348 career starts on the PGA Tour  Briny Baird felt he was poised to win a tournament before falling agonisingly short Sunday at the Frys.com Open.,normal
MSFT,Microsoft Corporation,20111010,EU mergers and takeovers (Oct 10) ,BRUSSELS  Oct 10 The following are mergers under review by the European Commission and a brief guide to the EU merger process:,topStory
BABY,Natus Medical Incorporated,20111010,UPDATE 1-Natus Medical cuts FY11 rev view again ,Oct 10 Medical device maker Natus Medical Inc  posted preliminary third-quarter revenue below analysts' estimates and cut its full-year revenue view for the second time this year  hurt by delays and a fall in orders in its neurology business.,topStory
NFLX,Netflix Inc,20111010,Netflix CEO Hastings ends Qwikster before it starts ,Netflix Inc Chief Executive Reed Hastings canceled plans to split his company's DVD rental business into a new website after subscriber outrage  but the company's shares still fell on investor concerns about price increases and content costs. | Video ,topStory
NFLX,Netflix Inc,20111010,UPDATE 3-Netflix CEO Hastings ends Qwikster before it starts ,Oct 10  Netflix Inc Chief Executive Reed Hastings canceled plans to split his company's DVD rental business into a new website after subscriber outrage  but the company's shares still fell on investor concerns about price increases and content costs.,normal
NFLX,Netflix Inc,20111010,US STOCKS-Wall Street rallies on European pledge ,* S&P breaks 50-day moving average but MACD still bearish   * Netflix up after it scraps plan to separate DVD-streaming   * Dow up 2.4 pct  S&P 500 up 2.8 pct  Nasdaq up 2.9 pct,normal
NFLX,Netflix Inc,20111010,US STOCKS-European pledge sparks Wall Street rally ,NEW YORK  Oct 10 U.S. stocks rallied on Monday as investor sentiment was buoyed by a pledge by German and French leaders to tackle the euro zone debt crisis.,normal
NFLX,Netflix Inc,20111010,US STOCKS-Wall St jumps after German-French statement ,* Netflix up after reverses move to separate DVD-streaming,normal
NFLX,Netflix Inc,20111010,DVDs stay on Netflix website  Qwikster name dropped ,Oct 10  Netflix Inc reversed an unpopular decision to put its DVD video rental business on a separate website and rename it Qwikster  saying both DVD and online streaming services will stay on the same website.,normal
NWS,News Corporation,20111010,Murdochs should be kicked off News Corp board: ISS ,Rupert Murdoch and his sons James and Lachlan should be kicked off the News Corp board along with 10 other directors when shareholders vote at this year's annual general meeting  a corporate governance watchdog said on Monday.,topStory
NWS,News Corporation,20111010,Murdochs should be kicked off News Corp board -ISS ,* Shareholders should reelect only 2 of 15 directors -ISS,normal
NWSA,News Corporation,20111010,Murdochs should be kicked off News Corp board: ISS ,Rupert Murdoch and his sons James and Lachlan should be kicked off the News Corp board along with 10 other directors when shareholders vote at this year's annual general meeting  a corporate governance watchdog said on Monday.,topStory
NWSA,News Corporation,20111010,Murdochs should be kicked off News Corp board -ISS ,* Shareholders should reelect only 2 of 15 directors -ISS,normal
OMEX,Odyssey Marine Exploration Inc,20111010,U.S. firm finds 2nd silver-laden British shipwreck ,* Found in Atlantic  100 miles (160 km) from SS Gairsoppa,topStory
BPOP,Popular Inc,20111010,Spain's Popular says Pastor buy premium justified ,MADRID Spanish bank Popular  said prospective solid returns and synergies justify the large premium it will pay to buy rival Pastor  while  it will defend its capital base with a convertible bond issue.,topStory
SBUX,Starbucks Corporation,20111010,Starbucks may open 300 stores in Mexico  Argenina ,Oct 10 Coffee shop company Starbucks <SBUX.O may open another 300 locations in Mexico and Argentina in five years  the company's main Latin America franchiser said on Monday.,topStory
SBUX,Starbucks Corporation,20111010,Starbucks close to cafe JV with Tata Coffee: report ,MUMBAI Starbucks Corp  is finalizing an equity joint venture with India's Tata Coffee Ltd  for opening coffee shops in Asia's third-largest economy  the Times of India reported on Monday.,normal
SBUX,Starbucks Corporation,20111010,Starbucks close to cafe JV with Tata Coffee-report ,MUMBAI  Oct 10 Starbucks Corp is finalizing an equity joint venture with India's Tata Coffee Ltd  for opening coffee shops in Asia's third-largest economy  the Times of India reported on Monday.,normal
AA,Alcoa Corporation,20111010,Metals price dive brings earnings gloom ,NEW YORK Global economic concerns have sparked a precipitous drop in metals prices in recent months  which will likely result in dismal quarterly profits for mining companies and steelmakers.,topStory
AA,Alcoa Corporation,20111010,PREVIEW-Metals price dive brings earnings gloom ,NEW YORK  Oct 10 Global economic concerns have sparked a precipitous drop in metals prices in recent months  which will likely result in dismal quarterly profits for mining companies and steelmakers.,normal
AMOV,America Movil SAB de CV,20111010,America Movil to launch bid for rest of Telmex ,MEXICO CITY Mexican mobile phone giant America Movil  owned by billionaire Carlos Slim  is set to launch a bid on Tuesday to buy the 40.04 percent of fixed-line phone unit Telefonos de Mexico it does not already own.,topStory
AMOV,America Movil SAB de CV,20111010,UPDATE 2-America Movil to launch bid for rest of Telmex ,MEXICO CITY  Oct 10 Mexican mobile phone giant America Movil  owned by billionaire Carlos Slim  is set to launch a bid on Tuesday to buy the 40.04 percent of fixed-line phone unit Telefonos de Mexico it does not already own.,normal
AMX,America Movil SAB de CV,20111010,America Movil to launch bid for rest of Telmex ,MEXICO CITY Mexican mobile phone giant America Movil  owned by billionaire Carlos Slim  is set to launch a bid on Tuesday to buy the 40.04 percent of fixed-line phone unit Telefonos de Mexico it does not already own.,topStory
AMX,America Movil SAB de CV,20111010,UPDATE 2-America Movil to launch bid for rest of Telmex ,MEXICO CITY  Oct 10 Mexican mobile phone giant America Movil  owned by billionaire Carlos Slim  is set to launch a bid on Tuesday to buy the 40.04 percent of fixed-line phone unit Telefonos de Mexico it does not already own.,normal
AEO,American Eagle Outfitters Inc,20111010,American Eagle  pilots union talks hit impasse: report ,American Eagle and its pilots union have hit an impasse in efforts to agree on a new contract before Eagle is spun off from AMR Corp   also the parent of American Airlines  Bloomberg reported on Sunday.,topStory
AEO,American Eagle Outfitters Inc,20111010,American Eagle  pilots union talks hit impasse-report ,Oct 9 American Eagle and its pilots union have hit an impasse in efforts to agree on a new contract before Eagle is spun off from AMR Corp   also the parent of American Airlines  Bloomberg reported on Sunday.,normal
AIG,American International Group Inc,20111010,REPEAT-Corporate audit fees up? Beware of trouble ahead ,Oct 9 Elevated audit fees can be a red flag of problems to come for a company  say three recent academic studies that together warn about increased chances of fraud  stock price declines or financial restatements.,topStory
T,AT&T Inc,20111010,Apple's iPhone 4S breaks early order record ,People who want the new $200 Apple iPhone 4S may have to get in line on Friday because U.S. wireless phone carriers appear to have sold out.,topStory
T,AT&T Inc,20111010,UPDATE 6-Apple's iPhone 4S breaks early order record ,Oct 10 People who want the new $200 Apple iPhone 4S may have to get in line on Friday because U.S. wireless phone carriers appear to have sold out.,normal
BCS,Barclays PLC,20111010,UPDATE 3-Qatari royals swoop on Belgian  Luxembourg private banks ,* KBC sells private bank KBL to Qatari-backed Precision Group,topStory
BCS,Barclays PLC,20111010,Baird finds some PGA Tour comfort after again falling short ,SAN MARTIN  California For only the second time in 348 career starts on the PGA Tour  Briny Baird felt he was poised to win a tournament before falling agonisingly short Sunday at the Frys.com Open.,normal
BHP,BHP Billiton Limited,20111010,Australia approves BHP's $20-$30 billion Olympic Dam mine ,MELBOURNE/SYDNEY BHP Billiton moved closer to an estimated $20 billion to $30 billion expansion of its Olympic Dam copper and uranium mine after winning environmental approvals on Monday for the project in the deserts of southern Australia.,topStory
BHP,BHP Billiton Limited,20111010,BHP to incorporate Olympic Dam conditions into final assessment ,SYDNEY  Oct 10 Global miner BHP Billiton  on Monday said the initial phase of an expansion of its Olympic Dam copper and uranium mine was undergoing feasibility work ahead of a final investment decision next year.,normal
BHP,BHP Billiton Limited,20111010,BHP's Olympic Dam expansion wins state approval ,Global miner BHP Billiton  secured environmental approval from the South Australian government on Monday for an estimated $20 billion expansion of its massive Olympic Dam copper and uranium mine.,normal
BHP,BHP Billiton Limited,20111010,BHP's Olympic Dam expansion wins state approval ,Oct 10 Global miner BHP Billiton  secured environmental approval from the South Australian government on Monday for an estimated $20 billion expansion of its massive Olympic Dam copper and uranium mine.,normal
BLK,BlackRock Inc,20111010,MOVES-BlackRock  Gazprom  Man Group ,Oct 10 The following financial service industry appointments were announced on Monday. To inform us of other job changes  email to moves@thomsonreuters.com.,topStory
BA,Boeing Company (The),20111010,American Airlines capacity to dip in fourth quarter ,American Airlines  a unit of AMR Corp   said fourth-quarter mainline capacity will dip 3 percent due to an adjustment in its schedules and that it will retire up to 11 Boeing 757 aircraft in 2012 in response to high fuel costs and an uncertain economy.,topStory
BA,Boeing Company (The),20111010,UPDATE 2-American Airlines capacity to dip in 4th quarter ,* Sees full year mainline capacity up 0.4 pct from yr ago,normal
SNP,China Petroleum & Chemical Corporation,20111010,FACTBOX-China firms step up Canada energy deals ,Oct 10 Chinese state-backed energy groups have stepped up their acquisition of Canadian firms after a pause following the collapse in oil and gas prices in 2008  with Sinopec leading the pack after a second blockbuster takeover.,topStory
COP,ConocoPhillips,20111010,Exxon  Conoco say Yellowstone oil sheen not theirs ,Exxon Mobil Corp said on Monday it had no reason to believe an oil sheen on the Yellowstone River in Montana came from its Billings refinery but it had moved to contain the oil to minimize any environmental impact.,topStory
DB,Deutsche Bank AG,20111010,Deutsche Bank to take over BHF energy derivatives unit ,FRANKFURT  Oct 10 Deutsche Bank  is to take over Frankfurt-based BHF bank's energy derivatives unit  ETD  by the end of the year in a bid to strenghten its position in exchange traded energy derivatives  a spokesman for the bank said on Monday.,topStory
DPZ,Domino&#39;s Pizza Inc,20111010,Starbucks may open 300 stores in Mexico  Argenina ,Oct 10 Coffee shop company Starbucks <SBUX.O may open another 300 locations in Mexico and Argentina in five years  the company's main Latin America franchiser said on Monday.,topStory
ERJ,Embraer-Empresa Brasileira de Aeronautica,20111010,UPDATE 1-China's Minsheng orders 13 jets from Embraer ,* Embraer and Chinese leasing company had signed agreement,topStory
E,ENI SpA,20111010,Eni starts production at offshore Kitan field ,MILAN  Oct 10 Italian energy company Eni SpA  has started production at its Kitan oil field  offshore between Timor-Leste and Australia  and aims to reach peak production of 40 000 barrels of oil per day  it said on Monday.,topStory
XOM,Exxon Mobil Corporation,20111010,Exxon  Conoco say Yellowstone oil sheen not theirs ,Exxon Mobil Corp said on Monday it had no reason to believe an oil sheen on the Yellowstone River in Montana came from its Billings refinery but it had moved to contain the oil to minimize any environmental impact.,topStory
XOM,Exxon Mobil Corporation,20111010,Exxon says Billings refinery rates back to normal ,Oct 10 Exxon Mobil Corp said operations were back to normal at its 60 000 barrel-per-day refinery in Billings  Montana  after a crude pipeline returned to full rates.,normal
FDX,FedEx Corporation,20111010,Baird finds some PGA Tour comfort after again falling short ,SAN MARTIN  California For only the second time in 348 career starts on the PGA Tour  Briny Baird felt he was poised to win a tournament before falling agonisingly short Sunday at the Frys.com Open.,topStory
F,Ford Motor Company,20111010,GM to bring next version of small pickup to US ,WARREN  Mich.  Oct 10 General Motors Co  will build and sell a new version of its small Chevrolet Colorado pickup truck in the United States even as rivals abandon the shrinking segment  executives for the U.S. automaker said on Monday.,topStory
F,Ford Motor Company,20111010,UPDATE 3-UAW chief hopes for Chrysler deal by Wed - source ,* Second Chrysler union council meeting set for Wednesday,normal
FNV,Franco-Nevada Corporation,20111010,Dexia board approves rescue plan ,BRUSSELS The board of Franco-Belgian financial services group Dexia said on Monday it had accepted a rescue plan drawn up by the governments of France  Belgium and Luxembourg.,topStory
FNV,Franco-Nevada Corporation,20111010,Dexia board approves rescue plan ,BRUSSELS  Oct 10 The board of Franco-Belgian financial services group Dexia said on Monday it had accepted a rescue plan drawn up by the governments of France  Belgium and Luxembourg.,normal
FCX,Freeport-McMoran Inc,20111010,Metals price dive brings earnings gloom ,NEW YORK Global economic concerns have sparked a precipitous drop in metals prices in recent months  which will likely result in dismal quarterly profits for mining companies and steelmakers.,topStory
FCX,Freeport-McMoran Inc,20111010,PREVIEW-Metals price dive brings earnings gloom ,NEW YORK  Oct 10 Global economic concerns have sparked a precipitous drop in metals prices in recent months  which will likely result in dismal quarterly profits for mining companies and steelmakers.,normal
GM,General Motors Company,20111010,GM to bring next version of small pickup to US ,WARREN  Mich.  Oct 10 General Motors Co  will build and sell a new version of its small Chevrolet Colorado pickup truck in the United States even as rivals abandon the shrinking segment  executives for the U.S. automaker said on Monday.,topStory
GM,General Motors Company,20111010,UPDATE 3-UAW chief hopes for Chrysler deal by Wed - source ,* Second Chrysler union council meeting set for Wednesday,normal
GM,General Motors Company,20111010,GM says China Sept auto sales up 15.3 pct yr-on-yr ,BEIJING  Oct 10 General Motors said on Monday it had sold 240 244 vehicles in China during the month of September  up 15.3 percent from a year earlier.,normal
GS,Goldman Sachs Group Inc (The),20111010,Volcker Rules could hurt bank bond trading-analyst ,Oct 10 The draft version of the Volcker Rules leaked last week could trim banks' fixed income profits by nearly a third  according to an analyst note on Monday.,topStory
HRS,Harris Corporation,20111010,UPDATE 1-Harris Corp names United Tech executive as CEO ,Oct 10 Harris Corp   a supplier of telecommunications equipment  named a United Technologies Corp executive as its new president and chief executive  effective Nov. 1.,topStory
HEP,Holly Energy Partners LP,20111010,UPDATE 1-Holly Energy to buy some assets from HollyFrontier ,* Holly expects deal to result in $47 mln incremental annual rev,topStory
HMC,Honda Motor Company Ltd,20111010,Thailand assesses damage as floods hit car supply chain ,* Flooding will hit OEMs in affected areas; Honda seen hit hardest,topStory
HMC,Honda Motor Company Ltd,20111010,Thailand scrambles to prevent humanitarian disaster from floods ,BANGKOK Thai rescue workers scrambled on Monday to prevent a humanitarian disaster as the worst flooding in half a century swamped large sections of the country  shut factories and stranded thousands of people.,normal
HMC,Honda Motor Company Ltd,20111010,Thailand scrambles to prevent humanitarian disaster from floods ,BANGKOK  Oct 10 Thai rescue workers scrambled on Monday to prevent a humanitarian disaster as the worst flooding in half a century swamped large sections of the country  shut factories and stranded thousands of people.,normal
INFY,Infosys Limited,20111010,Indian shares rise 1.6 pct; Tata Motors  Hindalco gain ,* Hindalco gains more than 3 pct after J.P. Morgan upgrade,topStory
JPM,J P Morgan Chase & Co,20111010,MOVES-BlackRock  Gazprom  Man Group ,Oct 10 The following financial service industry appointments were announced on Monday. To inform us of other job changes  email to moves@thomsonreuters.com.,topStory
MCO,Moody&#39;s Corporation,20111010,Moody's: No impact for now on French rating from Dexia ,PARIS France's participation in a rescue of French-Belgian bank Dexia has no impact for now on the country's AAA credit rating  which still has a stable outlook  Moody's Investor Service said on Monday.,topStory
MS,Morgan Stanley,20111010,Volcker Rules could hurt bank bond trading-analyst ,Oct 10 The draft version of the Volcker Rules leaked last week could trim banks' fixed income profits by nearly a third  according to an analyst note on Monday.,topStory
MOS,Mosaic Company (The),20111010,UPDATE 2-Cargill earnings tumble on economic uncertainty ,Oct 10 U.S. agribusiness and trading firm Cargill Incposted a steep drop in quarterly earnings on Monday  citing economic uncertainty and volatile commodity markets.,topStory
MSI,Motorola Solutions Inc,20111010,India police probing another ex-minister for telecoms graft ,NEW DELHI Indian federal police said on Monday they are formally investigating a former telecoms minister  his media mogul brother  and a Malaysian tycoon over their roles in a sprawling telecoms scandal that has damaged the government.,topStory
NMR,Nomura Holdings Inc ADR,20111010,Banks cut IT contractor pay in battle on costs ,LONDON  Oct 10 Banks including Nomura  and Royal Bank of Scotland have cut pay rates for IT contractors and other temporary workers by 10 percent and more as they take an increasingly hard line on costs.,topStory
OXY,Occidental Petroleum Corporation,20111010,Centurion crude line leaks after hit by ditchdigger ,Oct 10 Centurion Pipeline L.P.  a subsidiary of Occidental Petroleum reported on Friday a leak in a 16-inch pipeline capable of carrying 350 000 barrels per day of sweet crude oil  after it was hit by a third-party cutting a ditch in Edmond  Oklahoma  according to a filing with federal regulators.,topStory
RF,Regions Financial Corporation,20111010,Carlyle/Blackstone  THL are Morgan Keegan finalists ,NEW YORK Thomas H. Lee Partners and a consortium that includes Blackstone Group  and Carlyle Group  are finalists to acquire Regions Financial Corp's  Morgan Keegan brokerage and investment banking unit  sources familiar with the matter said on Monday.,topStory
RF,Regions Financial Corporation,20111010,Carlyle-Blackstone  THL finalists for Regions unit -sources ,Oct 10 Thomas H. Lee Partners and a consortium that includes Blackstone Group and Carlyle Groupare the finalists for Regions Financial Corp's  Morgan Keegan brokerage unit  sources familiar with the matter said.,normal
RGS,Regis Corporation,20111010,UPDATE 1-Regis Q1 revenue falls ,Oct 10 Hair Salon operator Regis Corp  reported lower quarterly sales as it saw a decline in sales at stores open for at least a year.,topStory
RBS,Royal Bank Scotland plc (The),20111010,Banks cut IT contractor pay in battle on costs ,LONDON  Oct 10 Banks including Nomura  and Royal Bank of Scotland have cut pay rates for IT contractors and other temporary workers by 10 percent and more as they take an increasingly hard line on costs.,topStory
SMG,Scotts Miracle-Gro Company (The),20111010,UPDATE 1-Irene dampens Scotts Miracle 2011 outlook ,* Sees FY 2011 EPS of $2.70-$2.75 vs prior est $2.95-$3.05,topStory
SON,Sonoco Products Company,20111010,Deals of the day -- mergers and acquisitions ,Oct 10 The following bids  mergers  acquisitions and disposals involving European  U.S. and Asian companies were reported by 2000 GMT on Monday:,topStory
SON,Sonoco Products Company,20111010,Sonoco to buy protective packaging firm for $550 million ,Industrial and consumer packaging company Sonoco Products Co  will buy privately held Tegrant Corp for $550 million in its largest acquisition yet to expand in the market for protective-packaging products such as molded foam and blister packs.,normal
SON,Sonoco Products Company,20111010,UPDATE 3-Sonoco to buy protective packaging firm for $550 mln ,Oct 10 Industrial and consumer packaging company Sonoco Products Co will buy privately held Tegrant Corp for $550 million in its largest acquisition yet to expand in the market for protective-packaging products such as molded foam and blister packs.,normal
SON,Sonoco Products Company,20111010,Sonoco to buy protective packaging firm for $550 million ,Plastic packaging producer Sonoco Products Co  will buy privately held Tegrant Corp for $550 million in its largest acquisition yet to expand into the market for protective-packaging products such as molded foam and blister packs.,normal
SNE,Sony Corp Ord,20111010,Ready for movies in the cloud? Studios bet you are ,LOS ANGELES Hollywood is making a major bet this coming holiday season that consumers will buy movies  instead of renting  and view them on the go.,topStory
SNE,Sony Corp Ord,20111010,UPDATE 1-Ready for movies in the cloud? Studios bet you are ,LOS ANGELES  Oct 10 Hollywood is making a major bet this coming holiday season that consumers will buy movies  instead of renting  and view them on the go.,normal
SNE,Sony Corp Ord,20111010,Ready for movies in the cloud? Studios bet you are ,LOS ANGELES Hollywood is making a major bet this coming holiday season that consumers will buy movies  instead of renting  and view them on the go.,normal
SNE,Sony Corp Ord,20111010,Ready for movies in the cloud? Studios bet you are ,LOS ANGELES  Oct 10 Hollywood is making a major bet this coming holiday season that consumers will buy movies  instead of renting  and view them on the go.,normal
SNE,Sony Corp Ord,20111010,ASIA PRIVATE EQUITY WEEKLY NEWS  OCTOBER 10  2011 ,HONG KONG  October 10 News and developments in Asia private equity from Reuters News for the week ending October 7.,normal
SWN,Southwestern Energy Company,20111010,UPDATE 1-Boardwalk  Southwestern Energy ink Marcellus gas gathering deal ,Oct 10 Units of Broadwalk Pipeline Partners  and Southwestern Energy Company have agreed to construct a $90 million natural gas gathering system in the Marcellus Shale.,topStory
S,Sprint Corporation,20111010,Apple's iPhone 4S breaks early order record ,People who want the new $200 Apple iPhone 4S may have to get in line on Friday because U.S. wireless phone carriers appear to have sold out.,topStory
S,Sprint Corporation,20111010,Sprint shares dive on cash worries ,Sprint Nextel shares fell 8 percent on Monday as analysts slashed their forecasts for the No. 3 U.S. mobile operator  which said last week that it would have to raise new capital.,normal
S,Sprint Corporation,20111010,UPDATE 3-Sprint shares dive on cash worries ,Oct 10 Sprint Nextel shares fell 8 percent on Monday as analysts slashed their forecasts for the No. 3 U.S. mobile operator  which said last week that it would have to raise new capital.,normal
S,Sprint Corporation,20111010,UPDATE 6-Apple's iPhone 4S breaks early order record ,Oct 10 People who want the new $200 Apple iPhone 4S may have to get in line on Friday because U.S. wireless phone carriers appear to have sold out.,normal
S,Sprint Corporation,20111010,Brokerages cut Sprint Nextel on plans to raise more funds ,Several brokerages lowered their ratings on Sprint Nextel Corp  after the wireless provider said on Friday it needs to raise more money to upgrade its network  sparking concerns about its financial stability.,normal
STO,Statoil ASA,20111010,Fire brigade says danger over at Mongstad refinery ,OSLO  Oct 10 The fire brigade called the all clear after an oil leak at the Statoil-operated  Mongstad oil refinery north of Bergen in Norway on Monday caused Statoil to evacuate the plant.,topStory
STO,Statoil ASA,20111010,Statoil evacuates Mongstad refinery after oil leak ,OSLO  Oct 10 Norwegian oil and gas firm Statoil  on Monday evacuated its Mongstad oil refinery north of Bergen in Norway after oil leaked out of the plant  Norwegian state broadcaster NRK said.,normal
SPN,Superior Energy Services Inc,20111010,Wall Street extends rally on euro-zone hopes ,NEW YORK Stocks jumped 3 percent on Monday  extending gains into a second week as a pledge by German and French leaders boosted hopes that the euro-zone debt crisis may be resolved. | Video ,topStory
SPN,Superior Energy Services Inc,20111010,Deals of the day -- mergers and acquisitions ,Oct 10 The following bids  mergers  acquisitions and disposals involving European  U.S. and Asian companies were reported by 2000 GMT on Monday:,normal
SPN,Superior Energy Services Inc,20111010,REFILE-UPDATE 3-Pumped up Superior in $2.6 bln Complete deal ,* Combination will create a diversified mid-cap oilfield services co,normal
SPN,Superior Energy Services Inc,20111010,Pumped up Superior in $2.6 billion Complete deal ,Superior Energy Services Inc  is to buy smaller rival Complete Production Services Inc  in a cash-and-stock deal for about $2.6 billion  its largest  as the oilfield services company looks to bulk up its pressure pumping business.,normal
TTM,Tata Motors Ltd,20111010,Indian shares rise 1.6 pct; Tata Motors  Hindalco gain ,* Hindalco gains more than 3 pct after J.P. Morgan upgrade,topStory
TEX,Terex Corporation,20111010,Terex agrees to acquire stake in Ritz do Brazil ,Oct 10  U.S. construction machinery maker Terex Corp   accelerating its foray into emerging markets  said it had agreed to acquire a majority stake in Ritz do Brazil  a maker of equipment for constructing and maintaining power lines.,topStory
TEVA,Teva Pharmaceutical Industries Limited,20111010,Teva to get EU approval for Cephalon buy: source ,BRUSSELS Teva Pharmaceutical Industries  is set to secure conditional EU clearance to acquire U.S. specialty drugmaker Cephalon Inc  for close to $7 billion  a source with direct knowledge of the matter said on Monday.,topStory
BX,The Blackstone Group LP,20111010,Carlyle/Blackstone  THL are Morgan Keegan finalists ,NEW YORK Thomas H. Lee Partners and a consortium that includes Blackstone Group  and Carlyle Group  are finalists to acquire Regions Financial Corp's  Morgan Keegan brokerage and investment banking unit  sources familiar with the matter said on Monday.,topStory
BX,The Blackstone Group LP,20111010,Carlyle-Blackstone  THL finalists for Regions unit -sources ,Oct 10 Thomas H. Lee Partners and a consortium that includes Blackstone Group and Carlyle Groupare the finalists for Regions Financial Corp's  Morgan Keegan brokerage unit  sources familiar with the matter said.,normal
TWX,Time Warner Inc,20111010,Time Warner  Vivendi to bid for Polish TVN: sources ,WARSAW Media groups Time Warner and Vivendi will likely place the only two binding bids for a controlling stake in Polish broadcaster TVN worth more than $800 million  three sources told Reuters on Monday.,topStory
TWX,Time Warner Inc,20111010,Time Warner  Vivendi to bid for Polish TVN-sources ,WARSAW  Oct 10 Media groups Time Warner  and Vivendi will likely place the only two binding bids for a controlling stake in Polish broadcaster TVN  worth more than $800 million  three sources told Reuters on Monday.,normal
UTX,United Technologies Corporation,20111010,UPDATE 1-Harris Corp names United Tech executive as CEO ,Oct 10 Harris Corp   a supplier of telecommunications equipment  named a United Technologies Corp executive as its new president and chief executive  effective Nov. 1.,topStory
WMT,Wal-Mart Stores Inc,20111010,UPDATE 2-S.Africa unions want Wal-Mart to boost supply fund ,JOHANNESBURG  Oct 10 Wal-Mart and Massmart should increase a planned fund to help South African suppliers to 500 million rand ($64 million) from 100 million  and be required to source more goods locally  South African unions said on Monday.,topStory
WMT,Wal-Mart Stores Inc,20111010,China Wal-Mart stores to close over pork scandal ,SHANGHAI  Oct 10 Some Wal-Mart stores in the southwest city of Chongqing will close temporarily following accusations they sold ordinary pork as organic pork  Wal-Mart said on Monday.,normal
WMT,Wal-Mart Stores Inc,20111010,RPT-PREVIEW-Wal-Mart must finally show a U.S. rebound ,* U.S. same-store sales down for nine consecutive quarters,normal
WMT,Wal-Mart Stores Inc,20111010,S.Africa union wants Wal-Mart to boost supply fund ,JOHANNESBURG  Oct 10 Wal-Mart and Massmart should increase their planned fund to support South African suppliers to at least 500 million rand ($63.5 million) from 100 million rand  the country's largest service industry union said on Monday.,normal
