ATVI,Activision Blizzard Inc,20111212,UPDATE 1-Activision game crosses $1 bln in sales ,Dec 12 Activision Blizzard  the biggest U.S. video game publisher by market capitalization  said its game Call of Duty: Modern Warfare 3 crossed $1 billion in sales since its launch on Nov. 8.,topStory
ADTN,ADTRAN Inc,20111212,Adtran to buy NSN broadband access unit ,HELSINKI Struggling telecom network equipment maker Nokia Siemens Networks has agreed to sell its fixed-line Broadband Access business unit to U.S. firm Adtran as part of a revamp of its operations.,topStory
ADTN,ADTRAN Inc,20111212,UPDATE 2-Adtran to buy NSN broadband access unit ,* Adtran says deal to boost annual sales by $140 mln-$180 mln,normal
AMAG,AMAG Pharmaceuticals Inc,20111212,UPDATE 2-AMAG's anemia drug gets Canadian approval ,* AMAG to receive milestone payment of $3 mln upon first sale   (Adds details  background),topStory
AMZN,Amazoncom Inc,20111212,Amazon's Kindle Fire will fail  says one expert ,NEW YORK (TheWrap.com) - Predictions for the Kindle Fire have ranged from it being the iPad killer to its less expensive equal  but one thing the New York Times' David Streitfeld writes almost everyone can agree on -- it has some kinks to work out.,topStory
TAPR,Barclays Inverse US Treasury Composite ETN,20111212,New Issue-Barclays adds dual tranche deal-Leads ,Underlying govt bond    Over the Mid-swaps  equivalent to 199.5 bp,topStory
DLBL,Barclays PLC,20111212,New Issue-Barclays adds dual tranche deal-Leads ,Underlying govt bond    Over the Mid-swaps  equivalent to 199.5 bp,topStory
DTYL,Barclays PLC,20111212,New Issue-Barclays adds dual tranche deal-Leads ,Underlying govt bond    Over the Mid-swaps  equivalent to 199.5 bp,topStory
CME,CME Group Inc,20111212,Chicago traders revolt at change in CME rules ,CHICAGO Chicago pit traders are up in arms against a CME Group  plan to use electronic trading to set grain and livestock closing prices  a move they fear will drive another nail in the coffin of open-outcry dealing.,topStory
CME,CME Group Inc,20111212,UPDATE 4-Chicago traders revolt at change in CME rules ,* Settlement prices to be based on both pit  Globex trade,normal
CME,CME Group Inc,20111212,Illinois House passes CME  Sears tax breaks ,The Illinois House on Monday passed a package of tax breaks for CME Group Inc and Sears Holdings Corp  sending the measure to the Senate for a final vote.,normal
CME,CME Group Inc,20111212,CME won't guarantee remaining missing MFG funds: COO ,CHICAGO CME Group Chief Operating Officer Bryan Durkin said on Monday the exchange will not guarantee the funds that remain missing from customer accounts at bankrupt brokerage MF Global after they are reimbursed by the bankruptcy trustee.,normal
CBRL,Cracker Barrel Old Country Store Inc,20111212,UPDATE 2-Biglari gets Glass Lewis support for Cracker Barrel board seat ,* Passive shareholders can now acquire up to 20 pct stake - CBRL,topStory
CBRL,Cracker Barrel Old Country Store Inc,20111212,TIMELINE-Biglari takes a crack at Cracker Barrel ,Dec 12 Cracker Barrel Old Country Store Inc's largest shareholder and activist investor Sardar Biglari -- who through Biglari Holdings operates rival restaurant chains Steak n Shake and Western Sizzlin -- is engaged in a public spat with the company's board whom he accuses of lacking "accountability  transparency  and stock ownership.",normal
DISH,DISH Network Corporation,20111212,Dish eyes T-Mobile if AT&T bid fails ,NEW YORK Dish Network Corp is considering a partnership with T-Mobile USA if AT&T is unable to fulfill its bid to take over the fourth U.S. wireless network  Dish Chief Executive Joe Clayton said on Monday.,topStory
ENDP,Endo International plc,20111212,UPDATE 2-FDA okays Endo's crush-resistant formulation of Opana ,Dec 12 Endo Pharmaceuticals Holdings Inc  said U.S. health regulators approved a new crush-resistant formulation of its pain drug Opana  sending the specialty drugmaker's shares up as much as 7 percent.,topStory
GLNG,Golar LNG Limited,20111212,KOGAS says Nov domestic gas sales down 8.9 pct y/y ,SEOUL  Dec 12 South Korea's state-run Korea Gas Corp (KOGAS) said on Monday it had sold gas equivalent to 2.708 million tonnes of liquefied natural gas (LNG) domestically in November  down 8.9 percent from a year earlier.,topStory
INTC,Intel Corporation,20111212,Intel says sales hit by hard drive shortage ,Intel Corp warned that hard-disk drive supply shortages would hurt its current-quarter revenue  the latest heavyweight in the PC industry to caution about the effects of flooding that has crippled factories in Thailand.,topStory
INTC,Intel Corporation,20111212,UPDATE 5-Intel says sales hit by hard drive shortage ,Dec 12 Intel Corp warned that hard-disk drive supply shortages would hurt its current-quarter revenue  the latest heavyweight in the PC industry to caution about the effects of flooding that has crippled factories in Thailand.,normal
DTYS,iPath US Treasury 10-year Bear ETN,20111212,New Issue-Barclays adds dual tranche deal-Leads ,Underlying govt bond    Over the Mid-swaps  equivalent to 199.5 bp,topStory
DTUS,iPath US Treasury 2-year Bear ETN,20111212,New Issue-Barclays adds dual tranche deal-Leads ,Underlying govt bond    Over the Mid-swaps  equivalent to 199.5 bp,topStory
DTUL,iPath US Treasury 2-year Bull ETN,20111212,New Issue-Barclays adds dual tranche deal-Leads ,Underlying govt bond    Over the Mid-swaps  equivalent to 199.5 bp,topStory
DFVS,iPath US Treasury 5-year Bear ETN,20111212,New Issue-Barclays adds dual tranche deal-Leads ,Underlying govt bond    Over the Mid-swaps  equivalent to 199.5 bp,topStory
DFVL,iPath US Treasury 5-year Bull ETN,20111212,New Issue-Barclays adds dual tranche deal-Leads ,Underlying govt bond    Over the Mid-swaps  equivalent to 199.5 bp,topStory
FLAT,iPath US Treasury Flattener ETN,20111212,New Issue-Barclays adds dual tranche deal-Leads ,Underlying govt bond    Over the Mid-swaps  equivalent to 199.5 bp,topStory
DLBS,iPath US Treasury Long Bond Bear ETN,20111212,New Issue-Barclays adds dual tranche deal-Leads ,Underlying govt bond    Over the Mid-swaps  equivalent to 199.5 bp,topStory
STPP,iPath US Treasury Steepener ETN,20111212,New Issue-Barclays adds dual tranche deal-Leads ,Underlying govt bond    Over the Mid-swaps  equivalent to 199.5 bp,topStory
MSFT,Microsoft Corporation,20111212,Microsoft appoints new head of phone group ,Microsoft Corp appointed a new head for its mobile phone software group on Monday  as the company continues to search for ways to extend its dominance in the PC market to the fast-growing and highly-competitive smartphone business.,topStory
MSFT,Microsoft Corporation,20111212,Microsoft appoints new head of phone group ,Dec 12 Microsoft Corp appointed a new head for its mobile phone software group on Monday  as the company continues to search for ways to extend its dominance in the PC market to the fast-growing and highly-competitive smartphone business.,normal
MSFT,Microsoft Corporation,20111212,CORRECTED-Microsoft software bug linked to 'Duqu' virus ,* Symantec says virus delivered via tainted Word document,normal
MSFT,Microsoft Corporation,20111212,Nissan  Microsoft to brief on strategic partnership ,TOKYO Nissan Motor Co said on Monday that it will brief on a tie-up with Microsoft Corp in Tokyo at 4 p.m. (0700 GMT).,normal
MSFT,Microsoft Corporation,20111212,Nissan  Microsoft to brief on strategic partnership ,TOKYO  Dec 12 Nissan Motor Co  said on Monday that it will brief on a tie-up with Microsoft Corp in Tokyo at 4 p.m. (0700 GMT).,normal
SHLD,Sears Holdings Corporation,20111212,Illinois House passes CME  Sears tax breaks ,The Illinois House on Monday passed a package of tax breaks for CME Group Inc and Sears Holdings Corp  sending the measure to the Senate for a final vote.,topStory
SYMC,Symantec Corporation,20111212,CORRECTED-Microsoft software bug linked to 'Duqu' virus ,* Symantec says virus delivered via tainted Word document,topStory
TECD,Tech Data Corporation,20111212,DIARY-U.S. MEETINGS/WEEK AHEAD ,THOMSON REUTERS  December 12  2011 - Corporate Meetings for US companies for Week ahead.	         S&P 500 Earnings - Weekly           S&P 500 Earnings - Day Ahead   	     Non S&P 500 - Weekly               Non S&P 500 - Day Ahead        	     ConferenceCall/Webcast - Weekly    ConferenceCall/Webcast - Day   	     S&P 500 Earnings - Monthly           Meetings - Day Ahead           	     Economic Indicators                  Dividends                      	     Daily earnings hits & misses    	    ,topStory
URBN,Urban Outfitters Inc,20111212,Urban Outfitters says retail comp sales up so far in holiday ,Apparel retailer Urban Outfitters Inc  said in regulatory filing that retail segment same-store sales were up in the mid-single digits so far in the fourth quarter  sending its shares up 10 percent after the bell.,topStory
MMM,3M Company,20111212,3M pursues paint-less cars with new partnership ,3M Co  has signed a five-year commercial pact with a relatively new stainless steel and aluminum distributor to create a stable of so-called disruptive products  including technology that could eliminate the need for paint on automobiles.,topStory
ABT,Abbott Laboratories,20111212,UPDATE 1-Abbott pays $400 mln to extend drug deal with Reata ,Dec 12 Abbott Laboratories paid $400 million to privately held Reata Pharmaceuticals to gain access to its drug technology that may be used to treat multiple indications including pulmonary  neurological and immunological disorders.,topStory
AMT,American Tower Corporation (REIT),20111212,American Tower to buy towers for $500 million ,U.S. tower company American Tower Corp  said it will acquire up to 2 500 telecommunication towers from Spain-based Telefónica's  Mexican unit for roughly $500 million.,topStory
AMT,American Tower Corporation (REIT),20111212,UPDATE 1-American Tower to buy towers for $500 mln ,Dec 12 U.S. tower company American Tower Corp said it will acquire up to 2 500 telecommunication towers from Spain-based Telefónica's Mexican unit for roughly $500 million.,normal
APA,Apache Corporation,20111212,KDB-led fund buys Apache gas assets for $200 mln -KDB ,SEOUL  Dec 12 A South Korean private equity fund led by Korea Development Bank (KDB) has acquired gas assets from U.S. oil and gas company Apache Corp for $200 million  KDB said on Monday.,topStory
T,AT&T Inc,20111212,AT&T mulling whether  how to revise T-Mobile deal ,NEW YORK AT&T Inc has another month to decide whether it wants to continue to pursue its $39 billion acquisition of T-Mobile USA after a U.S. Judge agreed to delay the court battle over the deal until January 18.,topStory
T,AT&T Inc,20111212,Judge grants stay in Justice Department  AT&T fight ,WASHINGTON Judge Ellen Huvelle  who is hearing the Justice Department's challenge of AT&T's buy of T-Mobile USA  granted the parties' joint motion for a stay.,normal
AXS,Axis Capital Holdings Limited,20111212,UPDATE 1-Axis Capital CEO to retire in 2012 ,Dec 12 Axis Capital Holdings Ltd  said its Chief Executive John Charman will retire in May 2012  and will be replaced by finance chief Albert Benchimol.,topStory
BAC,Bank of America Corporation,20111212,BofA Merrill  Tora to partner on new trading platform ,HONG KONG  Dec 12 Bank of America Merrill Lynch and Tora Trading are teaming up to launch a new trading platform aimed at fund managers in Asia  where finding liquidity in volatile market conditions is a major concern.,topStory
BCS,Barclays PLC,20111212,New Issue-Barclays adds dual tranche deal-Leads ,Underlying govt bond    Over the Mid-swaps  equivalent to 199.5 bp,topStory
BCE,BCE Inc,20111212,Regulator says Canada's BCE must share mobile-phone sports ,TORONTO BCE Inc  Canada's largest telecom company and owner of its biggest private broadcaster  must make its sports content  including the Super Bowl telecast  available to rivals for distribution over mobile devices  a regulator said on Monday.,topStory
BH,Biglari Holdings Inc,20111212,UPDATE 2-Biglari gets Glass Lewis support for Cracker Barrel board seat ,* Passive shareholders can now acquire up to 20 pct stake - CBRL,topStory
BH,Biglari Holdings Inc,20111212,TIMELINE-Biglari takes a crack at Cracker Barrel ,Dec 12 Cracker Barrel Old Country Store Inc's largest shareholder and activist investor Sardar Biglari -- who through Biglari Holdings operates rival restaurant chains Steak n Shake and Western Sizzlin -- is engaged in a public spat with the company's board whom he accuses of lacking "accountability  transparency  and stock ownership.",normal
BA,Boeing Company (The),20111212,UPDATE 1-Spirit Aerosystems to ramp up production ,Dec 12 Aircraft parts supplier Spirit Aerosystems Inc plans to increase production at all its facilities due to strong demand  and will shift production of some Boeing 787 Dreamliner components to Malaysia.,topStory
BA,Boeing Company (The),20111212,CORRECTED-BRIEF-Spirit to realign 787 Dreamliner wing component production ,Dec 12   * Spirit aerosystems to realign Boeing 787 dreamliner wing component production,normal
BA,Boeing Company (The),20111212,Boeing raises dividend by 5 percent ,Boeing   the world's largest aerospace and defense company  said its board of directors has approved a 5 percent increase to its quarterly dividend.,normal
BA,Boeing Company (The),20111212,UPDATE 1-Boeing raises dividend by 5 pct ,Dec 12 Boeing  the world's largest aerospace and defense company  said its board of directors has approved a 5 percent increase to its quarterly dividend.,normal
BA,Boeing Company (The),20111212,Manufacturers bracing for a slower-growth 2012 ,As they head into 2012  the world's top multinational manufacturers are trying to find a safe route through an economy that is known more for the promise of volatility than for the prospect of surefire growth.,normal
BA,Boeing Company (The),20111212,UPDATE 1-Abu Dhabi's Etihad orders 12 Boeing jets for $2.8 bln ,* Orders makes Etihad world's largest customers of the 787-9,normal
BP,BP plc,20111212,UPDATE 2-Svanberg to straddle BP  Volvo chairmanships ,* Global growth concerns have soured outlook for truckmakers,topStory
BP,BP plc,20111212,TABLE-Russia refinery maintenance to March 2012 ,MOSCOW  Dec 12 Below are listed Russian oil refinery maintenance schedules through March  according to Energy Ministry data and trade sources.  	  Refinery              Company      Unit     Maintenance dates 	  Novoufimsk            Bashneft     CDU-1         27/11-29/12	                                     Cat.reformer  29/11-25/12*	     	  Ufaneftekhim          Bashneft     Hydrotreater  08/12-15/12*	                                     Hydrotreater  07/12-15/12*	     	  Volgograd,normal
CM,Canadian Imperial Bank of Commerce,20111212,Resources may spur Canadian M&A in 2012: CIBC ,TORONTO Cash-rich corporations and a stable economy will drive mergers and acquisitions in Canada in 2012  and lower commodity prices may spur opportunistic buying of resource companies  a top M&A expert at Canadian Imperial Bank of Commerce  said in a report on Tuesday.,topStory
CNI,Canadian National Railway Company,20111212,UPDATE 1-CN Rail  union reach tentative deal ,Dec 12 Canadian National Railway Co  and Teamsters Canada Rail Conference (TCRC) have reached a tentative agreement on labor contracts before the expiry of the current contract.,topStory
CAT,Caterpillar Inc,20111212,Caterpillar president -- replacement demand strong ,NEW YORK Caterpillar Group Inc  President Stu Levenick said on Monday the company is seeing "surprising" strength in replacement demand for machinery in developed markets and is confident Europe can still be a great market for the company despite near-term expectations for "pretty paltry" overall economic growth.,topStory
CAT,Caterpillar Inc,20111212,U.S.-listed firms told to reveal Syria  Iran links: FT ,NEW YORK At least a dozen U.S.-listed companies have been told by the U.S. Securities and Exchange Commission to disclose business activity in and with Syria  Iran and others deemed "state sponsors" of terror by the state department  the Financial Times said on Sunday.,normal
COP,ConocoPhillips,20111212,UPDATE 1-ConocoPhillips makes N.Sea gas find  tests needed ,OSLO  Dec 12 ConocoPhillips has made a gas find in the southern North Sea near BP's Ula oil and gas field  the Norwegian Petroleum Directorate said on Monday  but more tests are needed to see if the shallow-water discovery is worth developing.,topStory
COP,ConocoPhillips,20111212,ConocoPhillips finds gas in North Sea  size unknown ,OSLO  Dec 12 Energy company ConocoPhillips  has discovered gas in a southern North Sea wildcat well some 19 kilometres south of BP's Ula field  the Norwegian Petroleum Directorate said on Monday.,normal
DB,Deutsche Bank AG,20111212,German carbon trial prosecutor urges long sentences ,FRANKFURT  Dec 12 A German prosecutor on Monday demanded jail terms of up to eight and a half years for six men on trial for fraud involving evasion of taxes on carbon permits  with a verdict possible as early as next week.,topStory
XOM,Exxon Mobil Corporation,20111212,Oil falls on euro zone worry  dollar strength ,NEW YORK Oil prices fell on Monday  pressured by concerns that Europe's agreement on closer fiscal union will not solve its debt crisis and might deepen a regional slowdown.,topStory
XOM,Exxon Mobil Corporation,20111212,Exxon Antwerp refinery talks fail  strike possible ,BRUSSELS  Dec 12 Pay talks between union leaders and management at Exxon Mobil Corp's refinery in the northern Belgian port city of Antwerp failed on Monday  reviving the possibility of a strike  a union official said.,normal
FCX,Freeport-McMoran Inc,20111212,RPT-Freeport Indonesia union to extend strike to mid Jan ,JAKARTA  Dec 10 An Indonesian workers' union plans to extend a three-month strike at Freeport McMoRan Copper & Gold's Grasberg mine until Jan. 15  union official Virgo Solossa told Reuters on Saturday.,topStory
GM,General Motors Company,20111212,GM suspends production at Cruze plant in Ohio ,General Motors Co suspended production on Monday afternoon at an Ohio plant that makes the Chevrolet Cruze compact car due to a supplier issue.,topStory
GM,General Motors Company,20111212,UPDATE 2-GM suspends production at Cruze plant in Ohio ,Dec 12 General Motors Co suspended production on Monday afternoon at an Ohio plant that makes the Chevrolet Cruze compact car due to a supplier issue.,normal
GS,Goldman Sachs Group Inc (The),20111212,UPDATE 1-Fondiaria names Goldman to advise on capital moves ,MILAN  Dec 12 Fondiaria-SAI SpA  Italy's largest motor insurer  named U.S. bank Goldman Sachs on Monday to advise on efforts to boost its weak capital base as worries over fresh fund-raising by the insurer weighed on its shares.,topStory
GS,Goldman Sachs Group Inc (The),20111212,Fondiaria-SA names Goldman Sachs adviser on capital measures ,MILAN  Dec 12 Fondiaria-SAI  Italy's largest motor insurer  said on Monday it had appointed Goldman Sachs as financial adviser on boosting its weak capital strength.,normal
GS,Goldman Sachs Group Inc (The),20111212,MOVES-Goldman  Swiss Re  Barclays  Avoca ,Dec 12 The following financial service industry appointments were announced on Monday. To inform us of other job changes  email to moves@thomsonreuters.com.,normal
GS,Goldman Sachs Group Inc (The),20111212,UPDATE 1-Goldman's Machin to retire from Asia post - memo ,HONG KONG  Dec 12 The Goldman Sachs Group Inc banker who was co-head of the firm's Asia investment banking operation for six years is retiring  according to an internal memo obtained by Reuters on Monday  the second senior Asia banker to depart Goldman in the last month.,normal
GS,Goldman Sachs Group Inc (The),20111212,UPDATE 1-Buyout firm First Atlantic puts Prestolite on sale -sources ,* Mid-cap U.S. fund First Atlantic hires Goldman to advise on Prestolite sale-sources,normal
GS,Goldman Sachs Group Inc (The),20111212,Buyout firm First Atlantic puts Prestolite on sale - sources ,HONG KONG  Dec 12 U.S. private equity firm First Atlantic Capital has put engineering company Prestolite Electric Inc up for sale  which could fetch about $400 million  four sources told Reuters.,normal
GS,Goldman Sachs Group Inc (The),20111212,Mark Machin to retire from Goldman Sachs -memo ,HONG KONG  Dec 12 Mark Machin  Goldman Sachs Asia-Pacific ex-Japan vice chairman  is retiring from the firm after 20 years  according to an internal memo seen by Reuters on Monday.,normal
GS,Goldman Sachs Group Inc (The),20111212,Market Chatter -- Corporate finance press digest ,Dec 12 The following corporate finance-related stories were reported by media on Monday:,normal
HOG,Harley-Davidson Inc,20111212,Harley COO: Bikes will get more "accessible " remain American ,Harley Davidson Inc's  chief operating officer Matt Levatich said the company will offer motorbikes that are more "physically and financially accessible" to buyers both in the United States and abroad  but it will continue to keep its manufacturing operations almost entirely in the country.,topStory
INFY,Infosys Limited,20111212,India's Infosys wins multi-year contract from Syngenta ,MUMBAI  Dec 12 Infosys Ltd  India's No.2 software services exporter  said on Monday it has won a multi-year transformation and business information technology services contract from Swiss agribusiness major Syngenta AG.,topStory
JNJ,Johnson & Johnson,20111212,FTC approves Valeant buy with asset sales ,WASHINGTON Antitrust regulators approved Valeant Pharmaceutical's  acquisition of the dermatology units of Sanofi and Johnson & Johnson  on the condition that it sell the rights to three prescription drugs  the Federal Trade Commission said on Monday.,topStory
LAZ,Lazard Ltd,20111212,US trustee objects to Lehman's hiring of Gleacher for Archstone deal ,Dec 12 Lehman Brothers Holdings Inc's  unsecured creditors and a trustee questioned the bankrupt broker-dealer's move to hire Gleacher & Co as a financial adviser for an Archstone deal  as the company already has an adviser in place for any deal.,topStory
LEE,Lee Enterprises Incorporated,20111212,CORRECTED-UPDATE 1-Newspaper group Lee Enterprises files for bankruptcy ,Dec 12 Lee Enterprises Inc  which publishes 48 daily newspapers including St. Louis Post-Dispatch  filed for Chapter 11 bankruptcy protection to refinance nearly $1 billion in debt  as newspapers struggle with falling advertisement dollars and dwindling readership.,topStory
LEE,Lee Enterprises Incorporated,20111212,UPDATE 1-Newspaper group Lee Enterprises files for bankruptcy ,Dec 12 Lee Enterprises Inc  which publishes 48 daily newspapers including St. Louis Post-Dispatch  filed for Chapter 11 bankruptcy protection to slash its debt load  as newspapers struggle with falling advertisement dollars and dwindling readership.,normal
LMT,Lockheed Martin Corporation,20111212,Japan set to pick Lockheed Martin's F-35 jet -media ,TOKYO  Dec 13 Japan is set to pick Lockheed Martin's F-35 fighter jets to replace its ageing fleet of F-4 Phantom fighters  the Yomiuri newspaper reported on Tuesday  reaffirming its security ties with the United States and showing resolve not to be outdone by China's stealth fighter development.,topStory
MMI,Marcus & Millichap Inc,20111212,EU lifts deadline on Google  Motorola Mobility deal ,BRUSSELS  Dec 12 EU regulators have suspended a Jan. 10 deadline for a decision on Google's  bid to buy U.S. handset maker Motorola Mobility as it waits for the Internet search giant to provide more information on the deal.,topStory
MLM,Martin Marietta Materials Inc,20111212,Martin Marietta makes $4.8 billion bid for Vulcan ,NEW YORK Martin Marietta Materials Inc  launched a hostile $4.8 billion all-stock offer to buy larger rival Vulcan Materials Co  in a bid to build the world's largest producer of sand  gravel and other construction materials.,topStory
MLM,Martin Marietta Materials Inc,20111212,UPDATE 3-Martin Marietta makes $5 bln bid for Vulcan ,* Deal values Vulcan at $36.69 per share  a 9 pct premium,normal
MLM,Martin Marietta Materials Inc,20111212,CORRECTED - UPDATE 1-Martin Marietta makes $4.6 bln bid for Vulcan ,Dec 12 Martin Marietta Materials Inc on Monday made an unsolicited offer to buy rival Vulcan Materials Co for $4.6 billion in stock.,normal
MDT,Medtronic plc,20111212,Medtronic settles probe over doctor kickbacks ,WASHINGTON Medtronic Inc has agreed to pay $23.5 million to settle allegations that it paid kickbacks to doctors to encourage them to use its pacemakers and defibrillators  the U.S. Justice Department said on Monday.,topStory
MCO,Moody&#39;s Corporation,20111212,BRIEF-Moody's on Origin Energy's announcement on additional gas sales to Sinopec ,* Moody's comments on Origin Energy's announcement on additional gas sales to Sinopec,topStory
NAV,Navistar International Corporation,20111212,UPDATE 2-Oshkosh rejects Icahn nominees again ,Dec 12 Oshkosh Corp said Carl Icahn is "pursuing his own personal agenda" by nominating a slate of directors to truck maker's board  and urged shareholders to reject the activist investor's proposals.,topStory
NAV,Navistar International Corporation,20111212,Oshkosh resists Icahn move  writes to shareholders ,Oshkosh Corp  said Carl Icahn is only "pursuing his own personal agenda" with his 10 percent stake in the company  days after the billionaire investor repeated his proposal seeking to merge the specialty truck maker with Navistar .,normal
NOC,Northrop Grumman Corporation,20111212,MBDA buys Northrop's Viper Strike arms unit ,PARIS  Dec 12 European missile maker MBDA said on Monday it had bought the Viper Strike munitions business from Northrop Grumman in what its officials described as the first European acquisition of a fully-fledged guided weapon system in the United States.,topStory
OSK,Oshkosh Corporation,20111212,UPDATE 2-Oshkosh rejects Icahn nominees again ,Dec 12 Oshkosh Corp said Carl Icahn is "pursuing his own personal agenda" by nominating a slate of directors to truck maker's board  and urged shareholders to reject the activist investor's proposals.,topStory
OSK,Oshkosh Corporation,20111212,Oshkosh resists Icahn move  writes to shareholders ,Oshkosh Corp  said Carl Icahn is only "pursuing his own personal agenda" with his 10 percent stake in the company  days after the billionaire investor repeated his proposal seeking to merge the specialty truck maker with Navistar .,normal
PSO,Pearson Plc,20111212,LSE snaps up Pearson's FTSE stake ,LONDON The London Stock Exchange  is buying British publisher Pearson's  50 percent stake in FTSE International for 450 million pounds ($703 million) to take full control of the index firm and ramp up its derivatives business.,topStory
PSO,Pearson Plc,20111212,UPDATE 4-LSE snaps up Pearson's FTSE stake ,LONDON  Dec 12 The London Stock Exchange  is buying British publisher Pearson's 50 percent stake in FTSE International for 450 million pounds ($703 million) to take full control of the index firm and ramp up its derivatives business.,normal
PFE,Pfizer Inc,20111212,Pfizer names Read chairman  OKs $10 billion in buybacks ,NEW YORK Pfizer Inc   the world's biggest drugmaker  named Chief Executive Ian Read to the additional post of chairman and authorized buying back company stock for up to $10 billion.,topStory
RJF,Raymond James Financial Inc,20111212,DIARY-U.S. MEETINGS/WEEK AHEAD ,THOMSON REUTERS  December 12  2011 - Corporate Meetings for US companies for Week ahead.	         S&P 500 Earnings - Weekly           S&P 500 Earnings - Day Ahead   	     Non S&P 500 - Weekly               Non S&P 500 - Day Ahead        	     ConferenceCall/Webcast - Weekly    ConferenceCall/Webcast - Day   	     S&P 500 Earnings - Monthly           Meetings - Day Ahead           	     Economic Indicators                  Dividends                      	     Daily earnings hits & misses    	    ,topStory
RF,Regions Financial Corporation,20111212,RPT-Big bills  tiny cases may shrink Morgan Keegan's price ,Dec 9 Morgan Keegan & Co.'s shrinking book value hasn't stopped the firm from spending big bucks to defend itself against small investor claims.,topStory
COL,Rockwell Collins Inc,20111212,Rockwell Collins not for sale ,NEW YORK  Dec 12 Rockwell Collins Inc  is not for sale right now  but the company would be fiscally responsible if a potential buyer were willing to pay a high price for the supplier of flight controls and other electronics for airplanes  its chief executive said on Monday.,topStory
RBS,Royal Bank Scotland plc (The),20111212,RBS report urges tougher rules on bank M&A  execs ,LONDON Bank takeovers should face deeper scrutiny and directors be more accountable for their actions  Britain's finance watchdog said in a long-awaited report into Royal Bank of Scotland's  near collapse. | Video ,topStory
RBS,Royal Bank Scotland plc (The),20111212,UK regulator probes Deloitte auditing of RBS ,LONDON A British regulator has opened a probe into Deloitte's auditing of Royal Bank of Scotland   the British lender that taxpayers spent 45 billion pounds ($70 billion) rescuing in 2008.,normal
RBS,Royal Bank Scotland plc (The),20111212,RBS report urges tougher rules on bank M&A  executives ,LONDON Bank takeovers should face deeper scrutiny and directors be more accountable for their actions  Britain's finance watchdog said in a long-awaited report into Royal Bank of Scotland's  near collapse. | Video ,normal
RBS,Royal Bank Scotland plc (The),20111212,UPDATE 5-RBS report urges tougher rules on bank M&A  executives ,* FSA backs new rules on bank M&A  executives accountability,normal
RBS,Royal Bank Scotland plc (The),20111212,UK regulator probes Deloitte auditing of RBS ,LONDON  Dec 12 A British regulator has opened a probe into Deloitte's auditing of Royal Bank of Scotland  the British lender that taxpayers spent 45 billion pounds ($70 billion) rescuing in 2008.,normal
RBS,Royal Bank Scotland plc (The),20111212,Independent experts say RBS report fair  balanced ,LONDON The UK financial regulator's report into the causes and consequences of the near collapse of Royal Bank of Scotland  is "fair and balanced " corporate governance experts tasked with reviewing the report said. | Video ,normal
RBS,Royal Bank Scotland plc (The),20111212,FTSE 100 slips as Europe sentiment ebbs ,LONDON Dec 12 Banks were under pressure as Britain's top shares drifted lower by midday on Monday in low volumes  with RBS weaker as investors digested a report into its near-collapse in 2008  and on disappointment surrounding the Europe summit.,normal
RBS,Royal Bank Scotland plc (The),20111212,CHRONOLOGY-Key dates in RBS' history ,LONDON  Dec 12 1727: Royal Bank of Scotland is founded in Edinburgh's Old Town.,normal
ST,Sensata Technologies Holding NV,20111212,Sensata Technologies lowers Q4 outlook ,Netherlands-based Sensata Technologies Holding NV cut its fourth-quarter outlook hurt by weakness at its sensors business.,topStory
ST,Sensata Technologies Holding NV,20111212,UPDATE 1-Sensata Technologies lowers Q4 outlook ,* Says revising outlook due to weakness at sensors business,normal
TWX,Time Warner Inc,20111212,Time Warner offers 1 billion euros cash for Endemol ,LONDON Time Warner has offered 1 billion euros ($1.34 billion) in cash to buy television production company Endemol  maker of "Big Brother"  which is trying to restructure about 2 billion euros of debt  an Endemol spokesman said on Monday.,topStory
TWX,Time Warner Inc,20111212,BRIEF-Endemol says has received new Time Warner offer ,MILAN  Dec 12 Endemol said in a statement on Monday:,normal
TWX,Time Warner Inc,20111212,Time Warner offers 1 billion euros cash for Endemol ,LONDON Time Warner has offered 1 billion euros ($1.34 billion) in cash to buy television production company Endemol  maker of Big Brother  which is trying to restructure about 2 billion euros of debt  an Endemol spokesman said on Monday.,normal
TWX,Time Warner Inc,20111212,Time Warner offers 1 bln euros cash for Endemol ,LONDON  Dec 12 Time Warner has offered 1 billion euros ($1.34 billion) in cash to buy television production company Endemol  maker of Big Brother  which is trying to restructure about 2 billion euros of debt  an Endemol spokesman said on Monday.,normal
TM,Toyota Motor Corp Ltd Ord,20111212,Nikkei gains after EU deal but rebound seen limited ,* Nikkei up  75-day average seen as resistance     * Investors eye China policy meeting  FOMC     * Toyota inches higher despite profit warning      By Mari Saito	     TOKYO  Dec 12 The Nikkei average gained on Monday after European leaders agreed to draft a new treaty for deeper economic integration but market players said the short-covering bounce was set to be limited as the deal was no panacea for the region's long-term debt worries.	     Volume was thin  with investors seen relu,topStory
TM,Toyota Motor Corp Ltd Ord,20111212,Nikkei gains as euro zone worries abate ,* Nikkei up  likely to test 75-day moving average     * Investors eye FOMC  China policy meeting     * Toyota climbs despite profit warning      By Mari Saito	     TOKYO  Dec 12 The Nikkei share average rebounded on Monday after European Union leaders came to a historic agreement to draft a new treaty for deeper economic integration  easing worries about the region's debt crisis.	     In marathon meetings in Brussels  European Union leaders agreed to pursue a tougher budget disciplin,normal
TM,Toyota Motor Corp Ltd Ord,20111212,Toyota up  market welcomes clarity despite profit warning ,TOKYO  Dec 12 Shares of Toyota Motor Corp  climbed 1.5 percent in line with broader market gains on Monday despite having cut its annual profit outlook by more than half due to the strong yen and floods in Thailand.,normal
VRX,Valeant Pharmaceuticals International Inc,20111212,FTC approves Valeant buy with asset sales ,WASHINGTON Antitrust regulators approved Valeant Pharmaceutical's  acquisition of the dermatology units of Sanofi and Johnson & Johnson  on the condition that it sell the rights to three prescription drugs  the Federal Trade Commission said on Monday.,topStory
VMC,Vulcan Materials Company,20111212,Martin Marietta makes $4.8 billion bid for Vulcan ,NEW YORK Martin Marietta Materials Inc  launched a hostile $4.8 billion all-stock offer to buy larger rival Vulcan Materials Co  in a bid to build the world's largest producer of sand  gravel and other construction materials.,topStory
VMC,Vulcan Materials Company,20111212,UPDATE 3-Martin Marietta makes $5 bln bid for Vulcan ,* Deal values Vulcan at $36.69 per share  a 9 pct premium,normal
VMC,Vulcan Materials Company,20111212,CORRECTED - UPDATE 1-Martin Marietta makes $4.6 bln bid for Vulcan ,Dec 12 Martin Marietta Materials Inc on Monday made an unsolicited offer to buy rival Vulcan Materials Co for $4.6 billion in stock.,normal
LNG,Cheniere Energy Inc,20111212,UPDATE 1-India's Gail inks deal to buy U.S. LNG ,* Cheniere to supply 3.5 mtpa of LNG to Gail over 20 years    * Supply seen beginning in '17  pending regulatory approval    * Cheniere expects another supply deal within weeks     By Edward McAllister     NEW YORK  Dec 12 Cheniere Energy has signed a third long-term deal to export liquefied natural gas from its proposed plant in Louisiana  paving the way for the first U.S. export project of its kind in nearly 50 years.     Cheniere will supply state-run Indian energy company Gail In,topStory
GTE,Gran Tierra Energy Inc,20111212,UPDATE 1-Gran Tierra CFO on medical leave ,Dec 12 Canadian oil and gas exploration company Gran Tierra Energy Inc said its Chief Financial Officer  Martin Eden  has been placed on medical leave to recover from emergency surgery.,topStory
