AMZN,Amazoncom Inc,20111021,Groupon could find IPO a tough sale ,NEW YORK/SAN FRANCISCO Groupon Inc faces its toughest sales pitch next week when the daily deals website launches a roadshow to persuade investors to buy shares in its initial public offering.,topStory
AMZN,Amazoncom Inc,20111021,IPO VIEW-Groupon could find IPO a tough sale ,NEW YORK/SAN FRANCISCO  Oct 21 Groupon Inc faces its toughest sales pitch next week when the daily deals website launches a roadshow to persuade investors to buy shares in its initial public offering.,normal
AMZN,Amazoncom Inc,20111021,IPO VIEW-Groupon could find IPO a tough sale ,NEW YORK/SAN FRANCISCO  Oct 21 Groupon Inc faces its toughest sales pitch next week when the daily deals website launches a roadshow to persuade investors to buy shares in its initial public offering.,normal
AMZN,Amazoncom Inc,20111021,UPDATE 1-Acer Q3 loss worse than expected; Q4 a concern ,* Competition from Amazon  component disruption are risks in Q4-analyst   (Add details and analyst comment),normal
AAPL,Apple Inc,20111021,Brazil's Batista interested in Foxconn partnership ,BRASILIA Eike Batista  Brazil's richest man  wants to help Taiwanese technology giant Foxconn  with its plans to produce Apple products such as the iPad in the country  the latest twist in a much-hyped deal that could be worth up to $12 billion.,topStory
AAPL,Apple Inc,20111021,Brazil's Batista interested in Foxconn partnership ,BRASILIA  Oct 21 Eike Batista  Brazil's richest man  wants to help Taiwanese technology giant Foxconn  with its plans to produce Apple products such as the iPad in the country  the latest twist in a much-hyped deal that could be worth up to $12 billion.,normal
AAPL,Apple Inc,20111021,Jobs refused cancer treatment too long: biographer ,Apple Inc co-founder Steve Jobs refused potentially life-saving cancer surgery for nine months  shrugging off his family's protests and opting instead for alternative medicine  according to the tech visionary's biographer.,normal
AAPL,Apple Inc,20111021,UPDATE 2-Jobs refused cancer treatment too long - biographer ,Oct 20 Apple Inc co-founder Steve Jobs refused potentially life-saving cancer surgery for nine months  shrugging off his family's protests and opting instead for alternative medicine  according to the tech visionary's biographer.,normal
ADP,Automatic Data Processing Inc,20111021,EU clears ADP airport shopping venture ,BRUSSELS  Oct 21 The European Commission on Friday cleared the acquisition by  Aeroports de Paris  and Aelia  a subsidiary of  Lagardere Services   of a controlling interest in a new airport shopping joint venture.,topStory
TAPR,Barclays Inverse US Treasury Composite ETN,20111021,MOVES-Goldman  Aviva  Reliance Capital ,Oct 21 The following financial service industry appointment was announced on Friday. To inform us of other job changes  email to moves@thomsonreuters.com.,topStory
TAPR,Barclays Inverse US Treasury Composite ETN,20111021,UPDATE 1-Commodity investment falls in third quarter-BarCap ,Oct 21 Investment flows into commodities fell in consecutive quarters for the first time since 2008 as institutional investors remained active in cutting positions amid intensifying global growth concerns and downside risk to activity in emerging economies  Barclays Capital said on Friday.,normal
TAPR,Barclays Inverse US Treasury Composite ETN,20111021,Credit trading survey: three banks form top tier ,Oct 21 (IFR) - Deutsche Bank  JP Morgan and Barclays grabbed the biggest volume of business last year to emerge as the top tier players in the credit trading universe  a new survey has found.,normal
DLBL,Barclays PLC,20111021,MOVES-Goldman  Aviva  Reliance Capital ,Oct 21 The following financial service industry appointment was announced on Friday. To inform us of other job changes  email to moves@thomsonreuters.com.,topStory
DLBL,Barclays PLC,20111021,UPDATE 1-Commodity investment falls in third quarter-BarCap ,Oct 21 Investment flows into commodities fell in consecutive quarters for the first time since 2008 as institutional investors remained active in cutting positions amid intensifying global growth concerns and downside risk to activity in emerging economies  Barclays Capital said on Friday.,normal
DLBL,Barclays PLC,20111021,Credit trading survey: three banks form top tier ,Oct 21 (IFR) - Deutsche Bank  JP Morgan and Barclays grabbed the biggest volume of business last year to emerge as the top tier players in the credit trading universe  a new survey has found.,normal
DTYL,Barclays PLC,20111021,MOVES-Goldman  Aviva  Reliance Capital ,Oct 21 The following financial service industry appointment was announced on Friday. To inform us of other job changes  email to moves@thomsonreuters.com.,topStory
DTYL,Barclays PLC,20111021,UPDATE 1-Commodity investment falls in third quarter-BarCap ,Oct 21 Investment flows into commodities fell in consecutive quarters for the first time since 2008 as institutional investors remained active in cutting positions amid intensifying global growth concerns and downside risk to activity in emerging economies  Barclays Capital said on Friday.,normal
DTYL,Barclays PLC,20111021,Credit trading survey: three banks form top tier ,Oct 21 (IFR) - Deutsche Bank  JP Morgan and Barclays grabbed the biggest volume of business last year to emerge as the top tier players in the credit trading universe  a new survey has found.,normal
BIIB,Biogen Inc,20111021,UPDATE 2-Biogen MS trial data robust; shares jump ,Oct 21 Full data from a late-stage clinical trial of Biogen Idec Inc's experimental multiple sclerosis drug  BG-12  showed robust results across multiple measures and revealed no new safety concerns.,topStory
BIIB,Biogen Inc,20111021,Full Biogen DEFINE data shows robust results ,Oct 21 Full data from a late-stage clinical trial of Biogen Idec Inc's experimental multiple sclerosis drug  BG-12  showed robust results across multiple measures.,normal
CY,Cypress Semiconductor Corporation,20111021,Synaptics jumps on move to higher-margin business model ,Shares of Synaptics Inc  jumped more than 17 percent in early trading on Friday  a day after the touchpad maker said it had almost completely transitioned into making only touchscreen chips for its mobile business  a move expected to raise its margins considerably.,topStory
EMCI,EMC Insurance Group Inc,20111021,UPDATE 1-EMC Insurance sees Q3 oper loss  lowers FY view ,Oct 21 - EMC Insurance Group expects to post a third-quarter loss  hurt by large catastrophe and storm losses  and lowered its earnings outlook for the year.,topStory
ERIC,Ericsson,20111021,Sony sees Sony Ericsson key to its product strategy ,HONG KONG  Oct 21 Sony Corp sees Sony Ericsson as an integral part of its product lineup  as consumers look for more features  such as games  email and video  packed in their mobile devices  a top executive said.,topStory
IDXX,IDEXX Laboratories Inc,20111021,UPDATE 2-Higher pet product sales boost Idexx profit ,Oct 21 Veterinary products maker Idexx Laboratories Inc beat consensus profit estimates for a fifth-straight quarter and raised its full-year profit outlook on robust sales of its diagnostic products for pets.,topStory
INTC,Intel Corporation,20111021,Thai floods  hard drive shortage threaten PC sales ,SAN FRANCISCO A looming shortage of hard drives caused by floods in Thailand threatens to disrupt computer manufacturers as soon as December and hurt tech giants like Intel   Apple  and Dell .,topStory
INTC,Intel Corporation,20111021,Thai floods  hard drive shortage threaten PC sales ,SAN FRANCISCO  Oct 21 A looming shortage of hard drives caused by floods in Thailand threatens to disrupt computer manufacturers as soon as December and hurt tech giants like Intel   Apple and Dell .,normal
DTYS,iPath US Treasury 10-year Bear ETN,20111021,MOVES-Goldman  Aviva  Reliance Capital ,Oct 21 The following financial service industry appointment was announced on Friday. To inform us of other job changes  email to moves@thomsonreuters.com.,topStory
DTYS,iPath US Treasury 10-year Bear ETN,20111021,UPDATE 1-Commodity investment falls in third quarter-BarCap ,Oct 21 Investment flows into commodities fell in consecutive quarters for the first time since 2008 as institutional investors remained active in cutting positions amid intensifying global growth concerns and downside risk to activity in emerging economies  Barclays Capital said on Friday.,normal
DTYS,iPath US Treasury 10-year Bear ETN,20111021,Credit trading survey: three banks form top tier ,Oct 21 (IFR) - Deutsche Bank  JP Morgan and Barclays grabbed the biggest volume of business last year to emerge as the top tier players in the credit trading universe  a new survey has found.,normal
DTUS,iPath US Treasury 2-year Bear ETN,20111021,MOVES-Goldman  Aviva  Reliance Capital ,Oct 21 The following financial service industry appointment was announced on Friday. To inform us of other job changes  email to moves@thomsonreuters.com.,topStory
DTUS,iPath US Treasury 2-year Bear ETN,20111021,UPDATE 1-Commodity investment falls in third quarter-BarCap ,Oct 21 Investment flows into commodities fell in consecutive quarters for the first time since 2008 as institutional investors remained active in cutting positions amid intensifying global growth concerns and downside risk to activity in emerging economies  Barclays Capital said on Friday.,normal
DTUS,iPath US Treasury 2-year Bear ETN,20111021,Credit trading survey: three banks form top tier ,Oct 21 (IFR) - Deutsche Bank  JP Morgan and Barclays grabbed the biggest volume of business last year to emerge as the top tier players in the credit trading universe  a new survey has found.,normal
DTUL,iPath US Treasury 2-year Bull ETN,20111021,MOVES-Goldman  Aviva  Reliance Capital ,Oct 21 The following financial service industry appointment was announced on Friday. To inform us of other job changes  email to moves@thomsonreuters.com.,topStory
DTUL,iPath US Treasury 2-year Bull ETN,20111021,UPDATE 1-Commodity investment falls in third quarter-BarCap ,Oct 21 Investment flows into commodities fell in consecutive quarters for the first time since 2008 as institutional investors remained active in cutting positions amid intensifying global growth concerns and downside risk to activity in emerging economies  Barclays Capital said on Friday.,normal
DTUL,iPath US Treasury 2-year Bull ETN,20111021,Credit trading survey: three banks form top tier ,Oct 21 (IFR) - Deutsche Bank  JP Morgan and Barclays grabbed the biggest volume of business last year to emerge as the top tier players in the credit trading universe  a new survey has found.,normal
DFVS,iPath US Treasury 5-year Bear ETN,20111021,MOVES-Goldman  Aviva  Reliance Capital ,Oct 21 The following financial service industry appointment was announced on Friday. To inform us of other job changes  email to moves@thomsonreuters.com.,topStory
DFVS,iPath US Treasury 5-year Bear ETN,20111021,UPDATE 1-Commodity investment falls in third quarter-BarCap ,Oct 21 Investment flows into commodities fell in consecutive quarters for the first time since 2008 as institutional investors remained active in cutting positions amid intensifying global growth concerns and downside risk to activity in emerging economies  Barclays Capital said on Friday.,normal
DFVS,iPath US Treasury 5-year Bear ETN,20111021,Credit trading survey: three banks form top tier ,Oct 21 (IFR) - Deutsche Bank  JP Morgan and Barclays grabbed the biggest volume of business last year to emerge as the top tier players in the credit trading universe  a new survey has found.,normal
DFVL,iPath US Treasury 5-year Bull ETN,20111021,MOVES-Goldman  Aviva  Reliance Capital ,Oct 21 The following financial service industry appointment was announced on Friday. To inform us of other job changes  email to moves@thomsonreuters.com.,topStory
DFVL,iPath US Treasury 5-year Bull ETN,20111021,UPDATE 1-Commodity investment falls in third quarter-BarCap ,Oct 21 Investment flows into commodities fell in consecutive quarters for the first time since 2008 as institutional investors remained active in cutting positions amid intensifying global growth concerns and downside risk to activity in emerging economies  Barclays Capital said on Friday.,normal
DFVL,iPath US Treasury 5-year Bull ETN,20111021,Credit trading survey: three banks form top tier ,Oct 21 (IFR) - Deutsche Bank  JP Morgan and Barclays grabbed the biggest volume of business last year to emerge as the top tier players in the credit trading universe  a new survey has found.,normal
FLAT,iPath US Treasury Flattener ETN,20111021,MOVES-Goldman  Aviva  Reliance Capital ,Oct 21 The following financial service industry appointment was announced on Friday. To inform us of other job changes  email to moves@thomsonreuters.com.,topStory
FLAT,iPath US Treasury Flattener ETN,20111021,UPDATE 1-Commodity investment falls in third quarter-BarCap ,Oct 21 Investment flows into commodities fell in consecutive quarters for the first time since 2008 as institutional investors remained active in cutting positions amid intensifying global growth concerns and downside risk to activity in emerging economies  Barclays Capital said on Friday.,normal
FLAT,iPath US Treasury Flattener ETN,20111021,Credit trading survey: three banks form top tier ,Oct 21 (IFR) - Deutsche Bank  JP Morgan and Barclays grabbed the biggest volume of business last year to emerge as the top tier players in the credit trading universe  a new survey has found.,normal
DLBS,iPath US Treasury Long Bond Bear ETN,20111021,MOVES-Goldman  Aviva  Reliance Capital ,Oct 21 The following financial service industry appointment was announced on Friday. To inform us of other job changes  email to moves@thomsonreuters.com.,topStory
DLBS,iPath US Treasury Long Bond Bear ETN,20111021,UPDATE 1-Commodity investment falls in third quarter-BarCap ,Oct 21 Investment flows into commodities fell in consecutive quarters for the first time since 2008 as institutional investors remained active in cutting positions amid intensifying global growth concerns and downside risk to activity in emerging economies  Barclays Capital said on Friday.,normal
DLBS,iPath US Treasury Long Bond Bear ETN,20111021,Credit trading survey: three banks form top tier ,Oct 21 (IFR) - Deutsche Bank  JP Morgan and Barclays grabbed the biggest volume of business last year to emerge as the top tier players in the credit trading universe  a new survey has found.,normal
STPP,iPath US Treasury Steepener ETN,20111021,MOVES-Goldman  Aviva  Reliance Capital ,Oct 21 The following financial service industry appointment was announced on Friday. To inform us of other job changes  email to moves@thomsonreuters.com.,topStory
STPP,iPath US Treasury Steepener ETN,20111021,UPDATE 1-Commodity investment falls in third quarter-BarCap ,Oct 21 Investment flows into commodities fell in consecutive quarters for the first time since 2008 as institutional investors remained active in cutting positions amid intensifying global growth concerns and downside risk to activity in emerging economies  Barclays Capital said on Friday.,normal
STPP,iPath US Treasury Steepener ETN,20111021,Credit trading survey: three banks form top tier ,Oct 21 (IFR) - Deutsche Bank  JP Morgan and Barclays grabbed the biggest volume of business last year to emerge as the top tier players in the credit trading universe  a new survey has found.,normal
LBTYA,Liberty Global plc,20111021,UPDATE 1-Liberty  Kabel BW offer takeover concessions ,FRANKFURT  OCT 21 - Liberty Global and German cable group Kabel Baden-Wuerttemberg (Kabel BW) have offered concessions to dispel regulatory concerns over their planned 3.16 billion euro  ($4.3 billion) takeover deal.,topStory
LBTYB,Liberty Global plc,20111021,UPDATE 1-Liberty  Kabel BW offer takeover concessions ,FRANKFURT  OCT 21 - Liberty Global and German cable group Kabel Baden-Wuerttemberg (Kabel BW) have offered concessions to dispel regulatory concerns over their planned 3.16 billion euro  ($4.3 billion) takeover deal.,topStory
LBTYK,Liberty Global plc,20111021,UPDATE 1-Liberty  Kabel BW offer takeover concessions ,FRANKFURT  OCT 21 - Liberty Global and German cable group Kabel Baden-Wuerttemberg (Kabel BW) have offered concessions to dispel regulatory concerns over their planned 3.16 billion euro  ($4.3 billion) takeover deal.,topStory
MSFT,Microsoft Corporation,20111021,Feeble Windows holds back Microsoft profit ,SEATTLE Microsoft Corp's flagship operating system made only slight gains last quarter  largely due to business and emerging market spending  holding back profit growth for the world's largest software company. | Video ,topStory
NWS,News Corporation,20111021,Rupert Murdoch lucid  feisty in investor face-off ,LOS ANGELES News Corp shareholders reelected the media conglomerate's board of directors on Friday and failed to approve a proposal to oust Rupert Murdoch from his chairman post.,topStory
NWS,News Corporation,20111021,UPDATE 3-Murdoch lucid  feisty in investor face-off ,* British MP: News of the World reporters hacked computers,normal
NWS,News Corporation,20111021,News Corp investors to berate Murdochs at meeting ,News Corp is bracing itself for a dramatic showdown with shareholders and new revelations of surveillance tactics by some of its UK journalists at its annual meeting in Los Angeles on Friday.,normal
NWS,News Corporation,20111021,News Corp investors to berate Murdochs at meeting ,Oct 21 News Corp is bracing itself for a dramatic showdown with shareholders and new revelations of surveillance tactics by some of its UK journalists at its annual meeting in Los Angeles on Friday.,normal
NWS,News Corporation,20111021,News International reaches 3 million pound phone-hacking accord ,LONDON News International said on Friday it had agreed to pay the family of murdered British schoolgirl Milly Dowler two million pounds ($3.17 million) over phone hacking claims.,normal
NWS,News Corporation,20111021,UPDATE 1-News Intl reaches 3 mln stg phone-hacking accord ,LONDON  Oct 21 News International said on Friday it had agreed to pay the family of murdered British schoolgirl Milly Dowler two million pounds ($3.17 million) over phone hacking claims.,normal
NWS,News Corporation,20111021,News Intl reaches 3 mln stg phone-hacking accord ,LONDON  Oct 21 News International said on Friday it had agreed to pay the family of murdered British schoolgirl Milly Dowler two million pounds ($3.17 million)  with another million pounds going to charity  in settlement of phone-hacking claims.,normal
NWS,News Corporation,20111021,DirecTV says may pull the plug on Fox TV shows ,A dispute has broken out between News Corp owned Fox Networks and DirecTV Group  the largest U.S. satellite TV provider  over carriage fees that could potentially lead to DirecTV pulling the plug on Fox channels from Nov 1.,normal
NWS,News Corporation,20111021,DirecTV says may pull the plug on Fox TV shows ,Oct 21 A dispute has broken out between News Corp owned Fox Networks and DirecTV Group   the largest U.S. satellite TV provider  over carriage fees that could potentially lead to DirecTV pulling the plug on Fox channels from Nov 1.,normal
NWSA,News Corporation,20111021,Rupert Murdoch lucid  feisty in investor face-off ,LOS ANGELES News Corp shareholders reelected the media conglomerate's board of directors on Friday and failed to approve a proposal to oust Rupert Murdoch from his chairman post.,topStory
NWSA,News Corporation,20111021,UPDATE 3-Murdoch lucid  feisty in investor face-off ,* British MP: News of the World reporters hacked computers,normal
NWSA,News Corporation,20111021,News Corp investors to berate Murdochs at meeting ,News Corp is bracing itself for a dramatic showdown with shareholders and new revelations of surveillance tactics by some of its UK journalists at its annual meeting in Los Angeles on Friday.,normal
NWSA,News Corporation,20111021,News Corp investors to berate Murdochs at meeting ,Oct 21 News Corp is bracing itself for a dramatic showdown with shareholders and new revelations of surveillance tactics by some of its UK journalists at its annual meeting in Los Angeles on Friday.,normal
NWSA,News Corporation,20111021,News International reaches 3 million pound phone-hacking accord ,LONDON News International said on Friday it had agreed to pay the family of murdered British schoolgirl Milly Dowler two million pounds ($3.17 million) over phone hacking claims.,normal
NWSA,News Corporation,20111021,UPDATE 1-News Intl reaches 3 mln stg phone-hacking accord ,LONDON  Oct 21 News International said on Friday it had agreed to pay the family of murdered British schoolgirl Milly Dowler two million pounds ($3.17 million) over phone hacking claims.,normal
NWSA,News Corporation,20111021,News Intl reaches 3 mln stg phone-hacking accord ,LONDON  Oct 21 News International said on Friday it had agreed to pay the family of murdered British schoolgirl Milly Dowler two million pounds ($3.17 million)  with another million pounds going to charity  in settlement of phone-hacking claims.,normal
NWSA,News Corporation,20111021,DirecTV says may pull the plug on Fox TV shows ,A dispute has broken out between News Corp owned Fox Networks and DirecTV Group  the largest U.S. satellite TV provider  over carriage fees that could potentially lead to DirecTV pulling the plug on Fox channels from Nov 1.,normal
NWSA,News Corporation,20111021,DirecTV says may pull the plug on Fox TV shows ,Oct 21 A dispute has broken out between News Corp owned Fox Networks and DirecTV Group   the largest U.S. satellite TV provider  over carriage fees that could potentially lead to DirecTV pulling the plug on Fox channels from Nov 1.,normal
POOL,Pool Corporation,20111021,Lindsay Lohan arrives at morgue  on time ,LOS ANGELES Actress Lindsay Lohan arrived on time to her court-ordered community service at a morgue on Friday  after nearly jeopardizing her probation one day earlier by turning up late and being refused entry. | Video ,topStory
STX,Seagate Technology PLC,20111021,UPDATE 1-Seagate factories running amid Thailand floods ,SAN FRANCISCO  Oct 20 Seagate Technology said its factories in Thailand were running full capacity after widespread flooding  and its stock rose more than 8 percent.,topStory
SYNA,Synaptics Incorporated,20111021,Synaptics jumps on move to higher-margin business model ,Shares of Synaptics Inc  jumped more than 17 percent in early trading on Friday  a day after the touchpad maker said it had almost completely transitioned into making only touchscreen chips for its mobile business  a move expected to raise its margins considerably.,topStory
USAK,USA Truck Inc,20111021,UPDATE 3-USA Truck snubs Celadon on merger talks ,Oct 21 USA Truck Inc refused to meet with larger rival Celadon Group to discuss a possible merger even as it reported a quarterly loss and announced a host of restructuring actions.,topStory
USAK,USA Truck Inc,20111021,USA Truck snubs Celadon on merger talks ,USA Truck Inc  refused to meet with larger rival Celadon Group  to discuss a possible merger even as it reported a quarterly loss and announced a host of restructuring actions.,normal
VRTX,Vertex Pharmaceuticals Incorporated,20111021,RPT-UPDATE 1-Vertex CEO sees "historic launch" for Hep-C drug ,BOSTON  Oct 20 The chief executive of Vertex Pharmaceuticals Inc   Matthew Emmens  said on Thursday that adoption of its recently launched hepatitis C drug  Incivek  has been "very  very fast.",topStory
AIR,AAR Corp,20111021,Deals of the day - mergers and acquisitions ,Oct 21 The following bids  mergers  acquisitions and disposals involving European  U.S. and Asian companies were reported by 2015 GMT on Friday:,topStory
AIR,AAR Corp,20111021,UPDATE 2-AAR to buy two Teleflex businesses for $280 mln ,Oct 21 Aircraft parts supplier AAR Corp  said it would buy two businesses from rival Teleflex Inc  for $280 million to expand its aircraft cargo systems business.,normal
AEB,Aegon NV,20111021,EU mergers and takeovers (Oct 21) ,BRUSSELS  Oct 21 The following are mergers under review by the European Commission and a brief guide to the EU merger process:,topStory
AED,Aegon NV,20111021,EU mergers and takeovers (Oct 21) ,BRUSSELS  Oct 21 The following are mergers under review by the European Commission and a brief guide to the EU merger process:,topStory
AEG,Aegon NV,20111021,EU mergers and takeovers (Oct 21) ,BRUSSELS  Oct 21 The following are mergers under review by the European Commission and a brief guide to the EU merger process:,topStory
AEH,Aegon NV,20111021,EU mergers and takeovers (Oct 21) ,BRUSSELS  Oct 21 The following are mergers under review by the European Commission and a brief guide to the EU merger process:,topStory
AEK,Aegon NV,20111021,EU mergers and takeovers (Oct 21) ,BRUSSELS  Oct 21 The following are mergers under review by the European Commission and a brief guide to the EU merger process:,topStory
APD,Air Products and Chemicals Inc,20111021,Air Products shares slip after weak forecast ,Air Products and Chemicals Inc  forecast a fiscal first quarter profit below Wall Street's expectations  sending the industrial gas supplier's shares down as much as 5.1 percent.,topStory
APD,Air Products and Chemicals Inc,20111021,CORRECTED - UPDATE 1-Air Products profit meets Street's forecast ,Oct 21 Air Products and Chemicals Inc  posted a quarterly profit in line with Wall Street's expectations on Friday due to strong sales of bulk industrial gases and material to electronics producers.,normal
AMOV,America Movil SAB de CV,20111021,Text-Fitch rates America Movil's JPY12 bln bonds A ,MONTERREY  October 21 (Fitch) Fitch Ratings has assigned the following ratings to the Japanese Yen Bonds issued by America Movil   S.A.B. de C.V. (America Movil): --JPY6 900 000 000 1.23% First Series Japanese Yen Bonds due October 2014 'A'; --JPY5 100 000 000 1.53% Second Series Japanese Yen Bonds due October 2016 'A'. Proceeds from the bonds are expected to be used for general corporate uses and capital expenditures including network equipment improvement. America Movil's ratings are supported,topStory
AMOV,America Movil SAB de CV,20111021,America Movil eyes other debt mkts after yen issue ,MEXICO CITY  Oct 21 Mexico's America Movil is open to other foreign currency debt markets after it launched Samurai bonds this week in an unusual move for a Latin American company.,normal
AMX,America Movil SAB de CV,20111021,Text-Fitch rates America Movil's JPY12 bln bonds A ,MONTERREY  October 21 (Fitch) Fitch Ratings has assigned the following ratings to the Japanese Yen Bonds issued by America Movil   S.A.B. de C.V. (America Movil): --JPY6 900 000 000 1.23% First Series Japanese Yen Bonds due October 2014 'A'; --JPY5 100 000 000 1.53% Second Series Japanese Yen Bonds due October 2016 'A'. Proceeds from the bonds are expected to be used for general corporate uses and capital expenditures including network equipment improvement. America Movil's ratings are supported,topStory
AMX,America Movil SAB de CV,20111021,America Movil eyes other debt mkts after yen issue ,MEXICO CITY  Oct 21 Mexico's America Movil is open to other foreign currency debt markets after it launched Samurai bonds this week in an unusual move for a Latin American company.,normal
AIG,American International Group Inc,20111021,AIG loses bid to move $10 billion fraud case vs BofA ,A federal judge rejected American International Group Inc's request to move its $10 billion mortgage fraud lawsuit against Bank of America Corp back to a New York state court  where AIG believed the case belonged.,topStory
AIG,American International Group Inc,20111021,UPDATE 2-AIG loses bid to move $10 bln fraud case vs BofA ,Oct 21 A federal judge rejected American International Group Inc's request to move its $10 billion mortgage fraud lawsuit against Bank of America Corp back to a New York state court  where AIG believed the case belonged.,normal
AZN,Astrazeneca PLC,20111021,EU agency backs wider use of Cervarix and Onglyza ,LONDON  Oct 21 European Medicines Agency statement following monthly meeting of Committee for Medicinal Products for Human Use (CHMP):,topStory
T,AT&T Inc,20111021,Verizon subscribers miss Street  investors shrug ,Verizon Communications Inc wireless subscriber growth was slower than expected in the quarter before the latest Apple Inc iPhone launch  but was still ahead of its biggest rival.,topStory
T,AT&T Inc,20111021,UPDATE 3-Verizon subscribers miss Street  investors shrug ,Oct 21 Verizon Communications Inc  wireless subscriber growth was slower than expected in the quarter before the latest Apple Inc iPhone launch  but was still ahead of its biggest rival.,normal
SAN,Banco Santander SA,20111021,Santander sells stake in U.S. consumer unit ,Private equity firms  including Warburg Pincus  and KKR & Co   are buying a 25 percent stake in Banco Santander SA's  U.S. consumer finance business for $1 billion  in a bid that the market for Americans with limited access to banking services will grow.,topStory
SAN,Banco Santander SA,20111021,UPDATE 4-Santander sells stake in US consumer unit ,Oct 21 Private equity firms  including Warburg PincusKKR & Co   are buying a 25 percent stake in Banco Santander SA's U.S. consumer finance business for $1 billion  in a bid that the market for Americans with limited access to banking services will grow.,normal
BAC,Bank of America Corporation,20111021,REFILE-COLUMN-Big banks want your big bucks  but ask questions ,NEW YORK  Oct 21 Despite receiving some $4.7 trillion in taxpayer bailout funds  the largest of them are moving more towards wealthy customers with assets to invest and away from low-margin checking accounts. That doesn't mean you should invest with them  though.,topStory
BAC,Bank of America Corporation,20111021,AIG loses bid to move $10 billion fraud case vs BofA ,A federal judge rejected American International Group Inc's request to move its $10 billion mortgage fraud lawsuit against Bank of America Corp back to a New York state court  where AIG believed the case belonged.,normal
BAC,Bank of America Corporation,20111021,UPDATE 2-AIG loses bid to move $10 bln fraud case vs BofA ,Oct 21 A federal judge rejected American International Group Inc's request to move its $10 billion mortgage fraud lawsuit against Bank of America Corp back to a New York state court  where AIG believed the case belonged.,normal
BCS,Barclays PLC,20111021,MOVES-Goldman  Aviva  Reliance Capital ,Oct 21 The following financial service industry appointment was announced on Friday. To inform us of other job changes  email to moves@thomsonreuters.com.,topStory
BCS,Barclays PLC,20111021,UPDATE 1-Commodity investment falls in third quarter-BarCap ,Oct 21 Investment flows into commodities fell in consecutive quarters for the first time since 2008 as institutional investors remained active in cutting positions amid intensifying global growth concerns and downside risk to activity in emerging economies  Barclays Capital said on Friday.,normal
BCS,Barclays PLC,20111021,Credit trading survey: three banks form top tier ,Oct 21 (IFR) - Deutsche Bank  JP Morgan and Barclays grabbed the biggest volume of business last year to emerge as the top tier players in the credit trading universe  a new survey has found.,normal
BP,BP plc,20111021,UPDATE 3-US approves first post-spill drilling plan for BP ,* BP will still need to get permits before drilling begins,topStory
BP,BP plc,20111021,Fridman to run TNK-BP to end-2013 - sources ,MOSCOW  Oct 21 Mikhail Fridman will continue to serve as chief executive of Russia's No.3 oil firm TNK-BP  until the end of 2013 now that his heir apparent  Deputy CEO Maxim Barsky  is leaving the company  sources close to management said on Friday.,normal
BMY,Bristol-Myers Squibb Company,20111021,EU agency backs wider use of Cervarix and Onglyza ,LONDON  Oct 21 European Medicines Agency statement following monthly meeting of Committee for Medicinal Products for Human Use (CHMP):,topStory
DB,Deutsche Bank AG,20111021,Major financials call for EFSF insurance plan ,LONDON  Oct 21 (IFR) - A group of 10 European financial institutions have sent a letter to the European Financial Stablity Fund to back a proposal for insurance of parts of eurozone sovereign bonds.,topStory
DB,Deutsche Bank AG,20111021,Credit trading survey: three banks form top tier ,Oct 21 (IFR) - Deutsche Bank  JP Morgan and Barclays grabbed the biggest volume of business last year to emerge as the top tier players in the credit trading universe  a new survey has found.,normal
DOV,Dover Corporation,20111021,UPDATE 3-Dover sees growth rate slowing; shares drop ,Oct 21 Dover Corp's quarterly profit came above Wall Street expectations on strength in its energy and consumer electronics markets but the U.S. industrial conglomerate warned on slowing growth rates.,topStory
EIX,Edison International,20111021,OMV buys stake in gas find off Norway for $32 mln ,OSLO  Oct 21 Austrian oil and gas group OMV  has agreed to buy Norwegian Noreco's 20 percent stake in a gas discovery on Haltenbanken in the Norwegian Sea for 180 million Norwegian crowns ($32 million).,topStory
ENB,Enbridge Inc,20111021,Enbridge to ration space on three lines in November ,Oct 21 Enbridge Inc  said on Friday it would ration space on three lines on its massive export system for November due to high nominations and capacity restrictions.,topStory
ETR,Entergy Corporation,20111021,UPDATE 1-Still no decision day for Vermont Yankee closure ,Oct 21 More than five weeks after the trial on whether the Vermont Yankee nuclear plant in Vermont can remain open  the parties are unsure of when the federal judge will decide.,topStory
XOM,Exxon Mobil Corporation,20111021,Exxon Singapore refinery suffers power outage - trade ,SINGAPORE  Oct 21 Exxon Mobil Corp's  refining facilities in Singapore has suffered a power outage  industry sources said on Friday.,topStory
F,Ford Motor Company,20111021,S&P boosts Ford closer to investment grade ,Ford Motor Co  is within one notch of investment grade credit rating at two of the three major ratings agencies after Standard and Poor's Ratings Service on Friday boosted the automaker two notches up its ratings ladder.,topStory
F,Ford Motor Company,20111021,UPDATE 2-S&P boosts Ford closer to investment grade ,* J.P. Morgan says expects Ford dividend within half year,normal
FCX,Freeport-McMoran Inc,20111021,Freeport Indonesia miners union restarts pay talks ,JAKARTA  Oct 21 Freeport McMoRan Copper & Gold Inc resumed pay talks with its workers union on Friday to try to end a month-long strike at its giant Indonesia mine  union spokesman Juli Parorrongan said.,topStory
GD,General Dynamics Corporation,20111021,General Dynamics Canada LAV contract worth $1 bln ,OTTAWA  Oct 21 General Dynamics Corp's  Land Systems unit (GDLS) in Canada has won a C$1.06 billion ($1.05 billion) contract to make the country's combat vehicles mine-resistant  the Canadian government said on Friday.,topStory
GEK,General Electric Capital Corporation,20111021,GE growth meets forecasts  but margins a worry ,General Electric Co reported earnings that met Wall Street expectations  but its shares slipped 1.4 percent as investors worried about declining profit margins at its energy equipment division. | Video ,topStory
GEK,General Electric Capital Corporation,20111021,UPDATE 6-GE growth meets forecasts  but margins a worry ,Oct 21 General Electric Co reported earnings that met Wall Street expectations  but its shares slipped 1.4 percent as investors worried about declining profit margins at its energy equipment division.,normal
GEK,General Electric Capital Corporation,20111021,Instant view: GE meets Street view  forecasts 2012 growth ,General Electric Co reported an 18 percent rise in quarterly profit that met Wall Street's expectations  as revenue rose across its big energy  aviation  healthcare and transportation arms.,normal
GEK,General Electric Capital Corporation,20111021,GE profit rises 18 percent in third quarter ,Oct 21 General Electric Co said quarterly earnings rose 18 percent  with profit up at its jet engine  healthcare equipment and railroad locomotive units  as well as the hefty GE Capital finance arm.,normal
GEK,General Electric Capital Corporation,20111021,U.S. stock futures signal slight gains for equities ,* U.S. stock index futures pointed to a slightly higher open for equities on Wall Street on Friday  with futures for the S&P 500   for the Dow Jones and for the Nasdaq 100  up 0.2-0.3 percent.,normal
GEK,General Electric Capital Corporation,20111021,GE seen notching 11 pct EPS rise  spurred by energy ,Oct 21 General Electric Co is expected to post an 11 percent rise in earnings per share on Friday  reflecting improved results at its large energy operation and strong demand from fast-growing economies including China.,normal
GE,General Electric Company,20111021,GE growth meets forecasts  but margins a worry ,General Electric Co reported earnings that met Wall Street expectations  but its shares slipped 1.4 percent as investors worried about declining profit margins at its energy equipment division. | Video ,topStory
GE,General Electric Company,20111021,UPDATE 6-GE growth meets forecasts  but margins a worry ,Oct 21 General Electric Co reported earnings that met Wall Street expectations  but its shares slipped 1.4 percent as investors worried about declining profit margins at its energy equipment division.,normal
GE,General Electric Company,20111021,Instant view: GE meets Street view  forecasts 2012 growth ,General Electric Co reported an 18 percent rise in quarterly profit that met Wall Street's expectations  as revenue rose across its big energy  aviation  healthcare and transportation arms.,normal
GE,General Electric Company,20111021,GE profit rises 18 percent in third quarter ,Oct 21 General Electric Co said quarterly earnings rose 18 percent  with profit up at its jet engine  healthcare equipment and railroad locomotive units  as well as the hefty GE Capital finance arm.,normal
GE,General Electric Company,20111021,U.S. stock futures signal slight gains for equities ,* U.S. stock index futures pointed to a slightly higher open for equities on Wall Street on Friday  with futures for the S&P 500   for the Dow Jones and for the Nasdaq 100  up 0.2-0.3 percent.,normal
GE,General Electric Company,20111021,GE seen notching 11 pct EPS rise  spurred by energy ,Oct 21 General Electric Co is expected to post an 11 percent rise in earnings per share on Friday  reflecting improved results at its large energy operation and strong demand from fast-growing economies including China.,normal
GM,General Motors Company,20111021,UPDATE 1-GM to invest $325 mln in Mich transmission plant ,Oct 21 General Motors Co said on Friday that it would invest $325 million on tools and equipment to support production of future electric vehicle parts at a plant near Detroit.,topStory
GSK,GlaxoSmithKline PLC,20111021,EU agency backs wider use of Cervarix and Onglyza ,LONDON  Oct 21 European Medicines Agency statement following monthly meeting of Committee for Medicinal Products for Human Use (CHMP):,topStory
GS,Goldman Sachs Group Inc (The),20111021,El Paso shareholders sue Goldman over Kinder deal ,Goldman Sachs Group  was sued by shareholders of El Paso Corp  for advising the company's board to abandon a spin-off and instead sell itself cheaply to Kinder Morgan Inc   a deal that benefited Goldman Sachs.,topStory
GS,Goldman Sachs Group Inc (The),20111021,El Paso shareholders sue Goldman over Kinder deal ,Oct 21 Goldman Sachs Group was sued by shareholders of El Paso Corp for advising the company's board to abandon a spin-off and instead sell itself cheaply to Kinder Morgan Inc   a deal that benefited Goldman Sachs.,normal
GS,Goldman Sachs Group Inc (The),20111021,UPDATE 1-Goldman names co-heads of commodities trading ,LONDON/NEW YORK  Oct 21 Goldman Sachs has signed Greg Agran and Magid Shenouda as global co-heads of commodities trading  following the retirement of Jeff Resnick  it said on Friday.,normal
GS,Goldman Sachs Group Inc (The),20111021,Goldman names co-heads of commodities trading ,LONDON  Oct 21 Goldman Sachs confirmed on Friday that it has signed Greg Agran and Magid Shenouda as global co-heads of commodities trading  following the retirement of Jeff Resnick.,normal
HAL,Halliburton Company,20111021,Halliburton probes Angola unit after email tip-off ,Oct 21 U.S. oilfield services company Halliburton Co conducted an internal investigation of its Angolan operations after an anonymous email alleged its employees breached corruption laws.,topStory
HON,Honeywell International Inc,20111021,US STOCKS-Wall St extends gains on bets on EU success ,NEW YORK  Oct 21 U.S. stocks rose to their highest in more than two months on Friday before a weekend European Union debt-crisis summit that could potentially remove a major headwind for markets and allow investors to focus on corporate results.,topStory
HON,Honeywell International Inc,20111021,Honeywell posts higher earnings  raises 2011 view ,Honeywell International Inc's  quarterly earnings significantly outpaced analyst expectations with a 45 percent increase  and the company lifted its full-year outlook.,normal
HON,Honeywell International Inc,20111021,UPDATE 4-Honeywell posts higher earnings  raises 2011 view ,Oct 21 Honeywell International Inc's  quarterly earnings significantly outpaced analyst expectations with a 45 percent increase  and the company lifted its full-year outlook.,normal
HON,Honeywell International Inc,20111021,GLOBAL MARKETS-Global stocks  euro gain on debt crisis optimism ,* Global equity markets extend gains on debt crisis hopes,normal
HSBC,HSBC Holdings plc,20111021,UPDATE 1-Market Chatter -- Corporate finance press digest ,* Adds Telekom Austria  Iliad  HSBC  Volksbanken  Dexia  Commerzbank  South Korea  Perry Capital and WestLB,topStory
HSBC,HSBC Holdings plc,20111021,French and Benelux stocks-Factors to watch on Oct 21 ,PARIS  Oct 21 Below are company-related news and stories from French and Benelux media which could have an impact on the region's markets or individual stocks.,normal
HSEA,HSBC Holdings plc,20111021,UPDATE 1-Market Chatter -- Corporate finance press digest ,* Adds Telekom Austria  Iliad  HSBC  Volksbanken  Dexia  Commerzbank  South Korea  Perry Capital and WestLB,topStory
HSEA,HSBC Holdings plc,20111021,French and Benelux stocks-Factors to watch on Oct 21 ,PARIS  Oct 21 Below are company-related news and stories from French and Benelux media which could have an impact on the region's markets or individual stocks.,normal
HSEB,HSBC Holdings plc,20111021,UPDATE 1-Market Chatter -- Corporate finance press digest ,* Adds Telekom Austria  Iliad  HSBC  Volksbanken  Dexia  Commerzbank  South Korea  Perry Capital and WestLB,topStory
HSEB,HSBC Holdings plc,20111021,French and Benelux stocks-Factors to watch on Oct 21 ,PARIS  Oct 21 Below are company-related news and stories from French and Benelux media which could have an impact on the region's markets or individual stocks.,normal
JPM,J P Morgan Chase & Co,20111021,UPDATE 2-S&P boosts Ford closer to investment grade ,* J.P. Morgan says expects Ford dividend within half year,topStory
JPM,J P Morgan Chase & Co,20111021,REFILE-EFSF leverage plan may limit states' borrowing options ,* Insured debt to trade at 80-100 bps discount - JPMorgan,normal
JPM,J P Morgan Chase & Co,20111021,Credit trading survey: three banks form top tier ,Oct 21 (IFR) - Deutsche Bank  JP Morgan and Barclays grabbed the biggest volume of business last year to emerge as the top tier players in the credit trading universe  a new survey has found.,normal
JNJ,Johnson & Johnson,20111021,UPDATE 2-EU regulator probes J&J  Novartis generic drug deals ,* EU suspects strategy to delay generic versions of painkiller,topStory
JNJ,Johnson & Johnson,20111021,EU regulator probes Johnson & Johnson  Novartis deals ,BRUSSELS  Oct 21 EU antitrust regulators are investigating agreements between U.S. drugmaker Johnson & Johnson and its Swiss counterpart Novartis  over concerns that they may have delayed the entry of a generic version of painkiller Fentanyl onto the Dutch market.,normal
K,Kellogg Company,20111021,U.S. Treasury nominee approved after hold lifted ,WASHINGTON  Oct 21 The U.S. Senate on Friday confirmed Janice Eberly as the U.S. Treasury's assistant secretary for economic policy after a senator partially lifted a hold he had placed on nominees for Treasury positions.,topStory
KMI,Kinder Morgan Inc,20111021,El Paso shareholders sue Goldman over Kinder deal ,Goldman Sachs Group  was sued by shareholders of El Paso Corp  for advising the company's board to abandon a spin-off and instead sell itself cheaply to Kinder Morgan Inc   a deal that benefited Goldman Sachs.,topStory
KMI,Kinder Morgan Inc,20111021,El Paso shareholders sue Goldman over Kinder deal ,Oct 21 Goldman Sachs Group was sued by shareholders of El Paso Corp for advising the company's board to abandon a spin-off and instead sell itself cheaply to Kinder Morgan Inc   a deal that benefited Goldman Sachs.,normal
KMI,Kinder Morgan Inc,20111021,UPDATE 1-Trans Mountain oil line apportioned in November ,CALGARY  Alberta  Oct 21 Kinder Morgan Energy Partners' oil pipeline to Canada's West Coast from Alberta is overbooked for November  forcing it to claw back its shippers' nominated volumes  the company said on Friday.,normal
LYB,LyondellBasell Industries NV,20111021,Debt buyback a bullish bet for LyondellBasell ,NEW YORK Chemical maker LyondellBasell's  plan to buy back nearly $2.8 billion in debt and pay a special dividend nearly the same size is a bullish bet that demand for commodity chemicals will recover from a recent soft patch and rally the rest of the decade.,topStory
LYB,LyondellBasell Industries NV,20111021,UPDATE 1-Debt buyback a bullish bet for LyondellBasell ,NEW YORK  Oct 21 Chemical maker LyondellBasell's plan to buy back nearly $2.8 billion in debt and pay a special dividend nearly the same size is a bullish bet that demand for commodity chemicals will recover from a recent soft patch and rally the rest of the decade.,normal
LYB,LyondellBasell Industries NV,20111021,Debt buyback a bullish bet for LyondellBasell ,NEW YORK  Oct 21 Chemical maker LyondellBasell's plan to buy back nearly $2.8 billion in debt and pay a special dividend nearly the same size is a bullish bet that demand for commodity chemicals will recover from a recent soft patch and rally the rest of the decade.,normal
MAN,ManpowerGroup,20111021,UPDATE 2-Manpower profit tops Wall Street forecasts ,Oct 21 ManpowerGroup   the largest U.S.-based staffing company  reported a market-beating 55 percent rise in third-quarter profit  helped by a weaker U.S. dollar  and said demand for temporary workers was "solid" around the world.,topStory
MCD,McDonald&#39;s Corporation,20111021,McDonald's growth defies volatile economy ,McDonald's Corp  reported a higher-than-expected third-quarter profit on Friday as new menu items and renovations lifted sales during a summer of extreme economic volatility  and its shares rose nearly 3 percent.,topStory
MCD,McDonald&#39;s Corporation,20111021,UPDATE 6-McDonald's growth defies volatile economy ,* Sept same-store sales up 6.6 pct vs Wall St view 3.6 pct,normal
MCD,McDonald&#39;s Corporation,20111021,US STOCKS-Wall St extends gains on bets on EU success ,NEW YORK  Oct 21 U.S. stocks rose to their highest in more than two months on Friday before a weekend European Union debt-crisis summit that could potentially remove a major headwind for markets and allow investors to focus on corporate results.,normal
MCD,McDonald&#39;s Corporation,20111021,CORRECTION -  - UPDATE 4-McDonald's profit  Sept sales beat expectations ,- ,normal
MCD,McDonald&#39;s Corporation,20111021,US STOCKS-Wall St opens higher ahead of weekend euro summit ,NEW YORK  Oct 21 U.S. stock indexes rose at the open on Friday ahead of a European Union debt-crisis summit on the weekend that could go some way in removing one of the biggest overhangs for markets and allow investors to focus on corporate results.,normal
MCD,McDonald&#39;s Corporation,20111021,US STOCKS-Wall St to open higher ahead of weekend euro summit ,NEW YORK  Oct 21 Wall Street stocks were set to open higher on Friday ahead of a European Union debt-crisis summit on the weekend that could go some way in removing one of the biggest overhangs for markets and allow investors to focus on corporate results.,normal
MRK,Merck & Company Inc,20111021,Merck says to invest $250 mln in Singapore over 10 years ,SINGAPORE  Oct 21 MSD  the U.K. unit of global healthcare company Merck & Co   has signed an agreement to invest $250 million over 10 years to improve its manufacturing facilities in Singapore  the firm said in a joint statement on Friday.,topStory
MCO,Moody&#39;s Corporation,20111021,BRIEF-Moody's disclosures on credit ratings of Linde AG ,Oct 21 Linde AG * Moody's Disclosures on Credit Ratings of Linde AG ,topStory
MS,Morgan Stanley,20111021,UPDATE 1-Goldman names co-heads of commodities trading ,LONDON/NEW YORK  Oct 21 Goldman Sachs has signed Greg Agran and Magid Shenouda as global co-heads of commodities trading  following the retirement of Jeff Resnick  it said on Friday.,topStory
NAV,Navistar International Corporation,20111021,Icahn interested in Navistar  Oshkosh merger ,Billionaire investor Carl Icahn wants Navistar International Corp  to consider merging with rival Oshkosh Corp   though he has not yet made a formal proposal to either company  several people familiar with the situation said.,topStory
NAV,Navistar International Corporation,20111021,UPDATE 3-Icahn interested in Navistar  Oshkosh merger ,* Investor in talks with Navistar for board seats-sources,normal
NAV,Navistar International Corporation,20111021,Icahn interested in Navistar  Oshkosh merger-sources ,Oct 21 Billionaire investor Carl Icahn wants Navistar International Corp to consider merging with rival Oshkosh Corp   though he has not yet made a formal proposal to either company  several people familiar with the situation said.,normal
NMR,Nomura Holdings Inc ADR,20111021,Bain Capital to buy Skylark for $2.1 billion ,TOKYO U.S. private equity firm Bain Capital said it agreed to buy restaurant chain Skylark from Nomura Holdings  and other investors for $2.1 billion in equity  marking the largest buyout by a private equity firm in Japan since the financial crisis.,topStory
NMR,Nomura Holdings Inc ADR,20111021,UPDATE 1-Bain Capital to buy Skylark for $2.1 bln ,TOKYO  Oct 21 U.S. private equity firm Bain Capital said it agreed to buy restaurant chain Skylark from Nomura Holdings and other investors for $2.1 billion in equity  marking the largest buyout by a private equity firm in Japan since the financial crisis.,normal
NOC,Northrop Grumman Corporation,20111021,Northrop Grumman electronic systems unit to cut 800 jobs ,Oct 21 Defense contractor Northrop Grumman Corp is cutting 800 jobs in its electronics systems sector in a move to pare costs in preparation for a tougher global spending environment.,topStory
OSK,Oshkosh Corporation,20111021,Icahn interested in Navistar  Oshkosh merger ,Billionaire investor Carl Icahn wants Navistar International Corp  to consider merging with rival Oshkosh Corp   though he has not yet made a formal proposal to either company  several people familiar with the situation said.,topStory
OSK,Oshkosh Corporation,20111021,UPDATE 3-Icahn interested in Navistar  Oshkosh merger ,* Investor in talks with Navistar for board seats-sources,normal
OSK,Oshkosh Corporation,20111021,Icahn interested in Navistar  Oshkosh merger-sources ,Oct 21 Billionaire investor Carl Icahn wants Navistar International Corp to consider merging with rival Oshkosh Corp   though he has not yet made a formal proposal to either company  several people familiar with the situation said.,normal
BTU,Peabody Energy Corporation,20111021,UPDATE 2-Peabody nears Macarthur bid success as Citic backs deal ,* Clearance by top shareholder takes acceptances above 49 pct,topStory
BTU,Peabody Energy Corporation,20111021,Citic Resources sees A$398 mln gain from Macarthur deal ,HONG KONG  Oct 21 Citic Resources Holdings Ltd  said on Friday it expected to recognise a one-off gain of about A$398.4 million ($406.109 million) this year from the sale of its stake in Australia's Macarthur Coal .,normal
PKX,POSCO,20111021,POSCO predicts tough fourth quarter after Q3 meets view ,SEOUL POSCO   the world's third-biggest steelmaker and backed by billionaire investor Warren Buffett  cut its 2011 investment plan and painted a dim outlook after posting a 6 percent rise in quarterly profit that met market expectations.,topStory
PKX,POSCO,20111021,UPDATE 3-POSCO predicts tough fourth quarter after Q3 meets view ,* Q3 operating profit 1.09 won vs. 1.15 trln won consensus,normal
PKX,POSCO,20111021,POSCO profit up 6 percent  meets forecast ,SEOUL POSCO   the world's third-biggest steelmaker and backed by billionaire investor Warren Buffett  posted a 5.9 percent rise in profit for the third quarter  meeting consensus  thanks to higher sales volume and prices.,normal
PKX,POSCO,20111021,POSCO Q3 profit up 6 pct  meets forecast ,SEOUL  Oct 21 POSCO   the world's third-biggest steelmaker and backed by billionaire investor Warren Buffett  posted a 5.9 percent rise in profit for the third quarter  meeting consensus  thanks to higher sales volume and prices.,normal
PDS,Precision Drilling Corporation,20111021,UPDATE 4-Precision Drilling profit up  sees booming demand ,CALGARY  Alberta  Oct 21 Precision Drilling Corp   Canada's biggest oil and gas driller  said on Friday its quarterly profit rose by nearly half  thanks to booming North American demand that could last for the remainder of the year.,topStory
SLB,Schlumberger NV,20111021,Schlumberger Q3 profit falls short  shares slip ,Schlumberger   the world's largest oilfield services company  posted a lower-than-expected third-quarter profit and acknowledged that financial turmoil would dampen near-term earnings  sending its shares down 1 percent.,topStory
SLB,Schlumberger NV,20111021,UPDATE 6-Schlumberger Q3 profit falls short  shares slip ,* Financial turmoil weighs on prospects  positive on 2012,normal
SHG,Shinhan Financial Group Co Ltd,20111021,S.Korea's Shinhan  Woori bid for Tomato Savings Bank -sources ,SEOUL  Oct 21 South Korea's Shinhan Financial Group and Woori Finance Holdings have joined preliminary bidding for Tomato Savings Bank  sources with knowledge of the matter said.,topStory
AOS,Smith (AO) Corporation,20111021,UPDATE 2-AO Smith Q3 adj profit misses  ups FY EPS view ,Oct 21 A.O. Smith Corp reported quarterly adjusted earnings that missed Wall Street estimates  hurt by lower sales of residential and commercial water heaters in the United States  but the company raised its full-year earnings view.,topStory
SNE,Sony Corp Ord,20111021,Sony sees Sony Ericsson key to its product strategy ,HONG KONG  Oct 21 Sony Corp sees Sony Ericsson as an integral part of its product lineup  as consumers look for more features  such as games  email and video  packed in their mobile devices  a top executive said.,topStory
STO,Statoil ASA,20111021,REFILE-UPDATE 5-Statoil in one of Norway's biggest oil finds ,* Lightweight crude has "Champagne" quality - Statoil exec,topStory
SMFG,Sumitomo Mitsui Financial Group Inc,20111021,RPT-TABLE-Japanese life insurers' bond holdings ,TOKYO  Oct 21 nine major life insurers as of the end of March  and the amount they held in currency hedges via forwards contracts. 	     Data for September 2011 is scheduled to be published in November. 	 	              March 2011                     March 2010	               Japanese  Foreign  Currency   Japanese  Foreign  Currency 	               bonds     bonds    selling    bonds     bonds    selling	 Nippon       17 839.3   6 710.3  4 790.6   17 405.4   5 876.2  4 182.2	 Dai-ich,topStory
STI,SunTrust Banks Inc,20111021,UPDATE 3-SunTrust profit up  but mortgage woes weigh ,Oct 21 SunTrust Banks Inc reported a 67 percent jump in mortgage repurchase requests on Friday and said its new cost-cutting program would not take full effect until 2013  sending its shares down more than 4 percent.,topStory
TFX,Teleflex Incorporated,20111021,Deals of the day - mergers and acquisitions ,Oct 21 The following bids  mergers  acquisitions and disposals involving European  U.S. and Asian companies were reported by 2015 GMT on Friday:,topStory
TFX,Teleflex Incorporated,20111021,UPDATE 2-AAR to buy two Teleflex businesses for $280 mln ,Oct 21 Aircraft parts supplier AAR Corp  said it would buy two businesses from rival Teleflex Inc  for $280 million to expand its aircraft cargo systems business.,normal
TIF,Tiffany & Co,20111021,Tiffany to expand in Eastern Europe with own store ,Oct 21 Tiffany & Co will open its first company-operated store in Eastern Europe next year with a location in Prague  setting the stage for further expansion in a region with a fast growing economy.,topStory
TM,Toyota Motor Corp Ltd Ord,20111021,Toyota to extend Thai production halt on floods ,TOKYO  Oct 21 Toyota Motor Corp said on Friday it would suspend production in Thailand through Oct. 28 due to supply disruption from floods  and also reduce output in Indonesia  Vietnam  and the Philippines next week.,topStory
TKC,Turkcell Iletisim Hizmetleri AS,20111021,Pecik group may sell TA stake to Vimpelcom-press ,VIENNA  Oct 21 An investor group led by Austria's Ronny Pecik plans to sell a stake it is building in Telekom Austria to Russia's Vimpelcom and its ally Turkcell   Austrian magazine Format reported  without citing its sources.,topStory
VLO,Valero Energy Corporation,20111021,UPDATE 1-Valero says prepping Corpus Christi refinery overhaul ,HOUSTON  Oct 20 Valero Energy Corp's  142 000 barrel per day (bpd) Corpus Christi refinery was preparing its east plant for a planned 3-week overhaul  Valero spokesman Bill Day said on Thursday.,topStory
VLO,Valero Energy Corporation,20111021,Valero Houston continues post-power outage recovery ,HOUSTON  Oct 20 Valero Energy Corp's  88 000 barrel per day (bpd) Houston refinery was continuing maintenance work related to a Tuesday morning power interruption  a company spokesman said.,normal
VZ,Verizon Communications Inc,20111021,Anti-Wall St. protesters march with Verizon workers ,NEW YORK Anti-Wall Street protesters joined Verizon Communications workers on Friday in a march to denounce corporate greed as the company and 45 000 employees negotiate a new labor contract.,topStory
VZ,Verizon Communications Inc,20111021,Verizon subscribers miss Street  investors shrug ,Verizon Communications Inc wireless subscriber growth was slower than expected in the quarter before the latest Apple Inc iPhone launch  but was still ahead of its biggest rival.,normal
VZ,Verizon Communications Inc,20111021,UPDATE 3-Verizon subscribers miss Street  investors shrug ,Oct 21 Verizon Communications Inc  wireless subscriber growth was slower than expected in the quarter before the latest Apple Inc iPhone launch  but was still ahead of its biggest rival.,normal
VZA,Verizon Communications Inc,20111021,Anti-Wall St. protesters march with Verizon workers ,NEW YORK Anti-Wall Street protesters joined Verizon Communications workers on Friday in a march to denounce corporate greed as the company and 45 000 employees negotiate a new labor contract.,topStory
VZA,Verizon Communications Inc,20111021,Verizon subscribers miss Street  investors shrug ,Verizon Communications Inc wireless subscriber growth was slower than expected in the quarter before the latest Apple Inc iPhone launch  but was still ahead of its biggest rival.,normal
VZA,Verizon Communications Inc,20111021,UPDATE 3-Verizon subscribers miss Street  investors shrug ,Oct 21 Verizon Communications Inc  wireless subscriber growth was slower than expected in the quarter before the latest Apple Inc iPhone launch  but was still ahead of its biggest rival.,normal
WMT,Wal-Mart Stores Inc,20111021,CORRECTED - UPDATE 2-Wal-Mart trims some U.S. health coverage ,* Newly eligible workers need avg 24/hr week for coverage,topStory
WMT,Wal-Mart Stores Inc,20111021,Wal-Mart to cut part-time workers health cover-NYT ,Oct 21 Wal-Mart Stores Inc is rolling back health insurance coverage for its part-time employees citing rising costs  the New York Times said.,normal
WMT,Wal-Mart Stores Inc,20111021,Insight: Reliance chases retail fix as Wal-Mart looms ,MUMBAI Five years after making a grand foray into retail  Mukesh Ambani's Reliance Industries is nowhere close to the scale he had hoped his company  India's largest listed group  would achieve in a fragmented and fast-growing industry.,normal
WMT,Wal-Mart Stores Inc,20111021,INSIGHT-India's Reliance chases retail fix as Wal-Mart looms ,* Global giants keen on $450 bln India market  await rule change,normal
WFC,Wells Fargo & Company,20111021,On the Move: Morgan Stanley Smith Barney  Wells Fargo expand ,Oct 21 Morgan Stanley Smith Barney   the largest U.S. brokerage  and Wells Fargo Advisors LLC   have expanded their adviser ranks with one new hire each.,topStory
WFC,Wells Fargo & Company,20111021,HOW TO PLAY IT: Banking on financial stocks ,ISSUE: While third-quarter earnings reports present a mixed picture for financial services companies  big declines in bank stocks offer tempting bargains for investors.,normal
YGE,Yingli Green Energy Holding Company Limited,20111021,UPDATE 1-China's Yingli plans U.S. trade complaint defense ,Oct 21 Yingli Green Energy Holding Co Ltd said it was reviewing a trade complaint filed by U.S. solar panel makers against Chinese rivals  including Yingli  and plans to mount a vigorous defense.,topStory
