ATVI,Activision Blizzard Inc,20111111,UPDATE 2-"Call of Duty" sets another first-day record ,Nov 11 Activision Blizzard's "Call of Duty: Modern Warfare 3" racked up more than $400 million in sales on its first day in stores in North America and the United Kingdom  setting a video game industry record.,topStory
ATVI,Activision Blizzard Inc,20111111,"Call of Duty" has $400 million in sales on day 1 ,Activision Blizzard's "Call of Duty: Modern Warfare 3" video game racked up more than $400 million in sales on its first day in stores in the United States and the United Kingdom.,normal
ADBE,Adobe Systems Incorporated,20111111,Adobe throws in towel to Apple in Web software war ,NEW YORK Adobe Systems Inc halted development of its Flash Player for mobile browsers  surrendering to Apple Inc in a war over Web standards as the company surprised investors with a restructuring plan.,topStory
AAPL,Apple Inc,20111111,Apple releases iPhone battery drain software fix ,Apple Inc on Thursday released a software update for its iOS 5 operating system to fix complaints on the performance of the new iPhone 4S battery. | Video ,topStory
AAPL,Apple Inc,20111111,Adobe throws in towel to Apple in Web software war ,NEW YORK Adobe Systems Inc halted development of its Flash Player for mobile browsers  surrendering to Apple Inc in a war over Web standards as the company surprised investors with a restructuring plan.,normal
AAPL,Apple Inc,20111111,Apple releases iPhone battery drain software fix ,Apple Inc on Thursday released a software update for its iOS 5 operating system to fix complaints on the performance of the new iPhone 4S battery. | Video ,normal
TAPR,Barclays Inverse US Treasury Composite ETN,20111111,REFILE-Insurers to make customers pay if Italy defaults ,LONDON  Nov 11 European insurers  on the front line of the region's sovereign debt crisis because of their big exposure to distressed Italian bonds  will be forced to share losses with customers and rely on regulators to be lenient if Italy reneges on its debt.,topStory
TAPR,Barclays Inverse US Treasury Composite ETN,20111111,New Issue-Koninklijke KPN prices 400 mln stg 2026 bond ,Lead Manager(s)         Barclays  Credit Suisse & JP Morgan,normal
TAPR,Barclays Inverse US Treasury Composite ETN,20111111,Barclays Private Equity unit sold to management ,LONDON Barclays Private Equity  is being bought out by its own management team and will be relaunched as Equistone Partners Europe  the British bank said on Friday  adding that the value of the gross assets being sold off was expected to be around 45 million pounds ($71.5 million).,normal
TAPR,Barclays Inverse US Treasury Composite ETN,20111111,Analysis: Banks in Asia scale down C&E ,SINGAPORE Most banks trading in the commodities and energy markets in Asia have scaled down their businesses in the past six months  ahead of tighter regulations in the United States and amid heavy losses stemming from the euro zone crisis.,normal
TAPR,Barclays Inverse US Treasury Composite ETN,20111111,Barclays Private Equity unit sold to management ,LONDON Barclays Private Equity  is being bought out by its own management team and will be relaunched as Equistone Partners Europe  the British bank said on Friday  adding that the value of the gross assets being sold off was expected to be around 45 million pounds ($71.5 million).,normal
TAPR,Barclays Inverse US Treasury Composite ETN,20111111,UPDATE 1-Barclays Private Equity unit sold to management ,* Value of assets being sold expected to be around 45 mln stg,normal
DLBL,Barclays PLC,20111111,REFILE-Insurers to make customers pay if Italy defaults ,LONDON  Nov 11 European insurers  on the front line of the region's sovereign debt crisis because of their big exposure to distressed Italian bonds  will be forced to share losses with customers and rely on regulators to be lenient if Italy reneges on its debt.,topStory
DLBL,Barclays PLC,20111111,New Issue-Koninklijke KPN prices 400 mln stg 2026 bond ,Lead Manager(s)         Barclays  Credit Suisse & JP Morgan,normal
DLBL,Barclays PLC,20111111,Barclays Private Equity unit sold to management ,LONDON Barclays Private Equity  is being bought out by its own management team and will be relaunched as Equistone Partners Europe  the British bank said on Friday  adding that the value of the gross assets being sold off was expected to be around 45 million pounds ($71.5 million).,normal
DLBL,Barclays PLC,20111111,Analysis: Banks in Asia scale down C&E ,SINGAPORE Most banks trading in the commodities and energy markets in Asia have scaled down their businesses in the past six months  ahead of tighter regulations in the United States and amid heavy losses stemming from the euro zone crisis.,normal
DLBL,Barclays PLC,20111111,Barclays Private Equity unit sold to management ,LONDON Barclays Private Equity  is being bought out by its own management team and will be relaunched as Equistone Partners Europe  the British bank said on Friday  adding that the value of the gross assets being sold off was expected to be around 45 million pounds ($71.5 million).,normal
DLBL,Barclays PLC,20111111,UPDATE 1-Barclays Private Equity unit sold to management ,* Value of assets being sold expected to be around 45 mln stg,normal
DTYL,Barclays PLC,20111111,REFILE-Insurers to make customers pay if Italy defaults ,LONDON  Nov 11 European insurers  on the front line of the region's sovereign debt crisis because of their big exposure to distressed Italian bonds  will be forced to share losses with customers and rely on regulators to be lenient if Italy reneges on its debt.,topStory
DTYL,Barclays PLC,20111111,New Issue-Koninklijke KPN prices 400 mln stg 2026 bond ,Lead Manager(s)         Barclays  Credit Suisse & JP Morgan,normal
DTYL,Barclays PLC,20111111,Barclays Private Equity unit sold to management ,LONDON Barclays Private Equity  is being bought out by its own management team and will be relaunched as Equistone Partners Europe  the British bank said on Friday  adding that the value of the gross assets being sold off was expected to be around 45 million pounds ($71.5 million).,normal
DTYL,Barclays PLC,20111111,Analysis: Banks in Asia scale down C&E ,SINGAPORE Most banks trading in the commodities and energy markets in Asia have scaled down their businesses in the past six months  ahead of tighter regulations in the United States and amid heavy losses stemming from the euro zone crisis.,normal
DTYL,Barclays PLC,20111111,Barclays Private Equity unit sold to management ,LONDON Barclays Private Equity  is being bought out by its own management team and will be relaunched as Equistone Partners Europe  the British bank said on Friday  adding that the value of the gross assets being sold off was expected to be around 45 million pounds ($71.5 million).,normal
DTYL,Barclays PLC,20111111,UPDATE 1-Barclays Private Equity unit sold to management ,* Value of assets being sold expected to be around 45 mln stg,normal
CMCSA,Comcast Corporation,20111111,Text-Fitch affirms Comcast NBCUniversal IDRs ,CHICAGO  November 11 (Fitch) Fitch Ratings has affirmed the 'BBB+' Issuer Default Ratings (IDR) assigned to Comcast Corporation (Comcast) and its wholly owned subsidiaries included in Comcast's cross-guaranty structure that hold all of the company's cable businesses.     Fitch has also affirmed the 'BBB' IDR assigned to NBCUniversal Media  LLC (NBCUniversal)  a direct wholly owned subsidiary of NBCUniversal  LLC. NBCUniversal  LLC is a joint venture between Comcast and General Electric Company (,topStory
DISCA,Discovery Communications Inc,20111111,Discovery COO Ligouri to leave by year-end ,NEW YORK Peter Ligouri  the executive charged with setting up Discovery Communications' joint venture networks is stepping down after two years in his role as chief operating officer by end of the year.,topStory
DISCA,Discovery Communications Inc,20111111,Peter Liguori out at OWN  Discovery ,LOS ANGELES (TheWrap.com) - Four months after Oprah Winfrey seized the reins to Discovery Communications' most glamorous asset  the Oprah Winfrey Network  Peter Liguori announced Wednesday that he is leaving his post as Discovery's COO at the end of the year.,normal
DISCB,Discovery Communications Inc,20111111,Discovery COO Ligouri to leave by year-end ,NEW YORK Peter Ligouri  the executive charged with setting up Discovery Communications' joint venture networks is stepping down after two years in his role as chief operating officer by end of the year.,topStory
DISCB,Discovery Communications Inc,20111111,Peter Liguori out at OWN  Discovery ,LOS ANGELES (TheWrap.com) - Four months after Oprah Winfrey seized the reins to Discovery Communications' most glamorous asset  the Oprah Winfrey Network  Peter Liguori announced Wednesday that he is leaving his post as Discovery's COO at the end of the year.,normal
DISCK,Discovery Communications Inc,20111111,Discovery COO Ligouri to leave by year-end ,NEW YORK Peter Ligouri  the executive charged with setting up Discovery Communications' joint venture networks is stepping down after two years in his role as chief operating officer by end of the year.,topStory
DISCK,Discovery Communications Inc,20111111,Peter Liguori out at OWN  Discovery ,LOS ANGELES (TheWrap.com) - Four months after Oprah Winfrey seized the reins to Discovery Communications' most glamorous asset  the Oprah Winfrey Network  Peter Liguori announced Wednesday that he is leaving his post as Discovery's COO at the end of the year.,normal
EMITF,Elbit Imaging Ltd,20111111,EMI sale ends 80 years of independence ,NEW YORK EMI  the London-based record label that for 80 years brought the world everyone from the Beatles and Queen to Coldplay and Katy Perry  is no longer independent.,topStory
EMITF,Elbit Imaging Ltd,20111111,Vivendi to raise its dividend: CEO ,PARIS France's Vivendi will raise its dividend even as it acquires EMI's recorded music division  Vivendi's chief executive told a conference call on Friday.,normal
EMITF,Elbit Imaging Ltd,20111111,UPDATE 5-EMI sale ends 80 years of independence ,* Warner Music  BMG trumped at the 11th hour  (Adds comments  deal details  background throughout),normal
EMITF,Elbit Imaging Ltd,20111111,Deals of the day -- mergers and acquisitions ,Nov 11 The following bids  mergers  acquisitions and disposals involving European  U.S. and Asian companies were reported by 2100 GMT on Friday:,normal
EMITF,Elbit Imaging Ltd,20111111,Vivendi to raise its dividend -CEO ,PARIS  Nov 11 France's Vivendi  will raise its dividend even as it acquires EMI's recorded music division  Vivendi's chief executive told a conference call on Friday.,normal
EMITF,Elbit Imaging Ltd,20111111,Vivendi to boost earnings with EMI deal -CEO ,PARIS  Nov 11 Vivendi will see earnings boosted as early as "year one" of its acquisition of EMI's recorded music division from U.S. bank Citigroup  Vivendi's chief executive said on Friday.,normal
EMITF,Elbit Imaging Ltd,20111111,Universal back in talks to buy EMI labels: sources ,NEW YORK The world's largest music company  Universal Music  is back in talks to buy EMI's labels  according to sources  raising the specter of an anti-trust battle after a music trade body said it asked regulators to block the bid.,normal
EMITF,Elbit Imaging Ltd,20111111,Vivendi's Universal unit closing on EMI bid - report ,PARIS  Nov 11 Vivendi's Universal Music unit is closing in on a $1.9 billion deal to buy EMI's recorded music business  which could be announced early next week  the Financial Times reported on Friday  citing people familiar with the talks.,normal
GRFS,Grifols SA,20111111,Spanish stocks - Factors to watch on Friday ,Nov 11 The following Spanish stocks may be affected by newspaper reports and other factors on Friday. Reuters has not verified the newspaper reports  and cannot vouch for their accuracy:,topStory
DTYS,iPath US Treasury 10-year Bear ETN,20111111,REFILE-Insurers to make customers pay if Italy defaults ,LONDON  Nov 11 European insurers  on the front line of the region's sovereign debt crisis because of their big exposure to distressed Italian bonds  will be forced to share losses with customers and rely on regulators to be lenient if Italy reneges on its debt.,topStory
DTYS,iPath US Treasury 10-year Bear ETN,20111111,New Issue-Koninklijke KPN prices 400 mln stg 2026 bond ,Lead Manager(s)         Barclays  Credit Suisse & JP Morgan,normal
DTYS,iPath US Treasury 10-year Bear ETN,20111111,Barclays Private Equity unit sold to management ,LONDON Barclays Private Equity  is being bought out by its own management team and will be relaunched as Equistone Partners Europe  the British bank said on Friday  adding that the value of the gross assets being sold off was expected to be around 45 million pounds ($71.5 million).,normal
DTYS,iPath US Treasury 10-year Bear ETN,20111111,Analysis: Banks in Asia scale down C&E ,SINGAPORE Most banks trading in the commodities and energy markets in Asia have scaled down their businesses in the past six months  ahead of tighter regulations in the United States and amid heavy losses stemming from the euro zone crisis.,normal
DTYS,iPath US Treasury 10-year Bear ETN,20111111,Barclays Private Equity unit sold to management ,LONDON Barclays Private Equity  is being bought out by its own management team and will be relaunched as Equistone Partners Europe  the British bank said on Friday  adding that the value of the gross assets being sold off was expected to be around 45 million pounds ($71.5 million).,normal
DTYS,iPath US Treasury 10-year Bear ETN,20111111,UPDATE 1-Barclays Private Equity unit sold to management ,* Value of assets being sold expected to be around 45 mln stg,normal
DTUS,iPath US Treasury 2-year Bear ETN,20111111,REFILE-Insurers to make customers pay if Italy defaults ,LONDON  Nov 11 European insurers  on the front line of the region's sovereign debt crisis because of their big exposure to distressed Italian bonds  will be forced to share losses with customers and rely on regulators to be lenient if Italy reneges on its debt.,topStory
DTUS,iPath US Treasury 2-year Bear ETN,20111111,New Issue-Koninklijke KPN prices 400 mln stg 2026 bond ,Lead Manager(s)         Barclays  Credit Suisse & JP Morgan,normal
DTUS,iPath US Treasury 2-year Bear ETN,20111111,Barclays Private Equity unit sold to management ,LONDON Barclays Private Equity  is being bought out by its own management team and will be relaunched as Equistone Partners Europe  the British bank said on Friday  adding that the value of the gross assets being sold off was expected to be around 45 million pounds ($71.5 million).,normal
DTUS,iPath US Treasury 2-year Bear ETN,20111111,Analysis: Banks in Asia scale down C&E ,SINGAPORE Most banks trading in the commodities and energy markets in Asia have scaled down their businesses in the past six months  ahead of tighter regulations in the United States and amid heavy losses stemming from the euro zone crisis.,normal
DTUS,iPath US Treasury 2-year Bear ETN,20111111,Barclays Private Equity unit sold to management ,LONDON Barclays Private Equity  is being bought out by its own management team and will be relaunched as Equistone Partners Europe  the British bank said on Friday  adding that the value of the gross assets being sold off was expected to be around 45 million pounds ($71.5 million).,normal
DTUS,iPath US Treasury 2-year Bear ETN,20111111,UPDATE 1-Barclays Private Equity unit sold to management ,* Value of assets being sold expected to be around 45 mln stg,normal
DTUL,iPath US Treasury 2-year Bull ETN,20111111,REFILE-Insurers to make customers pay if Italy defaults ,LONDON  Nov 11 European insurers  on the front line of the region's sovereign debt crisis because of their big exposure to distressed Italian bonds  will be forced to share losses with customers and rely on regulators to be lenient if Italy reneges on its debt.,topStory
DTUL,iPath US Treasury 2-year Bull ETN,20111111,New Issue-Koninklijke KPN prices 400 mln stg 2026 bond ,Lead Manager(s)         Barclays  Credit Suisse & JP Morgan,normal
DTUL,iPath US Treasury 2-year Bull ETN,20111111,Barclays Private Equity unit sold to management ,LONDON Barclays Private Equity  is being bought out by its own management team and will be relaunched as Equistone Partners Europe  the British bank said on Friday  adding that the value of the gross assets being sold off was expected to be around 45 million pounds ($71.5 million).,normal
DTUL,iPath US Treasury 2-year Bull ETN,20111111,Analysis: Banks in Asia scale down C&E ,SINGAPORE Most banks trading in the commodities and energy markets in Asia have scaled down their businesses in the past six months  ahead of tighter regulations in the United States and amid heavy losses stemming from the euro zone crisis.,normal
DTUL,iPath US Treasury 2-year Bull ETN,20111111,Barclays Private Equity unit sold to management ,LONDON Barclays Private Equity  is being bought out by its own management team and will be relaunched as Equistone Partners Europe  the British bank said on Friday  adding that the value of the gross assets being sold off was expected to be around 45 million pounds ($71.5 million).,normal
DTUL,iPath US Treasury 2-year Bull ETN,20111111,UPDATE 1-Barclays Private Equity unit sold to management ,* Value of assets being sold expected to be around 45 mln stg,normal
DFVS,iPath US Treasury 5-year Bear ETN,20111111,REFILE-Insurers to make customers pay if Italy defaults ,LONDON  Nov 11 European insurers  on the front line of the region's sovereign debt crisis because of their big exposure to distressed Italian bonds  will be forced to share losses with customers and rely on regulators to be lenient if Italy reneges on its debt.,topStory
DFVS,iPath US Treasury 5-year Bear ETN,20111111,New Issue-Koninklijke KPN prices 400 mln stg 2026 bond ,Lead Manager(s)         Barclays  Credit Suisse & JP Morgan,normal
DFVS,iPath US Treasury 5-year Bear ETN,20111111,Barclays Private Equity unit sold to management ,LONDON Barclays Private Equity  is being bought out by its own management team and will be relaunched as Equistone Partners Europe  the British bank said on Friday  adding that the value of the gross assets being sold off was expected to be around 45 million pounds ($71.5 million).,normal
DFVS,iPath US Treasury 5-year Bear ETN,20111111,Analysis: Banks in Asia scale down C&E ,SINGAPORE Most banks trading in the commodities and energy markets in Asia have scaled down their businesses in the past six months  ahead of tighter regulations in the United States and amid heavy losses stemming from the euro zone crisis.,normal
DFVS,iPath US Treasury 5-year Bear ETN,20111111,Barclays Private Equity unit sold to management ,LONDON Barclays Private Equity  is being bought out by its own management team and will be relaunched as Equistone Partners Europe  the British bank said on Friday  adding that the value of the gross assets being sold off was expected to be around 45 million pounds ($71.5 million).,normal
DFVS,iPath US Treasury 5-year Bear ETN,20111111,UPDATE 1-Barclays Private Equity unit sold to management ,* Value of assets being sold expected to be around 45 mln stg,normal
DFVL,iPath US Treasury 5-year Bull ETN,20111111,REFILE-Insurers to make customers pay if Italy defaults ,LONDON  Nov 11 European insurers  on the front line of the region's sovereign debt crisis because of their big exposure to distressed Italian bonds  will be forced to share losses with customers and rely on regulators to be lenient if Italy reneges on its debt.,topStory
DFVL,iPath US Treasury 5-year Bull ETN,20111111,New Issue-Koninklijke KPN prices 400 mln stg 2026 bond ,Lead Manager(s)         Barclays  Credit Suisse & JP Morgan,normal
DFVL,iPath US Treasury 5-year Bull ETN,20111111,Barclays Private Equity unit sold to management ,LONDON Barclays Private Equity  is being bought out by its own management team and will be relaunched as Equistone Partners Europe  the British bank said on Friday  adding that the value of the gross assets being sold off was expected to be around 45 million pounds ($71.5 million).,normal
DFVL,iPath US Treasury 5-year Bull ETN,20111111,Analysis: Banks in Asia scale down C&E ,SINGAPORE Most banks trading in the commodities and energy markets in Asia have scaled down their businesses in the past six months  ahead of tighter regulations in the United States and amid heavy losses stemming from the euro zone crisis.,normal
DFVL,iPath US Treasury 5-year Bull ETN,20111111,Barclays Private Equity unit sold to management ,LONDON Barclays Private Equity  is being bought out by its own management team and will be relaunched as Equistone Partners Europe  the British bank said on Friday  adding that the value of the gross assets being sold off was expected to be around 45 million pounds ($71.5 million).,normal
DFVL,iPath US Treasury 5-year Bull ETN,20111111,UPDATE 1-Barclays Private Equity unit sold to management ,* Value of assets being sold expected to be around 45 mln stg,normal
FLAT,iPath US Treasury Flattener ETN,20111111,REFILE-Insurers to make customers pay if Italy defaults ,LONDON  Nov 11 European insurers  on the front line of the region's sovereign debt crisis because of their big exposure to distressed Italian bonds  will be forced to share losses with customers and rely on regulators to be lenient if Italy reneges on its debt.,topStory
FLAT,iPath US Treasury Flattener ETN,20111111,New Issue-Koninklijke KPN prices 400 mln stg 2026 bond ,Lead Manager(s)         Barclays  Credit Suisse & JP Morgan,normal
FLAT,iPath US Treasury Flattener ETN,20111111,Barclays Private Equity unit sold to management ,LONDON Barclays Private Equity  is being bought out by its own management team and will be relaunched as Equistone Partners Europe  the British bank said on Friday  adding that the value of the gross assets being sold off was expected to be around 45 million pounds ($71.5 million).,normal
FLAT,iPath US Treasury Flattener ETN,20111111,Analysis: Banks in Asia scale down C&E ,SINGAPORE Most banks trading in the commodities and energy markets in Asia have scaled down their businesses in the past six months  ahead of tighter regulations in the United States and amid heavy losses stemming from the euro zone crisis.,normal
FLAT,iPath US Treasury Flattener ETN,20111111,Barclays Private Equity unit sold to management ,LONDON Barclays Private Equity  is being bought out by its own management team and will be relaunched as Equistone Partners Europe  the British bank said on Friday  adding that the value of the gross assets being sold off was expected to be around 45 million pounds ($71.5 million).,normal
FLAT,iPath US Treasury Flattener ETN,20111111,UPDATE 1-Barclays Private Equity unit sold to management ,* Value of assets being sold expected to be around 45 mln stg,normal
DLBS,iPath US Treasury Long Bond Bear ETN,20111111,REFILE-Insurers to make customers pay if Italy defaults ,LONDON  Nov 11 European insurers  on the front line of the region's sovereign debt crisis because of their big exposure to distressed Italian bonds  will be forced to share losses with customers and rely on regulators to be lenient if Italy reneges on its debt.,topStory
DLBS,iPath US Treasury Long Bond Bear ETN,20111111,New Issue-Koninklijke KPN prices 400 mln stg 2026 bond ,Lead Manager(s)         Barclays  Credit Suisse & JP Morgan,normal
DLBS,iPath US Treasury Long Bond Bear ETN,20111111,Barclays Private Equity unit sold to management ,LONDON Barclays Private Equity  is being bought out by its own management team and will be relaunched as Equistone Partners Europe  the British bank said on Friday  adding that the value of the gross assets being sold off was expected to be around 45 million pounds ($71.5 million).,normal
DLBS,iPath US Treasury Long Bond Bear ETN,20111111,Analysis: Banks in Asia scale down C&E ,SINGAPORE Most banks trading in the commodities and energy markets in Asia have scaled down their businesses in the past six months  ahead of tighter regulations in the United States and amid heavy losses stemming from the euro zone crisis.,normal
DLBS,iPath US Treasury Long Bond Bear ETN,20111111,Barclays Private Equity unit sold to management ,LONDON Barclays Private Equity  is being bought out by its own management team and will be relaunched as Equistone Partners Europe  the British bank said on Friday  adding that the value of the gross assets being sold off was expected to be around 45 million pounds ($71.5 million).,normal
DLBS,iPath US Treasury Long Bond Bear ETN,20111111,UPDATE 1-Barclays Private Equity unit sold to management ,* Value of assets being sold expected to be around 45 mln stg,normal
STPP,iPath US Treasury Steepener ETN,20111111,REFILE-Insurers to make customers pay if Italy defaults ,LONDON  Nov 11 European insurers  on the front line of the region's sovereign debt crisis because of their big exposure to distressed Italian bonds  will be forced to share losses with customers and rely on regulators to be lenient if Italy reneges on its debt.,topStory
STPP,iPath US Treasury Steepener ETN,20111111,New Issue-Koninklijke KPN prices 400 mln stg 2026 bond ,Lead Manager(s)         Barclays  Credit Suisse & JP Morgan,normal
STPP,iPath US Treasury Steepener ETN,20111111,Barclays Private Equity unit sold to management ,LONDON Barclays Private Equity  is being bought out by its own management team and will be relaunched as Equistone Partners Europe  the British bank said on Friday  adding that the value of the gross assets being sold off was expected to be around 45 million pounds ($71.5 million).,normal
STPP,iPath US Treasury Steepener ETN,20111111,Analysis: Banks in Asia scale down C&E ,SINGAPORE Most banks trading in the commodities and energy markets in Asia have scaled down their businesses in the past six months  ahead of tighter regulations in the United States and amid heavy losses stemming from the euro zone crisis.,normal
STPP,iPath US Treasury Steepener ETN,20111111,Barclays Private Equity unit sold to management ,LONDON Barclays Private Equity  is being bought out by its own management team and will be relaunched as Equistone Partners Europe  the British bank said on Friday  adding that the value of the gross assets being sold off was expected to be around 45 million pounds ($71.5 million).,normal
STPP,iPath US Treasury Steepener ETN,20111111,UPDATE 1-Barclays Private Equity unit sold to management ,* Value of assets being sold expected to be around 45 mln stg,normal
JMBA,Jamba Inc,20111111,Starbucks to open U.S. juice bars in 2012 ,Starbucks Corp  plans to start a chain of juice bars starting next year  venturing into territory staked out by Jamba Inc   in its biggest-ever expansion beyond coffee.,topStory
MSFT,Microsoft Corporation,20111111,UPDATE 1-KKR  TPG mull minority stakes in Yahoo -- sources ,NEW YORK/SAN FRANCISCO  Nov 11 Private equity firms  including KKR and Co LP and TPG Capital LP  are looking to potentially buy minority stakes of up to 20 percent in Yahoo Inc with an eye to eventually taking over the whole company  people with knowledge of the situation said.,topStory
NWS,News Corporation,20111111,BSkyB board unanimous in support of James Murdoch ,LONDON BSkyB's independent directors unanimously backed James Murdoch as chairman on Friday in a letter addressing shareholders' concerns about his suitability following the phone-hacking scandal at the News of the World.,topStory
NWS,News Corporation,20111111,UPDATE 1-BSkyB board unanimous in support of James Murdoch ,LONDON  Nov 11 BSkyB's independent directors unanimously backed James Murdoch as chairman on Friday in a letter addressing shareholders' concerns about his suitability following the phone-hacking scandal at the News of the World.,normal
NWS,News Corporation,20111111,UK activists say BSkyB investors should oust Murdoch ,LONDON  Nov 11 An investor activist group said BSkyB shareholders should oppose the re-election of chairman James Murdoch to distance the pay-TV company from the hacking scandal that has engulfed News Corp  its largest shareholder.,normal
NWSA,News Corporation,20111111,BSkyB board unanimous in support of James Murdoch ,LONDON BSkyB's independent directors unanimously backed James Murdoch as chairman on Friday in a letter addressing shareholders' concerns about his suitability following the phone-hacking scandal at the News of the World.,topStory
NWSA,News Corporation,20111111,UPDATE 1-BSkyB board unanimous in support of James Murdoch ,LONDON  Nov 11 BSkyB's independent directors unanimously backed James Murdoch as chairman on Friday in a letter addressing shareholders' concerns about his suitability following the phone-hacking scandal at the News of the World.,normal
NWSA,News Corporation,20111111,UK activists say BSkyB investors should oust Murdoch ,LONDON  Nov 11 An investor activist group said BSkyB shareholders should oppose the re-election of chairman James Murdoch to distance the pay-TV company from the hacking scandal that has engulfed News Corp  its largest shareholder.,normal
NVDA,NVIDIA Corporation,20111111,Chipmaker Nvidia's quarterly results beats Street ,Nvidia Corp's third-quarter results beat estimates as the chipmaker refocused on smartphones and tablets in a tepid personal computer market  although its revenue forecast was a bit lower than expected.,topStory
NVDA,NVIDIA Corporation,20111111,US STOCKS-Futures advance ahead of Italy austerity vote ,NEW YORK  Nov 11 U.S. stock index futures rose on Friday with markets hopeful that debt-laden Italy will implement tough austerity measures crucial to avoid a euro zone meltdown.,normal
SBUX,Starbucks Corporation,20111111,Starbucks to open U.S. juice bars in 2012 ,Starbucks Corp  plans to start a chain of juice bars starting next year  venturing into territory staked out by Jamba Inc   in its biggest-ever expansion beyond coffee.,topStory
STRA,Strayer Education Inc,20111111,UPDATE 2-Strayer to buy Jack Welch's business college ,Nov 11 Strayer University is buying the business management college founded by the legendary former chief executive of General Electric  Jack Welch  to expand its bouquet of MBA programs.,topStory
ANF,Abercrombie & Fitch Company,20111111,UPDATE 1-Fitch cuts Hungary's outlook to negative ,* Says weaker growth  fiscal pressures could lead to downgrade,topStory
ANF,Abercrombie & Fitch Company,20111111,Fitch cuts Hungary's outlook to negative ,BUDAPEST  Nov 11 Rating agency Fitch has revised the outlook on Hungary's long-term foreign and local currency issuer ratings to "negative" from "stable" and affirmed the ratings at 'BBB-' and 'BBB'  respectively  it said on Friday.,normal
T,AT&T Inc,20111111,Analysis: H&R Block ruling bodes ill for AT&T ,WASHINGTON The rejection of tax preparer H&R Block Inc's  planned acquisition of rival TaxACT bodes ill for AT&T Inc  as it attempts to buy T-Mobile USA  antitrust experts said.,topStory
T,AT&T Inc,20111111,AT&T  U.S. argue over witnesses in antitrust trial ,WASHINGTON AT&T Inc complained on Wednesday that the Justice Department was too slow in telling who its witnesses would be as the government seeks to block the telecommunications giant's acquisition of rival T-Mobile USA.,normal
BAC,Bank of America Corporation,20111111,DIARY-U.S. MEETINGS/WEEK AHEAD ,THOMSON REUTERS  November 11  2011 - Corporate Meetings for US companies for Week ahead.	         S&P 500 Earnings - Weekly           S&P 500 Earnings - Day Ahead   	     Non S&P 500 - Weekly               Non S&P 500 - Day Ahead        	     ConferenceCall/Webcast - Weekly    ConferenceCall/Webcast - Day   	     S&P 500 Earnings - Monthly           Meetings - Day Ahead           	     Economic Indicators                  Dividends                      	     Daily earnings hits & misses    	    ,topStory
BCS,Barclays PLC,20111111,REFILE-Insurers to make customers pay if Italy defaults ,LONDON  Nov 11 European insurers  on the front line of the region's sovereign debt crisis because of their big exposure to distressed Italian bonds  will be forced to share losses with customers and rely on regulators to be lenient if Italy reneges on its debt.,topStory
BCS,Barclays PLC,20111111,New Issue-Koninklijke KPN prices 400 mln stg 2026 bond ,Lead Manager(s)         Barclays  Credit Suisse & JP Morgan,normal
BCS,Barclays PLC,20111111,Barclays Private Equity unit sold to management ,LONDON Barclays Private Equity  is being bought out by its own management team and will be relaunched as Equistone Partners Europe  the British bank said on Friday  adding that the value of the gross assets being sold off was expected to be around 45 million pounds ($71.5 million).,normal
BCS,Barclays PLC,20111111,Analysis: Banks in Asia scale down C&E ,SINGAPORE Most banks trading in the commodities and energy markets in Asia have scaled down their businesses in the past six months  ahead of tighter regulations in the United States and amid heavy losses stemming from the euro zone crisis.,normal
BCS,Barclays PLC,20111111,Barclays Private Equity unit sold to management ,LONDON Barclays Private Equity  is being bought out by its own management team and will be relaunched as Equistone Partners Europe  the British bank said on Friday  adding that the value of the gross assets being sold off was expected to be around 45 million pounds ($71.5 million).,normal
BCS,Barclays PLC,20111111,UPDATE 1-Barclays Private Equity unit sold to management ,* Value of assets being sold expected to be around 45 mln stg,normal
BA,Boeing Company (The),20111111,Embraer opts for re-engined E-Jet over new model ,* Planemaker to design new engine for E-170 and E-190 jets,topStory
BA,Boeing Company (The),20111111,AIRSHOW-Gulf expansion to roll on despite European turbulence ,Dubai  Nov 11 Gulf airlines and lessors could splash out more than $20 billion on Airbus and Boeing jets at next week's Dubai air show  underscoring the region's role as the industry's chief paymaster amid Europe's worsening sovereign debt crisis.,normal
BA,Boeing Company (The),20111111,REFILE-AIRSHOW-Qatar Airways  Emirates set for big orders-sources ,Nov 11 Qatar Airways  Dubai's Emirates  and Kuwaiti lessor Alafco could place hefty aircraft orders at the Dubai Airshow starting on Sunday  industry sources said.,normal
BA,Boeing Company (The),20111111,U.S. may sell precision-guided bombs to UAE-source ,WASHINGTON  Nov 12 The U.S. government may soon announce plans for a large sale of precision-guided bombs to the United Arab Emirates  a source familiar with the arms sales plans said late on Thursday  as tensions mounted with Iran over its nuclear program.,normal
BP,BP plc,20111111,BP Carson refinery restarting unit after maintenance ,HOUSTON  Nov 11 BP Plc's  253 000 barrel per day (bpd) Los Angeles-area refinery in Carson  California  was restarting a unit after planned maintenance at the refinery  according to a notice the refinery filed on Friday with California state pollution regulators.,topStory
BP,BP plc,20111111,Russian court rejects $13 billion lawsuit against BP ,MOSCOW A Russian court on Friday rejected a $13 billion lawsuit  filed by TNK-BP minority shareholders against BP  a BP lawyer told Reuters.,normal
BP,BP plc,20111111,Russian court rejects $13 bln lawsuit against BP ,MOSCOW  Nov 11 A Russian court on Friday rejected a $13 billion lawsuit  filed by TNK-BP  minority shareholders against BP  a BP lawyer told Reuters.,normal
CM,Canadian Imperial Bank of Commerce,20111111,CANADA STOCKS-TSX may open higher on euro zone hopes ,Nov 11 Toronto's main stock index looked set to edge higher at the open on Friday  with markets hopeful that debt-laden Italy will implement tough austerity measures crucial to avoid a euro zone meltdown.     FACTORS TO WATCH     * Canadian equity futures pointed to a higher open.     * U.S. stock index futures rose.     * European shares edged higher on hopes that Italy would make political progress that will enable it to quickly cut a debt mountain  easing investors' worst fears ab,topStory
CAT,Caterpillar Inc,20111111,UPDATE 1-Caterpillar to raise output in U.S.  Indonesia ,* To invest nearly $350 mln to increase capacity at a U.S. truck plant,topStory
CAT,Caterpillar Inc,20111111,Deals of the day -- mergers and acquisitions ,Nov 11 The following bids  mergers  acquisitions and disposals involving European  U.S. and Asian companies were reported by 2100 GMT on Friday:,normal
CAT,Caterpillar Inc,20111111,UPDATE 2-Caterpillar shifts some production to North America ,Nov 11 Caterpillar Inc will shift production of some equipment from Japan to North America to be closer to customers in the Americas and Europe  the heavy machinery maker said on Friday.,normal
CAT,Caterpillar Inc,20111111,Caterpillar to offer $885 million for China's ERA Mining ,Caterpillar Inc  said it will make an offer to buy China's ERA Mining Machinery Ltd  to strengthen its mining business and ramp up investment in the fast-growing country  in a dual-option deal that could be worth up to $885 million.,normal
CAT,Caterpillar Inc,20111111,Caterpillar to offer $885 million for China's ERA Mining ,Caterpillar Inc  said it will make an offer to buy China's ERA Mining Machinery Ltd  to strengthen its mining business and ramp up investment in the fast-growing country  in a dual-option deal that could be worth up to $885 million.,normal
CAT,Caterpillar Inc,20111111,UPDATE 5-Caterpillar to offer $885 mln for China's ERA Mining ,* Deal to strengthen mining business  ramp up investment in China,normal
CAT,Caterpillar Inc,20111111,UPDATE 4-Caterpillar to offer $885 mln for China's ERA Mining ,* Deal to strengthen mining business  ramp up investment in China,normal
C,Citigroup Inc,20111111,EMI sale ends 80 years of independence ,NEW YORK EMI  the London-based record label that for 80 years brought the world everyone from the Beatles and Queen to Coldplay and Katy Perry  is no longer independent.,topStory
C,Citigroup Inc,20111111,Vivendi to boost earnings with EMI deal -CEO ,PARIS  Nov 11 Vivendi will see earnings boosted as early as "year one" of its acquisition of EMI's recorded music division from U.S. bank Citigroup  Vivendi's chief executive said on Friday.,normal
C,Citigroup Inc,20111111,Vivendi buying EMI from Citigroup for 1.2 bln stg ,PARIS  Nov 11 Vivendi's Universal Music unit said on Friday it was buying British rival EMI Group's recorded music business from Citigroup in a 1.2 billion-pound ($1.9 billion) deal that will give it control over EMI's artists.,normal
C,Citigroup Inc,20111111,Vivendi's Universal unit closing on EMI bid - report ,PARIS  Nov 11 Vivendi's Universal Music unit is closing in on a $1.9 billion deal to buy EMI's recorded music business  which could be announced early next week  the Financial Times reported on Friday  citing people familiar with the talks.,normal
CAG,ConAgra Brands Inc,20111111,UPDATE 1-ConAgra to buy private-label pretzel maker ,Nov 11 ConAgra Foods Inc said it would buy National Pretzel Co to expand its presence in private-label food manufacturing  nearly two months after it abandoned its pursuit of Ralcorp Holdings Inc .,topStory
COP,ConocoPhillips,20111111,Conoco restarts Calif crude pipeline ,NEW YORK  Nov 11 ConocoPhillips said a pipeline carrying crude oil in Contra Costa County  near its 139 000 barrel per day refinery  restarted Thursday evening,topStory
CVS,CVS Health Corporation,20111111,FDA stings retailers for selling tobacco to minors ,WASHINGTON Health regulators have hit some 1 200 retailers  including Walgreen  CVS and Rite Aid  with warnings this year for unlawfully selling cigarettes and other tobacco products to children under 18.,topStory
DB,Deutsche Bank AG,20111111,Bank rally soothes bruised FTSE after Italy vote ,* Volatility index down 15 pct  sign of improving risk appetite,topStory
DB,Deutsche Bank AG,20111111,Standard Bank gets new head of Singapore iron ore ,LONDON  Nov 11 Standard Bank has appointed Damon Buckley  a former Deutsche Bank employee  to head its new physical iron ore business in Singapore  a senior industry source told Reuters on Friday.,normal
DDS,Dillard&#39;s Inc,20111111,UPDATE 2-Dillard's margins fall short  shares slump ,Nov 11 Dillard's Inc's quarterly net income rose 85 percent  but its shares fell 11 percent as the department store chain reported a lower retail gross margin than analysts had expected.     KEY POINTS                       Q3 2011    Estimate    Q3 2010     Net sales        $1.38 bln    ---        $1.34 bln     Net income       $26.6 mln    ---        $14.4 mln     Adjusted EPS     $0.48       $0.32*      --     Gross margin     36.8 pct     ---        36.8 pct     for retail     - ,topStory
ERJ,Embraer-Empresa Brasileira de Aeronautica,20111111,Embraer opts for re-engined E-Jet over new model ,* Planemaker to design new engine for E-170 and E-190 jets,topStory
ETR,Entergy Corporation,20111111,Highstar puts water utility on the block ,Nov 11 Buyout firm Highstar Capital is exploring the sale of water and wastewater company Utilities Inc  whose value is seen at about $500 million  according to several sources familiar with the matter.,topStory
XOM,Exxon Mobil Corporation,20111111,UPDATE 7-Exxon signs Kurd deals; Baghdad issues warning ,LONDON/BAGHDAD  Nov 11 Exxon Mobil has signed oil and gas exploration deals with Iraq's Kurdistan  an adviser to the Kurdish government said on Friday  prompting warnings from Baghdad that the bold step could jeopardise the company's future in the country.,topStory
XOM,Exxon Mobil Corporation,20111111,Exxon signs Kurd deals  Baghdad warns ,LONDON/BAGHDAD Exxon Mobil  has signed oil and gas exploration deals with Iraq's Kurdistan  an adviser to the Kurdish government said on Friday  despite warnings from Baghdad that the move could jeopardize a major oilfield project.,normal
XOM,Exxon Mobil Corporation,20111111,Exxon signs Kurd deals  Baghdad warns ,LONDON/BAGHDAD Exxon Mobil  has signed oil and gas exploration deals with Iraq's Kurdistan  an adviser to the Kurdish government said on Friday  despite warnings from Baghdad that the move could jeopardize a major oilfield project.,normal
XOM,Exxon Mobil Corporation,20111111,Iraq govt warned Exxon against Kurdish deals-official ,BAGHDAD  Nov 11 Iraq's government warned Exxon Mobil last month that any oil exploration contract it signed with the Kurdistan Regional Government would be illegal and could result in termination of its deal to develop the West Qurna oilfield  a senior Iraqi oil official said on Friday.,normal
XOM,Exxon Mobil Corporation,20111111,Exxon signs exploration deals with Iraqi Kurds-FT ,LONDON  Nov 11 Exxon Mobil last month signed oil and gas exploration deals with Iraq's Kurdistan  becoming the first oil major to deal with the region which has had strained relations with Baghdad  the Financial Times said on Friday.,normal
FDX,FedEx Corporation,20111111,How to play it: Riding the holiday shopping wave ,Retailers have grappled with rising commodity costs  thinning margins and jittery consumer confidence all year. Now they're set for the ultimate test: The make-or-break holiday shopping season  which accounts for 20-to-30 percent of all retail sales.,topStory
F,Ford Motor Company,20111111,UPDATE 2-US says Japan must meet high TPP standards ,* Japan 4th largest US trade partner  3rd largest economy  (Adds background  reaction from Ford  pork producers  NFTC),topStory
GEK,General Electric Capital Corporation,20111111,Text-Fitch affirms Comcast NBCUniversal IDRs ,CHICAGO  November 11 (Fitch) Fitch Ratings has affirmed the 'BBB+' Issuer Default Ratings (IDR) assigned to Comcast Corporation (Comcast) and its wholly owned subsidiaries included in Comcast's cross-guaranty structure that hold all of the company's cable businesses.     Fitch has also affirmed the 'BBB' IDR assigned to NBCUniversal Media  LLC (NBCUniversal)  a direct wholly owned subsidiary of NBCUniversal  LLC. NBCUniversal  LLC is a joint venture between Comcast and General Electric Company (,topStory
GEK,General Electric Capital Corporation,20111111,UPDATE 2-Strayer to buy Jack Welch's business college ,Nov 11 Strayer University is buying the business management college founded by the legendary former chief executive of General Electric  Jack Welch  to expand its bouquet of MBA programs.,normal
GE,General Electric Company,20111111,Text-Fitch affirms Comcast NBCUniversal IDRs ,CHICAGO  November 11 (Fitch) Fitch Ratings has affirmed the 'BBB+' Issuer Default Ratings (IDR) assigned to Comcast Corporation (Comcast) and its wholly owned subsidiaries included in Comcast's cross-guaranty structure that hold all of the company's cable businesses.     Fitch has also affirmed the 'BBB' IDR assigned to NBCUniversal Media  LLC (NBCUniversal)  a direct wholly owned subsidiary of NBCUniversal  LLC. NBCUniversal  LLC is a joint venture between Comcast and General Electric Company (,topStory
GE,General Electric Company,20111111,UPDATE 2-Strayer to buy Jack Welch's business college ,Nov 11 Strayer University is buying the business management college founded by the legendary former chief executive of General Electric  Jack Welch  to expand its bouquet of MBA programs.,normal
GM,General Motors Company,20111111,UPDATE 4-U.S. probes EV batteries after Chevy Volt fire ,WASHINGTON/DETROIT  Nov 11 U.S. regulators are investigating the safety of batteries used to power electric vehicles after a General Motors Co Volt caught fire following a crash test.,topStory
GM,General Motors Company,20111111,U.S. probes EV batteries after Chevy Volt fire ,WASHINGTON/DETROIT U.S. regulators are investigating the safety of batteries used to power electric vehicles after a General Motors Co Chevrolet Volt caught fire following a routine crash test.,normal
GM,General Motors Company,20111111,US probes battery fire in GM Chevy Volt ,Nov 11 A fire involving a General Motors Co Chevy Volt prompted a U.S. government safety investigation of batteries used to power electric vehicles.,normal
GOL,Gol Linhas Aereas Inteligentes SA,20111111,Brazilian airline Gol Q3 net plunges year-on-year ,SAO PAULO  Nov 11 Brazil's Gol Linhas Aereas  said on Friday it posted a third-quarter net loss of 516.5 million reais ($293.3 million)  reversing a 110 million real net profit in the year-ago period.,topStory
GS,Goldman Sachs Group Inc (The),20111111,MOVES-Goldman Sachs hires ex Trafigura man on copper team ,LONDON  Nov 11 Goldman Sachs has hired David Freeland  formerly senior copper trader at Swiss trading house Trafigura  as it looks to ramp up its physical metal operations  industry sources said on Friday.,topStory
GS,Goldman Sachs Group Inc (The),20111111,UPDATE 1-Goldman Asia-Pac co-head Yusuf Alireza to retire - memo ,HONG KONG  Nov 11 Goldman Sachs'  Asia Pacific co-head Yusuf Alireza is retiring from the investment bank after 19 years  according to an internal memo  with David Ryan becoming the region's sole president.,normal
GS,Goldman Sachs Group Inc (The),20111111,Goldman Asia-Pac co-head Yusuf Alireza to retire -memo ,HONG KONG  Nov 11 Goldman Sachs'  Asia co-head Yusuf Alireza is retiring from the investment bank after 19 years  according to an internal memo  with David Ryan becoming the region's sole president.,normal
HRB,H&R Block Inc,20111111,Analysis: H&R Block ruling bodes ill for AT&T ,WASHINGTON The rejection of tax preparer H&R Block Inc's  planned acquisition of rival TaxACT bodes ill for AT&T Inc  as it attempts to buy T-Mobile USA  antitrust experts said.,topStory
HOG,Harley-Davidson Inc,20111111,Harley-Davidson puts brakes on dealer sales-lawsuit ,Nov 11 A Harley-Davidson Inc dealer in St. Paul  Minnesota  has sued the motorcycle maker in federal court  claiming the company's restrictions on international sales by U.S. dealers and sales through third-party websites are unfair and weaken the dealer's profits.,topStory
HSBC,HSBC Holdings plc,20111111,HSBC injects 2.8 bln yuan into China unit ,SHANGHAI  Nov 11 HSBC Holdings Plc   has injected 2.8 billion yuan ($441 million) into its locally incorporated Chinese unit  bringing the local unit's registered capital to 10.8 billion yuan.,topStory
HSEA,HSBC Holdings plc,20111111,HSBC injects 2.8 bln yuan into China unit ,SHANGHAI  Nov 11 HSBC Holdings Plc   has injected 2.8 billion yuan ($441 million) into its locally incorporated Chinese unit  bringing the local unit's registered capital to 10.8 billion yuan.,topStory
HSEB,HSBC Holdings plc,20111111,HSBC injects 2.8 bln yuan into China unit ,SHANGHAI  Nov 11 HSBC Holdings Plc   has injected 2.8 billion yuan ($441 million) into its locally incorporated Chinese unit  bringing the local unit's registered capital to 10.8 billion yuan.,topStory
IAG,Iamgold Corporation,20111111,IAMGold sees scope for buys  gold above ,LONDON Canadian gold miner IAMGold  is on the look-out for acquisitions and while it is not itself up for sale  its chief executive said on Friday it does represent good value right now.,topStory
IBN,ICICI Bank Limited,20111111,UPDATE 3-India's Kingfisher flies into debt turbulence ,* Aviation minister to speak with finance minister on bank support,topStory
IBN,ICICI Bank Limited,20111111,SBI  ICICI shares drop on worries over Kingfisher troubles ,MUMBAI Shares of India's top two lenders State Bank of India  and ICICI Bank   which hold more than 5 percent in troubled Kingfisher Airlines   fell over 4 percent on Friday on worries their loans to the carrier could turn sour.,normal
IBM,International Business Machines Corporation,20111111,China's Suning signs deal with IBM for e-commerce ,SHANGHAI China's Suning Appliance Co Ltd  the country's biggest electronics retailer has signed an agreement with IBM to build a multi-billion e-commerce platform  both companies said in a statement on Friday.,topStory
IBM,International Business Machines Corporation,20111111,China's Suning signs deal with IBM for e-commerce ,SHANGHAI China's Suning Appliance Co Ltd  the country's biggest electronics retailer has signed an agreement with IBM to build a multi-billion e-commerce platform  both companies said in a statement on Friday.,normal
IBM,International Business Machines Corporation,20111111,China's Suning signs deal with IBM for e-commerce ,SHANGHAI  Nov 11 China's Suning Appliance Co Ltd  the country's biggest electronics retailer has signed an agreement with IBM to build a multi-billion e-commerce platform  both companies said in a statement on Friday.,normal
JPM,J P Morgan Chase & Co,20111111,Highstar puts water utility on the block ,Nov 11 Buyout firm Highstar Capital is exploring the sale of water and wastewater company Utilities Inc  whose value is seen at about $500 million  according to several sources familiar with the matter.,topStory
JPM,J P Morgan Chase & Co,20111111,Wide blame for biggest municipal bankruptcy ,BIRMINGHAM  Alabama From corrupt and incompetent local officials to Wall Street's credit crisis and toxic bonds  there was plenty of blame to go around on Thursday  a day after Alabama's Jefferson County declared the biggest municipal bankruptcy in U.S. history. | Video ,normal
JPM,J P Morgan Chase & Co,20111111,New Issue-Koninklijke KPN prices 400 mln stg 2026 bond ,Lead Manager(s)         Barclays  Credit Suisse & JP Morgan,normal
KBR,KBR Inc,20111111,UPDATE 2-KBR eyes big LNG projects as military work shrinks ,* U.S. military revenue seen down to $300-$500 mln in 2012,topStory
KKR,KKR & Co LP,20111111,UPDATE 1-KKR  TPG mull minority stakes in Yahoo -- sources ,NEW YORK/SAN FRANCISCO  Nov 11 Private equity firms  including KKR and Co LP and TPG Capital LP  are looking to potentially buy minority stakes of up to 20 percent in Yahoo Inc with an eye to eventually taking over the whole company  people with knowledge of the situation said.,topStory
KSS,Kohl&#39;s Corporation,20111111,UPDATE 2-Dillard's margins fall short  shares slump ,Nov 11 Dillard's Inc's quarterly net income rose 85 percent  but its shares fell 11 percent as the department store chain reported a lower retail gross margin than analysts had expected.     KEY POINTS                       Q3 2011    Estimate    Q3 2010     Net sales        $1.38 bln    ---        $1.34 bln     Net income       $26.6 mln    ---        $14.4 mln     Adjusted EPS     $0.48       $0.32*      --     Gross margin     36.8 pct     ---        36.8 pct     for retail     - ,topStory
KEP,Korea Electric Power Corporation,20111111,S.Korea to pour $9 bln in wind power generation by 2019 ,SEOUL  Nov 11 South Korea  heavily dependent on energy imports  will invest about 10.2 trillion won ($9 billion) in building a 2.5-gigawatt wind power generating complex through 2019 to diversify its energy resources  the Ministry of Knowledge Economy said on Friday.,topStory
LYV,Live Nation Entertainment Inc,20111111,Madonna "very upset" at new song leak: Manager ,LONDON Madonna's manager Guy Oseary has said the singer was "very upset" that a demo of her new song "Give Me All Your Love" had leaked onto the Internet.,topStory
MRK,Merck & Company Inc,20111111,UPDATE 3-Coach who saw Penn State sex assault put on leave ,* University appoints Merck CEO to head investigation  (Adds McQueary on administrative leave  other details),topStory
MFG,Mizuho Financial Group Inc,20111111,Mizuho Financial to cut 3000 jobs: report ,As part of the restructuring related to the merger of its two banking units  Mizuho Financial Group Inc  will cut 10 percent of its workforce  or 3 000 jobs  by end of fiscal 2015  The Nikkei said.,topStory
MCO,Moody&#39;s Corporation,20111111,UPDATE 1-Fitch cuts Hungary's outlook to negative ,* Says weaker growth  fiscal pressures could lead to downgrade,topStory
MCO,Moody&#39;s Corporation,20111111,New Issue-Koninklijke KPN prices 400 mln stg 2026 bond ,Lead Manager(s)         Barclays  Credit Suisse & JP Morgan,normal
MCO,Moody&#39;s Corporation,20111111,BRIEF-Moody's places all ratings of SCA on review for possible downgrade ,Nov 11 Svenska Cellulosa Aktiebolaget SCA  (SCA),normal
MCO,Moody&#39;s Corporation,20111111,UPDATE 4-SK Telecom picked for $3 bln Hynix deal ,* Hynix deal set to become SK Telecom's biggest acquisition,normal
MCO,Moody&#39;s Corporation,20111111,BRIEF-Moody's Affirms Financial Freedom's SQ Rating at SQ3+ ,Nov 11 Financial Freedom: * Moody's Affirms Financial Freedom's SQ Rating at SQ3+ ,normal
MS,Morgan Stanley,20111111,ON THE MOVE: Merrill  Wells Fargo  Bessemer add advisers ,Nov 11 Merrill Lynch  Wells Fargo Advisors and Bessemer Trust have expanded their adviser ranks with new hires announced this week:,topStory
MS,Morgan Stanley,20111111,DIARY-U.S. MEETINGS/WEEK AHEAD ,THOMSON REUTERS  November 11  2011 - Corporate Meetings for US companies for Week ahead.	         S&P 500 Earnings - Weekly           S&P 500 Earnings - Day Ahead   	     Non S&P 500 - Weekly               Non S&P 500 - Day Ahead        	     ConferenceCall/Webcast - Weekly    ConferenceCall/Webcast - Day   	     S&P 500 Earnings - Monthly           Meetings - Day Ahead           	     Economic Indicators                  Dividends                      	     Daily earnings hits & misses    	    ,normal
MS,Morgan Stanley,20111111,Ex-Morgan Stanley property exec Fancy sets up S'pore firm ,SINGAPORE  Nov 11 Zain Fancy  the former head of Morgan Stanley's Asia real estate investment business  has set up a firm in Singapore to invest in small and medium-sized properties following the end of a legal dispute with Och-Ziff Capital Management Group LLC.,normal
NBR,Nabors Industries Ltd,20111111,PRESS DIGEST - Wall Street Journal - Nov 11 ,Nov 11 The following were the top stories in The Wall Street Journal on Friday. Reuters has not verified these stories and does not vouch for their accuracy.,topStory
NAV,Navistar International Corporation,20111111,Navistar deadline highlights Icahn's truck stake ,Nov 11 Billionaire investor Carl Icahn's big bet on the U.S. heavy-truck industry remains in the spotlight as the deadline nears for investors at Navistar International Corp to nominate new members for the board of directors.,topStory
OZM,Och-Ziff Capital Management Group LLC,20111111,Ex-Morgan Stanley property exec Fancy sets up S'pore firm ,SINGAPORE  Nov 11 Zain Fancy  the former head of Morgan Stanley's Asia real estate investment business  has set up a firm in Singapore to invest in small and medium-sized properties following the end of a legal dispute with Och-Ziff Capital Management Group LLC.,topStory
OSK,Oshkosh Corporation,20111111,Navistar deadline highlights Icahn's truck stake ,Nov 11 Billionaire investor Carl Icahn's big bet on the U.S. heavy-truck industry remains in the spotlight as the deadline nears for investors at Navistar International Corp to nominate new members for the board of directors.,topStory
BTU,Peabody Energy Corporation,20111111,Deals of the day -- mergers and acquisitions ,Nov 11 The following bids  mergers  acquisitions and disposals involving European  U.S. and Asian companies were reported by 2100 GMT on Friday:,topStory
BTU,Peabody Energy Corporation,20111111,Peabody extends $5 billion bid for Australian Macarthur ,U.S. coal giant Peabody Energy Corp  extended its $5 billion bid for Australia's Macarthur Coal Ltd  by two weeks after failing to reach the 90 percent threshold for acceptances by its Friday deadline.,normal
BTU,Peabody Energy Corporation,20111111,UPDATE 2-Peabody extends $5bln bid for Australian Macarthur ,Nov 11 U.S. coal giant Peabody Energy Corp extended its $5 billion bid for Australia's Macarthur Coal Ltd by two weeks after failing to reach the 90 percent threshold for acceptances by its Friday deadline.,normal
BTU,Peabody Energy Corporation,20111111,Peabody extends $5 billion bid for Australia's Macarthur ,SYDNEY U.S. coal giant Peabody Energy Corp  extended its $5 billion bid for Australia's Macarthur Coal Ltd  by two weeks after failing to reach the 90 percent threshold for acceptances by its Friday deadline.,normal
BTU,Peabody Energy Corporation,20111111,Peabody extends $5 bln bid for Australia's Macarthur ,SYDNEY  Nov 11 U.S. coal giant Peabody Energy Corp extended its $5 billion bid for Australia's Macarthur Coal Ltd after failing to reach the 90 percent threshold for acceptances by its Friday deadline.,normal
RAD,Rite Aid Corporation,20111111,FDA stings retailers for selling tobacco to minors ,WASHINGTON Health regulators have hit some 1 200 retailers  including Walgreen  CVS and Rite Aid  with warnings this year for unlawfully selling cigarettes and other tobacco products to children under 18.,topStory
RY,Royal Bank Of Canada,20111111,Highstar puts water utility on the block ,Nov 11 Buyout firm Highstar Capital is exploring the sale of water and wastewater company Utilities Inc  whose value is seen at about $500 million  according to several sources familiar with the matter.,topStory
SKM,SK Telecom Co Ltd,20111111,SK Telecom picked for $3 bln Hynix deal ,SEOUL SK Telecom  has been named preferred bidder for control of Hynix Semiconductor   a major Hynix shareholder said on Friday  ending years of struggle to find a new owner for the world's No.2 computer memory chipmaker.,topStory
SKM,SK Telecom Co Ltd,20111111,UPDATE 4-SK Telecom picked for $3 bln Hynix deal ,* Hynix deal set to become SK Telecom's biggest acquisition,normal
SKM,SK Telecom Co Ltd,20111111,BRIEF-Moody's places SKT's A2 ratings under review for possible downgrade ,*Moody's places SKT's A2 ratings under review for possible downgrade,normal
SKM,SK Telecom Co Ltd,20111111,SK Telecom named as preferred bidder for Hynix ,SEOUL  Nov 11 SK Telecom has been selected as preferred bidder for   Hynix Semiconductor   a lead shareholder of the world's No.2 memory chipmaker said on Friday.,normal
SNE,Sony Corp Ord,20111111,EMI sale ends 80 years of independence ,NEW YORK EMI  the London-based record label that for 80 years brought the world everyone from the Beatles and Queen to Coldplay and Katy Perry  is no longer independent.,topStory
SNE,Sony Corp Ord,20111111,UPDATE 5-EMI sale ends 80 years of independence ,* Warner Music  BMG trumped at the 11th hour  (Adds comments  deal details  background throughout),normal
SNE,Sony Corp Ord,20111111,Box office: New weekend films need lots of young men ,LOS ANGELES (TheWrap.com) - Two of the three movies opening wide this weekend are targeted at a key film-going demographic that has been staying away from the movies lately: Young men.,normal
SNE,Sony Corp Ord,20111111,Sony suspends production on Roland Emmerich film ,LOS ANGELES (TheWrap.com) - Sony has put production of "Singularity " Roland Emmerich's big-budget sci-fi film  on hold while the filmmakers revise the script  TheWrap has confirmed.,normal
SPN,Superior Energy Services Inc,20111111,UPDATE 1-Complete Production to sell rig relocation unit for $110 mln ,Nov 11 Oilfield equipment and drilling services provider Complete Production Services said it will sell its rig relocation and heavy haul business for about $110 million as it looks to focus on production services.,topStory
TI,Telecom Italia SPA,20111111,Telecom Italia confirms targets as 9-month core earnings rise ,MILAN Telecom Italia stuck to its guidance on Friday after nine-month core earnings rose as Italy's biggest telecoms operator slightly improved its position in the fiercely competitive domestic market.,topStory
TI,Telecom Italia SPA,20111111,Telecom Italia confirms targets as 9-month core earnings rise ,MILAN Telecom Italia stuck to its guidance on Friday after nine-month core earnings rose as Italy's biggest telecoms operator slightly improved its position in the fiercely competitive domestic market.,normal
TI,Telecom Italia SPA,20111111,T.Italia does not see turmoil boosting avg debt costs ,MILAN  Nov 11 Telecom Italia  does not expect current market turbulence to boost the average cost of its debt  the group's chief financial officer told journalists on Friday.,normal
TI,Telecom Italia SPA,20111111,T.Italia to seek partnership for TI Media  no sale ,MILAN  Nov 11 Telecom Italia  ruled out on Friday a sale of its Telecom Italia Media  unit and said its year-end liquidity would be enough to cover 2012 debt maturities  should difficult funding markets alter its plan to refinance half.,normal
TI,Telecom Italia SPA,20111111,UPDATE 1-T.Italia confirms targets as 9-mth core earnings rise ,* Adj net debt 29.95 bln euros end Sept   (Adds details  executive comment),normal
TEF,Telefonica SA,20111111,Telefonica 9-month net weak as tough market bites ,MADRID Spanish telecoms giant Telefonica stuck doggedly to ambitious shareholder return targets on Friday even while 9-month profit fell a more-than-expected 69 percent in what the group described as a "challenging" operating environment.,topStory
TEF,Telefonica SA,20111111,Telefonica 9-month net weak as tough market bites ,MADRID Spanish telecoms giant Telefonica stuck doggedly to ambitious shareholder return targets on Friday even while 9-month profit fell a more-than-expected 69 percent in what the group described as a "challenging" operating environment.,normal
TEF,Telefonica SA,20111111,UPDATE 2-Telefonica keeps targets after 9 mths net plummets ,* Shares flat  underperform sector   (Adds detail  analyst comment),normal
TEF,Telefonica SA,20111111,Telefonica 9-mo net sags under restructuring charge ,MADRID  Nov 11 Spanish telecoms giant Telefonica stuck to shareholder return targets on Friday  despite a "challenging" operating environment which saw profit fall a more-than-expected 69 percent in the first nine months of the year.,normal
TEF,Telefonica SA,20111111,Spanish stocks - Factors to watch on Friday ,Nov 11 The following Spanish stocks may be affected by newspaper reports and other factors on Friday. Reuters has not verified the newspaper reports  and cannot vouch for their accuracy:,normal
BX,The Blackstone Group LP,20111111,UPDATE 1-KKR  TPG mull minority stakes in Yahoo -- sources ,NEW YORK/SAN FRANCISCO  Nov 11 Private equity firms  including KKR and Co LP and TPG Capital LP  are looking to potentially buy minority stakes of up to 20 percent in Yahoo Inc with an eye to eventually taking over the whole company  people with knowledge of the situation said.,topStory
BX,The Blackstone Group LP,20111111,RPT-Private equity takes two approaches to Yahoo-sources ,NEW YORK  Nov 11 Private equity firms including KKR and TPG Capitalare looking to potentially buy minority stakes of up to 20 percent in Yahoo Inc  with an eye to eventually taking over the whole company  people with knowledge of the situation said.,normal
BX,The Blackstone Group LP,20111111,Private equity takes two approaches to Yahoo-sources ,NEW YORK  Nov 11 Private equity firms including KKR and TPG Capital are looking to potentially buy minority stakes of up to 20 percent in Yahoo Inc  with an eye to eventually taking over the whole company  people with knowledge of the situation said.,normal
BX,The Blackstone Group LP,20111111,Blackstone  Carlyle in talks to buy Reliance towers-report ,Nov 11 India's Reliance Communications  is in exclusive talks with private equity firms Blackstone Group LP and Carlyle Group to sell its telecoms tower unit  the Times of India reported on Friday  citing an unnamed source.,normal
TM,Toyota Motor Corp Ltd Ord,20111111,Toyota to resume normal output in Japan November 21-25 ,TOKYO Toyota  said on Friday that its production in Japan would return to near normal levels in the November 21-25 week  after Thai floods disrupted parts supplies  but that it was still unsure about output from Nov 28.,topStory
TM,Toyota Motor Corp Ltd Ord,20111111,Toyota to resume normal output in Japan November 21-25 ,TOKYO Toyota  said on Friday that its production in Japan would return to near normal levels in the November 21-25 week  after Thai floods disrupted parts supplies  but that it was still unsure about output from Nov 28.,normal
TM,Toyota Motor Corp Ltd Ord,20111111,Toyota: to resume normal output in Japan Nov. 21-25 ,TOKYO  Nov 11 Toyota said on Friday its production in Japan would return to nearly normal levels in the Nov. 21-25 week  after Thai floods disrupted parts supplies.,normal
TM,Toyota Motor Corp Ltd Ord,20111111,Nikkei up but posts weekly loss as Europe fears persist ,* Support seen at Oct 6 intraday low of 8 463     * Olympus erases early gains in volatile trading     * Daio Paper plunges after move to TSE supervisory list     * Toyota drops to 15-year low      By Mari Saito	     TOKYO  Nov 11 The Nikkei share average edged up on Friday after a sharp sell-off the day before as investors positioned for possible gains ahead  although worries about the deepening debt crisis in Europe muted any optimism.	     Scandal-hit Olympus Corp seesawed in vola,normal
TRP,TransCanada Corporation,20111111,FACTBOX-Keystone XL dominates US energy  environment agenda ,Nov 11 TransCanada Corp's Keystone XL pipeline has been at the center of an emotional debate in the United States  pitting promoters of energy security and job creation against advocates of a green economy who fear the environmental risks of moving oil across the length of the country.,topStory
TRP,TransCanada Corporation,20111111,U.S. punts tricky pipeline decision past 2012 election ,WASHINGTON The U.S. government on Thursday delayed approval of a Canada-to-Texas oil pipeline until after the 2012 U.S. election  bowing to pressure from environmentalists and sparing President Barack Obama a damaging split with liberal voters he may need to win reelection.,normal
UAL,United Continental Holdings Inc,20111111,UPDATE 1-United Air in tentative labor deal with mechanics ,Nov 11 United Airlines and the union representing its mechanics said on Friday they reached a tentative labor deal that puts the airlines a step closer to integrating the two work groups of newly merged United Continental Holdings Inc .,topStory
UVV,Universal Corporation,20111111,UPDATE 5-EMI sale ends 80 years of independence ,* Warner Music  BMG trumped at the 11th hour  (Adds comments  deal details  background throughout),topStory
WMT,Wal-Mart Stores Inc,20111111,WEEKAHEAD-View from editors in the Americas ,NEW YORK  Nov 11 Following is the view from editors in the Americas on major news in the week ahead:,topStory
WMT,Wal-Mart Stores Inc,20111111,Walmart.com test stores hint at Web shopping fight ,CANOGA PARK  Calif Two tiny Walmart.com stores are making Southern California malls their home for the holidays  launching the latest salvo in the war for online retail dominance.,normal
WMT,Wal-Mart Stores Inc,20111111,Wal-Mart heiress' museum brings art to Middle America ,BENTONVILLE  Ark Art should be accessible to all people. That's the concept behind a massive new museum in small-town Arkansas that is the brainchild of the heiress daughter of Wal-Mart founder Sam Walton.,normal
WFC,Wells Fargo & Company,20111111,ON THE MOVE: Merrill  Wells Fargo  Bessemer add advisers ,Nov 11 Merrill Lynch  Wells Fargo Advisors and Bessemer Trust have expanded their adviser ranks with new hires announced this week:,topStory
