AAPL,Apple Inc,20111125,HTC tumbles again; growth potential in doubt ,TAIPEI Unnerved by a second profit warning in a month  investors sent HTC Corp shares tumbling for a second straight day on Friday on concern the world's No.4 smartphone maker may be running out of ideas in an increasingly competitive market.,topStory
AAPL,Apple Inc,20111125,Apple ahead in mobile loyalty -research firm ,Nov 24 Apple is well ahead of rivals in building brand loyalty among its users in a mobile market where the key brands are rushing to build as large a foothold as possible  a study by research firm GfK showed.,normal
CME,CME Group Inc,20111125,High-frequency firm fined for trading malfunctions ,Exchange operator CME Group Inc  fined Infinium Capital Management  a U.S. high-frequency trading firm  a total of $850 000 for three separate computer malfunctions that rattled futures markets in 2009 and 2010.,topStory
CME,CME Group Inc,20111125,UPDATE 1-High-frequency firm fined for trading malfunctions ,* Exchange CME fines Infinium $850 000 for three incidents,normal
CME,CME Group Inc,20111125,High-frequency firm fined for trading malfunctions ,* Exchange CME fines Infinium $850 000 for three incidents,normal
INTL,INTL FCStone Inc,20111125,INTL FCStone to acquire MF Global's UK metals arm ,LONDON/NEW YORK U.S.-based broker INTL FCSTone  will buy the entire UK metals unit of defunct broker MF Global Holdings  including its people and London Metal Exchange (LME) ring-dealing seat  securing a significant role in metals with a single deal.,topStory
INTL,INTL FCStone Inc,20111125,UPDATE 2-INTL FCStone to acquire MF Global's UK metals arm ,* Sale safeguards 50 jobs  includes LME ring-dealing seat,normal
T,AT&T Inc,20111125,Dealtalk: In twist  blocking AT&T deal could hurt rivals ,NEW YORK Driven by antitrust concerns  U.S. regulators are fighting hard to block AT&T's  $39 billion deal to buy Deutsche Telekom's  T-Mobile USA. But  in an ironic twist  smaller U.S. wireless rivals may suffer more if the deal is blocked than if it is approved.,topStory
T,AT&T Inc,20111125,AT&T to offer bigger asset sale to save T-Mobile deal: report ,AT&T Inc is considering an offer to divest a significantly larger portion of assets than it had initially expected  in order to salvage its $39 billion deal to buy T-Mobile USA  Bloomberg reported citing a person familiar with the plan.,normal
T,AT&T Inc,20111125,AT&T to offer bigger asset sale to save T-Mobile deal-Bloomberg ,Nov 25 AT&T Inc is considering an offer to divest a significantly larger portion of assets than it had initially expected  in order to salvage its $39 billion deal to buy T-Mobile USA  Bloomberg reported citing a person familiar with the plan.,normal
T,AT&T Inc,20111125,Analysis: Sprint network upgrade may curb unlimited data ,NEW YORK Sprint Nextel may be forced to abandon the biggest advantage it has over its rivals - unlimited data services for a flat fee - because of heavy data users and a shortage of wireless airwaves.,normal
T,AT&T Inc,20111125,AT&T braces for T-Mobile deal collapse ,LONDON/FRANKFURT AT&T said it would take a $4 billion charge in case its takeover of T-Mobile USA fails  a tacit recognition of the dwindling chances that the deal will get through U.S. regulators who say it would destroy jobs and curb competition.,normal
T,AT&T Inc,20111125,Factbox: FCC has options in answering AT&T  T-Mobile ,AT&T and T-Mobile USA owner Deutsche Telekom are withdrawing their application with the Federal Communications Commission to focus on defending their $39 billion deal from a lawsuit brought by the U.S. Justice Department.,normal
T,AT&T Inc,20111125,FACTBOX-FCC has options in answering AT&T  T-Mobile ,Nov 25 AT&T and T-Mobile USA owner Deutsche Telekom are withdrawing their application with the Federal Communications Commission to focus on defending their $39 billion deal from a lawsuit brought by the U.S. Justice Department.,normal
T,AT&T Inc,20111125,German stocks - Factors to watch on November 25 ,FRANKFURT  Nov 25 The DAX top-30 index  looked set to open 0.3 percent lower on Friday  according to premarket data from brokerage Lang & Schwarz at 0710 GMT. 	   The following are some of the factors that may move German stocks (share price indications at 0710 GMT),normal
T,AT&T Inc,20111125,PRESS DIGEST - Wall Street Journal - Nov 25 ,Nov 25 The following were the top stories in The Wall Street Journal on Friday. Reuters has not verified these stories and does not vouch for their accuracy.,normal
BBVA,Banco Bilbao Viscaya Argentaria SA,20111125,UPDATE 3-Spain's big lenders shun CAM bank auction ,* Lack of interest underlines problems facing banks   (Adds details on People's Party plans),topStory
SAN,Banco Santander SA,20111125,UPDATE 3-Spain's big lenders shun CAM bank auction ,* Lack of interest underlines problems facing banks   (Adds details on People's Party plans),topStory
BK,Bank Of New York Mellon Corporation (The),20111125,Bank of New York flinches on charging deposit fee ,Bank of New York Mellon Corp  which was derided for a plan to charge some of its large corporate and investment management clients for holding their deposits  appears to have flinched.,topStory
BK,Bank Of New York Mellon Corporation (The),20111125,Bank of New York flinches on charging deposit fee ,Nov 25 Bank of New York Mellon Corp   which was derided for a plan to charge some of its large corporate and investment management clients for holding their deposits  appears to have flinched.,normal
BBT,BB&T Corporation,20111125,Investor tries to block BB&T  BankAtlantic deal ,A BankAtlantic Bancorp Inc  investor has filed a lawsuit in Delaware state court to block the sale of the bank holding company's primary operations to a rival  the first major outside challenge to one of the largest U.S. bank deals this year.,topStory
BBT,BB&T Corporation,20111125,UPDATE 3-Investor tries to block BB&T  BankAtlantic deal ,* Alleges BB&T allowed to "unlawfully cherry-pick" assets,normal
BBX,BBX Capital Corporation,20111125,Investor tries to block BB&T  BankAtlantic deal ,A BankAtlantic Bancorp Inc  investor has filed a lawsuit in Delaware state court to block the sale of the bank holding company's primary operations to a rival  the first major outside challenge to one of the largest U.S. bank deals this year.,topStory
BBX,BBX Capital Corporation,20111125,UPDATE 3-Investor tries to block BB&T  BankAtlantic deal ,* Alleges BB&T allowed to "unlawfully cherry-pick" assets,normal
BBY,Best Buy Co Inc,20111125,UPDATE 3-Thanksgiving kicks off fight for U.S. holiday sales ,Nov 24 The U.S. holiday shopping season was in full-swing on Thursday  with retailers hoping consumers will spend big despite worries about the fragile economy and their own precarious finances.,topStory
BMY,Bristol-Myers Squibb Company,20111125,UK cost agency backs BMS  Pfizer anti-clot drug ,LONDON  Nov 25 Britain's healthcare cost-effectiveness watchdog has recommended  Bristol-Myers Squibb and Pfizer's new pill Eliquis for preventing blood clots after hip and knee surgery  following a fast-track review.,topStory
CX,Cemex SAB de CV,20111125,Mexico's Cemex disputes tax claim from 2004  XX ,MONTERREY  Mexico  Nov 25 Heavily indebted Mexican cement maker Cemex said on Friday it would file a legal challenge to dispute a tax bill of $142 million authorities say the company owes from 2004.,topStory
CVX,Chevron Corporation,20111125,Chevron keen for more Brazil oil  despite spill ,RIO DE JANEIRO Chevron  said on Friday it planned to invest $3 billion in Brazil over the next three years  despite uproar in the South American country after an oil spill this month caused by its offshore drilling.,topStory
CVX,Chevron Corporation,20111125,Chevron to invest $3 bln in Brazil in next 3 years ,RIO DE JANEIRO  Nov 25 U.S. oil company Chevron plans to invest $3 billion dollars in Brazil over the next three years  its head of South American and African operations Ali Moshiri told reporters on Friday.,normal
E,ENI SpA,20111125,Newsmaker: Technocrat "oil man" takes charge of Libya lifeline ,TRIPOLI Libya's new oil minister is seen as the right kind of technocrat  deeply experienced yet not too closely tied to the former regime of Muammar Gaddafi  to help restore the OPEC member's economic lifeline after eight months of war.,topStory
E,ENI SpA,20111125,NEWSMAKER-Technocrat 'oil man' takes charge of Libya lifeline ,TRIPOLI  Nov 25 Libya's new oil minister is seen as the right kind of technocrat  deeply experienced yet not too closely tied to the former regime of Muammar Gaddafi  to help restore the OPEC member's economic lifeline after eight months of war.,normal
FAF,First American Corporation (The),20111125,Supreme Court to decide whether lawsuits require harm ,WASHINGTON In a dispute pitting big business against consumer groups  the Supreme Court hears arguments Monday on whether a person has to suffer legal harm to sue a company over an alleged kickback it got.,topStory
FAF,First American Corporation (The),20111125,PREVIEW-US top court to decide whether lawsuits require harm ,* Businesses back company  consumer groups back home buyer,normal
F,Ford Motor Company,20111125,UPDATE 1-Toyota  BMW to partner on green technology: Nikkei ,Nov 26 Toyota Motor Corp is in talks with BMW AG for a partnership in environmental vehicles  business daily Nikkei reported.,topStory
GPS,Gap Inc (The),20111125,Gap says to triple China network in 2012 ,HONG KONG Apparel brand Gap Inc  said on Friday that it aims to triple its store network in China next year  one of the latest foreign brands to target the country's consumer spending growth.,topStory
GPS,Gap Inc (The),20111125,U.S. apparel brand Gap says to triple China network in 2012 ,* To triple China network to 45 stores by end fiscal 2012,normal
GS,Goldman Sachs Group Inc (The),20111125,DealTalk: Goldman  Morgan Stanley bow out of Unicredit cash call ,LONDON A behind-the-scenes tussle for control over a 7.5 billion euro ($10 billion) share sale by Italy's Unicredit  has shown how increasingly tense market conditions are driving a wedge between investment banks.,topStory
GS,Goldman Sachs Group Inc (The),20111125,Ex-Goldman star Flamand has tough debut year ,LONDON Pierre-Henri Flamand  the star trader who left Goldman Sachs  to launch one of the most eagerly-awaited hedge funds of 2010  is having a tough debut year as volatile markets rock the M&A dealflow his strategy trades on to make money.,normal
GS,Goldman Sachs Group Inc (The),20111125,Ex-Goldman star Flamand has tough debut year ,LONDON  Nov 25 Pierre-Henri Flamand  the star trader who left Goldman Sachs to launch one of the most eagerly-awaited hedge funds of 2010  is having a tough debut year as volatile markets rock the M&A dealflow his strategy trades on to make money.,normal
GS,Goldman Sachs Group Inc (The),20111125,Lloyds Australian unit sells $1.65 bln of distressed property loans ,SYDNEY  Nov 25 Lloyds Banking Group's  Australian unit has sold A$1.7 billion ($1.65 billion) in distressed property loans to Morgan Stanley and Goldman Sachs to free up capital to focus on corporate lending and asset finance.,normal
HSBC,HSBC Holdings plc,20111125,Deals of the day -- mergers and acquisitions ,Nov 25 The following bids  mergers  acquisitions and disposals involving European  U.S. and Asian companies were reported by 1430 GMT on Friday.,topStory
HSBC,HSBC Holdings plc,20111125,KDB in talks to buy HSBC Korea retail ops: chairman ,SEOUL South Korea's KDB Financial Group  a holding company of state-run Korea Development Bank (KDB)   is in talks to buy HSBC Holdings Plc's  retail banking operations in the country  its chairman said.,normal
HSBC,HSBC Holdings plc,20111125,CORRECTED-HK  China shares weaker  HSBC at lowest since May 2009 ,* Shanghai Composite down 0.4 pct  set for 3rd weekly loss,normal
HSEA,HSBC Holdings plc,20111125,Deals of the day -- mergers and acquisitions ,Nov 25 The following bids  mergers  acquisitions and disposals involving European  U.S. and Asian companies were reported by 1430 GMT on Friday.,topStory
HSEA,HSBC Holdings plc,20111125,KDB in talks to buy HSBC Korea retail ops: chairman ,SEOUL South Korea's KDB Financial Group  a holding company of state-run Korea Development Bank (KDB)   is in talks to buy HSBC Holdings Plc's  retail banking operations in the country  its chairman said.,normal
HSEA,HSBC Holdings plc,20111125,CORRECTED-HK  China shares weaker  HSBC at lowest since May 2009 ,* Shanghai Composite down 0.4 pct  set for 3rd weekly loss,normal
HSEB,HSBC Holdings plc,20111125,Deals of the day -- mergers and acquisitions ,Nov 25 The following bids  mergers  acquisitions and disposals involving European  U.S. and Asian companies were reported by 1430 GMT on Friday.,topStory
HSEB,HSBC Holdings plc,20111125,KDB in talks to buy HSBC Korea retail ops: chairman ,SEOUL South Korea's KDB Financial Group  a holding company of state-run Korea Development Bank (KDB)   is in talks to buy HSBC Holdings Plc's  retail banking operations in the country  its chairman said.,normal
HSEB,HSBC Holdings plc,20111125,CORRECTED-HK  China shares weaker  HSBC at lowest since May 2009 ,* Shanghai Composite down 0.4 pct  set for 3rd weekly loss,normal
JPM,J P Morgan Chase & Co,20111125,DealTalk: Goldman  Morgan Stanley bow out of Unicredit cash call ,LONDON A behind-the-scenes tussle for control over a 7.5 billion euro ($10 billion) share sale by Italy's Unicredit  has shown how increasingly tense market conditions are driving a wedge between investment banks.,topStory
JNJ,Johnson & Johnson,20111125,UK cost agency backs BMS  Pfizer anti-clot drug ,LONDON  Nov 25 Britain's healthcare cost-effectiveness watchdog has recommended  Bristol-Myers Squibb and Pfizer's new pill Eliquis for preventing blood clots after hip and knee surgery  following a fast-track review.,topStory
KEP,Korea Electric Power Corporation,20111125,Seoul shares fall; tech issues  KEPCO outperform ,SEOUL  Nov 25 Seoul shares fell on Friday  tracking falls overnight in European markets after Germany reiterated its opposition to the use of euro bonds or monetary tools to help solve the euro zone's debt crisis  deepening worries about the region.,topStory
KEP,Korea Electric Power Corporation,20111125,Korea Hot Stocks-KEPCO rallies on tariff hike hopes ,SEOUL  Nov 25 South Korea's main KOSPI share index was down 1.14 percent at 1 774.65 points as of 0134 GMT. The index opened down 0.84 percent at 1 780.06 points.,normal
LYG,Lloyds Banking Group Plc,20111125,Lloyds Australian unit sells $1.65 bln of distressed property loans ,SYDNEY  Nov 25 Lloyds Banking Group's  Australian unit has sold A$1.7 billion ($1.65 billion) in distressed property loans to Morgan Stanley and Goldman Sachs to free up capital to focus on corporate lending and asset finance.,topStory
LMT,Lockheed Martin Corporation,20111125,F-35 makes headway amid criticism  US budget crunch ,ABOARD THE USS WASP The 16-ton fighter jet slowed to a stop off the warship's port beam  where it hovered like a floating rock as thousands of pounds of thrust from its engine and lift fan stirred up a cloud of mist from the Atlantic Ocean 100 feet below.,topStory
LMT,Lockheed Martin Corporation,20111125,F-35 makes headway amid criticism  US budget crunch ,ABOARD THE USS WASP  Nov 25 The 16-ton fighter jet slowed to a stop off the warship's port beam  where it hovered like a floating rock as thousands of pounds of thrust from its engine and lift fan stirred up a cloud of mist from the Atlantic Ocean 100 feet below.,normal
LMT,Lockheed Martin Corporation,20111125,F-35 makes headway amid criticism  US budget crunch ,*Meanwhile  Joint Strike Fighter fleet continues to expand,normal
M,Macy&#39;s Inc,20111125,Spirited "Black Friday" has dark roots ,Most Americans associate the words "Black Friday" with the ritual of excited consumers rising early to begin holiday shopping in search of doorbuster deals  but the term's origins have a deeper  darker meaning.,topStory
M,Macy&#39;s Inc,20111125,Midnight Black Friday start likely to become norm ,Earlier than ever store openings at Macy's Inc  Target Corp and Best Buy Inc this year were such hits with shoppers that their midnight start on Black Friday will likely become the norm.,normal
M,Macy&#39;s Inc,20111125,Midnight Black Friday start likely to become norm ,Nov 25 Earlier than ever store openings at Macy's Inc   Target Corp and Best Buy Inc  this year were such hits with shoppers that their midnight start on Black Friday will likely become the norm.,normal
M,Macy&#39;s Inc,20111125,Black Friday draws crowds  but spending in doubt ,Retailers were hoping for more shoppers like Shawn Elzia as the annual Black Friday bargain stampede marked the unofficial start of what is widely expected to be a middling holiday shopping season. | Video ,normal
M,Macy&#39;s Inc,20111125,UPDATE 4-Black Friday draws crowds  but spending in doubt ,Nov 25 U.S. retailers were hoping for more shoppers like Shawn Elzia as the annual Black Friday bargain stampede marked the unofficial start of what is widely expected to be a middling holiday shopping season.,normal
M,Macy&#39;s Inc,20111125,Scotty McCreery flubs Macy's parade lip synching ,LOS ANGELES (TheWrap.com) - "American Idol" winner Scotty McCreery committed a lip synching foul during Thursday's Macy's Thanksgiving Day Parade.,normal
M,Macy&#39;s Inc,20111125,Worried US shoppers greet 'Black Friday' sales ,Nov 24 Bargain hunters flocked to U.S. stores late Thursday and overnight Friday  searching for deals while fretting about their own shaky economic well-being.,normal
M,Macy&#39;s Inc,20111125,UPDATE 3-Thanksgiving kicks off fight for U.S. holiday sales ,Nov 24 The U.S. holiday shopping season was in full-swing on Thursday  with retailers hoping consumers will spend big despite worries about the fragile economy and their own precarious finances.,normal
M,Macy&#39;s Inc,20111125,Huge Macy's parade crowd for beloved - and bizarre - balloons ,NEW YORK Gigantic balloons floated down New York streets for the 85th Macy's Thanksgiving Day Parade on Thursday  drawing huge crowds to sidewalks and an even bigger audience to television sets  a parade spokesman said. | Video ,normal
MCO,Moody&#39;s Corporation,20111125,U.S. credit raters set back on First Amendment: judge ,A federal judge has said credit ratings are not always protected opinion under the First Amendment  a defeat for credit rating agencies in a lawsuit brought by investors who lost money on mortgage-backed securities.,topStory
MCO,Moody&#39;s Corporation,20111125,US credit raters set back on First Amendment--judge ,Nov 25 A federal judge has said credit ratings are not always protected opinion under the First Amendment  a defeat for credit rating agencies in a lawsuit brought by investors who lost money on mortgage-backed securities.,normal
MS,Morgan Stanley,20111125,DealTalk: Goldman  Morgan Stanley bow out of Unicredit cash call ,LONDON A behind-the-scenes tussle for control over a 7.5 billion euro ($10 billion) share sale by Italy's Unicredit  has shown how increasingly tense market conditions are driving a wedge between investment banks.,topStory
MS,Morgan Stanley,20111125,Lloyds Australian unit sells $1.65 bln of distressed property loans ,SYDNEY  Nov 25 Lloyds Banking Group's  Australian unit has sold A$1.7 billion ($1.65 billion) in distressed property loans to Morgan Stanley and Goldman Sachs to free up capital to focus on corporate lending and asset finance.,normal
PFE,Pfizer Inc,20111125,UK cost agency backs BMS  Pfizer anti-clot drug ,LONDON  Nov 25 Britain's healthcare cost-effectiveness watchdog has recommended  Bristol-Myers Squibb and Pfizer's new pill Eliquis for preventing blood clots after hip and knee surgery  following a fast-track review.,topStory
RIO,Rio Tinto Plc,20111125,REFILE-Rio says will hunt for copper in China with Chinalco ,SYDNEY  Nov 25 Rio Tinto   said on Friday it would initially explore for copper in China under a newly-formed partnership with state-owned Chinalco before branching out into other commodities.,topStory
RY,Royal Bank Of Canada,20111125,UPDATE 1-MF Global Canada forex accounts to be paid out ,TORONTO  Nov 25 An Ontario court has approved a plan to allow the bankruptcy trustee for the Canadian arm of bankrupt MF Global to make cash payments to the broker's 2 500 foreign exchange customers.,topStory
RBS,Royal Bank Scotland plc (The),20111125,UPDATE 2-Bank asset sale stand-off threatens European lending ,LONDON  Nov 25 (IFR) - A stand-off between cash-strapped European banks and possible buyers of trillions of euros of loans  mortgages and real estate they are trying to off-load is putting pressure on the European Central Bank (ECB) to provide more help.,topStory
R,Ryder System Inc,20111125,Montgomerie replaces bullets with golf balls in Afghanistan ,KABUL Colin Montgomerie has helped transform soldiers' firing ranges into driving ranges on a trip to Afghanistan to support foreign troops and promote golf in a country with plenty of checkpoints  but few fairways.,topStory
SNE,Sony Corp Ord,20111125,ADR REPORT-Foreign shares up  led by Japanese manufacturers ,NEW YORK  Nov 25 Foreign shares traded in the United States rose on Friday  supported by gains by Japanese companies.,topStory
S,Sprint Corporation,20111125,Dealtalk: In twist  blocking AT&T deal could hurt rivals ,NEW YORK Driven by antitrust concerns  U.S. regulators are fighting hard to block AT&T's  $39 billion deal to buy Deutsche Telekom's  T-Mobile USA. But  in an ironic twist  smaller U.S. wireless rivals may suffer more if the deal is blocked than if it is approved.,topStory
S,Sprint Corporation,20111125,Analysis: Sprint network upgrade may curb unlimited data ,NEW YORK Sprint Nextel may be forced to abandon the biggest advantage it has over its rivals - unlimited data services for a flat fee - because of heavy data users and a shortage of wireless airwaves.,normal
STO,Statoil ASA,20111125,UPDATE 1-Storm throttles some Norwegian oil  gas output ,* Power failure knocks out Kollsnes gas processing platform,topStory
STO,Statoil ASA,20111125,Shtokman gas in Russia tax limbo before deadline ,MOSCOW  Nov 25 A Russian Finance Ministry official said the tax regime for the giant Shtokman gas field is unlikely to be spelt out in time for a final investment decision on the Arctic offshore project which must be taken by the end of the year.,normal
STO,Statoil ASA,20111125,Norway's Statoil cutting output at three platforms due storm ,OSLO  Nov 25 Norwegian oil and gas producer Statoil said it was shutting down producton at its Njord  Heidrun and Aasgard platforms in the Norwegian Sea as a "precautionary" measure as a big storm hits the central Norwegian coast.,normal
STO,Statoil ASA,20111125,Statoil dials back production off Norway as storm rolls in ,OSLO  Nov 25 Norwegian oil producer Statoil said it has begun reducing output at some installations off central Norway as a big winter storm blows across the Norwegian Sea.,normal
TGT,Target Corporation,20111125,Midnight Black Friday start likely to become norm ,Earlier than ever store openings at Macy's Inc  Target Corp and Best Buy Inc this year were such hits with shoppers that their midnight start on Black Friday will likely become the norm.,topStory
TGT,Target Corporation,20111125,Midnight Black Friday start likely to become norm ,Nov 25 Earlier than ever store openings at Macy's Inc   Target Corp and Best Buy Inc  this year were such hits with shoppers that their midnight start on Black Friday will likely become the norm.,normal
TGT,Target Corporation,20111125,Black Friday draws crowds  but spending in doubt ,Retailers were hoping for more shoppers like Shawn Elzia as the annual Black Friday bargain stampede marked the unofficial start of what is widely expected to be a middling holiday shopping season. | Video ,normal
TGT,Target Corporation,20111125,UPDATE 4-Black Friday draws crowds  but spending in doubt ,Nov 25 U.S. retailers were hoping for more shoppers like Shawn Elzia as the annual Black Friday bargain stampede marked the unofficial start of what is widely expected to be a middling holiday shopping season.,normal
TGT,Target Corporation,20111125,UPDATE 3-Thanksgiving kicks off fight for U.S. holiday sales ,Nov 24 The U.S. holiday shopping season was in full-swing on Thursday  with retailers hoping consumers will spend big despite worries about the fragile economy and their own precarious finances.,normal
TRI,Thomson Reuters Corp,20111125,IFR Preview-US Oct new home sales expected to dip ,WHAT: Commerce Department Single-Family (New) Home Sales   October WHEN: Monday 1000 EST (1500 GMT) FORECASTS                  Reuters     IFR        Previous Sales  unit annual rate    315 000     310 000    313 000 IFR COMMENTARY: "New home sales likely held roughly steady in October  at about 310k after September's 313k rate. The number of distressed sales appears to have stabilized in recent months  so price pressure from that category hasn't changed  and rock-bottom mortgage rates should he,topStory
TM,Toyota Motor Corp Ltd Ord,20111125,UPDATE 1-Toyota  BMW to partner on green technology: Nikkei ,Nov 26 Toyota Motor Corp is in talks with BMW AG for a partnership in environmental vehicles  business daily Nikkei reported.,topStory
TM,Toyota Motor Corp Ltd Ord,20111125,ADR REPORT-Foreign shares up  led by Japanese manufacturers ,NEW YORK  Nov 25 Foreign shares traded in the United States rose on Friday  supported by gains by Japanese companies.,normal
TM,Toyota Motor Corp Ltd Ord,20111125,Toyota to keep output reduced in SE Asia  S.Africa ,TOKYO  Nov 25 Toyota Motor Corp  said it would keep production reduced at its factories in Thailand  Indonesia  Malaysia and South Africa next week due to a shortage of parts from suppliers in flood-hit Thailand.,normal
TM,Toyota Motor Corp Ltd Ord,20111125,PRESS DIGEST - Financial Times - Nov 25 ,Britain's banks should make "contingency plans" in case the euro zone collapses and must reduce their reliance on short term funding and risky assets  the top UK banking supervisor has urged.,normal
WMT,Wal-Mart Stores Inc,20111125,Black Friday draws crowds  but spending in doubt ,Retailers were hoping for more shoppers like Shawn Elzia as the annual Black Friday bargain stampede marked the unofficial start of what is widely expected to be a middling holiday shopping season. | Video ,topStory
WMT,Wal-Mart Stores Inc,20111125,Global supermarkets wary of fine print on India invite ,NEW DELHI Global supermarket chains welcomed a long-awaited invitation from India to invest in the country's $450 billion retail market  but they fear the small print may keep a lid on investment in the short term.,normal
WMT,Wal-Mart Stores Inc,20111125,UPDATE 4-Black Friday draws crowds  but spending in doubt ,Nov 25 U.S. retailers were hoping for more shoppers like Shawn Elzia as the annual Black Friday bargain stampede marked the unofficial start of what is widely expected to be a middling holiday shopping season.,normal
WMT,Wal-Mart Stores Inc,20111125,Worried US shoppers greet 'Black Friday' sales ,Bargain hunters flocked to U.S. stores late Thursday and overnight Friday  searching for deals while fretting about their own shaky economic well-being.,normal
WMT,Wal-Mart Stores Inc,20111125,Worried US shoppers greet 'Black Friday' sales ,Nov 24 Bargain hunters flocked to U.S. stores late Thursday and overnight Friday  searching for deals while fretting about their own shaky economic well-being.,normal
IMO,Imperial Oil Limited,20111125,Imperial  Ottawa in talks over Arctic pipeline ,CALGARY  Alberta  Nov 25 Imperial Oil Ltd and Ottawa have resumed talks over a financial support package for the Mackenzie gas pipeline in the Far North  but the company would not say on Friday if it was any closer to proceeding with the C$16.2 billion (US$15.4 billion) project.,topStory
