AMZN,Amazoncom Inc,20111214,Amazon shares give up 2011 gains on profit concern ,Amazon.com Inc shares dropped to levels not seen since March Wednesday on concern that big spending and aggressive pricing by the No. 1 Internet retailer will hit profit during the crucial holiday season and well into next year.,topStory
AAPL,Apple Inc,20111214,Graphic book reimagines key time in Steve Jobs' life ,Another new book about late Apple co-founder Steve Jobs is hitting bookshelves next month  this one a graphic narrative exploring the innovator's spiritual development  the publishers announced on Wednesday.,topStory
AAPL,Apple Inc,20111214,Graphic book reimagines key time in Steve Jobs' life ,Dec 14 Another new book about late Apple co-founder Steve Jobs is hitting bookshelves next month  this one a graphic narrative exploring the innovator's spiritual development  the publishers announced on Wednesday.,normal
AAPL,Apple Inc,20111214,Apple founding contract fetches $1.5 million at auction ,NEW YORK The contract that established Apple as a corporate entity in 1976 sold at auction on Tuesday for $1.59 million  10 times its estimated price  two months after the death of high-profile co-founder Steve Jobs. | Video ,normal
AAPL,Apple Inc,20111214,UPDATE 1-HTC says U.S. ruling on dispute vs Apple delayed again ,* HTC says ITC final determination on case v. Apple delayed to 19th,normal
AAPL,Apple Inc,20111214,HTC says U.S. court postpones ruling on lawsuit vs Apple ,TAIPEI  Dec 14 HTC Corp  the world's No.4 smartphone maker  said on Wednesday that a U.S. court has further postponed a final ruling on its lawsuit against Apple Inc.,normal
TAPR,Barclays Inverse US Treasury Composite ETN,20111214,Barclays costs ICB reform at over 1 bln stg/year -CEO ,LONDON  Dec 14 Tougher regulations proposed for British banks could cost Barclays more than 1 billion pounds ($1.5 billion) a year  the bank's Chief Executive Bob Diamond said on Wednesday.,topStory
DLBL,Barclays PLC,20111214,Barclays costs ICB reform at over 1 bln stg/year -CEO ,LONDON  Dec 14 Tougher regulations proposed for British banks could cost Barclays more than 1 billion pounds ($1.5 billion) a year  the bank's Chief Executive Bob Diamond said on Wednesday.,topStory
DTYL,Barclays PLC,20111214,Barclays costs ICB reform at over 1 bln stg/year -CEO ,LONDON  Dec 14 Tougher regulations proposed for British banks could cost Barclays more than 1 billion pounds ($1.5 billion) a year  the bank's Chief Executive Bob Diamond said on Wednesday.,topStory
CME,CME Group Inc,20111214,Insight: MF Global puts harsh light on self-regulation ,WASHINGTON Two weeks after MF Global's collapse  officials from the Commodity Futures Trading Commission briefed Senate staff on the brokerage firm's final days. When asked about reports that the brokerage firm had written checks that bounced when customers tried to cash them  the regulators had an admission that surprised the room: they didn't know about the bad checks.,topStory
ESRX,Express Scripts Holding Company,20111214,Express Scripts in contract dispute with WellPoint ,Pharmacy benefits manager Express Scripts Inc and its client WellPoint Inc said on Tuesday they are involved in a contract dispute and that they are trying to settle it through negotiation.,topStory
FSLR,First Solar Inc,20111214,First Solar cuts 2011 forecast  sees weak 2012 ,First Solar Inc cut its 2011 sales and profit forecast for the second time in two months Wednesday and said next year's profits would fall below Wall Street's view  sending its shares tumbling more than 20 percent to their lowest level since 2007.,topStory
FSLR,First Solar Inc,20111214,UPDATE 1-First Solar cuts outlook on project delays ,Dec 14 First Solar Inc cut its 2011 sales and earnings forecast citing continued delays of certain projects in its systems business due to weather and other factors.,normal
INTC,Intel Corporation,20111214,Intel combines divisions in bid to boost mobile ,SAN FRANCISCO Chipmaker Intel is combining four divisions under a new mobile and communications unit in a bid to catch up in smartphones and tablets  where it has so far failed to gain traction.,topStory
DTYS,iPath US Treasury 10-year Bear ETN,20111214,Barclays costs ICB reform at over 1 bln stg/year -CEO ,LONDON  Dec 14 Tougher regulations proposed for British banks could cost Barclays more than 1 billion pounds ($1.5 billion) a year  the bank's Chief Executive Bob Diamond said on Wednesday.,topStory
DTUS,iPath US Treasury 2-year Bear ETN,20111214,Barclays costs ICB reform at over 1 bln stg/year -CEO ,LONDON  Dec 14 Tougher regulations proposed for British banks could cost Barclays more than 1 billion pounds ($1.5 billion) a year  the bank's Chief Executive Bob Diamond said on Wednesday.,topStory
DTUL,iPath US Treasury 2-year Bull ETN,20111214,Barclays costs ICB reform at over 1 bln stg/year -CEO ,LONDON  Dec 14 Tougher regulations proposed for British banks could cost Barclays more than 1 billion pounds ($1.5 billion) a year  the bank's Chief Executive Bob Diamond said on Wednesday.,topStory
DFVS,iPath US Treasury 5-year Bear ETN,20111214,Barclays costs ICB reform at over 1 bln stg/year -CEO ,LONDON  Dec 14 Tougher regulations proposed for British banks could cost Barclays more than 1 billion pounds ($1.5 billion) a year  the bank's Chief Executive Bob Diamond said on Wednesday.,topStory
DFVL,iPath US Treasury 5-year Bull ETN,20111214,Barclays costs ICB reform at over 1 bln stg/year -CEO ,LONDON  Dec 14 Tougher regulations proposed for British banks could cost Barclays more than 1 billion pounds ($1.5 billion) a year  the bank's Chief Executive Bob Diamond said on Wednesday.,topStory
FLAT,iPath US Treasury Flattener ETN,20111214,Barclays costs ICB reform at over 1 bln stg/year -CEO ,LONDON  Dec 14 Tougher regulations proposed for British banks could cost Barclays more than 1 billion pounds ($1.5 billion) a year  the bank's Chief Executive Bob Diamond said on Wednesday.,topStory
DLBS,iPath US Treasury Long Bond Bear ETN,20111214,Barclays costs ICB reform at over 1 bln stg/year -CEO ,LONDON  Dec 14 Tougher regulations proposed for British banks could cost Barclays more than 1 billion pounds ($1.5 billion) a year  the bank's Chief Executive Bob Diamond said on Wednesday.,topStory
STPP,iPath US Treasury Steepener ETN,20111214,Barclays costs ICB reform at over 1 bln stg/year -CEO ,LONDON  Dec 14 Tougher regulations proposed for British banks could cost Barclays more than 1 billion pounds ($1.5 billion) a year  the bank's Chief Executive Bob Diamond said on Wednesday.,topStory
LRCX,Lam Research Corporation,20111214,Lam Research to buy Novellus Systems for $3.3 billion ,Lam Research Corp   a supplier of wafer fabrication equipment  agreed to buy smaller rival Novellus Systems Inc  for $3.3 billion in stock as it looks to scale up capacity and gain cutting-edge technology.,topStory
LRCX,Lam Research Corporation,20111214,CORRECTED-UPDATE 2-Lam Research to buy Novellus Systems for $3.3 bln ,* Novellus shareholders to get 1.125 shrs of Lam common stock,normal
MTSC,MTS Systems Corporation,20111214,CORRECTED-UPDATE 1-Russia's Sistema Q3 net profit rises 75 pct ,MOSCOW  Dec 14 Russian business conglomerate Sistema said on Wednesday its third-quarter net profit attributable to the company rose 74.9 percent year-on-year to $319.5 million  driven by the performance of its core mobile phone and oil companies.,topStory
NWS,News Corporation,20111214,Thomson Reuters offers antitrust concessions to EU ,BRUSSELS News and information provider Thomson Reuters Corp  has offered concessions to settle a two-year EU antitrust investigation into the use of proprietary codes to access financial data  the European Commission said on Wednesday.,topStory
NWS,News Corporation,20111214,UPDATE 1-Thomson Reuters offers antitrust concessions to EU ,* Thomson Reuters offers licences for additional use of codes for specific stocks,normal
NWSA,News Corporation,20111214,Thomson Reuters offers antitrust concessions to EU ,BRUSSELS News and information provider Thomson Reuters Corp  has offered concessions to settle a two-year EU antitrust investigation into the use of proprietary codes to access financial data  the European Commission said on Wednesday.,topStory
NWSA,News Corporation,20111214,UPDATE 1-Thomson Reuters offers antitrust concessions to EU ,* Thomson Reuters offers licences for additional use of codes for specific stocks,normal
MMM,3M Company,20111214,3M offers early retirement to 4 900 employees ,3M Co  is offering early retirement incentives to 4 900 employees and expects about 15 percent to participate in the program  a spokeswoman for the diversified U.S. manufacturer said on Wednesday.,topStory
AET,Aetna Inc,20111214,Aetna lifts earnings outlook for 2011  2012 ,Aetna Inc   the third largest U.S. health insurer  raised its 2011 and 2012 earnings outlook  citing increasing membership in its medical health plans and share repurchases.,topStory
AGCO,AGCO Corporation,20111214,Agco CEO expects another "good year" in 2012 ,NEW YORK As it approaches the end of a year of rapid profit growth  agricultural equipment maker Agco Corp  expects 2012 to be another "good year " the company's chief executive said.,topStory
AVA,Avista Corporation,20111214,UPDATE 1-Buyout firms in final fight for Italy's Rottapharm-sources ,* Advent  Avista in final stage of Rottapharm sale -sources,topStory
AVA,Avista Corporation,20111214,Buyout firms in final fight for Italy's Rottapharm -sources ,LONDON  Dec 14 Buyout groups Advent  Carlyle and Avista are competing over a large stake in Italian drugs group Rottapharm  as the sale of one of Europe's largest private equity targets moves towards a conclusion  people familiar with the situation said.,normal
AVP,Avon Products Inc,20111214,Avon needs bold change as Jung's CEO tenure ends ,Avon Products Inc's  decision to look outside its walls for a new CEO is viewed as an admission that the cosmetics brand needs a major overhaul rather than the small make-overs it has undertaken in recent years.,topStory
BBVA,Banco Bilbao Viscaya Argentaria SA,20111214,BBVA says not selling any assets in Latin America ,SANTIAGO  Dec 14 Spanish bank BBVA need not sell assets or stock of its Latin America units to meet new European capital requirements and instead plans to expand in Colombia and Chile  the regional head of the group said.,topStory
BBVA,Banco Bilbao Viscaya Argentaria SA,20111214,UPDATE 1-BBVA chief says worst is over for Europe debt crisis ,* Gonzalez sees no problems implementing EU summit measures,normal
BBVA,Banco Bilbao Viscaya Argentaria SA,20111214,Most dealers see Fed buying more MBS: Reuters poll ,NEW YORK Most Wall Street economists expect the Federal Reserve will undertake another major economic stimulus program  even though the U.S. central bank did not announce any new action at its policy meeting on Tuesday  according to a Reuters poll.,normal
BCS,Barclays PLC,20111214,Barclays costs ICB reform at over 1 bln stg/year -CEO ,LONDON  Dec 14 Tougher regulations proposed for British banks could cost Barclays more than 1 billion pounds ($1.5 billion) a year  the bank's Chief Executive Bob Diamond said on Wednesday.,topStory
BBY,Best Buy Co Inc,20111214,Analysis: Best Buy previews other retailers' margin hits ,Best Buy Co Inc  is the first of many retailers that will report falling margins as merchants reluctantly cling to steep discounts to draw consumers in this holiday season.,topStory
BA,Boeing Company (The),20111214,Boeing's Albaugh says underpromise  overdeliver ,Jim Albaugh  the head of Boeing Co's  commercial airplanes unit  makes good on his promises - even those that may be slightly embarrassing. | Video ,topStory
BA,Boeing Company (The),20111214,Boeing guns for more MAX orders next year ,Boeing Co  vowed to turn the tables on Airbus next year by winning well over 1 000 orders for its narrowbody 737 jets  following the first landmark order from Southwest Airlines  on Tuesday.,normal
BA,Boeing Company (The),20111214,Boeing logs big order from Southwest ,Boeing Co  bagged its first firm order for the new 737 MAX fuel-efficient  narrowbody plane  as part of a $19 billion deal with Southwest Airlines  that the jet maker calls its largest order ever. | Video ,normal
BP,BP plc,20111214,U.S. Offshore drillers need new safety approach: panel ,WASHINGTON U.S. offshore oil and gas drillers need to take a more systematic approach to safety in all aspects of their operations to prevent another catastrophe like last year's massive Gulf of Mexico oil spill  a scientific panel said on Wednesday.,topStory
BP,BP plc,20111214,Interior Secy says lease sale shows interest in Gulf ,WASHINGTON U.S. Interior Secretary Ken Salazar said on Wednesday that the results of the first offshore oil and gas lease sale held since the last year's BP oil spill demonstrate that industry is still interested in drilling in the Gulf of Mexico.,normal
BP,BP plc,20111214,UPDATE 1-TNK-BP to invest $10 bln in Arctic oil  pipelines ,MOSCOW  Dec 14 Russian oil company TNK-BP   half-owned by BP  will invest up to $10 billion in Arctic oilfield development and construction of a pipeline to link the fields with the export pipeline  the company said on Wednesday.,normal
BP,BP plc,20111214,UPDATE 1-Rosneft to boost Q1 oil exports via Druzhba-trade ,MOSCOW  Dec 14 Rosneft  Russia's biggest crude producer  will increase deliveries to Europe via the Druzhba pipeline at the expense of seaborne exports in the first quarter of 2012  traders said on Wednesday.,normal
BP,BP plc,20111214,TNK-BP to invest $10 bln in Arctic oil  pipelines ,MOSCOW  Dec 14 Russian oil company TNK-BP   half-owned by BP  will invest up to $10 billion in Arctic oilfield development and and construction of a pipeline to link the fields with the export pipeline  the company said on Wednesday.,normal
BP,BP plc,20111214,Rosneft to boost Q1 oil exports via Druzhba-trade ,Russian state oil company Rosneft  the country's biggest crude producer  will increase crude deliveries to Europe via the Druzhba pipeline at the expense of seaborne exports in the first quarter of 2012  traders said on Wednesday.,normal
CAT,Caterpillar Inc,20111214,UPDATE 1-Caterpillar to sell part of Bucyrus distribution business ,Dec 13 U.S. heavy machinery maker Caterpillar Inc said it would sell a part of its Bucyrus distribution business to the industrial division of Malaysia's Sime Darby for about $360 million.,topStory
SNP,China Petroleum & Chemical Corporation,20111214,China Gas rejects $2.2 billion Sinopec/ENN bid ,HONG KONG China Gas Holdings  on Wednesday rejected an unsolicited $2.2 billion cash bid from state energy giant Sinopec  and ENN Energy   saying it failed to reflect the fundamental value of the company.,topStory
SNP,China Petroleum & Chemical Corporation,20111214,Aramco  Sinopec  CNOOC seek Frac Tech stake: sources ,HONG KONG Saudi Aramco  Sinopec  and CNOOC  are each in talks to buy a stake in Frac Tech International  according to sources  bringing in more global players to a U.S.-dominated push of hydraulic fracturing technology to tap huge new oil and gas resources.,normal
SNP,China Petroleum & Chemical Corporation,20111214,UPDATE 3-China Gas rejects $2.2 bln Sinopec/ENN bid ,* Deal may set off new round of piped gas consolidation   (Recasts with China Gas rejecting bid),normal
SNP,China Petroleum & Chemical Corporation,20111214,China Gas rejects Sinopec/ENN bid ,HONG KONG  Dec 14 China Gas Holdings  rejected Sinopec and ENN Energy's  $2.2 billion unsolicited bid late on Wednesday  saying it fails to reflect the fundamental value of the company.,normal
SNP,China Petroleum & Chemical Corporation,20111214,Saudi Aramco  CNOOC in talks for $2.2 bln Frac Tech stake-sources ,HONG KONG  Dec 14 Middle East and Chinese oil companies Saudi Aramco  China Petroleum & Chemical Corp (Sinopec) and CNOOC Ltd are in talks to buy an up to 30 percent stake in North American oil and gas services company Frac Tech International in a deal worth about $2.2 billion  two sources with knowledge of the matter said on Wednesday.,normal
CBK,Christopher & Banks Corporation,20111214,UPDATE 1-Christopher & Banks sees lower Q3 margin ,* Sees gross margins of 21.3-21.7 pct vs 35.9 pct last yr,topStory
C,Citigroup Inc,20111214,PRESS DIGEST - Financial Times - Dec 14 ,Franco-German hopes for a sweeping new treaty to bind the region's economies more closely came under strain on Tuesday as several European Union leaders warned of difficulties pushing a far-reaching pact through their national parliaments.,topStory
CEO,CNOOC Limited,20111214,Aramco  Sinopec  CNOOC seek Frac Tech stake: sources ,HONG KONG Saudi Aramco  Sinopec  and CNOOC  are each in talks to buy a stake in Frac Tech International  according to sources  bringing in more global players to a U.S.-dominated push of hydraulic fracturing technology to tap huge new oil and gas resources.,topStory
CEO,CNOOC Limited,20111214,Saudi Aramco  CNOOC in talks for $2.2 bln Frac Tech stake-sources ,HONG KONG  Dec 14 Middle East and Chinese oil companies Saudi Aramco  China Petroleum & Chemical Corp (Sinopec) and CNOOC Ltd are in talks to buy an up to 30 percent stake in North American oil and gas services company Frac Tech International in a deal worth about $2.2 billion  two sources with knowledge of the matter said on Wednesday.,normal
KO,Coca-Cola Company (The),20111214,Coca-Cola buying stake in Saudi drink company ,DUBAI Coca-Cola Co  is buying a stake in Saudi Arabia-based beverage company Aujan Industries for $980 million in what is seen as a bid to catch up with rival PepsiCo Inc  in the Middle East.,topStory
KO,Coca-Cola Company (The),20111214,UPDATE 2-Coca-Cola buys stake in Saudi beverage co for $980 mln ,DUBAI  Dec 14 The world's largest soft-drink maker Coca-Cola Co acquired about half of the equity in the beverage business of Saudi Arabia-based Aujan Industries for $980 million to expand its presence in non-alcoholic beverages in the Middle East.,normal
DAL,Delta Air Lines Inc,20111214,Delta sees profit growth in 2012 despite caution ,Delta Air Lines Inc  said Wednesday it expects profit growth in 2012  aided by healthy corporate travel  despite economic challenges in Europe and cost pressures.,topStory
DPZ,Domino&#39;s Pizza Inc,20111214,UPDATE 1-Carlyle Group buys 42 pct of Saudi's Alamar Foods - statement ,* Carlyle buys MENA franchise holder of Domino's Pizza and Wendy's restaurant,topStory
XOM,Exxon Mobil Corporation,20111214,Oil drops more than 4 percent as commodities plunge ,NEW YORK Oil tumbled more than 4 percent on Wednesday  the biggest drop in over two months as a commodities selloff led to breaches of key technical support. | Video ,topStory
XOM,Exxon Mobil Corporation,20111214,Russia woos foreign firms to explore for minerals ,MOSCOW  Dec 14 Rosgeologia  Russia's newly created state holding company for geological exploration  has offered foreign companies a chance to work jointly with it in exploring for mineral resources  its director said on Wednesday.,normal
FCX,Freeport-McMoran Inc,20111214,Freeport sees full operations at Indonesia mine early 2012 ,JAKARTA  Dec 14 Freeport McMoRan Copper & Gold Inc said on Wednesday it expects its Indonesian shipments of copper concentrate to be limited until full operations are restored at its giant Grasberg mine in early 2012  after a deal to end a three-month strike.,topStory
FCX,Freeport-McMoran Inc,20111214,Freeport Indonesia signs pay deal to end strike - union ,JAKARTA  Dec 14 Freeport McMoRan Copper & Gold Inc and its Indonesian workers' union signed a pay deal on Wednesday to end a three-month strike that has crippled output from the world's second biggest copper mine  a union spokesman told Reuters.,normal
FCX,Freeport-McMoran Inc,20111214,Freeport Indonesia workers "to return to work Saturday" ,JAKARTA  Dec 14 Freeport-McMoRan Copper & Gold Inc workers at the Indonesia Grasberg mine are expected to return to work on Saturday  ending a three-month strike which has crippled production  a union official said on Wednesday.,normal
FDP,Fresh Del Monte Produce Inc,20111214,UPDATE 3-Merkel partner in disarray after shock resignation ,* Lindner resignation may be prelude to battle for leadership,topStory
FDP,Fresh Del Monte Produce Inc,20111214,Merkel partner in disarray after shock resignation ,BERLIN A leader in Germany's Free Democrats resigned unexpectedly on Wednesday in the latest sign of turmoil in the party that shares power with Chancellor Angela Merkel's conservatives.,normal
GEK,General Electric Capital Corporation,20111214,GE Aviation to start producing new engine in Czech Republic ,PRAGUE  Dec 14 GE Aviation  a unit of General Electric Co  will start production of its new H80 turboprop engines in the Czech Republic  with plans to make more than 70 units next year  the company said on Wednesday.,topStory
GE,General Electric Company,20111214,GE Aviation to start producing new engine in Czech Republic ,PRAGUE  Dec 14 GE Aviation  a unit of General Electric Co  will start production of its new H80 turboprop engines in the Czech Republic  with plans to make more than 70 units next year  the company said on Wednesday.,topStory
GM,General Motors Company,20111214,GM's Opel profits to take €1 billion hit in 2012: report ,FRANKFURT General Motors Co's  European unit Opel could see next year's operating profit reduced by about 1 billion euros ($1.3 billion)  as the company may sell fewer cars than set out in its restructuring plan  a German magazine reported.,topStory
GM,General Motors Company,20111214,GM's Opel profits to be hit by 1 bln eur in 2012 -report ,FRANKFURT  Dec 14 General Motors Co's  European unit Opel could see next year's operating profit reduced by about 1 billion euros ($1.3 billion)  as the company may sell fewer cars than set out in its restructuring plan  a German magazine reported.,normal
GSK,GlaxoSmithKline PLC,20111214,Market Chatter -- Corporate finance press digest ,Dec 14 The following corporate finance-related stories were reported by media on Wednesday:,topStory
GSK,GlaxoSmithKline PLC,20111214,Thomas H. Lee in lead to buy Glaxo consumer assets: report ,Private equity firm Thomas H. Lee Partners LP is in the lead to buy consumer-health assets from the world's No. 2 drugmaker GlaxoSmithKline Plc  and a deal may be announced this week  Bloomberg reported citing two people familiar with the matter.,normal
GS,Goldman Sachs Group Inc (The),20111214,Goldman resumes coverage on U.S. Internet sector ,Goldman Sachs resumed coverage on the U.S. Internet sector  saying it presented an attractive investment idea as revenue growth at some Web-based companies would likely outpace consensus expectations.,topStory
GS,Goldman Sachs Group Inc (The),20111214,UPDATE 1-TDF mulls sale of Finnish broadcast arm Digita -sources ,* Sweden's Teracom  private equity firms could be interested -sources   (Adds details),normal
GS,Goldman Sachs Group Inc (The),20111214,COLUMN-Goldman's oil bulls seize forecasting crown: John Kemp ,LONDON  Dec 14 For the second year running  analysts at Goldman Sachs are among the most bullish for oil prices over the next 12 months.,normal
HES,Hess Corporation,20111214,UPDATE 1-H&R REIT to buy office building in Houston for $442.5 mln ,Dec 14 Canada's H&R Real Estate Investment Trust said it would buy an office building in downtown Houston for $442.5 million.,topStory
IBM,International Business Machines Corporation,20111214,EU accepts IBM antitrust concessions  ends probe ,BRUSSELS EU antitrust regulators accepted concessions offered by International Business Machines Corp to end an antitrust investigation and avert a possible fine  the European Commission said on Wednesday.,topStory
IBM,International Business Machines Corporation,20111214,UPDATE 1-EU accepts IBM antitrust concessions  ends probe ,* EU regulators accept IBM's concessions on mainframe computers,normal
IBM,International Business Machines Corporation,20111214,EU accepts IBM antitrust concessions  ends probe ,BRUSSELS  Dec 14 EU antitrust regulators accepted concessions offered by International Business Machines Corp to end an antitrust investigation and avert a possible fine  the European Commission said on Wednesday.,normal
JCP,JC Penney Company Inc Holding Company,20111214,Dealtalk: Luxury spread too thin can lose cachet ,Several upscale U.S. brands are running the risk of slumming it as they partner with retailers that seem beneath their station  a move that threatens to cheapen the appeal and scarcity value that marks the allure of luxury.,topStory
KSS,Kohl&#39;s Corporation,20111214,Dealtalk: Luxury spread too thin can lose cachet ,Several upscale U.S. brands are running the risk of slumming it as they partner with retailers that seem beneath their station  a move that threatens to cheapen the appeal and scarcity value that marks the allure of luxury.,topStory
LYG,Lloyds Banking Group Plc,20111214,MOVES-Julius Baer  Reyl Asset Management  Lloyds Banking ,Dec 14 The following financial service industry appointments were announced on Wednesday. To inform us of other job changes  email to moves@thomsonreuters.com.,topStory
LYG,Lloyds Banking Group Plc,20111214,Lloyds aiming to sell retail branches to Co-Op ,LONDON  Dec 14 British bank Lloyds  said on Wednesday that its preferred option for the disposal of some 630 retail branches was to sell them to mutually-owned conglomerate The Co-Operative Group.,normal
LMT,Lockheed Martin Corporation,20111214,Japan decision on F-35 jet now seen next week ,WASHINGTON/TOKYO The Japanese government has delayed a formal announcement on its choice of a next-generation fighter jet until December 20  according to two sources familiar with the process  but Lockheed Martin Corp's  radar-evading F-35 is still expected to get the order.,topStory
LMT,Lockheed Martin Corporation,20111214,Japan OK's ministry plan to buy F-35 fighter jet - TV ,TOKYO  Dec 14 Japan's government and ruling party officials approved a Defence Ministry proposal to buy Lockheed Martin's F-35 jet as its next mainstay fighter  public broadcaster NHK said on Wednesday.,normal
MCO,Moody&#39;s Corporation,20111214,BRIEF: Moody's: no negative rating impact from revision to swap documentation on Bayview Commercial Asset Trust 2003-2 ,* Moody's: no negative rating impact from revision to swap documentation on Bayview Commercial Asset Trust 2003-2,topStory
MCO,Moody&#39;s Corporation,20111214,BRIEF: Moody's affirms HMSC Corp. ratings  outlook to stable ,Dec 15 HMSC Corp.: * Moody's affirms HMSC Corp. ratings  outlook to stable ,normal
MCO,Moody&#39;s Corporation,20111214,BRIEF-Moody's changes outlook on M-real's B3 CFR to stable ,* Moody's changes outlook on M-real's B3 CFR to stable from positive,normal
MCO,Moody&#39;s Corporation,20111214,BRIEF-Moody's on APA's conditional takeover offer for HDF ,Dec 14 APA group and Hastings Diversified Utilities Funds (HDF).,normal
MCO,Moody&#39;s Corporation,20111214,BRIEF-Moody's changes outlook of TDK's A2 rating to negative ,* Moody's changes outlook of TDK's A2 rating to negative from stable.,normal
MCO,Moody&#39;s Corporation,20111214,BRIEF: Moody's changes Keikyu's rating outlook to negative ,Dec 14 Keikyu: * Moody's changes Keikyu's rating outlook to negative ,normal
MCO,Moody&#39;s Corporation,20111214,BRIEF: Moody's: Declining Indian rupee has a moderate impact on rated Indian companies ,* Moody's: Declining Indian rupee has a moderate impact on rated Indian companies,normal
MS,Morgan Stanley,20111214,ON THE MOVE-Baird hires two Texas broker teams ,Dec 14 Investment bank Robert W. Baird on Wednesday said it hired two broker teams from Morgan Stanley and Wells Fargo overseeing $343 million in assets.,topStory
MS,Morgan Stanley,20111214,M. Stanley to return $700 mln to real-estate fund investors -WSJ ,Dec 14 Morgan Stanley will return about $700 million to investors in its real-estate megafund and slash fees to extend the investment vehicle's life till June 2013  the Wall Street Journal said  citing people familiar with the matter.,normal
MS,Morgan Stanley,20111214,PRESS DIGEST - Financial Times - Dec 14 ,Franco-German hopes for a sweeping new treaty to bind the region's economies more closely came under strain on Tuesday as several European Union leaders warned of difficulties pushing a far-reaching pact through their national parliaments.,normal
NAV,Navistar International Corporation,20111214,Navistar CEO sees "obvious" synergies with Oshkosh ,NEW YORK Billionaire investor Carl Icahn is not the only person who thinks a tie-up between U.S. heavy truck makers Navistar International Corp  and Oshkosh Corp  might make sense.,topStory
OSK,Oshkosh Corporation,20111214,Navistar CEO sees "obvious" synergies with Oshkosh ,NEW YORK Billionaire investor Carl Icahn is not the only person who thinks a tie-up between U.S. heavy truck makers Navistar International Corp  and Oshkosh Corp  might make sense.,topStory
PCG,Pacific Gas & Electric Co,20111214,Poland may scrap PGE and Energa tie-up ,WARSAW  Dec 14 Poland may scrap plans to merge the country's biggest electricity producer PGE  and smaller rival Energa  both state controlled  Dziennik Gazeta Prawna reported on Wednesday  without citing sources.,topStory
BTU,Peabody Energy Corporation,20111214,UPDATE 1-Peabody Energy to raise output at Australian mines ,Dec 14 U.S. coal giant Peabody Energy  said it will increase exports from its Wilpinjong and Millennium mines in Australia after expanding both operations.,topStory
PNR,Pentair plc,20111214,UPDATE 1-Pentair cuts Q4 profit forecast ,Dec 14 Diversified U.S. manufacturer Pentair Inc cut its fourth-quarter profit outlook  saying sales in western Europe and sales of its residential water treatment products were lower-than-expected.,topStory
PG,Procter & Gamble Company (The),20111214,Manufacturing can thrive but struggles for respect ,BOSTON On a quiet stretch of the waterfront here  about a mile from Boston's main tourist sites  a Gillette factory hums along 24 hours a day making an unlikely commodity: top-of-the-line razors.,topStory
PEG,Public Service Enterprise Group Incorporated,20111214,UPDATE 1-Dynegy unit settles bankruptcy dispute with PSEG ,Dec 14 Dynegy Holdings  a unit of energy producer Dynegy Inc  entered into a settlement with the Public Service Enterprise Group Inc that had filed for dismissal of the company's bankruptcy motion.,topStory
RJF,Raymond James Financial Inc,20111214,COMPLY: Sniffing out fraud made key role for advisers ,*Advisers who ignore suspicious client activity risk fines,topStory
RBS,Royal Bank Scotland plc (The),20111214,PRESS DIGEST - British business - Dec 14 ,British Prime Minister David Cameron is facing a new year ambush over Europe as conservative MPs plan to force a further parliament vote on Britain's membership of the European Union.,topStory
STT,State Street Corporation,20111214,UPDATE 2-State Street quits UK government bond auctions ,LONDON  Dec 14 State Street Bank Europe  has resigned as a participant in British government bond auctions  the Debt Management Office said  as banks find it less attractive to take part.,topStory
TEF,Telefonica SA,20111214,Telefonica cuts dividend target to focus on debt ,MADRID Spain's Telefonica SA  trimmed its planned 2012 dividend on Wednesday in a move to keep its debt under control as the telecoms group battles sluggish economic growth in its home market and uncertainty in Europe.,topStory
TEF,Telefonica SA,20111214,UPDATE 2-Telefonica cuts dividend target to focus on debt ,* To pay 1.50 eur/shr dividend in 2012 vs 1.75 eur planned,normal
TEF,Telefonica SA,20111214,Telefonica cuts 2012 dividend ,MADRID  Dec 14 Spain's Telefonica  said on Wednesday it would pay a total 2012 dividend of 1.50 euros per share  down from the 1.75 euros previously planned  and pledged to maintain that in 2013.,normal
BX,The Blackstone Group LP,20111214,UPDATE 1-Creditors name advisors on Greek debt swap-sources ,Dec 14 Greece's creditors have lined up law firms Allen & Overy  White & Case and advisory firm Blackstone to negotiate over the country's debt restructuring  two sources familiar with the situation told Reuters.,topStory
BX,The Blackstone Group LP,20111214,Creditors name advisors on Greek debt swap-source ,Dec 14 Law firms Allen & Overy  White & Case and advisory firm Blackstone have been lined up by Greece's creditors to reach a final agreement over the country's debt restructuring  a source familiar with the situation told Reuters.,normal
SCHW,The Charles Schwab Corporation,20111214,Discount brokers see trading volumes slump ,Clients of discount brokerages Charles Schwab Corp and E*Trade Financial pulled back in November  trading less amid the volatility that has shaken the markets due to concerns over Europe's debt crisis and a sputtering global economy.,topStory
SCHW,The Charles Schwab Corporation,20111214,UPDATE 1-Schwab says Q4 profits to slip with trades  margins ,* Client trades down 15 pct from Oct; up 5 pct from yr-ago,normal
WFC,Wells Fargo & Company,20111214,ON THE MOVE-Baird hires two Texas broker teams ,Dec 14 Investment bank Robert W. Baird on Wednesday said it hired two broker teams from Morgan Stanley and Wells Fargo overseeing $343 million in assets.,topStory
WPZ,Williams Partners LP,20111214,UPDATE 1-Williams Partners seeks regulatory nod to raise pipeline capacity ,Dec 14 Williams Partners L.P. said its Transco pipeline is seeking the U.S. regulator's approval to increase natural gas transportation capacity in the Northeast.,topStory
ALN,American Lorain Corporation,20111214,UPDATE 1-TDF mulls sale of Finnish broadcast arm Digita -sources ,* Sweden's Teracom  private equity firms could be interested -sources   (Adds details),topStory
