AAPL,Apple Inc,20111121,Panel rules Apple does not infringe S3 patents ,Apple Inc does not violate patents owned by S3 Graphics Co  the International Trade Commission said on Monday in the latest ruling in the smartphone patent wars.,topStory
AAPL,Apple Inc,20111121,US panel rules Apple does not infringe S3 patents ,WASHINGTON  Nov 21 Apple Inc does not violate patents owned by S3 Graphics Co  the International Trade Commission said on Monday in the latest ruling in the smartphone patent wars.,normal
AAPL,Apple Inc,20111121,UPDATE 1-Tech Data Q3 results miss estimates ,Nov 21 Technology products distributor Tech Data Corp's quarterly results missed analysts' estimates on weaker demand  and the company forecast a weak fourth quarter.,normal
EBAY,eBay Inc,20111121,EBay buys Hunch to boost recommendations ,SAN FRANCISCO EBay  said it acquired the data analysis firm Hunch to help it develop more recommendation technology for its online marketplace.,topStory
EBAYL,eBay Inc,20111121,EBay buys Hunch to boost recommendations ,SAN FRANCISCO EBay  said it acquired the data analysis firm Hunch to help it develop more recommendation technology for its online marketplace.,topStory
GILD,Gilead Sciences Inc,20111121,Gilead bets $11 billion on hepatitis in Pharmasset deal ,Gilead Sciences Inc  struck a deal to buy biotechnology company Pharmasset Inc  for about $11 billion in a huge and risky bet on the next generation of hepatitis C treatments.,topStory
GILD,Gilead Sciences Inc,20111121,UPDATE 6-Gilead bets $11 bln on hepatitis in Pharmasset deal ,Nov 21 Gilead Sciences Inc struck a deal to buy biotechnology company Pharmasset Inc for about $11 billion in a huge and risky bet on the next generation of hepatitis C treatments.,normal
GILD,Gilead Sciences Inc,20111121,UPDATE 5-Gilead bets $11 bln on hepatitis in Pharmasset deal ,Nov 21 Gilead Sciences Inc struck a deal to buy biotechnology company Pharmasset Inc for about $11 billion in a huge and risky bet on the next generation of hepatitis C treatments.,normal
GILD,Gilead Sciences Inc,20111121,UPDATE 4-Gilead to buy biotech Pharmasset for $11 bln ,* Gilead bets on Pharmasset experimental hepatitis C drugs,normal
GILD,Gilead Sciences Inc,20111121,US STOCKS-Futures suggest 1 pct drop on likely debt panel defeat ,* Gilead to buy Pharmasset  Alleghany to buy Transatlantic,normal
MAT,Mattel Inc,20111121,UPDATE 2-Mattel CEO to retire; COO to succeed him ,Nov 21 Toy maker Mattel Inc's long-time chief executive  Robert Eckert  plans to step down from the post at the end of the year and will be succeeded by Chief Operating Officer Bryan Stockton.,topStory
MSFT,Microsoft Corporation,20111121,Video game deals to steal Black Friday spotlight ,Retailers are saving some of their deepest discounts on Black Friday for video game products  with large chains Wal-Mart and Best Buy putting some rock-bottom prices tags on hot games to lure shoppers into stores.,topStory
MSFT,Microsoft Corporation,20111121,PREVIEW-Video game deals to steal Black Friday spotlight ,* Video game products being used to boost in-store traffic,normal
NFLX,Netflix Inc,20111121,Netflix to sell convertible debt  shares fall ,Netflix Inc said late on Monday that it agreed to sell $200 million of convertible debt to long-time backer Technology Crossover Ventures as the struggling online video rental company tries to raise new capital.,topStory
NFLX,Netflix Inc,20111121,UPDATE 2-Netflix to sell convertible debt  shares fall ,* Deal requires Netflix to raise $200 mln by selling stock,normal
NFLX,Netflix Inc,20111121,UPDATE 1-Netflix to sell $200 mln notes to PE Firm; shares down ,Nov 21 Netflix Inc said it agreed to sell $200 million worth of convertible debt to private equity firm Technology Crossover Ventures (TCV).,normal
NWS,News Corporation,20111121,UPDATE 2-British tabloids out of control  inquiry told ,* Milly Dowler's father appeals to press to curb intrusions,topStory
NWS,News Corporation,20111121,UK phone-hacking victims condemn intrusion ,LONDON The parents of a murdered British schoolgirl pleaded on Monday for the country's newspapers to curb practices such as phone hacking and covert photography as a public inquiry into media standards turned the spotlight on the celebrity obsessed press.,normal
NWSA,News Corporation,20111121,UPDATE 2-British tabloids out of control  inquiry told ,* Milly Dowler's father appeals to press to curb intrusions,topStory
NWSA,News Corporation,20111121,UK phone-hacking victims condemn intrusion ,LONDON The parents of a murdered British schoolgirl pleaded on Monday for the country's newspapers to curb practices such as phone hacking and covert photography as a public inquiry into media standards turned the spotlight on the celebrity obsessed press.,normal
RCKY,Rocky Brands Inc,20111121,Stallone launching "Rocky: The Musical" ,LOS ANGELES (TheWrap.com) - Will the famous Rocky catchphrase "Yo Adrian" be turned into the title of a love song?,topStory
SINA,Sina Corporation,20111121,China records 300 million registered microblog users ,BEIJING China has more than 300 million registered microbloggers  state media said Monday  one of its fastest growing groups of internet users that the government has vowed to control.,topStory
SMCI,Super Micro Computer Inc,20111121,UPDATE 1-Discount ends talks to sell stake in Super-Sol ,JERUSALEM  Nov 21 Discount Investment Corp   a subsidiary of Israeli conglomerate IDB Holding   said on Monday it had ended  talks to sell its controlling stake in retailer Super-Sol.,topStory
SMCI,Super Micro Computer Inc,20111121,Discount ends talks to sell stake in Super-Sol ,JERUSALEM  Nov 21 Discount Investment Corp   a subsidiary of Israeli conglomerate IDB Holding   said on Monday it had ended  talks to sell its controlling stake in retailer Super-Sol.,normal
TECD,Tech Data Corporation,20111121,UPDATE 1-Tech Data Q3 results miss estimates ,Nov 21 Technology products distributor Tech Data Corp's quarterly results missed analysts' estimates on weaker demand  and the company forecast a weak fourth quarter.,topStory
VOD,Vodafone Group Plc,20111121,UPDATE 1-India's Bharti shares fall after police search offices ,* Bharti shares pare losses after falling as much as 3.6 pct,topStory
Y,Alleghany Corporation,20111121,Alleghany to buy Transatlantic for $3.4 billion ,U.S. property and casualty insurer Alleghany Corp  said on Monday it would buy reinsurer Transatlantic Holdings Inc  for $3.4 billion in cash and stock -- though a sharp drop in Alleghany shares meant a separate  hostile bid for Transatlantic was at least temporarily more valuable.,topStory
Y,Alleghany Corporation,20111121,UPDATE 6-Alleghany to buy Transatlantic for $3.4 bln ,Nov 21 U.S. property and casualty insurer Alleghany Corp said on Monday it would buy reinsurer Transatlantic Holdings Inc for $3.4 billion in cash and stock -- though a sharp drop in Alleghany shares meant a separate  hostile bid for Transatlantic was at least temporarily more valuable.,normal
Y,Alleghany Corporation,20111121,US STOCKS-Futures suggest 1 pct drop on likely debt panel defeat ,* Gilead to buy Pharmasset  Alleghany to buy Transatlantic,normal
Y,Alleghany Corporation,20111121,TIMELINE-Bidding race for reinsurer Transatlantic ,Nov 21 U.S. property and casualty insurer Alleghany Corp snapped up Transatlantic Holdings  for $3.4 billion in cash and stock  a move that may help the Bermuda-based reinsurer ward off a hostile bid from rival Validus Holdings Ltd.,normal
Y,Alleghany Corporation,20111121,Deals of the day -- mergers and acquisitions ,Nov 21 The following bids  mergers  acquisitions and disposals involving European  U.S. and Asian companies were reported by 1000 GMT on Monday:,normal
Y,Alleghany Corporation,20111121,U.S. stock futures signal weaker Wall St open ,* U.S. stock futures pointed to a sharply lower open for equities on Wall Street on Monday  with futures for the S&P 500   the Dow Jones and the Nasdaq 100 down 1.1 to 1.4 percent.,normal
Y,Alleghany Corporation,20111121,UPDATE 2-Alleghany near $3.4 bln Transatlantic deal-source ,* Alleghany set to pay $59-$60 per share in cash and stock,normal
Y,Alleghany Corporation,20111121,Alleghany near $3.4 bln Transatlantic deal-source ,NEW YORK  Nov 20 Alleghany Corp is nearing a deal to buy reinsurer Transatlantic Holdings Inc for about $3.4 billion  a source familiar with the matter said.,normal
AMOV,America Movil SAB de CV,20111121,America Movil  AT&T to partner in Latin America ,MEXICO CITY  Nov 21 America Movil  one of the world's largest cell phone service providers  will partner with AT&T Inc to provide business telecommunications services to clients in Latin America  the companies said on Monday.,topStory
AMX,America Movil SAB de CV,20111121,America Movil  AT&T to partner in Latin America ,MEXICO CITY  Nov 21 America Movil  one of the world's largest cell phone service providers  will partner with AT&T Inc to provide business telecommunications services to clients in Latin America  the companies said on Monday.,topStory
AIG,American International Group Inc,20111121,Greenberg sues U.S. for $25 billion over AIG takeover ,A company run by former American International Group Inc Chief Executive Maurice "Hank" Greenberg sued the U.S. government for $25 billion  calling the 2008 federal takeover of the insurer unconstitutional.,topStory
AIG,American International Group Inc,20111121,UPDATE 4-Greenberg sues U.S. for $25 bln over AIG takeover ,Nov 21 A company run by former American International Group Inc Chief Executive Maurice "Hank" Greenberg sued the U.S. government for $25 billion  calling the 2008 federal takeover of the insurer unconstitutional.,normal
AIG,American International Group Inc,20111121,UPDATE 3-U.S. sued for $25 billion over AIG takeover ,Nov 21 A company run by former American International Group Inc Chief Executive Maurice "Hank" Greenberg sued the United States government for $25 billion  calling the 2008 U.S. takeover of the insurer unconstitutional.,normal
T,AT&T Inc,20111121,AT&T investigates security breach attempt ,NEW YORK AT&T Inc  the No. 2 U.S. mobile provider  said it is investigating an "organized and systemic attempt" to access wireless customers' information but that it did not believe any accounts were breached.,topStory
T,AT&T Inc,20111121,AT&T says investigating attempted security breach ,NEW YORK  Nov 21 AT&T Inc   the No. 2 U.S. mobile provider  said it was investigating an "organized and systemic attempt" to access wireless customers' information but that it did not believe any accounts had been breached.,normal
T,AT&T Inc,20111121,America Movil  AT&T to partner in Latin America ,MEXICO CITY  Nov 21 America Movil  one of the world's largest cell phone service providers  will partner with AT&T Inc to provide business telecommunications services to clients in Latin America  the companies said on Monday.,normal
BAC,Bank of America Corporation,20111121,UPDATE 1-Merrill Edge adds advisers  clients and assets ,Nov 21 Bank of America Corp said it has has hired scores of advisers and increased assets and accounts at Merrill Edge  an online and branch-based brokerage targeting the middle class.,topStory
BAC,Bank of America Corporation,20111121,Merrill Edge hires 280 advisers in Florida  Texas ,Nov 21 Merrill Edge  Bank of America's  online and branch-based brokerage targeting the middle class  on Monday said it now has 1 200 advisers  just 18 months after it launched the program.,normal
BAC,Bank of America Corporation,20111121,REFILE-Abu Dhabi's TAQA sets tender offer for $1.5 bln 2012 bond ,DUBAI  Nov 21 Abu Dhabi National Energy Co (TAQA) has launched a tender offer for its $1.5 billion bond maturing 2012 and mandated four banks for a new bond issue to partly refinance the existing debt maturity.,normal
BBY,Best Buy Co Inc,20111121,Video game deals to steal Black Friday spotlight ,Retailers are saving some of their deepest discounts on Black Friday for video game products  with large chains Wal-Mart and Best Buy putting some rock-bottom prices tags on hot games to lure shoppers into stores.,topStory
BBY,Best Buy Co Inc,20111121,PREVIEW-Video game deals to steal Black Friday spotlight ,* Video game products being used to boost in-store traffic,normal
BP,BP plc,20111121,TABLE-Russia refinery maintenance to March 2012 ,MOSCOW  Nov 21 Below are listed Russian oil refinery maintenance schedules through March  according to Energy Ministry data and trade sources.  	  Refinery              Company      Unit     Maintenance dates 	  Moscow Refinery       Gazprom Neft Hydrotreater  01/11-25/11	                                     Hydrotreater  01/11-27/11*	                                     CDU-3         01/11-30/11	                                     CDU           01/11-30/11	                         ,topStory
BP,BP plc,20111121,UPDATE 1-Hayward vehicle completes Iraq buy  shares fall ,LONDON  Nov 21 The bid vehicle of former BP Plc Chief Executive Tony Hayward and financier Nathaniel Rothschild completed its controversial $2 billion acquisition of Kurdistan-focused Genel Energy on Monday  with corporate governance concerns weighing on the shares.,normal
BP,BP plc,20111121,TEXT-Fitch afrms Banque Palatine at 'A+';otlk stbl ,(The following statement was released by the rating agency),normal
BP,BP plc,20111121,Deals of the day -- mergers and acquisitions ,Nov 21 The following bids  mergers  acquisitions and disposals involving European  U.S. and Asian companies were reported by 1000 GMT on Monday:,normal
BP,BP plc,20111121,Hayward vehicle completes Iraq buy  shares flat ,LONDON  Nov 21 The bid vehicle of former BP Plc Chief Executive Tony Hayward and financier Nathaniel Rothschild completed its controversial $2 billion acquisition of Kurdistan-focused Genel Energy on Monday.,normal
COF,Capital One Financial Corporation,20111121,U.S. regulator reopens comment on Cap One/HSBC deal ,A U.S. banking regulator slowed Capital One Financial's growth plans on Monday when it announced it would reopen the comment period for the bank's takeover of HSBC's U.S. credit card business.,topStory
COF,Capital One Financial Corporation,20111121,US regulator reopens comment on Cap One/HSBC deal ,Nov 21 A U.S. banking regulator slowed Capital One Financial's growth plans on Monday when it announced it would reopen the comment period for the bank's takeover of HSBC's U.S. credit card business.,normal
CVX,Chevron Corporation,20111121,Analysis: Chevron spill may complicate Brazil oil dreams ,RIO DE JANEIRO Chevron's oil spill off the Brazilian coast exposes the major environmental risks of tapping the country's new oil wealth and could further delay development by fueling nationalistic oil politics.,topStory
CVX,Chevron Corporation,20111121,Brazil enviro agency to fine Chevron $27.8 mln ,SAO PAULO  Nov 21 Brazil's state environment agency said on Monday it would fine U.S. oil producer Chevron 50 million reais ($27.8 million) after thousands of barrels of oil leaked around an offshore well it was drilling this month.,normal
CVX,Chevron Corporation,20111121,Brazil oil leak slows to a residual flow--gov't ,SAO PAULO  Nov 21 Oil leaking from the seabed near a well being drilled by Chevron off the coast of Brazil has slowed to a residual flow  the director of the country's national petroleum agency  ANP  said Monday.,normal
CVX,Chevron Corporation,20111121,RPT-UPDATE 3-Chevron takes full responsibility for Brazil spill ,(repeats with no changes to text)  (Adds details from company statement),normal
CHL,China Mobile (Hong Kong) Ltd,20111121,China's mobile subscribers rise 1.3 pct to 951.6 mln in Oct ,HONG KONG  Nov 21 China  the world's largest mobile phone market  saw a 1.3 percent monthly increase in total number of mobile subscribers to 951.6 million in October  data from the country's three telecom operators showed.,topStory
CHL,China Mobile (Hong Kong) Ltd,20111121,China Mobile says total subscribers rose to 638.89 million in October ,HONG KONG China Mobile Ltd  China's largest mobile carrier  said on Monday that its total mobile subscribers increased to 638.89 million in October  including 45.33 million 3G subscribers.,normal
CHL,China Mobile (Hong Kong) Ltd,20111121,China Mobile says total subscribers rose to 638.89 mln in Oct ,HONG KONG  Nov 21 China Mobile Ltd   China's largest mobile carrier  said on Monday that its total mobile subscribers increased to 638.89 million in October  including 45.33 million 3G subscribers.	     China Mobile said on its website that 3G subscribers rose by 2.17 million in October  while total users increased by 5.37 million.	 	  (Reporting by Christina Lo; Editing by Chris Lewis),normal
CHA,China Telecom Corp Ltd,20111121,China Telecom says total subscribers rose to 120.29 mln in Oct ,HONG KONG  Nov 21 China Telecom Corp Ltd   the smallest of the country's three telecommunications operators  said on Monday that its mobile subscribers increased to 120.29 million in October  including 31.19 million 3G subscribers.,topStory
CHU,China Unicom (Hong Kong) Ltd,20111121,Telefonica signs network pact with China Unicom ,MADRID  Nov 21 Spain's Telefonica  said it had signed an agreement with peer China Unicom  to use each other's networks to expand their coverage.,topStory
CI,Cigna Corporation,20111121,UPDATE 1-Cigna  India's TTK in pact to sell health services ,Nov 21 U.S. health insurer Cigna Corp  and Indian conglomerate TTK Group on Monday said they have formed a joint venture to offer health services to the 1.2 billion people in India.,topStory
CEO,CNOOC Limited,20111121,CORRECTED-UPDATE 1-China's net diesel imports swell in Oct-CCS ,(Corrects fifth paragraph to China National Offshore Oil Corp  not CNOOC Ltd),topStory
COP,ConocoPhillips,20111121,UPDATE 1-ConocoPhillips names execs for split company ,Nov 21 ConocoPhillips named several top executives to new positions on Monday as the third-largest U.S. oil company organizes ahead of a planned separation of its refining business next year.,topStory
RDY,Dr Reddy&#39;s Laboratories Ltd,20111121,India's Dr Reddy's Labs says strike at unit called off ,Nov 21 India's Dr Reddy's Laboratories  said on Monday operations at a manufacturing unit in the southern state of Andhra Pradesh have been restored after contract-based workers called off a strike.,topStory
DY,Dycom Industries Inc,20111121,Dycom Q1 beats  shares rise ,Construction services provider Dycom Industries Inc  posted better-than-expected quarterly results  helped by higher demand from its telecommunication and oil and gas customers.,topStory
EC,Ecopetrol SA,20111121,UPDATE 1-Ecopetrol seeks 12 months of crude floating storage ,NEW YORK  Nov 21 Ecopetrol   Colombia's majority-owned state oil company  on Monday tendered for a Very Large Crude Carrier (VLCC) for the term of a year to hold crude oil off the coast of Covenas  according to shipping and oil industry sources.,topStory
E,ENI SpA,20111121,EU mergers and takeovers (Nov 21) ,BRUSSELS  Nov 21 The following are mergers under review by the European Commission and a brief guide to the EU merger process:,topStory
XOM,Exxon Mobil Corporation,20111121,UPDATE 1-Iraq oil min: awaiting reply from Exxon Mobil ,* Iraq PM  oil minister  PCLD sent letters to Exxon -oil min,topStory
XOM,Exxon Mobil Corporation,20111121,Iraq oil min: awaiting reply from Exxon Mobil ,TOKYO  Nov 21 Iraq's Oil Minister Adbul-Kareem Luaibi said on Monday that both he and Prime Minister Nuri al-Maliki  who are now visiting Tokyo  have written to Exxon Mobil and are awaiting a reply. He did not state the content of the letters.,normal
F,Ford Motor Company,20111121,AUTOSHOW-Ford to bring 20 new engines to China by 2015 ,GUANGZHOU  China  Nov 21 Ford Motor  is bringing 20 new engines and transmissions to China by 2015 as it moves to upgrade its entire powertrain portfolio in the world's biggest auto market.,topStory
FCX,Freeport-McMoran Inc,20111121,RPT-Jiangxi Copper  Freeport agree to 12.4 pct rise in 2012 TC/RCs ,HONG KONG  Nov 19 China's top copper smelter Jiangxi Copper Co.  and global miner Freeport-McMoRan Copper & Gold Inc have agreed a 12.4 percent rise in term treatment and refining charges (TC/RC) for 2012 concentrate shipments  a Jiangxi Copper source said on Saturday.,topStory
GEK,General Electric Capital Corporation,20111121,GE opening first offices in Iraq ,BAGHDAD General Electric Co  is opening its first offices in Iraq  in the cities of Baghdad  Basra and Arbil  part of the largest U.S. conglomerate's effort to boost its presence in the resource-rich Middle East.,topStory
GEK,General Electric Capital Corporation,20111121,GE opening first offices in Iraq ,BAGHDAD  Nov 21 General Electric Co is opening its first offices in Iraq  in the cities of Baghdad  Basra and Arbil  part of the largest U.S. conglomerate's effort to boost its presence in the resource-rich Middle East.,normal
GE,General Electric Company,20111121,GE opening first offices in Iraq ,BAGHDAD General Electric Co  is opening its first offices in Iraq  in the cities of Baghdad  Basra and Arbil  part of the largest U.S. conglomerate's effort to boost its presence in the resource-rich Middle East.,topStory
GE,General Electric Company,20111121,GE opening first offices in Iraq ,BAGHDAD  Nov 21 General Electric Co is opening its first offices in Iraq  in the cities of Baghdad  Basra and Arbil  part of the largest U.S. conglomerate's effort to boost its presence in the resource-rich Middle East.,normal
GM,General Motors Company,20111121,GM moves to speed up Opel restructuring ,General Motors Co  moved on Monday to speed up the restructuring of its money-losing Opel brand  naming its vice chairman and two other senior executives to lead the unit's board.,topStory
GM,General Motors Company,20111121,UPDATE 2-GM moves to speed up Opel restructuring ,* GM's No. 2 appointed Opel chairman with immediate effect,normal
GM,General Motors Company,20111121,GM strengthens grip over ailing German unit Opel ,FRANKFURT  Nov 21 General Motors  named its second highest-ranking executive as chairman of its struggling European unit Opel and named two further senior managers to its board  as the U.S. carmaker tries to steer its second biggest brand back to profitability.,normal
GM,General Motors Company,20111121,GM  UAW tout expanded work at Tenn. auto plant ,SPRING HILL  Tenn.  Nov 21 General Motors Co will add nearly 1 900 jobs at a former Saturn plant in Tennessee by 2014  the company and the United Auto Workers said on Monday.,normal
GM,General Motors Company,20111121,Delphi Automotive eyes acquisitions: report ,LONDON U.S. auto parts supplier Delphi Automotive Plc  is seeking acquisitions to boost its Asia-Pacific presence and expand its core businesses  the company's chief executive said in an interview to the Financial Times on Monday.,normal
GM,General Motors Company,20111121,Delphi Automotive eyes acquisitions - FT ,LONDON  Nov 21 U.S. auto parts supplier Delphi Automotive Plc is seeking acquisitions to boost its Asia-Pacific presence and expand its core businesses  the company's chief executive said in an interview to the Financial Times on Monday.,normal
GOL,Gol Linhas Aereas Inteligentes SA,20111121,Brazil's TAM--should have fought Gol sooner-report ,* TAM lost top domestic spot to rival Gol in recent months,topStory
GS,Goldman Sachs Group Inc (The),20111121,Goldman CEO  CFO may face Gupta insider testimony ,NEW YORK Goldman Sachs Group Inc Chief Executive Officer Lloyd Blankfein and Chief Financial Officer David Viniar could be asked to testify in former board member Rajat Gupta's civil insider-trading case  according to court documents.,topStory
GS,Goldman Sachs Group Inc (The),20111121,Analysis: Wall St. banks wonder if they are shrinking for good ,NEW YORK Wall Street bankers are used to vicious swings in fortunes - it is in their DNA. Make a killing in the good times  they say  because markets may turn against you tomorrow.,normal
GS,Goldman Sachs Group Inc (The),20111121,Goldman CEO  CFO may face Gupta insider testimony ,NEW YORK  Nov 21 Goldman Sachs Group Inc  Chief Executive Officer Lloyd Blankfein and Chief Financial Officer David Viniar could be asked to testify in former board member Rajat Gupta's civil insider-trading case  according to court documents.,normal
GS,Goldman Sachs Group Inc (The),20111121,REFILE-NEWSMAKER-Ex-UBS star shakes and stirs at BofA Asia ,(Clarifies (para 17) that Espinasse didn't work at Goldman with Koder),normal
HL,Hecla Mining Company,20111121,UPDATE 2-Hecla backs 2011 outlook after mine accident ,* Mine activity was suspended after accident last Thursday,topStory
HMC,Honda Motor Company Ltd,20111121,AUTOSHOW-China 2012 passenger vehicle demand seen up 10 pct ,GUANGZHOU  Nov 21 Guangqi Honda Automobile Co Ltd  a Chinese joint venture with Honda Motor Co  expects China's passenger vehicle sales to rise 10 percent in 2012  Guangqi Honda President Toshiaki Mikoshiba said on Monday.,topStory
HPQ,HP Inc,20111121,HP seeks stability in 2012 after rocky year ,SAN FRANCISCO Hewlett-Packard Co will ramp up spending on research  sales and turning around its flagging services arm in 2012  after its fourth quarter profits fell nearly 91 percent on weak computer sales.,topStory
HPQ,HP Inc,20111121,UPDATE 3-HP seeks stability in 2012 after rocky year ,SAN FRANCISCO  Nov 21 Hewlett-Packard Co will ramp up spending on research  sales and turning around its flagging services arm in 2012  after its fourth quarter profits fell nearly 91 percent on weak computer sales.,normal
HPQ,HP Inc,20111121,Instant view: HP's Q4 beats Street view  shares bounce ,Hewlett-Packard's quarterly results surpassed lowered expectations and a modest earnings forecast set a low bar for new CEO Meg Whitman in 2012  reassuring investors HP is on its way to stability after a tumultuous year.,normal
HPQ,HP Inc,20111121,HP reports revenue above Street estimates ,SAN FRANCISCO  Nov 21 Hewlett-Packard Co on Monday reported quarterly revenue slightly better than Wall Street estimates.,normal
HPQ,HP Inc,20111121,HP shares edge up after reporting Q4 results ,NEW YORK Shares of Hewlett Packard  were up 2.4 percent at $27.50 after the bell on Monday as the company reported results.,normal
HPQ,HP Inc,20111121,AFTER THE BELL-HP shares edge up ,NEW YORK  Nov 21 Shares of Hewlett Packard were up 2.4 percent at $27.50 after the bell on Monday as the company reported results.,normal
HPQ,HP Inc,20111121,UPDATE 1-Tech Data Q3 results miss estimates ,Nov 21 Technology products distributor Tech Data Corp's quarterly results missed analysts' estimates on weaker demand  and the company forecast a weak fourth quarter.,normal
HSBC,HSBC Holdings plc,20111121,U.S. regulator reopens comment on Cap One/HSBC deal ,A U.S. banking regulator slowed Capital One Financial's growth plans on Monday when it announced it would reopen the comment period for the bank's takeover of HSBC's U.S. credit card business.,topStory
HSBC,HSBC Holdings plc,20111121,US regulator reopens comment on Cap One/HSBC deal ,Nov 21 A U.S. banking regulator slowed Capital One Financial's growth plans on Monday when it announced it would reopen the comment period for the bank's takeover of HSBC's U.S. credit card business.,normal
HSBC,HSBC Holdings plc,20111121,Ex-divs to take 4.7 points off FTSE 100 on Nov 23 ,LONDON  Nov 21 The following FTSE 100 companies will go ex-dividend on Wednesday.	     According to Reuters calculations at current market prices  the effect would be to take 4.72 points off the index.      	     	  COMPANY          (RIC)            DIVIDEND         INDEX IMPACT                                    (pence)           (points)     Carnival                            25 cents          0.13   HSBC                                 9 cents          3.97  Man Group            ,normal
HSEA,HSBC Holdings plc,20111121,U.S. regulator reopens comment on Cap One/HSBC deal ,A U.S. banking regulator slowed Capital One Financial's growth plans on Monday when it announced it would reopen the comment period for the bank's takeover of HSBC's U.S. credit card business.,topStory
HSEA,HSBC Holdings plc,20111121,US regulator reopens comment on Cap One/HSBC deal ,Nov 21 A U.S. banking regulator slowed Capital One Financial's growth plans on Monday when it announced it would reopen the comment period for the bank's takeover of HSBC's U.S. credit card business.,normal
HSEA,HSBC Holdings plc,20111121,Ex-divs to take 4.7 points off FTSE 100 on Nov 23 ,LONDON  Nov 21 The following FTSE 100 companies will go ex-dividend on Wednesday.	     According to Reuters calculations at current market prices  the effect would be to take 4.72 points off the index.      	     	  COMPANY          (RIC)            DIVIDEND         INDEX IMPACT                                    (pence)           (points)     Carnival                            25 cents          0.13   HSBC                                 9 cents          3.97  Man Group            ,normal
HSEB,HSBC Holdings plc,20111121,U.S. regulator reopens comment on Cap One/HSBC deal ,A U.S. banking regulator slowed Capital One Financial's growth plans on Monday when it announced it would reopen the comment period for the bank's takeover of HSBC's U.S. credit card business.,topStory
HSEB,HSBC Holdings plc,20111121,US regulator reopens comment on Cap One/HSBC deal ,Nov 21 A U.S. banking regulator slowed Capital One Financial's growth plans on Monday when it announced it would reopen the comment period for the bank's takeover of HSBC's U.S. credit card business.,normal
HSEB,HSBC Holdings plc,20111121,Ex-divs to take 4.7 points off FTSE 100 on Nov 23 ,LONDON  Nov 21 The following FTSE 100 companies will go ex-dividend on Wednesday.	     According to Reuters calculations at current market prices  the effect would be to take 4.72 points off the index.      	     	  COMPANY          (RIC)            DIVIDEND         INDEX IMPACT                                    (pence)           (points)     Carnival                            25 cents          0.13   HSBC                                 9 cents          3.97  Man Group            ,normal
ITG,Investment Technology Group Inc,20111121,Pearson to buy English teaching firm in China ,LONDON British publishing group Pearson Plc  agreed to buy China's Global Education and Technology Group   which prepares students for English-language tests  for $155 million in cash  extending its reach in China from eight cities to 60.,topStory
ITG,Investment Technology Group Inc,20111121,UPDATE 2-Pearson to buy English teaching firm in China ,* Global Education owns or franchises 450 centres in China,normal
ICL,Israel Chemicals Shs,20111121,UPDATE 2-Israel Chemicals upbeat as Q3 profit jumps ,* ICL sees fertiliser demand in Europe picking up in Q1 2012,topStory
JPM,J P Morgan Chase & Co,20111121,MF Global trustee doubles estimates of shortfall ,NEW YORK The shortfall of commodity customer funds at MF Global Holdings Ltd  may be around $1.2 billion  about double initial estimates from regulators  the trustee liquidating the company said on Monday.,topStory
JPM,J P Morgan Chase & Co,20111121,UPDATE 5-MF Global trustee doubles estimates of shortfall ,NEW YORK  Nov 21 The shortfall of commodity customer funds at MF Global Holdings Ltd may be around $1.2 billion  about double initial estimates from regulators  the trustee liquidating the company said on Monday.,normal
JPM,J P Morgan Chase & Co,20111121,MF Global  creditors seek outside administrator ,NEW YORK Collapsed futures brokerage MF Global Holdings Ltd  has asked to appoint a trustee to run its Chapter 11 bankruptcy.,normal
KKR,KKR & Co LP,20111121,Itochu is part of KKR bid for Samson-sources ,TOKYO/NEW YORK  Nov 21 Japan's Itochu Corp is part of the KKR & Co led consortium buying most of privately held U.S. oil and gas company Samson Investment Co  in a more than $7 billion deal which could be announced as early as Tuesday  according to sources familiar with the matter.,topStory
KKR,KKR & Co LP,20111121,RPT-China's Hony Capital raising up to $2.6 bln - sources ,HONG KONG  Nov 21 Hony Capital  one of China's most successful private equity funds  aims to raise up to $2.6 billion in a new fund  two sources said on Monday  in what is set to be the biggest ever dollar fundraising for a China-based firm.,normal
KKR,KKR & Co LP,20111121,KKR nears more than $7 billion Samson deal: source ,NEW YORK Private equity firm KKR & Co  is close to buying most of privately held U.S. oil and gas company Samson Investment Co  in a more than $7 billion deal which could be announced as early as Tuesday  according to a source familiar with the matter.,normal
KKR,KKR & Co LP,20111121,KKR nears more than $7 bln Samson deal -source ,NEW YORK  Nov 21 Private equity firm KKR & Co is close to buying most of privately held U.S. oil and gas company Samson Investment Co  in a more than $7 billion deal which could be announced as early as Tuesday  according to a source familiar with the matter.,normal
KKR,KKR & Co LP,20111121,China's Hony Capital raising up to $2.6 billion: sources ,HONG KONG Hony Capital  one of China's most successful private equity funds  aims to raise up to $2.6 billion in a new fund  two sources said on Monday  in what is set to be the biggest ever dollar fundraising for a China-based firm.,normal
KKR,KKR & Co LP,20111121,UPDATE 1-China's Hony Capital raising up to $2.6 bln -sources ,HONG KONG  Nov 21 Hony Capital  one of China's most successful private equity funds  aims to raise up to $2.6 billion in a new fund  two sources said on Monday  in what is set to be the biggest ever dollar fundraising for a China-based firm.,normal
KEP,Korea Electric Power Corporation,20111121,S.Korea says October power sales up 6.1 pct y/y ,SEOUL  Nov 21 South Korea's domestic power sales in October rose 6.1 percent to 35.6 billion kilowatt hours from a year ago  led by robust industrial demand  the ministry of knowledge economy said on Monday.,topStory
LYG,Lloyds Banking Group Plc,20111121,MOVES-Metlife  HSBC  Lloyds  BTIG ,Nov 21 The following financial service industry appointments were announced on Monday. To inform us of other job changes  email to moves@thomsonreuters.com.,topStory
LYG,Lloyds Banking Group Plc,20111121,UPDATE 4-Lloyds back-up plan stokes worries for CEO's return ,* Lloyds says Horta-Osorio "making good progress" on recovery,normal
LYG,Lloyds Banking Group Plc,20111121,Lloyds names David Roberts as back-up interim CEO ,LONDON  Nov 21 Part-nationalised British bank Lloyds named non-executive director David Roberts as a back-up interim chief executive  in case of a delay in the planned return from sick leave of current CEO Antonio Horta-Osorio.,normal
MET,MetLife Inc,20111121,MOVES-Metlife  HSBC  Lloyds  BTIG ,Nov 21 The following financial service industry appointments were announced on Monday. To inform us of other job changes  email to moves@thomsonreuters.com.,topStory
MET,MetLife Inc,20111121,UPDATE 2-MetLife to reorganize structure; names interim CFO ,* To reorganize business structure into three geographic regions,normal
MCO,Moody&#39;s Corporation,20111121,BRIEF-Moody's changes Momentive Performance's outlook to stable ,* Moody's changes Momentive Performance's outlook to stable,topStory
MCO,Moody&#39;s Corporation,20111121,BRIEF-Moody's assigns Aaa to J&J's new credit facilities ,Nov 21 J&J: * Moody's assigns Aaa to J&J's new credit facilities ,normal
MCO,Moody&#39;s Corporation,20111121,FOREX-Dollar lifted by risk aversion; Aussie slumps ,SYDNEY  Nov 22 The safe-haven U.S. dollar stayed well bid in Asia on Tuesday following a sharp pullback in global risk appetite as the sovereign debt storm intensified on both sides of the Atlantic.,normal
MCO,Moody&#39;s Corporation,20111121,UPDATE 4-Moody's warns on French rating outlook ,* Moody's says threat is to outlook  not rating at this stage,normal
MCO,Moody&#39;s Corporation,20111121,Moody's warns on French rating outlook ,PARIS Moody's warned France on Monday that a sustained rise in its debt yields coupled with weakening economic growth could harm its ratings outlook  fuelling concern the euro zone's second largest economy might lose its coveted AAA status.,normal
MCO,Moody&#39;s Corporation,20111121,BRIEF-Moody's:No rating impact on J.G. Wentworth structured settlement ABS ,* Moody's: No rating impact on J.G. Wentworth structured settlement ABS following execution of amended Intercreditor Agreement,normal
MCO,Moody&#39;s Corporation,20111121,French fin min says financing at favourable levels ,PARIS  Nov 21 Finance Minister Francois Baroin said on Monday that France's cost of financing remained at "very favourable" levels  after Moody's warned a sustained rise could hurt France's credit outlook.,normal
MCO,Moody&#39;s Corporation,20111121,CORRECTED- Juncker says eurobonds not absurdity ,MAINZ  Germany  Nov 21 Eurogroup head Jean-Claude Juncker on Monday spoke out against a possible downgrading of France by ratings agency Moody's  saying that would be inappropriate considering the country's actual fiscal condition.,normal
MCO,Moody&#39;s Corporation,20111121,Debt jitters drive Britain's FTSE sharply lower ,LONDON  Nov 21 Britain's top shares sank to six-week lows on Monday as a U.S. committee looked set to miss a deficit reduction deadline and a ratings agency warning on France compounded worries about the euro zone debt crisis.,normal
MCO,Moody&#39;s Corporation,20111121,Moody's: debt cost may be negative for France rating ,PARIS  Nov 21 Ratings agency Moody's said that a recent rise in interest rates on French government debt and weaker economic growth prospects could be negative for France's credit rating.,normal
MS,Morgan Stanley,20111121,Analysis: Wall St. banks wonder if they are shrinking for good ,NEW YORK Wall Street bankers are used to vicious swings in fortunes - it is in their DNA. Make a killing in the good times  they say  because markets may turn against you tomorrow.,topStory
OSK,Oshkosh Corporation,20111121,Oshkosh urges anti-Icahn vote; CEO declines raise ,Nov 21 Oshkosh Corp's board of directors has told shareholders to "disregard" an opposition proxy statement from Carl Icahn  setting up a potential battle between the Wisconsin-based truck maker and the billionaire investor at the company's upcoming annual meeting.,topStory
PSO,Pearson Plc,20111121,Pearson to buy English teaching firm in China ,LONDON British publishing group Pearson Plc  agreed to buy China's Global Education and Technology Group   which prepares students for English-language tests  for $155 million in cash  extending its reach in China from eight cities to 60.,topStory
PSO,Pearson Plc,20111121,UPDATE 2-Pearson to buy English teaching firm in China ,* Global Education owns or franchises 450 centres in China,normal
PFE,Pfizer Inc,20111121,UPDATE 1-Pfizer to settle US charges for over $60 mln-WSJ ,NEW YORK  Nov 20 Pfizer Inc has agreed to pay more than $60 million to settle an investigation by U.S. regulators into whether the drugmaker paid bribes to win business abroad  The Wall Street Journal reported on Sunday  citing people familiar with the matter.,topStory
PM,Philip Morris International Inc,20111121,UPDATE 2-Philip Morris challenges Australia on plain pack tobacco ,* Govt braces for court action against plain pack tobacco laws,topStory
PM,Philip Morris International Inc,20111121,Philip Morris challenges Australia on plain pack ,CANBERRA Tobacco giant Philip Morris on Monday launched legal action against Australian laws forcing tobacco products to be sold in drab  plain packaging from late next year.,normal
PM,Philip Morris International Inc,20111121,Philip Morris launches action against Australia tobacco laws ,CANBERRA  Nov 21 Tobacco giant Philip Morris said on Monday it was launching legal action against Australian laws passed by parliament forcing tobacco products to be sold in drab  plain packaging from late next year.,normal
RBS,Royal Bank Scotland plc (The),20111121,REFILE-Abu Dhabi's TAQA sets tender offer for $1.5 bln 2012 bond ,DUBAI  Nov 21 Abu Dhabi National Energy Co (TAQA) has launched a tender offer for its $1.5 billion bond maturing 2012 and mandated four banks for a new bond issue to partly refinance the existing debt maturity.,topStory
RBS,Royal Bank Scotland plc (The),20111121,Debt jitters drive Britain's FTSE sharply lower ,LONDON  Nov 21 Britain's top shares sank to six-week lows on Monday as a U.S. committee looked set to miss a deficit reduction deadline and a ratings agency warning on France compounded worries about the euro zone debt crisis.,normal
S,Sprint Corporation,20111121,S&P downgrades Clearwire debt by a notch ,NEW YORK  Nov 21 Standard & Poors Corp on Monday downgraded Clearwire Corp's credit rating by one notch to 'CCC' with a "developing outlook" due to concerns that it may skip interest payments due on Dec. 1.,topStory
STO,Statoil ASA,20111121,Centrica buys $1.63 billion Norwegian upstream assets ,OSLO The UK's Centrica  boosted its oil and gas production by a quarter on Monday through buying a string of assets from Norway's Statoil  and signing a 10-year gas deal that will improve the UK's energy security.,topStory
STO,Statoil ASA,20111121,UPDATE 3-Centrica buys $1.63 bln Norwegian upstream assets ,OSLO  Nov 21 The UK's Centrica  boosted its oil and gas production by a quarter on Monday through buying a string of assets from Norway's Statoil  and signing a 10-year gas deal that will improve the UK's energy security.,normal
STO,Statoil ASA,20111121,Statoil gets stake in Indonesian exploration block ,OSLO  Nov 21 Norwegian oil group Statoil  was awarded an 80 percent working interest and the operatorship in the Halmahera II block  a large offshore oil and gas exploration licence in eastern Indonesia  the company said on Monday.,normal
STO,Statoil ASA,20111121,Statoil sells field stakes off Norway to UK's Centrica ,OSLO  Nov 21 Norway's Statoil has agreed to sell interests in eight fields and prospects off Norway to UK-based energy company Centrica for $1.63 billion  it said on Monday.,normal
SU,Suncor Energy  Inc,20111121,Suncor reports minor leak at Sarnia  Ontario refinery ,NEW YORK  Nov 21 Suncor Energy Inc.  reported a minor leak in a naphtha unit at its 85 000 barrel per day refinery in Sarnia  Ontario  according to a community information alert.     The leak occurred late Sunday evening and warning sirens were activated for southern Sarnia  Aamjiwnaang First Nation and Northern St. Clair.  An all clear sounded early Monday morning.     Onsite crew responded to the leak which was reported to minor but further information on the type and quantity is n,topStory
TGT,Target Corporation,20111121,Chains brace for season of holiday discounts ,Retailers trying to woo shoppers with early deals and longer hours this week  and throughout the holiday season  could be putting their profits at risk as shoppers search for bargains and not much else.,topStory
TGT,Target Corporation,20111121,PREVIEW-UPDATE 1-US chains brace for season of holiday discounts ,* Retail stocks have outperformed broad market this month,normal
TEF,Telefonica SA,20111121,Telefonica signs network pact with China Unicom ,MADRID  Nov 21 Spain's Telefonica  said it had signed an agreement with peer China Unicom  to use each other's networks to expand their coverage.,topStory
SCHW,The Charles Schwab Corporation,20111121,Ex-Schwab exec settles with SEC in YieldPlus case ,Nov 21 A former president at Charles Schwab Corp's investment management unit will pay a $150 000 civil fine to resolve a U.S. Securities and Exchange Commission lawsuit accusing him of hiding from investors the risks in the multibillion-dollar YieldPlus mutual fund.,topStory
TRP,TransCanada Corporation,20111121,Canada oil sector must keep cleaning up act: Prentice ,CALGARY  Alberta The U.S.-imposed delay of TransCanada Corp's Keystone XL oil pipeline shows Canada's energy industry cannot relax efforts to improve its environmental record  a former top minister in Prime Minister Stephen Harper's government said on Monday.,topStory
TSN,Tyson Foods Inc,20111121,Tyson profit misses estimate; costs seen rising ,Tyson Foods Inc   the largest U.S. meat processor  reported a lower-than-expected quarterly profit on higher grain and feed costs and said it expected them to keep rising this fiscal year.,topStory
TSN,Tyson Foods Inc,20111121,UPDATE 2-Tyson profit misses estimate; costs seen rising ,Nov 21 Tyson Foods Inc   the largest U.S. meat processor  reported a lower-than-expected quarterly profit on higher grain and feed costs and said it expected them to keep rising this fiscal year.,normal
VRX,Valeant Pharmaceuticals International Inc,20111121,UPDATE 1-Valeant says to buy Australia's iNova for $623 mln ,MELBOURNE  Nov 21 Canada's Valeant Pharmaceuticals International Inc said it agreed to buy Australia's iNova Pharmaceuticals from private equity firms Archer Capital and Ironbridge for A$625 million ($623 million) upfront.,topStory
VR,Validus Holdings Ltd,20111121,Alleghany to buy Transatlantic for $3.4 billion ,U.S. property and casualty insurer Alleghany Corp  said on Monday it would buy reinsurer Transatlantic Holdings Inc  for $3.4 billion in cash and stock -- though a sharp drop in Alleghany shares meant a separate  hostile bid for Transatlantic was at least temporarily more valuable.,topStory
VR,Validus Holdings Ltd,20111121,UPDATE 6-Alleghany to buy Transatlantic for $3.4 bln ,Nov 21 U.S. property and casualty insurer Alleghany Corp said on Monday it would buy reinsurer Transatlantic Holdings Inc for $3.4 billion in cash and stock -- though a sharp drop in Alleghany shares meant a separate  hostile bid for Transatlantic was at least temporarily more valuable.,normal
VR,Validus Holdings Ltd,20111121,TIMELINE-Bidding race for reinsurer Transatlantic ,Nov 21 U.S. property and casualty insurer Alleghany Corp snapped up Transatlantic Holdings  for $3.4 billion in cash and stock  a move that may help the Bermuda-based reinsurer ward off a hostile bid from rival Validus Holdings Ltd.,normal
VR,Validus Holdings Ltd,20111121,UPDATE 2-Alleghany near $3.4 bln Transatlantic deal-source ,* Alleghany set to pay $59-$60 per share in cash and stock,normal
SVM,Silvercorp Metals Inc,20111121,UPDATE 2-Silvercorp to buy China's SX Gold for $23 mln ,Nov 21 Silvercorp Metals Inc said on Monday it will buy China's SX Gold Mining Company for about $23 million  in a move aimed at consolidating its holdings in China's Henan province.,topStory
