AMZN,Amazoncom Inc,20111103,Amazon.com launches digital book library service ,Online retailer Amazon.com said Kindle owners with an Amazon Prime membership will now get access to the company's new digital book library service.,topStory
AMZN,Amazoncom Inc,20111103,UPDATE 1-Amazon.com launches digital book library service ,Nov 3 U.S. online retailer Amazon.com  said Kindle owners with an Amazon Prime membership will now get access to the company's new digital book library service.,normal
AMED,Amedisys Inc,20111103,UPDATE 3-Gentiva braces for Medicare cuts  to close care centres ,* Cuts FY adj EPS to $1.50-$1.70 vs prior view of $2.00-$2.20,topStory
AAPL,Apple Inc,20111103,Apple to issue software fix for iPhone battery ,SAN FRANCISCO Apple Inc on Wednesday said it will release a software update to its iOS 5 operating system  acknowledging some customer complaints on the performance of the new iPhone 4S battery.,topStory
AAPL,Apple Inc,20111103,Apple to issue software fix for iPhone battery ,SAN FRANCISCO  Nov 2 Apple Inc on Wednesday said it will release a software update to its iOS 5 operating system  acknowledging some customer complaints on the performance of the new iPhone 4S battery.,normal
ATAI,ATA Inc,20111103,Full Thanksgiving flights seen despite traveler decline ,WASHINGTON U.S. air travelers can expect full flights over the Thanksgiving holiday even as the weak economy cuts the number of passengers about 2 percent from 2010  the Air Transport Association (ATA) said on Thursday.,topStory
AAWW,Atlas Air Worldwide Holdings,20111103,UPDATE 2-Atlas Air posts lower profit  cuts year view ,Nov 3 Cargo carrier Atlas Air Worldwide Holdings Inc said on Thursday quarterly profit fell as demand in Asia softened and fuel expenses rose  and the company cut its full-year forecast  sending its shares down more than 6 percent.,topStory
TAPR,Barclays Inverse US Treasury Composite ETN,20111103,New Issue-France Telecom adds 250 mln stg to 2050 bond ,Notes                   Launched under issuer's EMTN programme,topStory
DLBL,Barclays PLC,20111103,New Issue-France Telecom adds 250 mln stg to 2050 bond ,Notes                   Launched under issuer's EMTN programme,topStory
DTYL,Barclays PLC,20111103,New Issue-France Telecom adds 250 mln stg to 2050 bond ,Notes                   Launched under issuer's EMTN programme,topStory
CAMT,Camtek Ltd,20111103,RPT-UPDATE 2-Camtek sees further sales improvement in 2012 ,JERUSALEM  Nov 3 - Camtek Ltd   a maker of automated optical inspection systems  reported higher third-quarter profit on Thursday  boosted by an expansion of its product line  and projected another year of solid sales growth in 2012.,topStory
CBOE,CBOE Holdings Inc,20111103,CORRECTED - UPDATE 2-CBOE Holdings profit up as trading surges ,Nov 3 CBOE Holdings Inc on Thursday reported a better-than-expected quarterly profit because of a surge in volume as investors used its contracts to protect against market swings spurred by European debt woes and a shaky U.S. recovery.,topStory
CME,CME Group Inc,20111103,MF Global may have moved funds in final days ,By Sarah N. Lynch  Christopher Doering and Jonathan Spicer,topStory
CMCSA,Comcast Corporation,20111103,Losing in fall ratings  NBC says the race is long ,The network is down 11 percent in the ratings  while its rival networks gain or hold steady. It is the only network already to have canceled two shows this season. And according to Comcast earnings released Wednesday  its third-quarter ad revenue was flat.,topStory
CMCSA,Comcast Corporation,20111103,Cable TV ups profits at big media companies ,Comcast Corp  News Corp and Time Warner Inc reported stronger quarterly results on Wednesday  confirming it pays to have a solid lineup of cable networks -- at least while advertisers keep spending.,normal
CMCSA,Comcast Corporation,20111103,WRAPUP 3-Cable TV ups profits at big media companies ,Nov 2 Comcast Corp   News Corp and Time Warner Inc reported stronger quarterly results on Wednesday  confirming it pays to have a solid lineup of cable networks -- at least while advertisers keep spending.,normal
COST,Costco Wholesale Corporation,20111103,CORRECTED - WRAPUP 1-U.S. chain store sales rise in October ,* Index of 23 chains seen up 4.5 pct-Thomson Reuters data,topStory
COST,Costco Wholesale Corporation,20111103,UPDATE 1- Gasoline prices boost Costco Oct sales ,Nov 3 U.S. warehouse club operator Costco Wholesale Corp's October same-store sales rose 9 percent  helped by high gasoline prices but marginally below market expectations.,normal
ERIC,Ericsson,20111103,TEXT-S&P:Ericsson ratings unaffected by Sony Ericsson sale ,(The following statement was released by the rating agency),topStory
EXPE,Expedia Inc,20111103,UPDATE 1-Orbitz Worldwide Q3 beats; raises FY rev view ,Nov 3 Online travel agency Orbitz Worldwide Inc  reported better-than-expected quarterly results  helped by growth in its non-air travel revenue  and raised its full-year revenue outlook.,topStory
ESRX,Express Scripts Holding Company,20111103,CVS Caremark's higher profit tops expectations ,CVS Caremark Corp  posted a bigger-than-expected rise in quarterly profit on Thursday as its pharmacy benefits business improved  and it expects this year's profit to be at the higher end of its prior forecast.,topStory
ESRX,Express Scripts Holding Company,20111103,UPDATE 4-CVS Caremark's higher profit tops expectations ,* Revenue up 12.5 pct to $26.67 bln  misses analysts' view,normal
INTC,Intel Corporation,20111103,UPDATE 2-AMD to lay off a 10th of workforce by 2012 ,Nov 3 Advanced Micro Devices Inc  unveiled a plan on Thursday to save about $200 million of operating costs in 2012 by slashing 10 percent of its global workforce and streamlining internal business processes.,topStory
DTYS,iPath US Treasury 10-year Bear ETN,20111103,New Issue-France Telecom adds 250 mln stg to 2050 bond ,Notes                   Launched under issuer's EMTN programme,topStory
DTUS,iPath US Treasury 2-year Bear ETN,20111103,New Issue-France Telecom adds 250 mln stg to 2050 bond ,Notes                   Launched under issuer's EMTN programme,topStory
DTUL,iPath US Treasury 2-year Bull ETN,20111103,New Issue-France Telecom adds 250 mln stg to 2050 bond ,Notes                   Launched under issuer's EMTN programme,topStory
DFVS,iPath US Treasury 5-year Bear ETN,20111103,New Issue-France Telecom adds 250 mln stg to 2050 bond ,Notes                   Launched under issuer's EMTN programme,topStory
DFVL,iPath US Treasury 5-year Bull ETN,20111103,New Issue-France Telecom adds 250 mln stg to 2050 bond ,Notes                   Launched under issuer's EMTN programme,topStory
FLAT,iPath US Treasury Flattener ETN,20111103,New Issue-France Telecom adds 250 mln stg to 2050 bond ,Notes                   Launched under issuer's EMTN programme,topStory
DLBS,iPath US Treasury Long Bond Bear ETN,20111103,New Issue-France Telecom adds 250 mln stg to 2050 bond ,Notes                   Launched under issuer's EMTN programme,topStory
STPP,iPath US Treasury Steepener ETN,20111103,New Issue-France Telecom adds 250 mln stg to 2050 bond ,Notes                   Launched under issuer's EMTN programme,topStory
LAMR,Lamar Advertising Company,20111103,UPDATE 3-Lamar's digital billboard drive starts paying off ,Nov 3 Billboard operator Lamar Advertising Co's  strong quarterly sales and outlook suggest that a year-long spending spree on lucrative digital billboards is starting to pay off.,topStory
LBTYA,Liberty Global plc,20111103,Unitymedia hopeful on Liberty's Kabel BW takeover ,COLOGNE  Germany  Nov 3 Liberty Global's  Unitymedia is still hopeful that the proposed $4.3 billion takeover of smaller rival Kabel BW by its parent will be approved  the chief executive of the German unit said.,topStory
LBTYB,Liberty Global plc,20111103,Unitymedia hopeful on Liberty's Kabel BW takeover ,COLOGNE  Germany  Nov 3 Liberty Global's  Unitymedia is still hopeful that the proposed $4.3 billion takeover of smaller rival Kabel BW by its parent will be approved  the chief executive of the German unit said.,topStory
LBTYK,Liberty Global plc,20111103,Unitymedia hopeful on Liberty's Kabel BW takeover ,COLOGNE  Germany  Nov 3 Liberty Global's  Unitymedia is still hopeful that the proposed $4.3 billion takeover of smaller rival Kabel BW by its parent will be approved  the chief executive of the German unit said.,topStory
MSFT,Microsoft Corporation,20111103,Bill Gates urges G20 to live up to aid promises ,CANNES  France Billionaire philanthropist Bill Gates told G20 leaders Thursday to protect aid budgets  saying cuts would not only hurt the poor but also undermine innovations in areas such as health and farming.,topStory
NWS,News Corporation,20111103,UPDATE 2-News Corp human resources chief quits ,Nov 3 News Corp's top human resources executive  Beryl Cook  is leaving the media conglomerate as it deals with the effects of a phone hacking scandal at its UK newspapers.,topStory
NWS,News Corporation,20111103,Cable TV ups profits at big media companies ,Comcast Corp  News Corp and Time Warner Inc reported stronger quarterly results on Wednesday  confirming it pays to have a solid lineup of cable networks -- at least while advertisers keep spending.,normal
NWS,News Corporation,20111103,WRAPUP 3-Cable TV ups profits at big media companies ,Nov 2 Comcast Corp   News Corp and Time Warner Inc reported stronger quarterly results on Wednesday  confirming it pays to have a solid lineup of cable networks -- at least while advertisers keep spending.,normal
NWSA,News Corporation,20111103,UPDATE 2-News Corp human resources chief quits ,Nov 3 News Corp's top human resources executive  Beryl Cook  is leaving the media conglomerate as it deals with the effects of a phone hacking scandal at its UK newspapers.,topStory
NWSA,News Corporation,20111103,Cable TV ups profits at big media companies ,Comcast Corp  News Corp and Time Warner Inc reported stronger quarterly results on Wednesday  confirming it pays to have a solid lineup of cable networks -- at least while advertisers keep spending.,normal
NWSA,News Corporation,20111103,WRAPUP 3-Cable TV ups profits at big media companies ,Nov 2 Comcast Corp   News Corp and Time Warner Inc reported stronger quarterly results on Wednesday  confirming it pays to have a solid lineup of cable networks -- at least while advertisers keep spending.,normal
NICE,NICE Ltd,20111103,UPDATE 2-Nice Systems Q3 profit up  raises 2011 profit view ,TEL AVIV  Nov 3 Nice Systems reported higher quarterly profit that slightly surpassed estimates on strong demand for its compliance and risk management software and raised its profit projection for 2011.,topStory
RYAAY,Ryanair Holdings plc,20111103,BRIEF-Ryanair says Oct load factor down 1 pct y/y ,* October passenger numbers 7.27 mln  4 percent up from year ago,topStory
STX,Seagate Technology PLC,20111103,UPDATE 2-Seagate lowers shipments estimate on Thai floods ,Nov 3 Seagate Technology lowered its shipments estimate for the current quarter as floods in Thailand squeeze capacity  but the hard drive maker is benefiting from better pricing as OEMs scramble to secure supply.,topStory
SHLD,Sears Holdings Corporation,20111103,UPDATE 1-Sears marketing president to leave: source ,* Friedman to leave to pursue other opportunities - source,topStory
SHLD,Sears Holdings Corporation,20111103,Sears marketing president to leave - source ,NEW YORK  Nov 3 Retailer Sears Holdings Corp's president of marketing  Dave Friedman  will be leaving the company to pursue other opportunities  a source familiar with the matter told Reuters.,normal
SBUX,Starbucks Corporation,20111103,Starbucks profit up despite economic jitters ,Starbucks Corp's  quarterly profit rose slightly more than expected after the summer's economic jitters failed to dilute the coffee habits of customers at the world's largest coffee chain.,topStory
SBUX,Starbucks Corporation,20111103,UPDATE 4-Starbucks profit up despite economic jitters ,Nov 3 Starbucks Corp's quarterly profit rose slightly more than expected after the summer's economic jitters failed to dilute the coffee habits of customers at the world's largest coffee chain.,normal
SYMC,Symantec Corporation,20111103,CORRECTED - UPDATE 1-Duqu hackers shift to Belgium after India raid ,Nov 3 Hackers used a server in Belgium to collect data stolen from machines infected with the Duqu computer virus  after authorities shut down another rogue collection system in India  according to security experts.,topStory
SYMC,Symantec Corporation,20111103,Duqu hackers shift to Belgium after India raid ,Hackers used a server in Belgium to collect data stolen from machines infected with the Duqu computer virus  after authorities shut down another rogue collection system in India  according to security experts.,normal
VVUS,VIVUS Inc,20111103,UPDATE 2-Vivus says FDA accepts weight-loss drug application ,* Says FDA assigns 5-month review period on marketing application,topStory
ANF,Abercrombie & Fitch Company,20111103,Abercrombie's sputtering flagships sink shares ,Abercrombie & Fitch  shares fell 22 percent on Thursday after the teen retailer said sales had fallen at its European flagship stores  which are the anchor of its international expansion strategy.,topStory
ANF,Abercrombie & Fitch Company,20111103,UPDATE 2-Abercrombie's sputtering flagships sink shares ,* Abercrombie shares down 22 pct  Japan  Canada sales down,normal
AGI,Alamos Gold Inc,20111103,UPDATE 1-Alamos Gold Q3 profit falls; tax charge bites ,Nov 3 Canadian gold miner Alamos Gold  posted a 73 percent drop in third-quarter profit  dented partly by a tax charge related to the weaker Mexican peso.,topStory
AIG,American International Group Inc,20111103,AIG loses $4 billion on planes  weak markets ,Insurer American International Group lost more than $4 billion in the third quarter  as its aircraft leasing unit took an impairment charge on a portion of its fleet and the fair value of the company's one-third stake in Asian insurer AIA fell.,topStory
AIG,American International Group Inc,20111103,UPDATE 2-AIG loses $4 bln on planes  weak markets ,Nov 3 Insurer American International Group lost more than $4 billion in the third quarter  as its aircraft leasing unit took an impairment charge on a portion of its fleet and the fair value of the company's one-third stake in Asian insurer AIA fell.,normal
APA,Apache Corporation,20111103,UPDATE 3-Apache quarterly profit beats estimates ,Nov 3 Apache Corp reported a higher-than-expected quarterly profit on Thursday  lifted by stronger crude oil prices and record production.,topStory
T,AT&T Inc,20111103,UPDATE 3-DirecTV beats rivals with NFL video additions ,Nov 3 DirecTV's record number of quarterly subscriber additions show that even in a tough economy Americans will pay up for one of their favorite pastimes  -- live sports on TV.,topStory
BAC,Bank of America Corporation,20111103,CORRECTED - UPDATE 2-BofA wanted to be transparent on debit card fee ,LAS VEGAS  Nov 3 Bank of America Corp   which earlier this week canceled plans to charge a $5 monthly fee to use a debit card after loud protests  was not sure how to implement the plan and disclosed it only in an effort to be transparent with customers  a bank executive said.,topStory
BAC,Bank of America Corporation,20111103,BofA wanted to be transparent on debit card fee ,LAS VEGAS Bank of America Corp   which earlier this week canceled plans to charge a $5 monthly fee to use a debit card after loud protests  was not sure how to implement the plan and disclosed it only in an effort to be transparent with customers  a bank executive said.,normal
BAC,Bank of America Corporation,20111103,Credit union business grows as consumers sour on banks ,Nov 3 The big banks may have dropped the debit card fees  but the credit unions are the ones picking up the business.,normal
BCS,Barclays PLC,20111103,New Issue-France Telecom adds 250 mln stg to 2050 bond ,Notes                   Launched under issuer's EMTN programme,topStory
BCE,BCE Inc,20111103,UPDATE 3-Canada's BCE profit rises  helped by TV  tax change ,* Company adds more than 125 000 post-paid wireless users,topStory
BCE,BCE Inc,20111103,CORRECTED-UPDATE 1-Canada's BCE Q3 profit rises ,Nov 3 BCE Inc   Canada's largest telecom company  posted a 41 percent jump in third-quarter profit  helped by its acquisition of CTV  Canada's premier media company.,normal
BHP,BHP Billiton Limited,20111103,Australian iron ore mine magnate leads fight against tax ,CANBERRA A delegation of small- and mid-sized Australian mining company executives on Thursday called on Prime Minister Julia Gillard to abandon a proposed mining profits tax  saying the biggest firms would pay nothing and leave smaller ones to shoulder the burden.,topStory
BA,Boeing Company (The),20111103,UPDATE 2-Boeing cites 600 commitments for revamped 737 ,Nov 3 Boeing Co said on Thursday it now has more than 600 order commitments from eight airlines for its 737 MAX  which it plans to offer with a new fuel-efficient engine.,topStory
BA,Boeing Company (The),20111103,Retiring Boeing CFO to stay on Dow Chemical board ,NEW YORK  Nov 3 Retiring Boeing Co Chief Financial Officer James Bell plans to stay on the Dow Chemical board of directors  a spokesman said.,normal
BA,Boeing Company (The),20111103,UPDATE 2-Atlas Air posts lower profit  cuts year view ,Nov 3 Cargo carrier Atlas Air Worldwide Holdings Inc said on Thursday quarterly profit fell as demand in Asia softened and fuel expenses rose  and the company cut its full-year forecast  sending its shares down more than 6 percent.,normal
BP,BP plc,20111103,BP agrees to pay Texas $50 million for pollution ,HOUSTON BP Plc's U.S. subsidiary has agreed to pay $50 million in civil penalties to the state of Texas for pollution from its Texas City refinery  including the deadly March 2005 explosion  state Attorney General Greg Abbott said on Thursday.,topStory
BP,BP plc,20111103,UPDATE 1-BP agrees to pay Texas $50 million for pollution ,* BP admits no liability for the pollution     * Agreement must be approved by state judge      By Erwin Seba     HOUSTON  Nov 3 BP Plc's  U.S. subsidiary has agreed to pay $50 million in civil penalties to the state of Texas for pollution from its Texas City refinery  including the deadly March 2005 explosion  state Attorney General Greg Abbott said.     The fine is equal to the amount BP Products North America paid in 2009 to the federal government for pollution from the explosion ,normal
BT,BT Group plc,20111103,UPDATE 3-BT beats forecasts with booming broadband demand ,* Reiterates outlook on strong Global Services  broadband,topStory
BT,BT Group plc,20111103,REFILE-Banks  commodities weigh on Britain's FTSE ,* Commodity issues  banks weak as euro zone debt crisis deepens,normal
CNQ,Canadian Natural Resources Limited,20111103,WRAPUP 2-Canada oil profits up on prices  oil sands output ,CALGARY  Alberta  Nov 3 High oil prices and rising oil sands production bolstered quarterly profits at Suncor Energy Inc and Canadian Natural Resources Ltd   Canada's two largest oil companies  while output at Husky Energy Inc's offshore fields rose.,topStory
CHK,Chesapeake Energy Corporation,20111103,CORRECTED - UPDATE 2-Chesapeake Energy has $3.4 bln Utica deals ,Nov 3 Chesapeake Energy Corp   the second-biggest U.S. producer of natural gas  is planning two deals totaling $3.4 billion for some of its acreage in the Utica Shale in Ohio.,topStory
CI,Cigna Corporation,20111103,Forward Calendar - U.S. corporate bond new issues ,Nov 3 The following are lists of upcoming high-grade and high-yield corporate bond offerings in the United States. The information was gathered from Thomson Reuters U.S. new issues team  and other market sources: *Denotes 144a private placement debt offering. HIGH-GRADE BOND SALES EXPECTED FOR WEEK OF 10/31/2011                       COMPANY           AMT       MAT/DEBT   RTGS           MGRS              PRICED Air Prods & Chem  $400 mln  10-yr     A2/A/NA        BNP/RBS            1,topStory
CI,Cigna Corporation,20111103,UPDATE 1-SXC Health Q3 beats; raises 2011 outlook ,Nov 3 SXC Health Solutions Corp   posted a third-quarter profit that edged past market expectations helped by strong growth in its new customer numbers  and the pharmacy benefit manager raised its full-year outlook.,normal
XEC,Cimarex Energy Co,20111103,WRAPUP 2-Rising costs weigh on outlook for mid-cap E&P cos ,Nov 3 U.S. oil and natural gas producers Cimarex Energy Co and Swift Energy Co predict weak production for the current quarter as they battle rising labour and transport costs -- at a time when they are ramping up spending to cash in on higher oil prices.,topStory
CVI,CVR Energy Inc,20111103,Deals of the day -- mergers and acquisitions ,Nov 3 The following bids  mergers  acquisitions and disposals involving European  U.S. and Asian companies were reported by 2000 GMT on Thursday:,topStory
CVI,CVR Energy Inc,20111103,UPDATE 2-CVR Energy says not looking for another US refinery ,Nov 3 After a six-year search  CVR Energy said on Thursday it has found the perfect asset in the Midwest and is not looking for more.,normal
CVI,CVR Energy Inc,20111103,CVR reports problem while restarting Kansas refinery ,Nov 3 CVR Energy said on Thursday it experienced a major mechanical problem while restarting its 115 700-barrels-per-day refinery in Coffeyville  Kansas following a turnaround.     CVR expects full crude rates at the refinery will be delayed by 10 or 12 days.,normal
CVS,CVS Health Corporation,20111103,CVS Caremark's higher profit tops expectations ,CVS Caremark Corp  posted a bigger-than-expected rise in quarterly profit on Thursday as its pharmacy benefits business improved  and it expects this year's profit to be at the higher end of its prior forecast.,topStory
CVS,CVS Health Corporation,20111103,UPDATE 4-CVS Caremark's higher profit tops expectations ,* Revenue up 12.5 pct to $26.67 bln  misses analysts' view,normal
DVA,DaVita Inc,20111103,UPDATE 1-DaVita third-quarter profit rises 13 percent ,LOS ANGELES  Nov 3 DaVita Inc   the biggest U.S. operator of dialysis clinics  said its third-quarter profit rose 13 percent  meeting Wall Street estimates  as treatment volumes increased.,topStory
DB,Deutsche Bank AG,20111103,Greek about face on vote  ECB rate cut boost shares ,NEW YORK Stocks rallied for a second day on Thursday as Greece backed away from a proposed referendum that threatened its membership in the euro  which could destabilize global markets. | Video ,topStory
DB,Deutsche Bank AG,20111103,Futures signal higher opening for U.S. stocks ,LONDON  Nov 3     * U.S. stock index futures pointed to a slightly higher opening for equities on Wall Street on Thursday  with futures for the S&P 500   for the Dow Jones and for the Nasdaq 100 up 0.1 to 0.2 percent.,normal
DIN,DineEquity Inc,20111103,UPDATE 3-DineEquity posts profit  Applebee's stumbles ,Nov 3 DineEquity Inc posted a higher quarterly profit on Thursday  helped by lower interest expense  even as quarterly sales at established Applebee's restaurants fell for the first time in a year.,topStory
DUK,Duke Energy Corporation,20111103,UPDATE 2-Duke profit tops Wall Street  raises outlook ,* Raises FY adj rev view to $1.40-$1.45  from $1.35-$1.40,topStory
DUKH,Duke Energy Corporation,20111103,UPDATE 2-Duke profit tops Wall Street  raises outlook ,* Raises FY adj rev view to $1.40-$1.45  from $1.35-$1.40,topStory
ERJ,Embraer-Empresa Brasileira de Aeronautica,20111103,Embraer shares drop on weak Q3 results  outlook ,* Embraer shares down 4 pct vs 2 pct rise on Bovespa index,topStory
ERJ,Embraer-Empresa Brasileira de Aeronautica,20111103,UPDATE 2-Embraer posts Q3 loss on FX swing  trims outlook ,SAO PAULO  Nov 2 Brazil's Embraer   the world's third-largest commercial planemaker  lowered its revenue outlook for the year after posting a slim net loss in the third quarter as a currency swing boosted taxes.,normal
ECA,Encana Corporation,20111103,Deals of the day -- mergers and acquisitions ,Nov 3 The following bids  mergers  acquisitions and disposals involving European  U.S. and Asian companies were reported by 2000 GMT on Thursday:,topStory
ECA,Encana Corporation,20111103,UPDATE 2-Encana to sell some gas assets for $975 mln ,Nov 3 Canadian energy company Encana Corp said on Thursday it had reached an agreement to sell its North Texas natural gas-producing properties to partnerships managed by EnerVest Ltd for about $975 million.,normal
ESV,ENSCO plc,20111103,WRAPUP 1-Fleet age a key factor in rising Transocean costs ,Nov 3 The early move by Transocean Ltd  into deepwater drilling is now translating into relatively higher costs for the industry leader as its rigs need to meet tougher regulatory standards for equipment.,topStory
ETR,Entergy Corporation,20111103,UPDATE 2-Vermont Yankee exits refuel  no decision on lawsuit ,* Judge could rule on Vermont Yankee shutdown any day     * Entergy wants to run Vermont Yankee for another 20 years     * Vermont wants plant shut in March 2012      Nov 3 Entergy said on Thursday its Vermont Yankee nuclear power plant in Vermont had exited a refueling outage as the company waits for a federal judge to decide whether the facility can keep running after March 2012.     Vermont Governor Peter Shumlin wants the 620-megawatt plant to shut by March 21  2012  when its ori,topStory
EL,Estee Lauder Companies Inc (The),20111103,UPDATE 4-Estee outlook surpasses Street view  shares soar ,* Estee shares up over 17 pct  Elizabeth Arden up 0.3 pct,topStory
F,Ford Motor Company,20111103,UPDATE 2-Visteon posts quarterly profit as production rises ,Nov 3 U.S. auto parts supplier Visteon Corp reported a third-quarter profit on Thursday  boosted by higher production from Hyundai Motor Corp   Ford Motor Co and other growing automakers.,topStory
FTS,Fortis Inc,20111103,UPDATE 1-Fortis Q3 profit up on termination fee ,Nov 3 Canadian utility Fortis Inc's  posted a 29 percent rise in quarterly profit  helped by the termination fee it received in relation to its failed merger with Central Vermont Public Service Inc.,topStory
GPS,Gap Inc (The),20111103,WRAPUP 5-Lingering anxiety curbs U.S. chain store gains ,* Costco  Target  Macy's  Saks  Limited miss Street views,topStory
GEK,General Electric Capital Corporation,20111103,UPDATE 2-Top U.S. companies urge new Internet trade rules ,WASHINGTON  Nov 3 Google   Microsoft   Citigroup   IBM   GE and other top-tier American companies on Thursday urged the United States to fight for trade rules that protect the free flow of information over the Internet.,topStory
GEK,General Electric Capital Corporation,20111103,GE's Immelt worries U.S. not leading on renewables ,General Electric Co's Jeff Immelt worries the United States may lose ground to China in the renewable energy sector because it is not prepared to invest in solar  wind and other technologies on the same scale.,normal
GEK,General Electric Capital Corporation,20111103,CORRECTED - GE's Immelt worries U.S. not leading on renewables ,Nov 3 General Electric Co's Jeff Immelt worries the United States may lose ground to China in the renewable energy sector because it is not prepared to invest in solar  wind and other technologies on the same scale.,normal
GEK,General Electric Capital Corporation,20111103,Thirty companies paid no U.S. income tax 2008-2010: report ,Thirty large and profitable U.S. corporations paid no income taxes in 2008 through 2010  said a study on Thursday that arrives as Congress faces rising demands for tax reform but seems unable or unwilling to act.,normal
GEK,General Electric Capital Corporation,20111103,Top U.S. companies urge new Internet trade rules ,WASHINGTON  Nov 3 Google   Microsoft   Citigroup   IBM   GE and other top-tier American companies on Thursday urged the United States to push for trade rules that protect the free flow of information over the Internet.,normal
GEK,General Electric Capital Corporation,20111103,GE Hitachi renews Spanish nuclear plant contracts ,WILMINGTON  N.C.  Nov 2 GE Hitachi Nuclear Energy said on Wednesday it has renewed contracts to service two nuclear power plants in Spain.,normal
GE,General Electric Company,20111103,UPDATE 2-Top U.S. companies urge new Internet trade rules ,WASHINGTON  Nov 3 Google   Microsoft   Citigroup   IBM   GE and other top-tier American companies on Thursday urged the United States to fight for trade rules that protect the free flow of information over the Internet.,topStory
GE,General Electric Company,20111103,GE's Immelt worries U.S. not leading on renewables ,General Electric Co's Jeff Immelt worries the United States may lose ground to China in the renewable energy sector because it is not prepared to invest in solar  wind and other technologies on the same scale.,normal
GE,General Electric Company,20111103,CORRECTED - GE's Immelt worries U.S. not leading on renewables ,Nov 3 General Electric Co's Jeff Immelt worries the United States may lose ground to China in the renewable energy sector because it is not prepared to invest in solar  wind and other technologies on the same scale.,normal
GE,General Electric Company,20111103,Thirty companies paid no U.S. income tax 2008-2010: report ,Thirty large and profitable U.S. corporations paid no income taxes in 2008 through 2010  said a study on Thursday that arrives as Congress faces rising demands for tax reform but seems unable or unwilling to act.,normal
GE,General Electric Company,20111103,Top U.S. companies urge new Internet trade rules ,WASHINGTON  Nov 3 Google   Microsoft   Citigroup   IBM   GE and other top-tier American companies on Thursday urged the United States to push for trade rules that protect the free flow of information over the Internet.,normal
GE,General Electric Company,20111103,GE Hitachi renews Spanish nuclear plant contracts ,WILMINGTON  N.C.  Nov 2 GE Hitachi Nuclear Energy said on Wednesday it has renewed contracts to service two nuclear power plants in Spain.,normal
GSK,GlaxoSmithKline PLC,20111103,GlaxoSmithKline settles U.S. drug rows for $3 billion ,LONDON GlaxoSmithKline Plc has agreed in principle to settle several long-standing disputes with the U.S. government over the way it marketed and developed drugs  at a cost of $3 billion  which is covered by existing provisions.,topStory
GSK,GlaxoSmithKline PLC,20111103,UPDATE 4-GlaxoSmithKline settles U.S. drug rows for $3 bln ,* Relates to marketing and development of Avandia  other drugs,normal
GSK,GlaxoSmithKline PLC,20111103,UPDATE 1-GlaxoSmithKline settles U.S. drug rows for $3 bln ,LONDON  Nov 3 GlaxoSmithKline said on Thursday it had agreed to settle its most significant disputes with the U.S. government over the way it marketed and developed drugs at a cost of $3 billion  which is covered by existing provisions.,normal
GS,Goldman Sachs Group Inc (The),20111103,SAFT ON WEALTH: MF Global's lesson: you are the dupe ,Nov 3 Because so many of us are slow to learn  nature is kind in teaching us the same lessons over and over again.,topStory
GS,Goldman Sachs Group Inc (The),20111103,DIARY-U.S. MEETINGS/WEEK AHEAD ,THOMSON REUTERS  November 3  2011 - Corporate Meetings for US companies for Week ahead.	         S&P 500 Earnings - Weekly           S&P 500 Earnings - Day Ahead   	     Non S&P 500 - Weekly               Non S&P 500 - Day Ahead        	     ConferenceCall/Webcast - Weekly    ConferenceCall/Webcast - Day   	     S&P 500 Earnings - Monthly           Meetings - Day Ahead           	     Economic Indicators                  Dividends                      	     Daily earnings hits & misses    	     ,normal
GS,Goldman Sachs Group Inc (The),20111103,Unicredit  Intesa Sanpaolo shares down more than 4 pct ,MILAN  Nov 3 Shares in Italy's largest bank by asset Unicredit fell more than 4 percent in early trading on Thursday  while shares in the country's largest retail bank  Intesa Sanpaolo   were initially unable to start trading  before falling 4.8 percent by 0813 GMT.,normal
GBX,Greenbrier Companies Inc (The),20111103,UPDATE 2-Greenbrier sees higher rev in 2012; shares jump ,Nov 3 Greenbrier Cos Inc posted fourth-quarter results that beat market estimates  and the railroad equipment supplier said it expected higher revenue and adjusted EBITDA in fiscal 2012  sending its shares up 19 percent.,topStory
GBX,Greenbrier Companies Inc (The),20111103,Greenbrier posts higher Q4 profit ,Greenbrier Cos Inc  posted a rise in fourth-quarter profit  driven by higher new railcar deliveries  and the railroad equipment supplier said it still expected strength in its end markets.,normal
HON,Honeywell International Inc,20111103,Navis Capital buys Photon division for $152 mln ,HONG KONG  Nov 3 Malaysia based private equity fund Navis Capital has acquired Australia firm Photon Group's  Field Marketing & Retail Agencies division for A$146.5 million ($152 million)  Photon said on Thursday in a statement.,topStory
HOS,Hornbeck Offshore Services,20111103,UPDATE 1-Hornbeck Offshore posts surprise Q3 profit ,Nov 3 Oilfield services company Hornbeck Offshore Inc posted a surprise quarterly profit helped by better fleet utilization and improved dayrates for some of its vessels.,topStory
HSBC,HSBC Holdings plc,20111103,China shares at 1-1/2 mth high  HSBC drags Hong Kong lower ,* iShares China A-50 ETF in HK outperforms  premium rises   (Updates to close),topStory
HSBC,HSBC Holdings plc,20111103,China  India services lose some momentum ,BEIJING/BANGALORE China's service sector lost momentum in October while India's shrank for a second month  surveys showed Thursday  revealing the lagged impact of policy tightening and faltering global demand on Asia's two major economies.,normal
HSBC,HSBC Holdings plc,20111103,HK shares slip as 2.5 pct; HSBC drags  China ETFs up ,HONG KONG  Nov 3 Hong Kong shares ended down on Thursday  dragged lower by HSBC Holdings Plc and local property names even as mainland markets strengthened in healthy volume as more investors positioned for a fourth-quarter rally in Shanghai.,normal
HSEA,HSBC Holdings plc,20111103,China shares at 1-1/2 mth high  HSBC drags Hong Kong lower ,* iShares China A-50 ETF in HK outperforms  premium rises   (Updates to close),topStory
HSEA,HSBC Holdings plc,20111103,China  India services lose some momentum ,BEIJING/BANGALORE China's service sector lost momentum in October while India's shrank for a second month  surveys showed Thursday  revealing the lagged impact of policy tightening and faltering global demand on Asia's two major economies.,normal
HSEA,HSBC Holdings plc,20111103,HK shares slip as 2.5 pct; HSBC drags  China ETFs up ,HONG KONG  Nov 3 Hong Kong shares ended down on Thursday  dragged lower by HSBC Holdings Plc and local property names even as mainland markets strengthened in healthy volume as more investors positioned for a fourth-quarter rally in Shanghai.,normal
HSEB,HSBC Holdings plc,20111103,China shares at 1-1/2 mth high  HSBC drags Hong Kong lower ,* iShares China A-50 ETF in HK outperforms  premium rises   (Updates to close),topStory
HSEB,HSBC Holdings plc,20111103,China  India services lose some momentum ,BEIJING/BANGALORE China's service sector lost momentum in October while India's shrank for a second month  surveys showed Thursday  revealing the lagged impact of policy tightening and faltering global demand on Asia's two major economies.,normal
HSEB,HSBC Holdings plc,20111103,HK shares slip as 2.5 pct; HSBC drags  China ETFs up ,HONG KONG  Nov 3 Hong Kong shares ended down on Thursday  dragged lower by HSBC Holdings Plc and local property names even as mainland markets strengthened in healthy volume as more investors positioned for a fourth-quarter rally in Shanghai.,normal
IBN,ICICI Bank Limited,20111103,RPT-Indian banks risk tripping over loans to power distributors ,* State banks looking to recast loans to power distributors,topStory
JPM,J P Morgan Chase & Co,20111103,SonoSite holds auction to sell company-source ,Nov 3 SonoSite Inc   an ultrasound and cardiograph equipment maker  has hired JPMorgan to sell the company  a source familiar with the situation said.,topStory
JPM,J P Morgan Chase & Co,20111103,SonoSite seeks buyers  in talks with Samsung-report ,Nov 3 SonoSite Inc is in talks with potential acquirers including Samsung Electronics  and has hired JPMorgan Chase & Co as an adviser  Bloomberg said  quoting three sources familiar with the matter.,normal
JCP,JC Penney Company Inc Holding Company,20111103,WRAPUP 5-Lingering anxiety curbs U.S. chain store gains ,* Costco  Target  Macy's  Saks  Limited miss Street views,topStory
K,Kellogg Company,20111103,Kellogg cuts outlook after cutting too many jobs ,Kellogg Co  cut too many jobs in recent years  which has led to problems -- including food safety issues -- that it must now spend heavily to fix  the company said on Thursday  sending its shares down nearly 7 percent.,topStory
K,Kellogg Company,20111103,UPDATE 5-Kellogg cuts outlook after cutting too many jobs ,Nov 3 Kellogg Co cut too many jobs in recent years  which has led to problems -- including food safety issues -- that it must now spend heavily to fix  the company said on Thursday  sending its shares down nearly 7 percent.,normal
KGC,Kinross Gold Corporation,20111103,WRAPUP 2-Kinross  Yamana lifted by surge in gold price ,TORONTO  Nov 2 Canadian gold miners Kinross Gold and Yamana Gold reported sharp increases in operating profits on Wednesday  as results were boosted by increased output and a surge in the price of bullion.,topStory
LVS,Las Vegas Sands Corp,20111103,UPDATE 3-MGM Resorts' Q3 fails to inspire  shares slide ,Nov 3 MGM Resorts International  narrowed its losses  but failed to live up to heightened expectations as gambling and spending on the Las Vegas Strip recovered  sending its shares down nearly 6 percent.,topStory
LPL,LG Display Co Ltd,20111103,UPDATE 6-LG plans $945 mln share sale to prop up smartphones ,* LG Elec loses more than $1 bln in market value Thursday,topStory
LMT,Lockheed Martin Corporation,20111103,Lockheed Martin acquires Dutch simulation company ,WASHINGTON  Nov 3 Lockheed Martin Corp  said on Thursday it acquired Sim-Industries B.V.  a commercial aviation simulation company with 104 employees at its production facility in the Netherlands.,topStory
LMT,Lockheed Martin Corporation,20111103,US Air Force wants to ink next F-35 deal in spring ,WASHINGTON The U.S. Air Force plans to wrap up a detailed agreement for a fifth batch of F-35 fighter jets with manufacturer Lockheed Martin Corp next spring  a senior service official told lawmakers on Wednesday.,normal
LMT,Lockheed Martin Corporation,20111103,US Air Force wants to ink next F-35 deal in spring ,* Air Force working to address Pentagon training concerns,normal
M,Macy&#39;s Inc,20111103,WRAPUP 5-Lingering anxiety curbs U.S. chain store gains ,* Costco  Target  Macy's  Saks  Limited miss Street views,topStory
M,Macy&#39;s Inc,20111103,CORRECTED - WRAPUP 1-U.S. chain store sales rise in October ,* Index of 23 chains seen up 4.5 pct-Thomson Reuters data,normal
MGA,Magna International Inc,20111103,UPDATE 4-Magna cuts margin outlook again  shares fall ,TORONTO  Nov 3 Magna International  reported a bigger-than-expected drop in quarterly earnings on Thursday and cut its operating margin forecast for the second time this year  sending its shares down nearly 8 percent.,topStory
MFC,Manulife Financial Corp,20111103,UPDATE 4-Manulife shares rise despite steep loss ,TORONTO  Nov 3 Manulife Financial  turned in a steeper than expected quarterly loss on Thursday and said its 2015 C$4 billion profit goal may be at risk  but its shares rose as the insurer's results looked good when compared with its peers.,topStory
MA,Mastercard Incorporated,20111103,Visa  Mastercard execs say debit card use to grow ,LAS VEGAS  Nov 2 Debit and ATM executives for MasterCard Inc and Visa Inc said on Wednesday they expect debit card use to grow  despite new U.S. government rules that cap fees banks can charge merchants.,topStory
MDT,Medtronic plc,20111103,Researcher sees cancer risk for Medtronic's Infuse ,CHICAGO Medtronic Inc's controversial orthopedic product Infuse  a bioengineered bone-growth protein used in spine surgery  is linked to a greater risk of cancer than previously thought  a prominent researcher said on Thursday.,topStory
MDT,Medtronic plc,20111103,Researcher sees cancer risk for Medtronic's Infuse ,* Risks seen for low and high dose forms of growth product,normal
MGM,MGM Resorts International,20111103,UPDATE 3-MGM Resorts' Q3 fails to inspire  shares slide ,Nov 3 MGM Resorts International  narrowed its losses  but failed to live up to heightened expectations as gambling and spending on the Las Vegas Strip recovered  sending its shares down nearly 6 percent.,topStory
MCO,Moody&#39;s Corporation,20111103,New Issue-France Telecom adds 250 mln stg to 2050 bond ,Notes                   Launched under issuer's EMTN programme,topStory
MCO,Moody&#39;s Corporation,20111103,BRIEF-Moody's maintains negative outlook on UAE banking system ,Nov 03 banking system of the United Arab Emirates,normal
MCO,Moody&#39;s Corporation,20111103,BRIEF: Moody's assigns provisional Aaa to ANZ's first covered bonds ,* Moody's assigns provisional Aaa to ANZ's first covered bonds,normal
MCO,Moody&#39;s Corporation,20111103,BRIEF-Moody's determines no negative rating impact due to new guaranty for swap and cap on Alesco Preferred Funding VII ,* Moody's determines no negative rating impact due to new guaranty for swap and cap on Alesco Preferred Funding VII  Ltd,normal
MCO,Moody&#39;s Corporation,20111103,BRIEF: Moody's assigns A1 rating to Imperial Irrigation District's 2011D electric revenue bond issuance ,* Moody's assigns A1 rating to Imperial Irrigation District's 2011D electric revenue bond issuance,normal
MCO,Moody&#39;s Corporation,20111103,BRIEF: Moody's reviews FPL Energy Virginia Funding Corp for possible downgrade ,* Moody's reviews FPL Energy Virginia Funding Corp for possible downgrade,normal
MCO,Moody&#39;s Corporation,20111103,BRIEF: Moody's: No Negative Rating Impact Due to New Guaranty for Swap on Alesco Preferred Funding I  Ltd ,* Moody's Determines No Negative Rating Impact Due to New Guaranty for Swap on Alesco Preferred Funding I  Ltd,normal
NAV,Navistar International Corporation,20111103,Carl Icahn raises stake in Navistar International ,Billionaire Carl Icahn has raised his stake in U.S. truck and engine maker Navistar International Corp  to 9.99 percent from 9.8 percent  according to a filing with the U.S. Securities and Exchange Commission.,topStory
NAV,Navistar International Corporation,20111103,UPDATE 1-Carl Icahn raises stake in Navistar International ,Nov 3 Billionaire Carl Icahn has raised his stake in U.S. truck and engine maker Navistar International Corp to 9.99 percent from 9.8 percent  according to a filing with the U.S. Securities and Exchange Commission.,normal
NYT,New York Times Company (The),20111103,Amazon.com launches digital book library service ,Online retailer Amazon.com said Kindle owners with an Amazon Prime membership will now get access to the company's new digital book library service.,topStory
NYT,New York Times Company (The),20111103,UPDATE 1-Amazon.com launches digital book library service ,Nov 3 U.S. online retailer Amazon.com  said Kindle owners with an Amazon Prime membership will now get access to the company's new digital book library service.,normal
NEM,Newmont Mining Corporation,20111103,Newmont halts some Peru work as precaution ,By Patricia Velez     PAMPA VERDE  Peru  Nov 3 Newmont Mining removed some workers and halted earth-moving work at its Conga project on Thursday after protesters threatened to invade it  according to an internal company email obtained by Reuters.     Local community and political leaders are demanding that Newmont abandon its $4.8 billion project  fearing it would cause pollution and sap water supplies used by farmers.     The U.S. company's deputy project director for Conga said som,topStory
NEM,Newmont Mining Corporation,20111103,UPDATE 2-Opposition grows to Newmont's $4.8 bln Peru mine ,* Gov't tries to end conflict over massive investment plan,normal
NKE,Nike Inc,20111103,Adidas raises 2011 outlook on emerging markets ,FRANKFURT Germany's Adidas AG  lifted its 2011 sales outlook on strong demand for its sporting goods in emerging markets and as it expands its high margin brand-name stores.,topStory
NKE,Nike Inc,20111103,UPDATE 2-Adidas raises 2011 outlook on emerging markets ,* Says now sees forex adj 2011 sales growth close to 12 pct,normal
OSK,Oshkosh Corporation,20111103,Carl Icahn raises stake in Navistar International ,Billionaire Carl Icahn has raised his stake in U.S. truck and engine maker Navistar International Corp  to 9.99 percent from 9.8 percent  according to a filing with the U.S. Securities and Exchange Commission.,topStory
OSK,Oshkosh Corporation,20111103,UPDATE 1-Carl Icahn raises stake in Navistar International ,Nov 3 Billionaire Carl Icahn has raised his stake in U.S. truck and engine maker Navistar International Corp to 9.99 percent from 9.8 percent  according to a filing with the U.S. Securities and Exchange Commission.,normal
PCG,Pacific Gas & Electric Co,20111103,Utility PG&E sees 2012 profit below view ,PG&E Corp  posted third-quarter profit above analysts' estimates  but the California electric utility said earnings for the next two years will be affected by maintenance work at its gas and electric operations and customer service.,topStory
PCG,Pacific Gas & Electric Co,20111103,UPDATE 1-Utility PG&E sees 2012 profit below view ,Nov 3 PG&E Corp posted third-quarter profit above analysts' estimates  but the California electric utility said earnings for the next two years will be affected by maintenance work at its gas and electric operations and customer service.,normal
PSO,Pearson Plc,20111103,UPDATE 2-Pearson raises guidance on lower charges ,* Pearson raises 2011 EPS guidance to 83p from 80p on lower charges,topStory
PKI,PerkinElmer Inc,20111103,UPDATE 2-PerkinElmer boosts bottom of 2011 forecast range ,Nov 3 Scientific instruments maker PerkinElmer Inc bucked a recent trend among rivals in the life sciences tools sector by raising the low end of its full-year earnings forecast on Thursday.,topStory
PJC,Piper Jaffray Companies,20111103,DIARY-U.S. MEETINGS/WEEK AHEAD ,THOMSON REUTERS  November 3  2011 - Corporate Meetings for US companies for Week ahead.	         S&P 500 Earnings - Weekly           S&P 500 Earnings - Day Ahead   	     Non S&P 500 - Weekly               Non S&P 500 - Day Ahead        	     ConferenceCall/Webcast - Weekly    ConferenceCall/Webcast - Day   	     S&P 500 Earnings - Monthly           Meetings - Day Ahead           	     Economic Indicators                  Dividends                      	     Daily earnings hits & misses    	     ,topStory
PHI,PLDT Inc,20111103,UPDATE 1-Philippines' PLDT Q3 net down 10 pct  sees weak revenues ,MANILA  Nov 3 Philippine Long Distance Telephone Co (PLDT)   one of the country's most valuable listed firms  said on Thursday its third-quarter net income fell 10 percent on weaker revenues from its mobile phone business and the impact of a strong peso.,topStory
PHI,PLDT Inc,20111103,Philippines' PLDT Q3 net profit falls 10 pct y/y ,MANILA  Nov 3 Philippine Long Distance Telephone Co (PLDT)   one of the country's most valuable listed firms  said on Thursday its third quarter net income fell 10 percent from year ago  as group revenues were partly hurt by a strong peso.,normal
PG,Procter & Gamble Company (The),20111103,P&G raises profit outlook on Pringles sale ,Procter & Gamble Co   the world's largest household products maker  raised its full-year profit outlook to reflect gains from the $1.5 billion sale of its Pringles snacks business.,topStory
PG,Procter & Gamble Company (The),20111103,UPDATE 2-P&G raises profit outlook on Pringles sale ,Nov 3 Procter & Gamble Co   the world's largest household products maker  raised its full-year profit outlook to reflect gains from the $1.5 billion sale of its Pringles snacks business.,normal
PG,Procter & Gamble Company (The),20111103,UPDATE 1-P&G  Teva detail new OTC medicine joint venture ,Nov 3 Consumer products maker Procter & Gamble Co and Israeli drugmaker Teva Pharmaceutical Industries Ltd on Thursday gave details of a joint venture they have created to sell over-the-counter medicines.,normal
RIO,Rio Tinto Plc,20111103,Australian iron ore mine magnate leads fight against tax ,CANBERRA A delegation of small- and mid-sized Australian mining company executives on Thursday called on Prime Minister Julia Gillard to abandon a proposed mining profits tax  saying the biggest firms would pay nothing and leave smaller ones to shoulder the burden.,topStory
SNE,Sony Corp Ord,20111103,TEXT-S&P:Ericsson ratings unaffected by Sony Ericsson sale ,(The following statement was released by the rating agency),topStory
SPR,Spirit Aerosystems Holdings Inc,20111103,UPDATE 1-Spirit Aerosystems posts higher profit ,Nov 3 Spirit AeroSystems Holdings Inc  posted higher-than-expected quarterly profit on Thursday as it delivered more aircraft components and margins improved.,topStory
STN,Stantec Inc,20111103,UPDATE 1-Stantec profit up on energy projects  lower costs ,TORONTO  Nov 3 Stantec Inc   a Canadian engineering company  posted a higher third-quarter profit on Thursday  helped by acquisitions and work on mining and energy projects.,topStory
SU,Suncor Energy  Inc,20111103,WRAPUP 2-Canada oil profits up on prices  oil sands output ,CALGARY  Alberta  Nov 3 High oil prices and rising oil sands production bolstered quarterly profits at Suncor Energy Inc and Canadian Natural Resources Ltd   Canada's two largest oil companies  while output at Husky Energy Inc's offshore fields rose.,topStory
SU,Suncor Energy  Inc,20111103,UPDATE 2-Suncor Q3 profit rises  helped by oil price rise ,CALGARY  Alberta  Nov 3 Suncor Energy Inc   Canada's largest oil and gas producer  said on Thursday third-quarter profit rose more than 5 percent on strong oil prices and higher production from its oil sands business and a rise in oil prices.,normal
TGT,Target Corporation,20111103,WRAPUP 5-Lingering anxiety curbs U.S. chain store gains ,* Costco  Target  Macy's  Saks  Limited miss Street views,topStory
TGT,Target Corporation,20111103,CORRECTED - WRAPUP 1-U.S. chain store sales rise in October ,* Index of 23 chains seen up 4.5 pct-Thomson Reuters data,normal
TEL,TE Connectivity Ltd,20111103,UPDATE 3-TE Connectivity beats  warns on consumer markets ,Nov 3 TE Connectivity Ltd reported a 10 percent increase in quarterly earnings on Thursday  helped by demand for electronic connectors used in cars and planes  but the company said demand was soft in some markets and forecast 2012 sales below Wall Street estimates.,topStory
TEO,Telecom Argentina Stet - France Telecom SA,20111103,Telecom Argentina 3rd-qtr net profit 602 mln pesos ,BUENOS AIRES  Nov 3 Telecom Argentina SA    one of Argentina's top telephone companies  reported on Thursday a third-quarter net profit of 602 million pesos ($136 million)  compared with a 444 million peso profit a year before.,topStory
TEF,Telefonica SA,20111103,Telefonica offers cheap Spain tariff to stem custom loss ,* Cheap Spain tariff aimed at keeping clients  attract new custom,topStory
TEF,Telefonica SA,20111103,Telefonica to slash handset range in cost drive ,LONDON Mobile operator Telefonica is to slash its range of handsets as part of its efficiency drive  freeing it up to develop new products and services within its digital division.,normal
TEF,Telefonica SA,20111103,Telefonica to slash handset range in cost drive ,LONDON  Nov 3 Mobile operator Telefonica  is to slash its range of handsets as part of its efficiency drive  freeing it up to develop new products and services within its digital division.,normal
TDC,Teradata Corporation,20111103,UPDATE 1-Teradata Q3 profit beats  raises FY view ,* Sees FY rev to grow by 19-21 pct vs prior view of 18-20 pct,topStory
TEVA,Teva Pharmaceutical Industries Limited,20111103,UPDATE 1-P&G  Teva detail new OTC medicine joint venture ,Nov 3 Consumer products maker Procter & Gamble Co and Israeli drugmaker Teva Pharmaceutical Industries Ltd on Thursday gave details of a joint venture they have created to sell over-the-counter medicines.,topStory
TWX,Time Warner Inc,20111103,Cable TV ups profits at big media companies ,Comcast Corp  News Corp and Time Warner Inc reported stronger quarterly results on Wednesday  confirming it pays to have a solid lineup of cable networks -- at least while advertisers keep spending.,topStory
TWX,Time Warner Inc,20111103,WRAPUP 3-Cable TV ups profits at big media companies ,Nov 2 Comcast Corp   News Corp and Time Warner Inc reported stronger quarterly results on Wednesday  confirming it pays to have a solid lineup of cable networks -- at least while advertisers keep spending.,normal
TOWR,Tower International Inc,20111103,UPDATE 1-Tower International Q3 loss narrows ,Nov 3 Tower International Inc reported a narrower third-quarter loss  helped by higher international sales  and the auto supplier said it is confident about near-term prospects.,topStory
RIG,Transocean Ltd,20111103,WRAPUP 1-Fleet age a key factor in rising Transocean costs ,Nov 3 The early move by Transocean Ltd  into deepwater drilling is now translating into relatively higher costs for the industry leader as its rigs need to meet tougher regulatory standards for equipment.,topStory
TKC,Turkcell Iletisim Hizmetleri AS,20111103,UPDATE 1-Turkcell beats forecasts in Q3  eyes general meeting ,* Q3 net of 537 million lira sharply above 410 million forecast,topStory
UL,Unilever PLC,20111103,Unilever Q3 driven by pricing  warns on margins ,LONDON Consumer goods giant Unilever Plc/NV   raised its prices sharply and saw strong growth in emerging markets to beat forecasts on Thursday with a 7.8 percent rise in third-quarter sales while forecasting flat to lower margins for 2011.,topStory
UL,Unilever PLC,20111103,RPT-UPDATE 1-Unilever Q3 driven by pricing  warns on margins ,LONDON  Nov 3 Consumer goods giant Unilever Plc/NV raised its prices sharply and saw strong growth in emerging markets to beat forecasts on Thursday with a 7.8 percent rise in third-quarter sales while forecasting flat to lower margins for 2011.,normal
VRX,Valeant Pharmaceuticals International Inc,20111103,UPDATE 2-Valeant stock spikes on buyback  earnings ,Nov 3 Shares of Valeant Pharmaceuticals rose as much as 17 percent on Thursday after it said it would buy back up to $1.5 billion of its stock or debt  and that it returned to profit on a surge in revenue.,topStory
VRX,Valeant Pharmaceuticals International Inc,20111103,UPDATE 1-Valeant returns to profit as revenue surges ,Nov 3 Valeant Pharmaceuticals reported a third-quarter profit on Thursday after a loss a year earlier when restructuring charges and other costs hurt the drugmaker's results.,normal
VR,Validus Holdings Ltd,20111103,UPDATE 3-Transatlantic has higher Validus offer under review ,Nov 3 Reinsurer Transatlantic Holdings  is looking at an increased takeover offer from Validus Holdings    but advised shareholders to sit tight for now  adding it was in talks with other parties.,topStory
VR,Validus Holdings Ltd,20111103,Spurned by Transatlantic  Validus seeks board changes ,Bermuda-based reinsurer Validus Holdings  said it was looking to replace the board of Transatlantic Holdings   which had failed to accept a sweetened takeover offer worth around $55.35 per share.,normal
VR,Validus Holdings Ltd,20111103,TIMELINE-Bidding race for reinsurer Transatlantic ,Nov 3 Bermuda-based reinsurer Transatlantic Holdings   once controlled by American International Group Inc   has called off a merger with one partner  claimed another bid was too low  and failed to go for a third offer -- from another reinsurer  Validus Holdings Ltd .,normal
V,Visa Inc,20111103,Visa  Mastercard execs say debit card use to grow ,LAS VEGAS  Nov 2 Debit and ATM executives for MasterCard Inc and Visa Inc said on Wednesday they expect debit card use to grow  despite new U.S. government rules that cap fees banks can charge merchants.,topStory
WFC,Wells Fargo & Company,20111103,UPDATE 1-Wells Fargo CFO "optimistic" on dividend increase ,Nov 3 Wells Fargo & Co will look to increase its dividend and buy more back shares as part of the capital plan it submits to the Federal Reserve next year  Chief Financial Officer Tim Sloan said.,topStory
WFC,Wells Fargo & Company,20111103,Wells Fargo CFO "optimistic" on dividend increase ,Nov 3 Wells Fargo & Co will look to increase its dividend and continue to buy back shares as part of the capital plan it submits to the Federal Reserve next year  Chief Financial Officer Tim Sloan said.,normal
WFC,Wells Fargo & Company,20111103,DIARY-U.S. MEETINGS/WEEK AHEAD ,THOMSON REUTERS  November 3  2011 - Corporate Meetings for US companies for Week ahead.	         S&P 500 Earnings - Weekly           S&P 500 Earnings - Day Ahead   	     Non S&P 500 - Weekly               Non S&P 500 - Day Ahead        	     ConferenceCall/Webcast - Weekly    ConferenceCall/Webcast - Day   	     S&P 500 Earnings - Monthly           Meetings - Day Ahead           	     Economic Indicators                  Dividends                      	     Daily earnings hits & misses    	     ,normal
AUY,Yamana Gold Inc,20111103,WRAPUP 2-Kinross  Yamana lifted by surge in gold price ,TORONTO  Nov 2 Canadian gold miners Kinross Gold and Yamana Gold reported sharp increases in operating profits on Wednesday  as results were boosted by increased output and a surge in the price of bullion.,topStory
