AAPL,Apple Inc,20111017,Siri's popularity causes iPhone connection problems ,NEW YORK (TheWrap.com) - Siri  the voice-activated personal assistant that comes with the new iPhone 4S  is drawing rave reviews as consumers take to Twitter and the blogosphere to express their delight.,topStory
AAPL,Apple Inc,20111017,Apple sells 4 million iPhones in 3 days ,Apple Inc said on Monday it sold 4 million iPhone 4S in the new smartphone's first three days on the market  setting up a strong December quarter for the world's largest technology company.,normal
AAPL,Apple Inc,20111017,UPDATE 2-Apple sells 4 million iPhones in 3 days ,Oct 17 Apple Inc said on Monday it sold 4 million iPhone 4S in the new smartphone's first three days on the market  setting up a strong December quarter for the world's largest technology company.,normal
AAPL,Apple Inc,20111017,HTC loses early U.S. decision vs Apple ,Taiwan's HTC Corp lost a patent infringement complaint filed against Apple Inc in a preliminary decision at the U.S. International Trade Commission on Monday.,normal
AAPL,Apple Inc,20111017,UPDATE 1-HTC loses early decision vs Apple at U.S. ITC ,Oct 17 Taiwan's HTC Corp lost a patent infringement complaint filed against Apple Inc  in a preliminary decision at the U.S. International Trade Commission on Monday.,normal
AAPL,Apple Inc,20111017,Samsung expands sales ban requests against Apple ,SEOUL Samsung Electronics Co Ltd said on Monday that it had filed for sales bans on Apple Inc's iPhone 4S in Australia and Japan  escalating a legal battle with its archrival and biggest client.,normal
AAPL,Apple Inc,20111017,HTC loses preliminary decision vs Apple at ITC ,WASHINGTON  Oct 17 Taiwan's HTC Corp  lost a patent infringement complaint filed against Apple Inc in a preliminary decision at the International Trade Commission on Monday.,normal
AAPL,Apple Inc,20111017,Apple sells 4 mln iPhone 4S in 3 days ,Apple Inc  said on Monday it sold 4 million iPhone 4S in the three days since it went on sale October 14.,normal
AAPL,Apple Inc,20111017,Silicon Valley  celebs pay tribute to Steve Jobs ,STANFORD  California Silicon Valley luminaries  politicians and celebrities were among the several hundred people at a private memorial service for late Apple Inc co-founder and tech visionary Steve Jobs on Sunday.,normal
AAPL,Apple Inc,20111017,Silicon Valley  celebrities pay tribute to Steve Jobs ,STANFORD  Calif.  Oct 16 Silicon Valley luminaries  politicians and celebrities were among the several hundred people at a private memorial service for late Apple Inc co-founder and tech visionary Steve Jobs on Sunday.,normal
TAPR,Barclays Inverse US Treasury Composite ETN,20111017,Fannie Mae to sell new 5-year notes-IFR ,Oct 17 Fannie Mae plans to sell new five-year benchmark notes  said IFR on Monday.,topStory
TAPR,Barclays Inverse US Treasury Composite ETN,20111017,Abu Dhabi's IPIC to meet bond investors in Europe  U.S. ,DUBAI  Oct 17 Abu Dhabi's International Petroleum Investment Co (IPIC) has picked banks to arrange fixed income investor meetings in Europe and the United States  starting Oct. 19  a mandate announcement said on Monday.,normal
TAPR,Barclays Inverse US Treasury Composite ETN,20111017,Spanish stocks - Factors to watch on Monday ,Oct 17 The following Spanish stocks may be affected by newspaper reports and other factors on Monday. Reuters has not verified the newspaper reports  and cannot vouch for their accuracy:,normal
DLBL,Barclays PLC,20111017,Fannie Mae to sell new 5-year notes-IFR ,Oct 17 Fannie Mae plans to sell new five-year benchmark notes  said IFR on Monday.,topStory
DLBL,Barclays PLC,20111017,Abu Dhabi's IPIC to meet bond investors in Europe  U.S. ,DUBAI  Oct 17 Abu Dhabi's International Petroleum Investment Co (IPIC) has picked banks to arrange fixed income investor meetings in Europe and the United States  starting Oct. 19  a mandate announcement said on Monday.,normal
DLBL,Barclays PLC,20111017,Spanish stocks - Factors to watch on Monday ,Oct 17 The following Spanish stocks may be affected by newspaper reports and other factors on Monday. Reuters has not verified the newspaper reports  and cannot vouch for their accuracy:,normal
DTYL,Barclays PLC,20111017,Fannie Mae to sell new 5-year notes-IFR ,Oct 17 Fannie Mae plans to sell new five-year benchmark notes  said IFR on Monday.,topStory
DTYL,Barclays PLC,20111017,Abu Dhabi's IPIC to meet bond investors in Europe  U.S. ,DUBAI  Oct 17 Abu Dhabi's International Petroleum Investment Co (IPIC) has picked banks to arrange fixed income investor meetings in Europe and the United States  starting Oct. 19  a mandate announcement said on Monday.,normal
DTYL,Barclays PLC,20111017,Spanish stocks - Factors to watch on Monday ,Oct 17 The following Spanish stocks may be affected by newspaper reports and other factors on Monday. Reuters has not verified the newspaper reports  and cannot vouch for their accuracy:,normal
CSIQ,Canadian Solar Inc,20111017,UPDATE 2-Weak prices to hit Canadian Solar margin ,Oct 17 Canadian Solar Inc cut its third-quarter gross margin forecast due to weak average selling prices (ASPs)  but the solar panel maker kept its shipments outlook  saying strength in customer demand returned at the end of the quarter.,topStory
CROX,Crocs Inc,20111017,Crocs cuts outlook on sales slowdown  shares dive ,Shoemaker Crocs Inc  lowered its outlook for the first time in three years as it faces softening sales at its stores  amid a weak economy in Europe and shaky consumer confidence in the United States.,topStory
CROX,Crocs Inc,20111017,UPDATE 3-Crocs cuts outlook on sales slowdown  shares dive ,Oct 17 Shoemaker Crocs Inc lowered its outlook for the first time in three years as it faces softening sales at its stores  amid a weak economy in Europe and shaky consumer confidence in the United States.,normal
EBAY,eBay Inc,20111017,EBay CEO lifts PayPal mobile payment forecast ,SAN FRANCISCO eBay Inc Chief Executive John Donahoe increased a key forecast for the company's PayPal payments business during an Internet industry conference on Monday.,topStory
EBAY,eBay Inc,20111017,PREVIEW-EBay's Marketplaces growth to dominate ,* Faster pace of growth at Marketplaces division expected,normal
EBAYL,eBay Inc,20111017,EBay CEO lifts PayPal mobile payment forecast ,SAN FRANCISCO eBay Inc Chief Executive John Donahoe increased a key forecast for the company's PayPal payments business during an Internet industry conference on Monday.,topStory
EBAYL,eBay Inc,20111017,PREVIEW-EBay's Marketplaces growth to dominate ,* Faster pace of growth at Marketplaces division expected,normal
ESLT,Elbit Systems Ltd,20111017,Elbit Systems wins $15 mln Asian intelligence deal ,TEL AVIV  Oct 17 Israeli defence electronics firm Elbit Systems said on Monday it won a $15 million contract to supply an Asian  government agency with an intelligence technology system.,topStory
ESRX,Express Scripts Holding Company,20111017,UPDATE 2-Walgreen tries to stay in Express Scripts' Tricare ,* Offers to contract with Express Scripts on Tricare alone,topStory
DTYS,iPath US Treasury 10-year Bear ETN,20111017,Fannie Mae to sell new 5-year notes-IFR ,Oct 17 Fannie Mae plans to sell new five-year benchmark notes  said IFR on Monday.,topStory
DTYS,iPath US Treasury 10-year Bear ETN,20111017,Abu Dhabi's IPIC to meet bond investors in Europe  U.S. ,DUBAI  Oct 17 Abu Dhabi's International Petroleum Investment Co (IPIC) has picked banks to arrange fixed income investor meetings in Europe and the United States  starting Oct. 19  a mandate announcement said on Monday.,normal
DTYS,iPath US Treasury 10-year Bear ETN,20111017,Spanish stocks - Factors to watch on Monday ,Oct 17 The following Spanish stocks may be affected by newspaper reports and other factors on Monday. Reuters has not verified the newspaper reports  and cannot vouch for their accuracy:,normal
DTUS,iPath US Treasury 2-year Bear ETN,20111017,Fannie Mae to sell new 5-year notes-IFR ,Oct 17 Fannie Mae plans to sell new five-year benchmark notes  said IFR on Monday.,topStory
DTUS,iPath US Treasury 2-year Bear ETN,20111017,Abu Dhabi's IPIC to meet bond investors in Europe  U.S. ,DUBAI  Oct 17 Abu Dhabi's International Petroleum Investment Co (IPIC) has picked banks to arrange fixed income investor meetings in Europe and the United States  starting Oct. 19  a mandate announcement said on Monday.,normal
DTUS,iPath US Treasury 2-year Bear ETN,20111017,Spanish stocks - Factors to watch on Monday ,Oct 17 The following Spanish stocks may be affected by newspaper reports and other factors on Monday. Reuters has not verified the newspaper reports  and cannot vouch for their accuracy:,normal
DTUL,iPath US Treasury 2-year Bull ETN,20111017,Fannie Mae to sell new 5-year notes-IFR ,Oct 17 Fannie Mae plans to sell new five-year benchmark notes  said IFR on Monday.,topStory
DTUL,iPath US Treasury 2-year Bull ETN,20111017,Abu Dhabi's IPIC to meet bond investors in Europe  U.S. ,DUBAI  Oct 17 Abu Dhabi's International Petroleum Investment Co (IPIC) has picked banks to arrange fixed income investor meetings in Europe and the United States  starting Oct. 19  a mandate announcement said on Monday.,normal
DTUL,iPath US Treasury 2-year Bull ETN,20111017,Spanish stocks - Factors to watch on Monday ,Oct 17 The following Spanish stocks may be affected by newspaper reports and other factors on Monday. Reuters has not verified the newspaper reports  and cannot vouch for their accuracy:,normal
DFVS,iPath US Treasury 5-year Bear ETN,20111017,Fannie Mae to sell new 5-year notes-IFR ,Oct 17 Fannie Mae plans to sell new five-year benchmark notes  said IFR on Monday.,topStory
DFVS,iPath US Treasury 5-year Bear ETN,20111017,Abu Dhabi's IPIC to meet bond investors in Europe  U.S. ,DUBAI  Oct 17 Abu Dhabi's International Petroleum Investment Co (IPIC) has picked banks to arrange fixed income investor meetings in Europe and the United States  starting Oct. 19  a mandate announcement said on Monday.,normal
DFVS,iPath US Treasury 5-year Bear ETN,20111017,Spanish stocks - Factors to watch on Monday ,Oct 17 The following Spanish stocks may be affected by newspaper reports and other factors on Monday. Reuters has not verified the newspaper reports  and cannot vouch for their accuracy:,normal
DFVL,iPath US Treasury 5-year Bull ETN,20111017,Fannie Mae to sell new 5-year notes-IFR ,Oct 17 Fannie Mae plans to sell new five-year benchmark notes  said IFR on Monday.,topStory
DFVL,iPath US Treasury 5-year Bull ETN,20111017,Abu Dhabi's IPIC to meet bond investors in Europe  U.S. ,DUBAI  Oct 17 Abu Dhabi's International Petroleum Investment Co (IPIC) has picked banks to arrange fixed income investor meetings in Europe and the United States  starting Oct. 19  a mandate announcement said on Monday.,normal
DFVL,iPath US Treasury 5-year Bull ETN,20111017,Spanish stocks - Factors to watch on Monday ,Oct 17 The following Spanish stocks may be affected by newspaper reports and other factors on Monday. Reuters has not verified the newspaper reports  and cannot vouch for their accuracy:,normal
FLAT,iPath US Treasury Flattener ETN,20111017,Fannie Mae to sell new 5-year notes-IFR ,Oct 17 Fannie Mae plans to sell new five-year benchmark notes  said IFR on Monday.,topStory
FLAT,iPath US Treasury Flattener ETN,20111017,Abu Dhabi's IPIC to meet bond investors in Europe  U.S. ,DUBAI  Oct 17 Abu Dhabi's International Petroleum Investment Co (IPIC) has picked banks to arrange fixed income investor meetings in Europe and the United States  starting Oct. 19  a mandate announcement said on Monday.,normal
FLAT,iPath US Treasury Flattener ETN,20111017,Spanish stocks - Factors to watch on Monday ,Oct 17 The following Spanish stocks may be affected by newspaper reports and other factors on Monday. Reuters has not verified the newspaper reports  and cannot vouch for their accuracy:,normal
DLBS,iPath US Treasury Long Bond Bear ETN,20111017,Fannie Mae to sell new 5-year notes-IFR ,Oct 17 Fannie Mae plans to sell new five-year benchmark notes  said IFR on Monday.,topStory
DLBS,iPath US Treasury Long Bond Bear ETN,20111017,Abu Dhabi's IPIC to meet bond investors in Europe  U.S. ,DUBAI  Oct 17 Abu Dhabi's International Petroleum Investment Co (IPIC) has picked banks to arrange fixed income investor meetings in Europe and the United States  starting Oct. 19  a mandate announcement said on Monday.,normal
DLBS,iPath US Treasury Long Bond Bear ETN,20111017,Spanish stocks - Factors to watch on Monday ,Oct 17 The following Spanish stocks may be affected by newspaper reports and other factors on Monday. Reuters has not verified the newspaper reports  and cannot vouch for their accuracy:,normal
STPP,iPath US Treasury Steepener ETN,20111017,Fannie Mae to sell new 5-year notes-IFR ,Oct 17 Fannie Mae plans to sell new five-year benchmark notes  said IFR on Monday.,topStory
STPP,iPath US Treasury Steepener ETN,20111017,Abu Dhabi's IPIC to meet bond investors in Europe  U.S. ,DUBAI  Oct 17 Abu Dhabi's International Petroleum Investment Co (IPIC) has picked banks to arrange fixed income investor meetings in Europe and the United States  starting Oct. 19  a mandate announcement said on Monday.,normal
STPP,iPath US Treasury Steepener ETN,20111017,Spanish stocks - Factors to watch on Monday ,Oct 17 The following Spanish stocks may be affected by newspaper reports and other factors on Monday. Reuters has not verified the newspaper reports  and cannot vouch for their accuracy:,normal
MAT,Mattel Inc,20111017,Mattel in talks to buy Thomas the Tank owner - WSJ ,Oct 17 Mattel Inc   the world's largest toy company  is in talks to buy Hit Entertainment  the British owner of Thomas the Tank Engine  for a little over 500 million pounds ($788.9 million)  the Wall Street Journal said  citing people familiar with the matter.,topStory
MORN,Morningstar Inc,20111017,PREVIEW-Choppy markets to hold back Q3 asset-manager profits ,Oct 17 Fallen stock indexes are expected to weigh on the third-quarter earnings of big U.S. asset managers  showing how market turmoil can affect a broad swath of financial companies.,topStory
NWS,News Corporation,20111017,Exclusive: Memo to Fox Business staff - don't copy Fox News ,NEW YORK Here's a novel idea: Fox Business Network should focus on covering business news.,topStory
NWS,News Corporation,20111017,Murdoch's Sky closer to Australia TV tender win: report ,CANBERRA A consortium bidding for an Australian government contract to broadcast local television into Asia  and including Rupert Murdoch's part-owned Sky News  has moved closer to winning with officials backing the bid  a report said Monday.,normal
NWS,News Corporation,20111017,Murdoch's Sky closer to Australia TV tender win-report ,CANBERRA  Oct 17 A consortium bidding for an Australian government contract to broadcast local television into Asia  and including Rupert Murdoch's part-owned Sky News  has moved closer to winning with officials backing the bid  a report said Monday.,normal
NWSA,News Corporation,20111017,Exclusive: Memo to Fox Business staff - don't copy Fox News ,NEW YORK Here's a novel idea: Fox Business Network should focus on covering business news.,topStory
NWSA,News Corporation,20111017,Murdoch's Sky closer to Australia TV tender win: report ,CANBERRA A consortium bidding for an Australian government contract to broadcast local television into Asia  and including Rupert Murdoch's part-owned Sky News  has moved closer to winning with officials backing the bid  a report said Monday.,normal
NWSA,News Corporation,20111017,Murdoch's Sky closer to Australia TV tender win-report ,CANBERRA  Oct 17 A consortium bidding for an Australian government contract to broadcast local television into Asia  and including Rupert Murdoch's part-owned Sky News  has moved closer to winning with officials backing the bid  a report said Monday.,normal
STLD,Steel Dynamics Inc,20111017,UPDATE 2-Steel Dynamics Q3 profit jumps; sees tough Q4 ,Oct 17 Steel Dynamics posted a quarterly profit that more than doubled on higher shipments and increased external steel selling price but the fifth-largest U.S. steelmaker said it expects a challenging fourth quarter.,topStory
STLD,Steel Dynamics Inc,20111017,CORRECTED-UPDATE 1-Steel Dynamics Q3 profit more than doubles ,Oct 17 Steel Dynamics posted quarterly profit which more than doubled on higher shipments and increased external steel selling price.,normal
SYNT,Syntel Inc,20111017,UPDATE 1-Syntel cuts FY profit view  takes charge in Q3 ,* Narrows rev outlook to $635-$640 mln vs est $634.76 mln,topStory
AMTD,TD Ameritrade Holding Corporation,20111017,RPT-PREVIEW-Online brokerage profits get fleeting boost ,* Short-term outlook seen weak  long-term outlook improves,topStory
VVUS,VIVUS Inc,20111017,UPDATE 1-Vivus resubmits diet drug application to FDA ,Oct 17 Vivus Inc said it resubmitted the approval application for its obesity pill Qnexa to U.S. health regulators.,topStory
AMOV,America Movil SAB de CV,20111017,UPDATE 3-Mexican tycoon Slim sets sights on digital content ,* Already biggest provider of cell phone  pay-TV services,topStory
AMOV,America Movil SAB de CV,20111017,Mexico's America Movil says buys DLA Inc ,MEXICO CITY  Oct 17 Mexican billionaire Carlos Slim's America Movil   one of the world's biggest telecommunications firms  on Monday said in a statement it had bought 100 percent of DLA Inc. from Claxson Interactive Group.,normal
AMX,America Movil SAB de CV,20111017,UPDATE 3-Mexican tycoon Slim sets sights on digital content ,* Already biggest provider of cell phone  pay-TV services,topStory
AMX,America Movil SAB de CV,20111017,Mexico's America Movil says buys DLA Inc ,MEXICO CITY  Oct 17 Mexican billionaire Carlos Slim's America Movil   one of the world's biggest telecommunications firms  on Monday said in a statement it had bought 100 percent of DLA Inc. from Claxson Interactive Group.,normal
AXP,American Express Company,20111017,TABLE-Delinquencies continue to fall at most major US card cos ,Oct 17 Credit card charge-offs and delinquency rates continued their decline at most major U.S. lenders in September  signalling American consumers have been able to keep up with their bill payments.	     However  Capital One showed a slight decline in credit quality.	                                          	                                      Net charge-off rate         Delinquency rate 	                                       Sept 2011     Aug 2011     Sept 2011    Aug 2011 	  B,topStory
AXP,American Express Company,20111017,Americans not spooked by the economy for Halloween ,NEW YORK A stalled economy hasn't spooked Americans out of enjoying Halloween. Nearly three-quarters of U.S. consumers plan to celebrate  but will spend less this year on costumes and candy.,normal
APU,AmeriGas Partners LP,20111017,AmeriGas snaps up Energy Transfer's propane business ,AmeriGas Partners L.P.  will buy Energy Transfer Partners L.P.'s  propane business for $2.8 billion  helping the largest U.S. propane retailer nearly double its customers and cash in on a price increase for the heating fuel.,topStory
APU,AmeriGas Partners LP,20111017,UPDATE 4-AmeriGas snaps up Energy Transfer's propane business for $2.8 bln ,* AmeriGas to pay $1.5 bln in cash  about $1.3 bln in common units,normal
AME,AMTEK Inc,20111017,UPDATE 1-Ametek buys Reichert Tech for $150 mln ,Oct 17 Diversified manufacturer Ametek Inc  said it bought privately-held eye-care instruments maker Reichert Technologies  for about $150 million  to expand in the medical market.,topStory
AEUA,Anadarko Petroleum Corporation,20111017,BP gets $4 billion from Anadarko for oil spill costs ,LONDON Anadarko Petroleum Corp will pay BP Plc $4 billion toward clean-up and victim compensation for the Gulf of Mexico oil spill. The amount is less than BP might have won in court  but it softens the blow of overall spill-related costs to the British group.,topStory
AEUA,Anadarko Petroleum Corporation,20111017,UPDATE 6-BP gets $4 bln from Anadarko for oil spill costs ,* Anadarko won't pursue gross negligence allegations vs BP,normal
AEUA,Anadarko Petroleum Corporation,20111017,Anadarko no longer moving rig to Brazil-Transocean ,Oct 17 An ultra-deepwater rig leased by Anadarko Petroleum Corp is no longer heading to Brazil  according to rig owner Transocean Ltd  .,normal
AEUA,Anadarko Petroleum Corporation,20111017,UPDATE 1-Ensco inks Gulf of Mexico rig contract ,Oct 17 Noble Energy Inc   Anadarko Petroleum Corp and an Apache Corp unit will use one of drilling contractor Ensco Plc's ultra-deepwater semisubmersible drilling rigs in the Gulf of Mexico.,normal
AEUA,Anadarko Petroleum Corporation,20111017,BP-Anadarko settlement a win-win: Dudley ,MOSCOW BP's $4 billion settlement from partner Anadarko Petroleum over clean-up costs for the Gulf of Mexico disaster is favorable to both parties  its chief executive said.,normal
AEUA,Anadarko Petroleum Corporation,20111017,UPDATE 1-BP-Anadarko settlement a win-win -- Dudley ,MOSCOW  Oct 17 BP's $4 billion settlement from partner Anadarko Petroleum over clean-up costs for the Gulf of Mexico disaster is favourable to both parties  its chief executive said.,normal
AEUA,Anadarko Petroleum Corporation,20111017,BP-Anadarko settlement a win-win -- Dudley ,MOSCOW  Oct 17 BP's acceptance of a $4 billion settlement from partner Anadarko Petroleum over cleanup costs for the Gulf of Mexico disaster is favourable to both parties  Chief Executive Bob Dudley said on Monday.,normal
AEUA,Anadarko Petroleum Corporation,20111017,UPDATE 1-BP and Anadarko agree $4 bln oil spill settlement ,* Anadarko will not pursue gross negligence allegations vs BP,normal
APC,Anadarko Petroleum Corporation,20111017,BP gets $4 billion from Anadarko for oil spill costs ,LONDON Anadarko Petroleum Corp will pay BP Plc $4 billion toward clean-up and victim compensation for the Gulf of Mexico oil spill. The amount is less than BP might have won in court  but it softens the blow of overall spill-related costs to the British group.,topStory
APC,Anadarko Petroleum Corporation,20111017,UPDATE 6-BP gets $4 bln from Anadarko for oil spill costs ,* Anadarko won't pursue gross negligence allegations vs BP,normal
APC,Anadarko Petroleum Corporation,20111017,Anadarko no longer moving rig to Brazil-Transocean ,Oct 17 An ultra-deepwater rig leased by Anadarko Petroleum Corp is no longer heading to Brazil  according to rig owner Transocean Ltd  .,normal
APC,Anadarko Petroleum Corporation,20111017,UPDATE 1-Ensco inks Gulf of Mexico rig contract ,Oct 17 Noble Energy Inc   Anadarko Petroleum Corp and an Apache Corp unit will use one of drilling contractor Ensco Plc's ultra-deepwater semisubmersible drilling rigs in the Gulf of Mexico.,normal
APC,Anadarko Petroleum Corporation,20111017,BP-Anadarko settlement a win-win: Dudley ,MOSCOW BP's $4 billion settlement from partner Anadarko Petroleum over clean-up costs for the Gulf of Mexico disaster is favorable to both parties  its chief executive said.,normal
APC,Anadarko Petroleum Corporation,20111017,UPDATE 1-BP-Anadarko settlement a win-win -- Dudley ,MOSCOW  Oct 17 BP's $4 billion settlement from partner Anadarko Petroleum over clean-up costs for the Gulf of Mexico disaster is favourable to both parties  its chief executive said.,normal
APC,Anadarko Petroleum Corporation,20111017,BP-Anadarko settlement a win-win -- Dudley ,MOSCOW  Oct 17 BP's acceptance of a $4 billion settlement from partner Anadarko Petroleum over cleanup costs for the Gulf of Mexico disaster is favourable to both parties  Chief Executive Bob Dudley said on Monday.,normal
APC,Anadarko Petroleum Corporation,20111017,UPDATE 1-BP and Anadarko agree $4 bln oil spill settlement ,* Anadarko will not pursue gross negligence allegations vs BP,normal
APA,Apache Corporation,20111017,UPDATE 1-Ensco inks Gulf of Mexico rig contract ,Oct 17 Noble Energy Inc   Anadarko Petroleum Corp and an Apache Corp unit will use one of drilling contractor Ensco Plc's ultra-deepwater semisubmersible drilling rigs in the Gulf of Mexico.,topStory
BAC,Bank of America Corporation,20111017,Bank of America selling NYC building stake: report ,Bank of America Corp is selling its 49 percent stake in 4 World Financial Center in Manhattan to Brookfield Office Properties Inc.  Bloomberg News reported Monday  citing a person with knowledge of the situation.,topStory
BAC,Bank of America Corporation,20111017,Bank of America selling NYC building stake- report ,Oct 17 Bank of America Corp is selling its 49 percent stake in 4 World Financial Center in Manhattan to Brookfield Office Properties Inc.  Bloomberg News reported Monday  citing a person with knowledge of the situation.,normal
BAC,Bank of America Corporation,20111017,TABLE-Delinquencies continue to fall at most major US card cos ,Oct 17 Credit card charge-offs and delinquency rates continued their decline at most major U.S. lenders in September  signalling American consumers have been able to keep up with their bill payments.	     However  Capital One showed a slight decline in credit quality.	                                          	                                      Net charge-off rate         Delinquency rate 	                                       Sept 2011     Aug 2011     Sept 2011    Aug 2011 	  B,normal
BNS,Bank of Nova Scotia (The),20111017,Scotiabank CEO concerned about Basel implementaion ,TORONTO  Oct 17 Bank of Nova Scotia  Chief Executive Rick Waugh says he welcomes tighter bank regulations  but harbors concerns about whether new Basel III rules will be applied evenly.,topStory
BCS,Barclays PLC,20111017,Fannie Mae to sell new 5-year notes-IFR ,Oct 17 Fannie Mae plans to sell new five-year benchmark notes  said IFR on Monday.,topStory
BCS,Barclays PLC,20111017,Abu Dhabi's IPIC to meet bond investors in Europe  U.S. ,DUBAI  Oct 17 Abu Dhabi's International Petroleum Investment Co (IPIC) has picked banks to arrange fixed income investor meetings in Europe and the United States  starting Oct. 19  a mandate announcement said on Monday.,normal
BCS,Barclays PLC,20111017,Spanish stocks - Factors to watch on Monday ,Oct 17 The following Spanish stocks may be affected by newspaper reports and other factors on Monday. Reuters has not verified the newspaper reports  and cannot vouch for their accuracy:,normal
BA,Boeing Company (The),20111017,UPDATE 1-China Eastern cancels order for 24 Dreamliner 787s ,Oct 17 China Eastern Airlines said it has terminated an order for 24 Boeing Co 787 Dreamliner planes due to delivery delays and will instead spend $3.3 billion to purchase 45 new Boeing 737 aircraft.,topStory
BA,Boeing Company (The),20111017,China Eastern announces multi-bln dollar Airbus  Boeing deals ,HONG KONG  Oct 17 China Eastern Airlines Corp   said on Monday it has terminated an order for Boeing Dreamliner planes due to delivery delays and will instead spend $3.3 billion to purchase 45 new 737 NG aircraft.,normal
BP,BP plc,20111017,BP gets $4 billion from Anadarko for oil spill costs ,LONDON Anadarko Petroleum Corp will pay BP Plc $4 billion toward clean-up and victim compensation for the Gulf of Mexico oil spill. The amount is less than BP might have won in court  but it softens the blow of overall spill-related costs to the British group.,topStory
BP,BP plc,20111017,UPDATE 6-BP gets $4 bln from Anadarko for oil spill costs ,* Anadarko won't pursue gross negligence allegations vs BP,normal
BP,BP plc,20111017,European shares off highs as Schaeuble tempers hopes ,LONDON  Oct 17 European shares were off earlier session highs on Monday after German Finance Minister Wolfgang Schaeuble played down hopes of a definitive solution to the euro zone debt crisis at the coming EU summit.,normal
BP,BP plc,20111017,BP committed to TNK-BP as Russia vehicle -- CEO ,MOSCOW  Oct 17 Russia's third-largest crude producer TNK-BP will remain BP's principal investment vehicle in Russia  BPChief Executive Officer Bob Dudley said on Monday.,normal
BP,BP plc,20111017,BP-Anadarko settlement a win-win: Dudley ,MOSCOW BP's $4 billion settlement from partner Anadarko Petroleum over clean-up costs for the Gulf of Mexico disaster is favorable to both parties  its chief executive said.,normal
BP,BP plc,20111017,UPDATE 1-BP-Anadarko settlement a win-win -- Dudley ,MOSCOW  Oct 17 BP's $4 billion settlement from partner Anadarko Petroleum over clean-up costs for the Gulf of Mexico disaster is favourable to both parties  its chief executive said.,normal
BP,BP plc,20111017,BP-Anadarko settlement a win-win -- Dudley ,MOSCOW  Oct 17 BP's acceptance of a $4 billion settlement from partner Anadarko Petroleum over cleanup costs for the Gulf of Mexico disaster is favourable to both parties  Chief Executive Bob Dudley said on Monday.,normal
BP,BP plc,20111017,Financials  commodities boost FTSE on Europe debt hopes ,* Financial rise with Aviva up as Europe debt concerns ease,normal
BP,BP plc,20111017,FTSE rises as EU ministers promise decisive action ,LONDON  Oct 17 Financial and commodity stocks led Britain's FTSE 100 higher on Monday  as European politicians lifted investor sentiment by saying that cohesive action would be taken imminently to address the euro zone debt crisis.,normal
BP,BP plc,20111017,UPDATE 1-BP and Anadarko agree $4 bln oil spill settlement ,* Anadarko will not pursue gross negligence allegations vs BP,normal
BVN,Buenaventura Mining Company Inc,20111017,Exclusive: Newmont suspends work at Peru gold mine ,LIMA Newmont Mining  halted work at its giant Yanacocha gold mine on Monday after protesters blocked an access road and torched eight pieces of earth-moving equipment  prompting the company to ask Peru's government to intervene.,topStory
COF,Capital One Financial Corporation,20111017,TABLE-Delinquencies continue to fall at most major US card cos ,Oct 17 Credit card charge-offs and delinquency rates continued their decline at most major U.S. lenders in September  signalling American consumers have been able to keep up with their bill payments.	     However  Capital One showed a slight decline in credit quality.	                                          	                                      Net charge-off rate         Delinquency rate 	                                       Sept 2011     Aug 2011     Sept 2011    Aug 2011 	  B,topStory
CBS,CBS Corporation,20111017,NBC scores TV ratings win with football ,LOS ANGELES (TheWrap.com) - Football programing continued its ratings reign and pushed NBC to an overall win Sunday night  while CBS' "60 Minutes" plummeted 41 percent  according to preliminary numbers.,topStory
CVX,Chevron Corporation,20111017,Daewoo Shipbuilding says wins $1.95 billion orders ,SEOUL Daewoo Shipbuilding & Marine Engineering  said on Monday that it had secured a combined $1.95 billion worth of deals.,topStory
CEA,China Eastern Airlines Corporation Ltd,20111017,UPDATE 1-China Eastern cancels order for 24 Dreamliner 787s ,Oct 17 China Eastern Airlines said it has terminated an order for 24 Boeing Co 787 Dreamliner planes due to delivery delays and will instead spend $3.3 billion to purchase 45 new Boeing 737 aircraft.,topStory
CEA,China Eastern Airlines Corporation Ltd,20111017,China Eastern announces multi-bln dollar Airbus  Boeing deals ,HONG KONG  Oct 17 China Eastern Airlines Corp   said on Monday it has terminated an order for Boeing Dreamliner planes due to delivery delays and will instead spend $3.3 billion to purchase 45 new 737 NG aircraft.,normal
SNP,China Petroleum & Chemical Corporation,20111017,UPDATE 1-China plans 2nd shale gas tender in Q4 - officials ,BEIJING  Oct 17 China will hold its second shale gas auction in the fourth quarter  aiming for participation from a wider group of Chinese companies  two government officials said on Monday  largely in line with an earlier plan.,topStory
SNP,China Petroleum & Chemical Corporation,20111017,China plans 2nd shale gas tender in Q4 -officials ,BEIJING  Oct 17 China will issue its second shale gas auction in the fourth quarter and aims for participation by a wider group of Chinese companies  two government officials said on Monday.,normal
ZNH,China Southern Airlines Company Limited,20111017,China raps EU carbon law as it takes 1st superjumbo ,TOULOUSE  France China's largest airline by fleet size kept up pressure on the European Union over carbon trading rules as it took delivery of the country's first European A380 superjumbo on Friday.,topStory
C,Citigroup Inc,20111017,Citi posts higher earnings but warns on growth ,Citigroup Inc reported higher quarterly earnings  helped by an accounting gain  but warned that developed markets could face weak growth for years  and the bank's shares fell. | Video ,topStory
C,Citigroup Inc,20111017,TEXT: S&PCORRECT: Rtgs On Citigroup Unaffected By Good Q3 Results ,NEW YORK (Standard & Poor's) Oct. 17  2011--Standard & Poor's Ratings Services said today that its ratings on holding company Citigroup Inc. (Citi; A/Negative/A-1) are not immediately affected by the company's good third-quarter results  given the challenging operating conditions.,normal
C,Citigroup Inc,20111017,U.S. bank accounting rule has big earnings impact ,(Reuters) -- A $1.9 billion accounting gain by Citigroup  more than half of the $3.8 billion net income it reported for the third-quarter  highlights a controversial accounting rule that analysts say is adding volatility to many large banks' reported earnings.,normal
C,Citigroup Inc,20111017,U.S. bank accounting rule has big earnings impact ,Oct 17 (Reuters) -- A $1.9 billion accounting gain by Citigroup   more than half of the $3.8 billion net income it reported for the third-quarter  highlights a controversial accounting rule that analysts say is adding volatility to many large banks' reported earnings.,normal
C,Citigroup Inc,20111017,UPDATE 7-Citi posts higher earnings but warns on growth ,Oct 17 Citigroup Inc reported higher quarterly earnings  helped by an accounting gain  but warned that developed markets could face weak growth for years  and the bank's shares fell.,normal
C,Citigroup Inc,20111017,On the Move: Wells Fargo recruits three advisers ,Oct 17 Wells Fargo Advisors LLC has hired three advisers in the Midwest who last year generated nearly $3 million in combined revenue  the firm said on Monday.,normal
C,Citigroup Inc,20111017,US STOCKS-Germany's caution on debt plan sinks Wall St ,NEW YORK  Oct 17 U.S. stocks suffered their worst loss in two weeks on Monday after comments from Germany's finance minister caused investors to fear Europe's solution to its debt crisis may not come fast enough.,normal
C,Citigroup Inc,20111017,US STOCKS-Lower open on tap after German finmin comments ,NEW YORK  Oct 17 Wall Street stocks were set for a lower open on Monday after the market's best two-week run since 2009 as Germany's finance minister said a forthcoming summit would not yield a definitive solution to Europe's debt crisis.,normal
C,Citigroup Inc,20111017,CORRECTED - UPDATE 2-Citigroup Q3 net rises  boosted by accounting gain ,Oct 17 Citigroup Inc reported higher third-quarter earnings on Monday as the bank set aside less money to cover bad loans and recorded an accounting gain banks can take in turbulent markets.,normal
C,Citigroup Inc,20111017,Instant view: Citigroup  Wells Fargo post results ,NEW YORK Citigroup Inc posted a rise in third quarter profits  as did Wells Fargo & Co.,normal
CR,Crane Company,20111017,Crane seals victory in McGladrey Classic playoff ,Ben Crane came from seven shots behind before clinching his fourth PGA Tour title with a stunning playoff victory over fellow American Webb Simpson for the McGladrey Classic at St Simons Island in Georgia on Sunday.,topStory
DB,Deutsche Bank AG,20111017,Fannie Mae to sell new 5-year notes-IFR ,Oct 17 Fannie Mae plans to sell new five-year benchmark notes  said IFR on Monday.,topStory
DB,Deutsche Bank AG,20111017,New Issue-EIB adds 500 mln NOK to 2016 bond ,Notes                   The issue size will total 1.8 billion,normal
ERJ,Embraer-Empresa Brasileira de Aeronautica,20111017,UPDATE 1-Embraer delivers 46 planes in Q3  holds 2011 goal ,* Planemaker delivers 28 E-jets  18 executive planes in Q3,topStory
ENB,Enbridge Inc,20111017,Regulator demands details on Enbridge line reversal ,CALGARY  Alberta  Oct 17 Canada's energy regulator has asked Enbridge Inc to explain whether a proposed pipeline reversal is part of a bigger plan to export crude  a concern expressed by environmental groups seeking a more thorough review of the project.,topStory
ETP,Energy Transfer Partners LP,20111017,AmeriGas snaps up Energy Transfer's propane business ,AmeriGas Partners L.P.  will buy Energy Transfer Partners L.P.'s  propane business for $2.8 billion  helping the largest U.S. propane retailer nearly double its customers and cash in on a price increase for the heating fuel.,topStory
ETP,Energy Transfer Partners LP,20111017,UPDATE 4-AmeriGas snaps up Energy Transfer's propane business for $2.8 bln ,* AmeriGas to pay $1.5 bln in cash  about $1.3 bln in common units,normal
ESV,ENSCO plc,20111017,UPDATE 1-Ensco inks Gulf of Mexico rig contract ,Oct 17 Noble Energy Inc   Anadarko Petroleum Corp and an Apache Corp unit will use one of drilling contractor Ensco Plc's ultra-deepwater semisubmersible drilling rigs in the Gulf of Mexico.,topStory
ETR,Entergy Corporation,20111017,UPDATE 1-NY can replace Indian Point nuclear power -groups ,NEW YORK  Oct 17 Two environmental groups said on Monday the giant Indian Point nuclear power plant in New York could be replaced with cleaner  safer energy sources.,topStory
ETR,Entergy Corporation,20111017,Enviro groups to point out NY Indian Pt nuke risks ,NEW YORK  Oct 17 Two environmental groups said they will reveal new information about the safety of the giant 2 065-megawatt Indian Point nuclear power plant in New York and discuss some options to replace the plant if it is shut.,normal
EPD,Enterprise Products Partners LP,20111017,UPDATE 1-Enterprise Products to sell Mississippi gas storage facilities ,* Says facilities have 29 billion cubic feet storage capacity,topStory
XOM,Exxon Mobil Corporation,20111017,Exxon says L.A. refinery ops normal after breakdown ,Oct 17 Exxon Mobil Corp's 149 500 barrel per day (bpd) Los Angeles-area refinery in Torrance  California  was operating normally on Monday following a Saturday breakdown  a company spokeswoman said.,topStory
FHN,First Horizon National Corporation,20111017,First Horizon sees weak margins  shares fall ,First Horizon National Corp  posted a quarterly profit that missed Wall Street estimates and the bank forecast several quarters of falling margins  sending its shares down 4 percent.,topStory
FHN,First Horizon National Corporation,20111017,UPDATE 3-First Horizon sees weak margins  shares fall ,Oct 17 First Horizon National Corp  posted a quarterly profit that missed Wall Street estimates and the bank forecast several quarters of falling margins  sending its shares down 4 percent.,normal
FE,FirstEnergy Corporation,20111017,UPDATE 1-FirstEnergy finds cracks at Ohio nuclear reactor ,NEW YORK  Oct 17 FirstEnergy has discovered small cracks in a concrete shield building at the Davis-Besse nuclear power plant in Ohio  which was shut for a reactor vessel head replacement  a spokesman for the Ohio-based energy company said Monday.,topStory
F,Ford Motor Company,20111017,Detroit contracts expose autoworkers' anger ,WAYNE  Michigan A bright red Ford Focus sits illuminated on a platform just outside the automaker's Wayne  Michigan  assembly plant  a proud symbol of the company's success in reinventing itself under Chief Executive Officer Alan Mulally.,topStory
F,Ford Motor Company,20111017,Detroit contracts expose auto workers' simmering anger ,WAYNE  Michigan A bright red Ford Focus sits illuminated on a platform just outside the automaker's Wayne  Michigan  assembly plant  a proud symbol of the company's success in reinventing itself under Alan Mulally.,normal
F,Ford Motor Company,20111017,Detroit contracts expose auto workers' simmering anger ,WAYNE  Mich.  Oct 17 A bright red Ford Focus sits illuminated on a platform just outside the automaker's Wayne  Michigan  assembly plant  a proud symbol of the company's success in reinventing itself under Alan Mulally.,normal
F,Ford Motor Company,20111017,UPDATE 3-Ford  UAW pact moves toward ratification ,DETROIT  Oct 16 The United Auto Workers' tentative contract with Ford Motor Co looked assured of ratification on Sunday night after receiving overwhelming support at two major union locals  UAW officials said.,normal
FCX,Freeport-McMoran Inc,20111017,UPDATE 3-Freeport Indonesia halts Grasberg copper  gold output ,JAKARTA  Oct 17 Freeport McMoRan Copper & Gold Inc halted production on Monday at its giant Grasberg mine in Indonesia because of security fears and worker blockades  in the worst supply disruption since a strike began a month ago.,topStory
GEK,General Electric Capital Corporation,20111017,U.S. not "trying that hard" on exports: GE's Immelt ,NEW YORK The United States is not trying hard enough as a nation to win business overseas  and that is contributing to its economic slump  said General Electric Co Chief Executive Jeff Immelt. | Video ,topStory
GEK,General Electric Capital Corporation,20111017,UPDATE 6-U.S. not 'trying that hard' on exports-GE's Immelt ,NEW YORK  Oct 17 The United States is not trying hard enough as a nation to win business overseas  and that is contributing to its economic slump  said General Electric Co Chief Executive Jeff Immelt.,normal
GEK,General Electric Capital Corporation,20111017,Next GE CEO could be non-U.S. citizen: Immelt ,NEW YORK The next chief executive of General Electric Co  the largest U.S. conglomerate  could be a non-U.S. national  CEO Jeffrey Immelt said on Monday. | Video ,normal
GEK,General Electric Capital Corporation,20111017,Next GE CEO could be non-U.S. citizen -Immelt ,NEW YORK  Oct 17 The next chief executive of General Electric Co   the largest U.S. conglomerate  could be a non-U.S. national  CEO Jeffrey Immelt said on Monday.,normal
GE,General Electric Company,20111017,U.S. not "trying that hard" on exports: GE's Immelt ,NEW YORK The United States is not trying hard enough as a nation to win business overseas  and that is contributing to its economic slump  said General Electric Co Chief Executive Jeff Immelt. | Video ,topStory
GE,General Electric Company,20111017,UPDATE 6-U.S. not 'trying that hard' on exports-GE's Immelt ,NEW YORK  Oct 17 The United States is not trying hard enough as a nation to win business overseas  and that is contributing to its economic slump  said General Electric Co Chief Executive Jeff Immelt.,normal
GE,General Electric Company,20111017,Next GE CEO could be non-U.S. citizen: Immelt ,NEW YORK The next chief executive of General Electric Co  the largest U.S. conglomerate  could be a non-U.S. national  CEO Jeffrey Immelt said on Monday. | Video ,normal
GE,General Electric Company,20111017,Next GE CEO could be non-U.S. citizen -Immelt ,NEW YORK  Oct 17 The next chief executive of General Electric Co   the largest U.S. conglomerate  could be a non-U.S. national  CEO Jeffrey Immelt said on Monday.,normal
GM,General Motors Company,20111017,Industrial output up  NY manufacturing contracts ,NEW YORK Industrial production rose in September and a gauge of manufacturing in New York State hinted at stabilization in October  suggesting the factory sector will keep supporting the economic recovery.,topStory
GM,General Motors Company,20111017,Detroit contracts expose autoworkers' anger ,WAYNE  Michigan A bright red Ford Focus sits illuminated on a platform just outside the automaker's Wayne  Michigan  assembly plant  a proud symbol of the company's success in reinventing itself under Chief Executive Officer Alan Mulally.,normal
GM,General Motors Company,20111017,Detroit contracts expose auto workers' simmering anger ,WAYNE  Michigan A bright red Ford Focus sits illuminated on a platform just outside the automaker's Wayne  Michigan  assembly plant  a proud symbol of the company's success in reinventing itself under Alan Mulally.,normal
GM,General Motors Company,20111017,Detroit contracts expose auto workers' simmering anger ,WAYNE  Mich.  Oct 17 A bright red Ford Focus sits illuminated on a platform just outside the automaker's Wayne  Michigan  assembly plant  a proud symbol of the company's success in reinventing itself under Alan Mulally.,normal
GS,Goldman Sachs Group Inc (The),20111017,UPDATE 1-Abu Dhabi's IPIC may issue new bonds after investor meetings ,* Goldman Sachs global coordinator  5 other banks picked for meetings,topStory
GS,Goldman Sachs Group Inc (The),20111017,Abu Dhabi's IPIC to meet bond investors in Europe  U.S. ,DUBAI  Oct 17 Abu Dhabi's International Petroleum Investment Co (IPIC) has picked banks to arrange fixed income investor meetings in Europe and the United States  starting Oct. 19  a mandate announcement said on Monday.,normal
HAL,Halliburton Company,20111017,Halliburton Q3 beats  modest tone weighs on shares ,Halliburton Co   the world's second-largest oilfield services company  posted a higher-than-expected profit  but its stock reversed Friday's gain due to the less exuberant outlook of its management.,topStory
HAL,Halliburton Company,20111017,UPDATE 4-Halliburton Q3 beats  modest tone weighs on shares ,Oct 17 Halliburton Co   the world's second-largest oilfield services company  posted a higher-than-expected profit  but its stock reversed Friday's gain due to the less exuberant outlook of its management.,normal
HAL,Halliburton Company,20111017,US STOCKS-Futures flat after market run-up; eyes on Europe ,NEW YORK  Oct 17 U.S. stock index futures were little changed on Monday after the market's best two-week run since 2009 as Germany's finance minister said a forthcoming European summit would not yield a definitive solution to the region's debt crisis as many investors had hoped.,normal
HSBC,HSBC Holdings plc,20111017,New Issue-EIB adds 500 mln NOK to 2016 bond ,Notes                   The issue size will total 1.8 billion,topStory
HSEA,HSBC Holdings plc,20111017,New Issue-EIB adds 500 mln NOK to 2016 bond ,Notes                   The issue size will total 1.8 billion,topStory
HSEB,HSBC Holdings plc,20111017,New Issue-EIB adds 500 mln NOK to 2016 bond ,Notes                   The issue size will total 1.8 billion,topStory
IBM,International Business Machines Corporation,20111017,IBM's Q3 disappoints  stock drops ,SAN FRANCISCO IBM's quarterly results failed to impress investors used to a stellar showing from Big Blue  dragging its stock down more than 3 percent.,topStory
IBM,International Business Machines Corporation,20111017,UPDATE 3-IBM's Q3 disappoints  stock drops ,* Stock dips after hours as economy worries weigh  (Adds comments  rivals' performances  VMWare results),normal
IBM,International Business Machines Corporation,20111017,Instant view: IBM's Q3 sales  signings lukewarm ,International Business Machines Corp posted quarterly revenue and total services signings in line with or marginally weaker than Wall Street had expected.,normal
ITG,Investment Technology Group Inc,20111017,UPDATE 1-ITG gives Q3 earnings outlook above Street ,Oct 17 Investment Technology Group  forecast third-quarter earnings above analysts' expectations  helped by higher trading volumes and cost reductions.,topStory
JPM,J P Morgan Chase & Co,20111017,U.S. bank accounting rule has big earnings impact ,(Reuters) -- A $1.9 billion accounting gain by Citigroup  more than half of the $3.8 billion net income it reported for the third-quarter  highlights a controversial accounting rule that analysts say is adding volatility to many large banks' reported earnings.,topStory
JPM,J P Morgan Chase & Co,20111017,U.S. bank accounting rule has big earnings impact ,Oct 17 (Reuters) -- A $1.9 billion accounting gain by Citigroup   more than half of the $3.8 billion net income it reported for the third-quarter  highlights a controversial accounting rule that analysts say is adding volatility to many large banks' reported earnings.,normal
JPM,J P Morgan Chase & Co,20111017,TABLE-Delinquencies continue to fall at most major US card cos ,Oct 17 Credit card charge-offs and delinquency rates continued their decline at most major U.S. lenders in September  signalling American consumers have been able to keep up with their bill payments.	     However  Capital One showed a slight decline in credit quality.	                                          	                                      Net charge-off rate         Delinquency rate 	                                       Sept 2011     Aug 2011     Sept 2011    Aug 2011 	  B,normal
JPM,J P Morgan Chase & Co,20111017,Fannie Mae to sell new 5-year notes-IFR ,Oct 17 Fannie Mae plans to sell new five-year benchmark notes  said IFR on Monday.,normal
JPM,J P Morgan Chase & Co,20111017,UPDATE 2-Shanda Interactive gets $2.33 bln offer from CEO ,Oct 17 Chinese Internet firm Shanda Interactive  said it received a cash buyout offer of about $2.33 billion from its chief executive and key shareholder Tianqiao Chen.,normal
JPM,J P Morgan Chase & Co,20111017,Abu Dhabi's IPIC to meet bond investors in Europe  U.S. ,DUBAI  Oct 17 Abu Dhabi's International Petroleum Investment Co (IPIC) has picked banks to arrange fixed income investor meetings in Europe and the United States  starting Oct. 19  a mandate announcement said on Monday.,normal
KMI,Kinder Morgan Inc,20111017,Regulators to scrutinize Kinder-El Paso deal ,Kinder Morgan Inc's  planned purchase of El Paso Corp  to create the largest U.S. natural gas pipeline network will receive a close look from U.S. regulators  who may require substantial pipeline divestitures.,topStory
KMI,Kinder Morgan Inc,20111017,UPDATE 3-US regulators to scrutinize Kinder-El Paso deal ,Oct 17 Kinder Morgan Inc's planned purchase of El Paso Corp to create the largest U.S. natural gas pipeline network will receive a close look from U.S. regulators  who may require substantial pipeline divestitures.,normal
KMI,Kinder Morgan Inc,20111017,Kinder Morgan to buy El Paso for $21 billion ,NEW YORK/HOUSTON Kinder Morgan Inc  struck a $21 billion deal to buy rival El Paso Corp   combining the two largest natural gas pipeline operators in North America in a huge bet on the fast-growing market for that fuel.,normal
KMI,Kinder Morgan Inc,20111017,El Paso option bets were seen before merger bid ,Some lucky players may have reaped a tidy windfall with El Paso's  bullish options after Kinder Morgan Inc  unveiled a $21 billion takeover bid.,normal
KMI,Kinder Morgan Inc,20111017,El Paso option bets were seen before merger bid ,* Bullish option combo traded in El Paso on Sept 26 -trader,normal
KMI,Kinder Morgan Inc,20111017,PRESS DIGEST - Wall Street Journal - Oct 17 ,Oct 17 The following were the top stories in The Wall Street Journal on Monday. Reuters has not verified these stories and does not vouch for their accuracy.,normal
KMI,Kinder Morgan Inc,20111017,UPDATE 5-Kinder Morgan to buy El Paso for $21 bln ,NEW YORK/HOUSTON  Oct 16 Kinder Morgan Inc  struck a $21 billion deal to buy rival El Paso Corp    combining the two largest natural gas pipeline operators in North America in a huge bet on the fast-growing market for that fuel.,normal
PHG,Koninklijke Philips NV,20111017,G4S to buy Denmark's ISS in $8.2 billion deal ,LONDON British security firm G4S Plc  will buy ISS  in a 5.2 billion pounds ($8.2 billion) deal pulled off by the Danish company's private equity owners after a failed IPO and against the backdrop of a slump in global takeover activity.,topStory
PHG,Koninklijke Philips NV,20111017,Philips TV deal at risk  plans 4 500 job cuts ,Philips Electronics has all but abandoned hope of selling its TV business by the end of the year  leaving a question mark over how quickly it can divest its loss-making problem child. | Video ,normal
PHG,Koninklijke Philips NV,20111017,UPDATE 4-Philips TV deal at risk  plans 4 500 job cuts ,Oct 17 Philips Electronics  has all but abandoned hope of selling its TV business by the end of the year  leaving a question mark over how quickly it can divest its loss-making problem child.,normal
PHG,Koninklijke Philips NV,20111017,CORRECTED-UPDATE 3-Philips TV deal at risk  plans 4 500 job cuts ,AMSTERDAM  Oct 17 Philips Electronics   has all but abandoned hope of selling its loss-making TV business by the end of the year and is considering its options should the deal collapse altogether.,normal
PHG,Koninklijke Philips NV,20111017,TPV says still in talks on Philips JV deal ,HONG KONG Hong Kong-listed television and computer monitor maker TPV Technology Ltd  said on Monday that it is still in talks to set up a joint venture to take over the television business of Koninklijke Philips Electronics NV .,normal
PHG,Koninklijke Philips NV,20111017,CORRECTED-TPV says still in talks on Philips JV deal ,HONG KONG  Oct 17 Hong Kong-listed television and computer monitor maker TPV Technology Ltd said on Monday that it is still in talks to set up a joint venture to take over the television business of Koninklijke Philips Electronics NV  .,normal
PHG,Koninklijke Philips NV,20111017,CORRECTED-UPDATE 2-Philips' TV deal at risk  plans 4 500 job cuts ,AMSTERDAM  Oct 17 Philips Electronics   said it was considering its options should the sale of its TV business collapse as it reported plummeting third-quarter profits and little hope of a material improvement in the near term.,normal
PHG,Koninklijke Philips NV,20111017,French and Benelux stocks-Factors to watch on Oct 17 ,PARIS  Oct 17 Below are company-related news and stories from French and Benelux media which could have an impact on the region's markets or individual stocks.,normal
LOW,Lowe&#39;s Companies Inc,20111017,Lowe's closes stores  lays off 1 950 workers ,Lowe's Cos Inc  is closing 20 of its U.S. locations and eliminating nearly 2 000 jobs  and the home improvement retailer is slashing its store-opening plans to improve profitability.,topStory
LOW,Lowe&#39;s Companies Inc,20111017,UPDATE 2-Lowe's closes stores  lays off 1 950 workers ,Oct 17 Lowe's Cos Inc is closing 20 of its U.S. locations and eliminating nearly 2 000 jobs  and the home improvement retailer is slashing its store-opening plans to improve profitability.,normal
MFC,Manulife Financial Corp,20111017,UPDATE 3-Canadian insurers sag on Sun Life's loss warning ,* Shares drop 9.2 percent; Manulife  Great-West also down,topStory
MCD,McDonald&#39;s Corporation,20111017,McDonald's Channel comes to California restaurants ,LOS ANGELES Welcome to McDonald's  would you like some TV with that?,topStory
MCO,Moody&#39;s Corporation,20111017,BRIEF-Moody's assigns Aa2.mx (sf) rating to Mexican RMBS CDVITOT 11U-02 Series B Certificates ,* Moody's assigns Aa2.mx (sf) rating to Mexican RMBS CDVITOT 11U-02 Series B Certificates,topStory
MCO,Moody&#39;s Corporation,20111017,Moody's warns France on possible negative outlook ,NEW YORK Moody's warned on Monday it may slap a negative outlook on France's Aaa credit rating in the next three months if the costs for helping to bail out banks and other euro zone members stretch its budget too much.,normal
MCO,Moody&#39;s Corporation,20111017,U.S. bank accounting rule has big earnings impact ,(Reuters) -- A $1.9 billion accounting gain by Citigroup  more than half of the $3.8 billion net income it reported for the third-quarter  highlights a controversial accounting rule that analysts say is adding volatility to many large banks' reported earnings.,normal
MCO,Moody&#39;s Corporation,20111017,U.S. bank accounting rule has big earnings impact ,Oct 17 (Reuters) -- A $1.9 billion accounting gain by Citigroup   more than half of the $3.8 billion net income it reported for the third-quarter  highlights a controversial accounting rule that analysts say is adding volatility to many large banks' reported earnings.,normal
MCO,Moody&#39;s Corporation,20111017,BRIEF-Moody's asgns rtgs to French RMBS nts issued by FCT Domos 2011-B ,* Moody's assigns definitive ratings to French RMBS notes issued by FCT Domos 2011-B,normal
MCO,Moody&#39;s Corporation,20111017,BRIEF-Moody's continues to review SIUD's rtngs for possible upgrade ,Oct 17 Shanghai Industrial Urban Development Group Ltd ("SIUD"  formerly Neo-China Land Group (Holdings) Ltd),normal
MS,Morgan Stanley,20111017,UPDATE 1-MUFG  M.Stanley Japan JV to cut up to 1 300 jobs -source ,* Cuts equal 1/5 of Mitsubishi UFJ Morgan Stanley work force,topStory
MS,Morgan Stanley,20111017,MUFG  M.Stanley Japan JV to cut up to 1 300 jobs -source ,TOKYO  Oct 17 A Japanese brokerage joint venture between Mitsubishi UFJ Financial Group and Morgan Stanley is planning to cut 1 200 to 1 300 jobs  or about 20 percent of the total workforce  a source familiar with the matter said on Monday.,normal
NEM,Newmont Mining Corporation,20111017,Exclusive: Newmont suspends work at Peru gold mine ,LIMA Newmont Mining  halted work at its giant Yanacocha gold mine on Monday after protesters blocked an access road and torched eight pieces of earth-moving equipment  prompting the company to ask Peru's government to intervene.,topStory
NBL,Noble Energy Inc,20111017,UPDATE 1-Ensco inks Gulf of Mexico rig contract ,Oct 17 Noble Energy Inc   Anadarko Petroleum Corp and an Apache Corp unit will use one of drilling contractor Ensco Plc's ultra-deepwater semisubmersible drilling rigs in the Gulf of Mexico.,topStory
PHI,PLDT Inc,20111017,Manila's PLDT in talks with regulator on spectrum ,MANILA  Oct 17 Philippine Long Distance Telephone Co (PLDT) said on Monday it was in talks with the state regulator on the possibility of giving up some of the frequencies it is using for mobile phone operations to help facilitate a takeover deal.,topStory
RJF,Raymond James Financial Inc,20111017,RPT-PREVIEW-Online brokerage profits get fleeting boost ,* Short-term outlook seen weak  long-term outlook improves,topStory
RTN,Raytheon Company,20111017,Pentagon review board cites flaw on Raytheon warhead ,WASHINGTON  Oct 17 An advanced guidance system on a Raytheon Co warhead failed during a December intercept test of the U.S. ground-based missile defense system because of a design flaw that could be detected only in outer space  the Pentagon's Missile Defense Agency said Monday.,topStory
RIO,Rio Tinto Plc,20111017,Global stocks  euro fall on German finmin comments ,NEW YORK U.S. and European stocks fell on Monday and the euro slipped  after Germany dashed hopes that the euro zone debt crisis would be resolved at next Sunday's summit of European leaders. | Video ,topStory
RIO,Rio Tinto Plc,20111017,Rio Tinto retreats from aluminum  $8 billion of assets on block ,MELBOURNE Global miner Rio Tinto  signaled a major retreat from its aluminum business on Monday  putting an estimated $8 billion worth of assets up for sale across six countries  only four years after buying aluminum giant Alcan for $38 billion. | Video ,normal
RIO,Rio Tinto Plc,20111017,UPDATE 5-Rio Tinto retreats from aluminium  $8 bln of assets on block ,MELBOURNE  Oct 17 Global miner Rio Tinto  signalled a major retreat from its aluminium business on Monday  putting an estimated $8 billion worth of assets up for sale across six countries  only four years after buying aluminium giant Alcan for $38 billion.,normal
SB,Safe Bulkers Inc,20111017,UPDATE 1-Safe Bulkers Q3 results beat Street  shares rise ,Oct 17 Drybulk shipper Safe Bulkers Inc  posted better-than-expected third quarter results  helped by higher number of operating days and fleet expansion.,topStory
SCCO,Southern Copper Corporation,20111017,CORRECTED - UPDATE 2-Grupo Mexico ordered to pay $1.26 bln damage award ,* Grupo Mexico ordered to pay for its role in Minera deal,topStory
SCCO,Southern Copper Corporation,20111017,Grupo Mexico ordered to pay $1.26 billion damage award ,Grupo Mexico  was ordered to pay $1.263 billion to Southern Copper Corp   which it controlled when Southern Copper overpaid for another Grupo Mexico company in 2004.,normal
SWJ,Stanley Black & Decker Inc,20111017,Stanley Black & Decker Q3 earnings beat; cuts organic ,Stanley Black & Decker Inc  posted a better-than-expected quarterly profit  but the toolmaker cut its full-year organic revenue growth outlook  citing a retraction in unit volumes within U.S. hand tools  and softness in Europe.,topStory
SWJ,Stanley Black & Decker Inc,20111017,UPDATE 1-Stanley Black & Decker Q3 earnings beat; cuts organic rev growth view ,Oct 17 Stanley Black & Decker Inc posted a better-than-expected quarterly profit  but the toolmaker cut its full-year organic revenue growth outlook  citing a retraction in unit volumes within U.S. hand tools  and softness in Europe.,normal
SWK,Stanley Black & Decker Inc,20111017,Stanley Black & Decker Q3 earnings beat; cuts organic ,Stanley Black & Decker Inc  posted a better-than-expected quarterly profit  but the toolmaker cut its full-year organic revenue growth outlook  citing a retraction in unit volumes within U.S. hand tools  and softness in Europe.,topStory
SWK,Stanley Black & Decker Inc,20111017,UPDATE 1-Stanley Black & Decker Q3 earnings beat; cuts organic rev growth view ,Oct 17 Stanley Black & Decker Inc posted a better-than-expected quarterly profit  but the toolmaker cut its full-year organic revenue growth outlook  citing a retraction in unit volumes within U.S. hand tools  and softness in Europe.,normal
SWP,Stanley Black & Decker Inc,20111017,Stanley Black & Decker Q3 earnings beat; cuts organic ,Stanley Black & Decker Inc  posted a better-than-expected quarterly profit  but the toolmaker cut its full-year organic revenue growth outlook  citing a retraction in unit volumes within U.S. hand tools  and softness in Europe.,topStory
SWP,Stanley Black & Decker Inc,20111017,UPDATE 1-Stanley Black & Decker Q3 earnings beat; cuts organic rev growth view ,Oct 17 Stanley Black & Decker Inc posted a better-than-expected quarterly profit  but the toolmaker cut its full-year organic revenue growth outlook  citing a retraction in unit volumes within U.S. hand tools  and softness in Europe.,normal
STT,State Street Corporation,20111017,UPDATE 1-Peltz wants changes at State Street  asset mgt spin-off ,Oct 16 Billionaire investor Nelson Peltz's Trian Group called for change at custody bank State Street Corp  and suggested the company should consider spinning off its investment management business in order to unlock value.,topStory
STO,Statoil ASA,20111017,Statoil pays $4.4 billion for Brigham ,OSLO Statoil  is paying $4.4 billion for Brigham Exploration  to boost its unconventional energy resources in the United States  one of its key growth areas.,topStory
STO,Statoil ASA,20111017,UPDATE 4-Statoil pays $4.4 billion for Brigham ,OSLO  Oct 17 Statoil is paying $4.4 billion for Brigham Exploration to boost its unconventional energy resources in the United States  one of its key growth areas.,normal
SF,Stifel Financial Corporation,20111017,RPT-PREVIEW-Online brokerage profits get fleeting boost ,* Short-term outlook seen weak  long-term outlook improves,topStory
SLF,Sun Life Financial Inc,20111017,CANADA STOCKS-TSX slips on Europe fears  Sun Life warning ,* TSX ends down 158.69 points  or 1.3 pct  at 11 923.04.     * Energy  materials  financials weaker     * Sun Life falls 9 percent on earnings warning      By Claire Sibonney     TORONTO  Oct 17 Toronto's main stock index fell steeply on Monday after Germany quashed hopes of a speedy breakthrough in the euro zone's debt crisis  and after Sun Life Financial warned it would report a big quarterly loss.     The TSX's three biggest sectors - materials  energy and financials - were off 1 ,topStory
SLF,Sun Life Financial Inc,20111017,CANADA STOCKS-TSX drops on European fears  Sun Life warning ,TORONTO  Oct 17 Toronto's main stock index ended more than 1 percent lower on Monday after Germany quashed hopes of a breakthrough in the euro zone's sovereign debt crisis  and after Sun Life Financial warned it would report a big quarterly loss.     The Toronto Stock Exchange's S&P/TSX composite  unofficially ended down 158.69 points  or 1.3 percent  at 11 923.04.,normal
SLF,Sun Life Financial Inc,20111017,UPDATE 3-Canadian insurers sag on Sun Life's loss warning ,* Shares drop 9.2 percent; Manulife  Great-West also down,normal
SLF,Sun Life Financial Inc,20111017,CANADA STOCKS-TSX off 1 pct on euro zone  Sun Life warning ,TORONTO  Oct 17 Toronto's main stock index fell 1 percent on Monday on worries that an upcoming European summit would not yield a definitive plan to tackle the euro zone's debt crisis  and on an earnings warning from Sun Life Financial .     The Toronto Stock Exchange's S&P/TSX composite  was down 120.63 points  or 1.0 percent  at 11 961.10.,normal
GCI,TEGNA Inc,20111017,Gannett shares sink on newspaper ad decline ,Gannett Co  reported a severe decline in advertising revenue at its newspaper division  pointing to a pullback in consumer and business spending.,topStory
GCI,TEGNA Inc,20111017,UPDATE 4-Gannett shares sink on newspaper ad decline ,Oct 17 Gannett Co reported a severe decline in advertising revenue at its newspaper division  pointing to a pullback in consumer and business spending.,normal
TTI,Tetra Technologies Inc,20111017,UPDATE 1-Engineer Arcadis to buy British peer EC Harris ,AMSTERDAM  Oct 17 Dutch engineering consultancy Arcadis said on Monday it would acquire London-based partnership EC Harris to strengthen its position in project management and expand its presence in the Middle East and Asia.,topStory
TEVA,Teva Pharmaceutical Industries Limited,20111017,U.S. advisers doubt Teva Parkinson's drug claim ,SILVER SPRING  Maryland U.S. health advisers said they were unconvinced that Teva Pharmaceutical Industries Ltd's Parkinson's drug Azilect slows the progression of the incurable disease.,topStory
TEVA,Teva Pharmaceutical Industries Limited,20111017,UPDATE 2-US advisers doubt Teva Parkinson's drug claim ,SILVER SPRING  Md.  Oct 17 U.S. health advisers said they were unconvinced that Teva Pharmaceutical Industries Ltd's  Parkinson's drug Azilect slows the progression of the incurable disease.,normal
TEVA,Teva Pharmaceutical Industries Limited,20111017,FDA advisers skeptical on Teva Parkinson's drug ,SILVER SPRING  Maryland U.S. health advisers on Monday voiced skepticism that Teva Pharmaceutical Industries Ltd's Parkinson's drug Azilect actually slows the progression of the incurable disease.,normal
TEVA,Teva Pharmaceutical Industries Limited,20111017,US FDA advisers skeptical on Teva Parkinson's drug ,SILVER SPRING  Md.  Oct 17 U.S. health advisers on Monday voiced skepticism that Teva Pharmaceutical Industries Ltd's  Parkinson's drug Azilect actually slows the progression of the incurable disease.,normal
BX,The Blackstone Group LP,20111017,UPDATE 1-Blackstone shows appetite for New Zealand food group ,* First deal for Blackstone outside real estate in the region,topStory
SCHW,The Charles Schwab Corporation,20111017,Charles Schwab misses slightly as markets weigh ,U.S. discount brokerage Charles Schwab Corp's  third-quarter profit rose  just missing estimates  as higher trading levels were not enough to offset a combination of headwinds that included weaker equity markets and interest rates.,topStory
SCHW,The Charles Schwab Corporation,20111017,UPDATE 4-Charles Schwab misses slightly as markets weigh ,Oct 17 U.S. discount brokerage Charles Schwab Corp's third-quarter profit rose  just missing estimates  as higher trading levels were not enough to offset a combination of headwinds that included weaker equity markets and interest rates.,normal
RIG,Transocean Ltd,20111017,Anadarko no longer moving rig to Brazil-Transocean ,Oct 17 An ultra-deepwater rig leased by Anadarko Petroleum Corp is no longer heading to Brazil  according to rig owner Transocean Ltd  .,topStory
TG,Tredegar Corporation,20111017,UPDATE 1-Tredegar to buy maker of specialty polyester films ,Oct 17 Tredegar Corp said it will buy privately held Terphane Holdings LLC  maker of specialty polyester films  for $188 million to expand in Latin America.,topStory
VMW,Vmware Inc,20111017,VMware Q3 profit beats Street ,Business software maker VMware Inc  on Monday posted quarterly profit ahead of market estimates  helped by growth in the Asia Pacific market  and it forecast fourth-quarter revenue above analysts' expectations.,topStory
VMW,Vmware Inc,20111017,UPDATE 1-VMware Q3 profit beats Street ,Oct 17 Business software maker VMware Inc on Monday posted quarterly profit ahead of market estimates  helped by growth in the Asia Pacific market  and it forecast fourth-quarter revenue above analysts' expectations.,normal
WMT,Wal-Mart Stores Inc,20111017,Wal-Mart China CEO quits after pork scandal ,SHANGHAI/HONG KONG The head of Wal-Mart Stores Inc's  China business has resigned citing personal reasons  after the world's largest retailer ran into trouble with Chinese authorities leading to store closures and employee detentions.,topStory
WMT,Wal-Mart Stores Inc,20111017,UPDATE 3-Wal-Mart China CEO quits as retailer grapples with pork scandal ,* Spokesman says resignations not linked to store closures  detentions,normal
WMT,Wal-Mart Stores Inc,20111017,Wal-Mart says China CEO resigns due to personal reasons ,SHANGHAI  Oct 17 Two executives of Wal-Mart Stores Inc's China operation  including its head  have resigned  the company said in a statement on Monday.,normal
WFC,Wells Fargo & Company,20111017,UPDATE 5-Wells Fargo loses luster with profit miss ,Oct 17 Wells Fargo & Co posted lower net interest income as the weak U.S. economy squeezed its lending margins  sending the bank's shares tumbling more than 8 percent.,topStory
WFC,Wells Fargo & Company,20111017,On the Move: Wells Fargo recruits three advisers ,Oct 17 Wells Fargo Advisors LLC has hired three advisers in the Midwest who last year generated nearly $3 million in combined revenue  the firm said on Monday.,normal
WFC,Wells Fargo & Company,20111017,US STOCKS-Wall Street lower as Germany dampens optimism ,* Citi up as profit rises  Wells Fargo down after results,normal
WFC,Wells Fargo & Company,20111017,Wells Fargo broker ranks  assets fall with market ,Client balances  revenue and managed-account assets at Wells Fargo Advisors all declined during the third quarter.,normal
WFC,Wells Fargo & Company,20111017,Wells Fargo broker ranks  assets fall with market ,Oct 17 Client balances  revenue and managed-account assets at Wells Fargo Advisors all declined during the third quarter.,normal
WFC,Wells Fargo & Company,20111017,US STOCKS-Lower open on tap after German finmin comments ,NEW YORK  Oct 17 Wall Street stocks were set for a lower open on Monday after the market's best two-week run since 2009 as Germany's finance minister said a forthcoming summit would not yield a definitive solution to Europe's debt crisis.,normal
WFC,Wells Fargo & Company,20111017,Instant view: Citigroup  Wells Fargo post results ,NEW YORK Citigroup Inc posted a rise in third quarter profits  as did Wells Fargo & Co.,normal
WFC,Wells Fargo & Company,20111017,US STOCKS-Futures dip after German finmin comments ,NEW YORK  Oct 17 U.S. stock index futures fell on Monday after the market's best two-week run since 2009 as Germany's finance minister said a forthcoming summit would not yield a definitive solution to Europe's debt crisis.,normal
AXU,Alexco Resource Corp,20111017,UPDATE 1-Alexco Q3 silver production rises ,Oct 17 Canada's Alexco Resource Corp  said silver production in the third quarter from its Bellekeno mine in Yukon rose 8 percent sequentially.,topStory
NGD,New Gold Inc,20111017,UPDATE 2-New Gold to buy Silver Quest for C$131 mln ,* New Gold to fully own Blackwater project in British Columbia,topStory
