AAPL,Apple Inc,20111011,Steve Jobs documentary "iGenius" to debut on Discovery ,LOS ANGELES (TheWrap.com) - Discovery Channel has announced a quickly-produced new documentary that will look back at the many ways Apple visionary Steve Jobs influenced modern life.,topStory
AAPL,Apple Inc,20111011,Steve Jobs death spawns collectibles  but few sales ,The author is a Reuters contributor. The opinions expressed are his own.,normal
AAPL,Apple Inc,20111011,Apple's board needs to step up to new era ,SAN FRANCISCO/NEW YORK The death of Apple Inc's strong-willed co-founder and Chairman Steve Jobs has put the secretive company's small board at crossroads.,normal
AAPL,Apple Inc,20111011,Apple's iPhone 4S breaks early order record ,People who want the new $200 Apple iPhone 4S may have to get in line on Friday because U.S. wireless phone carriers appear to have sold out.,normal
AAPL,Apple Inc,20111011,RIM restores BlackBerry services day after outage ,LONDON Research in Motion said on Tuesday it had restored BlackBerry services in Europe  the Middle East and Africa  some 20 hours after users in EMEA and India first reported problems with email and BlackBerry Messenger.,normal
AAPL,Apple Inc,20111011,RIM restores BlackBerry services day after outage ,LONDON  Oct 11 Research in Motion said on Tuesday it had restored BlackBerry services in Europe  the Middle East and Africa  some 20 hours after users in EMEA and India first reported problems with email and BlackBerry Messenger.,normal
AAPL,Apple Inc,20111011,HK student says Jobs tribute logo not copied ,HONG KONG A Hong Kong design student's tribute to Steve Jobs that generated a buzz in cyberspace following the death of the co-founder of Apple last week is not original  but it is not a rip-off  the teenager said.,normal
AAPL,Apple Inc,20111011,UPDATE 1-HK student says Jobs tribute logo not copied ,HONG KONG  Oct 10 A Hong Kong design student's tribute to Steve Jobs that generated a buzz in cyberspace following the death of the co-founder of Apple last week is not original  but it is not a rip-off  the teenager said.,normal
AAPL,Apple Inc,20111011,Jokes about Steve Jobs' death: hilarious or tasteless? ,LOS ANGELES (TheWrap.com) - The death of Apple co-founder Steve Jobs has put the Onion in a difficult position  as the satiric news magazine struggles to remain irreverent without being insensitive.,normal
AAPL,Apple Inc,20111011,TEXT: Fitch Street InterView: Smartphones - Samsung vs. Apple ,SEOUL/SINGAPORE  October 10 (Fitch) This week Matt Jamieson spoke with Alvin Lim  Fitch's Technology Analyst based in Seoul  about the ongoing legal dispute between Apple Inc. and Samsung Electronics Co.  Ltd. ('A+'/Stable).  Matt is 	 Head of APAC Research in Fitch's Corporate Ratings Group   and he asked Alvin a number of key questions including the nature of the dispute  the likely  outcome and potential credit implications for Samsung   and whether Apple's recent release of a revised iPhone ,normal
ARRS,ARRIS International plc,20111011,Deals of the day -- mergers and acquisitions ,Oct 11 The following bids  mergers  acquisitions and disposals involving European  U.S. and Asian companies were reported by 2000 GMT on Tuesday:,topStory
ARRS,ARRIS International plc,20111011,ARRIS to pay 76 percent premium for BigBand Networks ,Broadband technology and software provider ARRIS Group Inc said it is to buy BigBand Networks  a video networking service provider  for $2.24 per share in cash -- a premium of 76 percent -- to strengthen its networked video technology capabilities.,normal
ARRS,ARRIS International plc,20111011,UPDATE 1-ARRIS to pay 76 pct premium for BigBand Networks ,Oct 11 Broadband technology and software provider ARRIS Group Inc said it is to buy BigBand Networks   a video networking service provider  for $2.24 per share in cash -- a premium of 76 percent -- to strengthen its networked video technology capabilities.,normal
ASML,ASML Holding NV,20111011,ASML Q4 orders a beacon for tech sector ,AMSTERDAM Investors will focus on ASML's fourth-quarter orders for signs of a recovery in the global chip sector when the Dutch chip equipment maker reports third-quarter results on Wednesday.,topStory
TAPR,Barclays Inverse US Treasury Composite ETN,20111011,Analysis: Wall St. set to shrink as jobs cut  bonuses at risk ,NEW YORK The thousands of protesters camped out in New York's financial district may not see it this way  but these are not the best of times for Wall Street.,topStory
TAPR,Barclays Inverse US Treasury Composite ETN,20111011,New Issue-Mississippi Power sells $300 mln in 2 parts ,Oct 11 Mississippi Power Co   a unit of Southern Company on Tuesday sold $300 million of senior unsecured notes in two parts  said IFR  a Thomson Reuters service.      Barclays Capital  Deutsche Bank  and Mitsubishi were the joint bookrunning managers of the five-year issue. Barclays Capital  Deutsche Bank  and Scotia Capital were the joint bookrunners of the 30-year tranche. BORROWER: MISSISSIPPI POWER CO TRANCHE 1 AMT $150 MLN      COUPON 2.35 PCT     MATURITY 10/15/2016 TYPE SR NT,normal
TAPR,Barclays Inverse US Treasury Composite ETN,20111011,New Issue-Nederlandse Waterschapsbank sells $1 bln notes ,Oct 11 Nederlandse Waterschapsbank on Tuesday sold $1 billion of three year global notes in the 144a private placement market  said IFR  a Thomson Reuters service.       Barclays Capital  Deutsche Bank  and Morgan Stanley were the joint bookrunning managers for the sale. BORROWER: NEDERLANDSE WATERSCHAPSBANK AMT $1 BLN        COUPON 1.25 PCT     MATURITY 10/20/2014 TYPE NTS          ISS PRICE 99.833    FIRST PAY 4/20/2012 MOODY'S Aaa       YIELD N/A           SETTLEMENT 10/18/2011 S&,normal
DLBL,Barclays PLC,20111011,Analysis: Wall St. set to shrink as jobs cut  bonuses at risk ,NEW YORK The thousands of protesters camped out in New York's financial district may not see it this way  but these are not the best of times for Wall Street.,topStory
DLBL,Barclays PLC,20111011,New Issue-Mississippi Power sells $300 mln in 2 parts ,Oct 11 Mississippi Power Co   a unit of Southern Company on Tuesday sold $300 million of senior unsecured notes in two parts  said IFR  a Thomson Reuters service.      Barclays Capital  Deutsche Bank  and Mitsubishi were the joint bookrunning managers of the five-year issue. Barclays Capital  Deutsche Bank  and Scotia Capital were the joint bookrunners of the 30-year tranche. BORROWER: MISSISSIPPI POWER CO TRANCHE 1 AMT $150 MLN      COUPON 2.35 PCT     MATURITY 10/15/2016 TYPE SR NT,normal
DLBL,Barclays PLC,20111011,New Issue-Nederlandse Waterschapsbank sells $1 bln notes ,Oct 11 Nederlandse Waterschapsbank on Tuesday sold $1 billion of three year global notes in the 144a private placement market  said IFR  a Thomson Reuters service.       Barclays Capital  Deutsche Bank  and Morgan Stanley were the joint bookrunning managers for the sale. BORROWER: NEDERLANDSE WATERSCHAPSBANK AMT $1 BLN        COUPON 1.25 PCT     MATURITY 10/20/2014 TYPE NTS          ISS PRICE 99.833    FIRST PAY 4/20/2012 MOODY'S Aaa       YIELD N/A           SETTLEMENT 10/18/2011 S&,normal
DTYL,Barclays PLC,20111011,Analysis: Wall St. set to shrink as jobs cut  bonuses at risk ,NEW YORK The thousands of protesters camped out in New York's financial district may not see it this way  but these are not the best of times for Wall Street.,topStory
DTYL,Barclays PLC,20111011,New Issue-Mississippi Power sells $300 mln in 2 parts ,Oct 11 Mississippi Power Co   a unit of Southern Company on Tuesday sold $300 million of senior unsecured notes in two parts  said IFR  a Thomson Reuters service.      Barclays Capital  Deutsche Bank  and Mitsubishi were the joint bookrunning managers of the five-year issue. Barclays Capital  Deutsche Bank  and Scotia Capital were the joint bookrunners of the 30-year tranche. BORROWER: MISSISSIPPI POWER CO TRANCHE 1 AMT $150 MLN      COUPON 2.35 PCT     MATURITY 10/15/2016 TYPE SR NT,normal
DTYL,Barclays PLC,20111011,New Issue-Nederlandse Waterschapsbank sells $1 bln notes ,Oct 11 Nederlandse Waterschapsbank on Tuesday sold $1 billion of three year global notes in the 144a private placement market  said IFR  a Thomson Reuters service.       Barclays Capital  Deutsche Bank  and Morgan Stanley were the joint bookrunning managers for the sale. BORROWER: NEDERLANDSE WATERSCHAPSBANK AMT $1 BLN        COUPON 1.25 PCT     MATURITY 10/20/2014 TYPE NTS          ISS PRICE 99.833    FIRST PAY 4/20/2012 MOODY'S Aaa       YIELD N/A           SETTLEMENT 10/18/2011 S&,normal
CINF,Cincinnati Financial Corporation,20111011,UPDATE 1-Cincinnati Financial pegs Q3 storm losses at $88-$98 mln ,* Commercial lines insurance segment accounts for two-thirds of total losses,topStory
CDTI,Clean Diesel Technologies Inc,20111011,UPDATE 1-Clean Diesel sees Q3 rev above estimates  shares jump ,Oct 11 Clean Diesel Technologies Inc  forecast third-quarter revenue above Wall Street expectations  helped by a 50 percent jump in sales at its heavy duty diesel systems unit (HDD)  sending the emission control systems maker's shares up 33 percent.,topStory
CME,CME Group Inc,20111011,CME's Donohue leaves door open on Europe exchange ,CHICAGO  Oct 11 CME Group Inc   which last year opened a London clearinghouse  may build out its European operations to include an exchange  its chief executive said on Tuesday.,topStory
CME,CME Group Inc,20111011,UPDATE 1-CME Europe eyes end 2011 launch of cleared OTC metals ,LONDON  Oct 11 CME Group aims to launch cleared over-the-counter metals products in Europe by the end of 2011  a spokesman said on Tuesday.,normal
EBAY,eBay Inc,20111011,EBay to deepen Facebook relationship ,SAN FRANCISCO EBay Inc is set to deepen its relationship with social network leader Facebook at a developer conference this week  a person familiar with the e-commerce company said on Tuesday.,topStory
EBAY,eBay Inc,20111011,EBay to deepen Facebook relationship ,SAN FRANCISCO  Oct 11 EBay Inc is set to deepen its relationship with social network leader Facebook at a developer conference this week  a person familiar with the e-commerce company said on Tuesday.,normal
EBAYL,eBay Inc,20111011,EBay to deepen Facebook relationship ,SAN FRANCISCO EBay Inc is set to deepen its relationship with social network leader Facebook at a developer conference this week  a person familiar with the e-commerce company said on Tuesday.,topStory
EBAYL,eBay Inc,20111011,EBay to deepen Facebook relationship ,SAN FRANCISCO  Oct 11 EBay Inc is set to deepen its relationship with social network leader Facebook at a developer conference this week  a person familiar with the e-commerce company said on Tuesday.,normal
ESGR,Enstar Group Limited,20111011,Enstar is fourth Transatlantic bidder: source ,Bermuda-based reinsurer Transatlantic Holdings Inc   which has been at the center of a months-long buyout battle  said it entered talks and signed a confidentiality agreement with a fourth  unnamed  suitor.,topStory
ESGR,Enstar Group Limited,20111011,UPDATE 4-Enstar is fourth Transatlantic bidder -source ,Oct 11 Bermuda-based reinsurer Transatlantic Holdings Inc   which has been at the center of a months-long buyout battle  said it entered talks and signed a confidentiality agreement with a fourth  unnamed  suitor.,normal
EXFO,EXFO Inc,20111011,EXFO quarterly profit falls 62 percent; shares drop ,Canadian telecom services provider EXFO Inc   posted a 62 percent fall in quarterly profit and said it expected to post lower first-quarter earnings.,topStory
EXFO,EXFO Inc,20111011,UPDATE 1-EXFO quarterly profit falls 62 pct; shares drop ,Oct 11 Canadian telecom services provider EXFO Inc  posted a 62 percent fall in quarterly profit and said it expected to post lower first-quarter earnings.,normal
INTC,Intel Corporation,20111011,ASML Q4 orders a beacon for tech sector ,AMSTERDAM Investors will focus on ASML's fourth-quarter orders for signs of a recovery in the global chip sector when the Dutch chip equipment maker reports third-quarter results on Wednesday.,topStory
INTC,Intel Corporation,20111011,FACTBOX-GE  Boeing  Intel CEOs among Obama jobs advisers ,Oct 10 Business leaders advising U.S. President Barack Obama how to create jobs outlined a series of proposals they said could create millions of jobs over several years.,normal
DTYS,iPath US Treasury 10-year Bear ETN,20111011,Analysis: Wall St. set to shrink as jobs cut  bonuses at risk ,NEW YORK The thousands of protesters camped out in New York's financial district may not see it this way  but these are not the best of times for Wall Street.,topStory
DTYS,iPath US Treasury 10-year Bear ETN,20111011,New Issue-Mississippi Power sells $300 mln in 2 parts ,Oct 11 Mississippi Power Co   a unit of Southern Company on Tuesday sold $300 million of senior unsecured notes in two parts  said IFR  a Thomson Reuters service.      Barclays Capital  Deutsche Bank  and Mitsubishi were the joint bookrunning managers of the five-year issue. Barclays Capital  Deutsche Bank  and Scotia Capital were the joint bookrunners of the 30-year tranche. BORROWER: MISSISSIPPI POWER CO TRANCHE 1 AMT $150 MLN      COUPON 2.35 PCT     MATURITY 10/15/2016 TYPE SR NT,normal
DTYS,iPath US Treasury 10-year Bear ETN,20111011,New Issue-Nederlandse Waterschapsbank sells $1 bln notes ,Oct 11 Nederlandse Waterschapsbank on Tuesday sold $1 billion of three year global notes in the 144a private placement market  said IFR  a Thomson Reuters service.       Barclays Capital  Deutsche Bank  and Morgan Stanley were the joint bookrunning managers for the sale. BORROWER: NEDERLANDSE WATERSCHAPSBANK AMT $1 BLN        COUPON 1.25 PCT     MATURITY 10/20/2014 TYPE NTS          ISS PRICE 99.833    FIRST PAY 4/20/2012 MOODY'S Aaa       YIELD N/A           SETTLEMENT 10/18/2011 S&,normal
DTUS,iPath US Treasury 2-year Bear ETN,20111011,Analysis: Wall St. set to shrink as jobs cut  bonuses at risk ,NEW YORK The thousands of protesters camped out in New York's financial district may not see it this way  but these are not the best of times for Wall Street.,topStory
DTUS,iPath US Treasury 2-year Bear ETN,20111011,New Issue-Mississippi Power sells $300 mln in 2 parts ,Oct 11 Mississippi Power Co   a unit of Southern Company on Tuesday sold $300 million of senior unsecured notes in two parts  said IFR  a Thomson Reuters service.      Barclays Capital  Deutsche Bank  and Mitsubishi were the joint bookrunning managers of the five-year issue. Barclays Capital  Deutsche Bank  and Scotia Capital were the joint bookrunners of the 30-year tranche. BORROWER: MISSISSIPPI POWER CO TRANCHE 1 AMT $150 MLN      COUPON 2.35 PCT     MATURITY 10/15/2016 TYPE SR NT,normal
DTUS,iPath US Treasury 2-year Bear ETN,20111011,New Issue-Nederlandse Waterschapsbank sells $1 bln notes ,Oct 11 Nederlandse Waterschapsbank on Tuesday sold $1 billion of three year global notes in the 144a private placement market  said IFR  a Thomson Reuters service.       Barclays Capital  Deutsche Bank  and Morgan Stanley were the joint bookrunning managers for the sale. BORROWER: NEDERLANDSE WATERSCHAPSBANK AMT $1 BLN        COUPON 1.25 PCT     MATURITY 10/20/2014 TYPE NTS          ISS PRICE 99.833    FIRST PAY 4/20/2012 MOODY'S Aaa       YIELD N/A           SETTLEMENT 10/18/2011 S&,normal
DTUL,iPath US Treasury 2-year Bull ETN,20111011,Analysis: Wall St. set to shrink as jobs cut  bonuses at risk ,NEW YORK The thousands of protesters camped out in New York's financial district may not see it this way  but these are not the best of times for Wall Street.,topStory
DTUL,iPath US Treasury 2-year Bull ETN,20111011,New Issue-Mississippi Power sells $300 mln in 2 parts ,Oct 11 Mississippi Power Co   a unit of Southern Company on Tuesday sold $300 million of senior unsecured notes in two parts  said IFR  a Thomson Reuters service.      Barclays Capital  Deutsche Bank  and Mitsubishi were the joint bookrunning managers of the five-year issue. Barclays Capital  Deutsche Bank  and Scotia Capital were the joint bookrunners of the 30-year tranche. BORROWER: MISSISSIPPI POWER CO TRANCHE 1 AMT $150 MLN      COUPON 2.35 PCT     MATURITY 10/15/2016 TYPE SR NT,normal
DTUL,iPath US Treasury 2-year Bull ETN,20111011,New Issue-Nederlandse Waterschapsbank sells $1 bln notes ,Oct 11 Nederlandse Waterschapsbank on Tuesday sold $1 billion of three year global notes in the 144a private placement market  said IFR  a Thomson Reuters service.       Barclays Capital  Deutsche Bank  and Morgan Stanley were the joint bookrunning managers for the sale. BORROWER: NEDERLANDSE WATERSCHAPSBANK AMT $1 BLN        COUPON 1.25 PCT     MATURITY 10/20/2014 TYPE NTS          ISS PRICE 99.833    FIRST PAY 4/20/2012 MOODY'S Aaa       YIELD N/A           SETTLEMENT 10/18/2011 S&,normal
DFVS,iPath US Treasury 5-year Bear ETN,20111011,Analysis: Wall St. set to shrink as jobs cut  bonuses at risk ,NEW YORK The thousands of protesters camped out in New York's financial district may not see it this way  but these are not the best of times for Wall Street.,topStory
DFVS,iPath US Treasury 5-year Bear ETN,20111011,New Issue-Mississippi Power sells $300 mln in 2 parts ,Oct 11 Mississippi Power Co   a unit of Southern Company on Tuesday sold $300 million of senior unsecured notes in two parts  said IFR  a Thomson Reuters service.      Barclays Capital  Deutsche Bank  and Mitsubishi were the joint bookrunning managers of the five-year issue. Barclays Capital  Deutsche Bank  and Scotia Capital were the joint bookrunners of the 30-year tranche. BORROWER: MISSISSIPPI POWER CO TRANCHE 1 AMT $150 MLN      COUPON 2.35 PCT     MATURITY 10/15/2016 TYPE SR NT,normal
DFVS,iPath US Treasury 5-year Bear ETN,20111011,New Issue-Nederlandse Waterschapsbank sells $1 bln notes ,Oct 11 Nederlandse Waterschapsbank on Tuesday sold $1 billion of three year global notes in the 144a private placement market  said IFR  a Thomson Reuters service.       Barclays Capital  Deutsche Bank  and Morgan Stanley were the joint bookrunning managers for the sale. BORROWER: NEDERLANDSE WATERSCHAPSBANK AMT $1 BLN        COUPON 1.25 PCT     MATURITY 10/20/2014 TYPE NTS          ISS PRICE 99.833    FIRST PAY 4/20/2012 MOODY'S Aaa       YIELD N/A           SETTLEMENT 10/18/2011 S&,normal
DFVL,iPath US Treasury 5-year Bull ETN,20111011,Analysis: Wall St. set to shrink as jobs cut  bonuses at risk ,NEW YORK The thousands of protesters camped out in New York's financial district may not see it this way  but these are not the best of times for Wall Street.,topStory
DFVL,iPath US Treasury 5-year Bull ETN,20111011,New Issue-Mississippi Power sells $300 mln in 2 parts ,Oct 11 Mississippi Power Co   a unit of Southern Company on Tuesday sold $300 million of senior unsecured notes in two parts  said IFR  a Thomson Reuters service.      Barclays Capital  Deutsche Bank  and Mitsubishi were the joint bookrunning managers of the five-year issue. Barclays Capital  Deutsche Bank  and Scotia Capital were the joint bookrunners of the 30-year tranche. BORROWER: MISSISSIPPI POWER CO TRANCHE 1 AMT $150 MLN      COUPON 2.35 PCT     MATURITY 10/15/2016 TYPE SR NT,normal
DFVL,iPath US Treasury 5-year Bull ETN,20111011,New Issue-Nederlandse Waterschapsbank sells $1 bln notes ,Oct 11 Nederlandse Waterschapsbank on Tuesday sold $1 billion of three year global notes in the 144a private placement market  said IFR  a Thomson Reuters service.       Barclays Capital  Deutsche Bank  and Morgan Stanley were the joint bookrunning managers for the sale. BORROWER: NEDERLANDSE WATERSCHAPSBANK AMT $1 BLN        COUPON 1.25 PCT     MATURITY 10/20/2014 TYPE NTS          ISS PRICE 99.833    FIRST PAY 4/20/2012 MOODY'S Aaa       YIELD N/A           SETTLEMENT 10/18/2011 S&,normal
FLAT,iPath US Treasury Flattener ETN,20111011,Analysis: Wall St. set to shrink as jobs cut  bonuses at risk ,NEW YORK The thousands of protesters camped out in New York's financial district may not see it this way  but these are not the best of times for Wall Street.,topStory
FLAT,iPath US Treasury Flattener ETN,20111011,New Issue-Mississippi Power sells $300 mln in 2 parts ,Oct 11 Mississippi Power Co   a unit of Southern Company on Tuesday sold $300 million of senior unsecured notes in two parts  said IFR  a Thomson Reuters service.      Barclays Capital  Deutsche Bank  and Mitsubishi were the joint bookrunning managers of the five-year issue. Barclays Capital  Deutsche Bank  and Scotia Capital were the joint bookrunners of the 30-year tranche. BORROWER: MISSISSIPPI POWER CO TRANCHE 1 AMT $150 MLN      COUPON 2.35 PCT     MATURITY 10/15/2016 TYPE SR NT,normal
FLAT,iPath US Treasury Flattener ETN,20111011,New Issue-Nederlandse Waterschapsbank sells $1 bln notes ,Oct 11 Nederlandse Waterschapsbank on Tuesday sold $1 billion of three year global notes in the 144a private placement market  said IFR  a Thomson Reuters service.       Barclays Capital  Deutsche Bank  and Morgan Stanley were the joint bookrunning managers for the sale. BORROWER: NEDERLANDSE WATERSCHAPSBANK AMT $1 BLN        COUPON 1.25 PCT     MATURITY 10/20/2014 TYPE NTS          ISS PRICE 99.833    FIRST PAY 4/20/2012 MOODY'S Aaa       YIELD N/A           SETTLEMENT 10/18/2011 S&,normal
DLBS,iPath US Treasury Long Bond Bear ETN,20111011,Analysis: Wall St. set to shrink as jobs cut  bonuses at risk ,NEW YORK The thousands of protesters camped out in New York's financial district may not see it this way  but these are not the best of times for Wall Street.,topStory
DLBS,iPath US Treasury Long Bond Bear ETN,20111011,New Issue-Mississippi Power sells $300 mln in 2 parts ,Oct 11 Mississippi Power Co   a unit of Southern Company on Tuesday sold $300 million of senior unsecured notes in two parts  said IFR  a Thomson Reuters service.      Barclays Capital  Deutsche Bank  and Mitsubishi were the joint bookrunning managers of the five-year issue. Barclays Capital  Deutsche Bank  and Scotia Capital were the joint bookrunners of the 30-year tranche. BORROWER: MISSISSIPPI POWER CO TRANCHE 1 AMT $150 MLN      COUPON 2.35 PCT     MATURITY 10/15/2016 TYPE SR NT,normal
DLBS,iPath US Treasury Long Bond Bear ETN,20111011,New Issue-Nederlandse Waterschapsbank sells $1 bln notes ,Oct 11 Nederlandse Waterschapsbank on Tuesday sold $1 billion of three year global notes in the 144a private placement market  said IFR  a Thomson Reuters service.       Barclays Capital  Deutsche Bank  and Morgan Stanley were the joint bookrunning managers for the sale. BORROWER: NEDERLANDSE WATERSCHAPSBANK AMT $1 BLN        COUPON 1.25 PCT     MATURITY 10/20/2014 TYPE NTS          ISS PRICE 99.833    FIRST PAY 4/20/2012 MOODY'S Aaa       YIELD N/A           SETTLEMENT 10/18/2011 S&,normal
STPP,iPath US Treasury Steepener ETN,20111011,Analysis: Wall St. set to shrink as jobs cut  bonuses at risk ,NEW YORK The thousands of protesters camped out in New York's financial district may not see it this way  but these are not the best of times for Wall Street.,topStory
STPP,iPath US Treasury Steepener ETN,20111011,New Issue-Mississippi Power sells $300 mln in 2 parts ,Oct 11 Mississippi Power Co   a unit of Southern Company on Tuesday sold $300 million of senior unsecured notes in two parts  said IFR  a Thomson Reuters service.      Barclays Capital  Deutsche Bank  and Mitsubishi were the joint bookrunning managers of the five-year issue. Barclays Capital  Deutsche Bank  and Scotia Capital were the joint bookrunners of the 30-year tranche. BORROWER: MISSISSIPPI POWER CO TRANCHE 1 AMT $150 MLN      COUPON 2.35 PCT     MATURITY 10/15/2016 TYPE SR NT,normal
STPP,iPath US Treasury Steepener ETN,20111011,New Issue-Nederlandse Waterschapsbank sells $1 bln notes ,Oct 11 Nederlandse Waterschapsbank on Tuesday sold $1 billion of three year global notes in the 144a private placement market  said IFR  a Thomson Reuters service.       Barclays Capital  Deutsche Bank  and Morgan Stanley were the joint bookrunning managers for the sale. BORROWER: NEDERLANDSE WATERSCHAPSBANK AMT $1 BLN        COUPON 1.25 PCT     MATURITY 10/20/2014 TYPE NTS          ISS PRICE 99.833    FIRST PAY 4/20/2012 MOODY'S Aaa       YIELD N/A           SETTLEMENT 10/18/2011 S&,normal
JACK,Jack In The Box Inc,20111011,Microsoft competitor Box lands $81 million funding ,SAN FRANCISCO Business-software company Box has won $81 million in funding to expand its business  illustrating investors' continued appreciation for start-up companies that tap into the cloud.,topStory
JACK,Jack In The Box Inc,20111011,Microsoft competitor Box lands $81 million funding ,* Funds will help Box double employees  launch new program,normal
MSFT,Microsoft Corporation,20111011,Microsoft competitor Box lands $81 million funding ,SAN FRANCISCO Business-software company Box has won $81 million in funding to expand its business  illustrating investors' continued appreciation for start-up companies that tap into the cloud.,topStory
MSFT,Microsoft Corporation,20111011,Microsoft competitor Box lands $81 million funding ,* Funds will help Box double employees  launch new program,normal
NWS,News Corporation,20111011,WSJ Europe publisher quits in ethics flap ,The publisher of the Wall Street Journal's European edition quit over ethical issues raised by the newspaper's relationship with a Dutch consultancy.,topStory
NWS,News Corporation,20111011,UPDATE 1-WSJ Europe publisher quits in ethics flap ,* Andrew Langhoff became publisher in 2009  (New throughout),normal
NWS,News Corporation,20111011,Wall St Journal Europe publisher quits over ethics ,Oct 11 The publisher of the Wall Street Journal's Europe edition  Andrew Langhoff  has resigned over ethical issues raised by the newspaper's relationship with a Dutch consultancy.,normal
NWS,News Corporation,20111011,Former News Corp executive recalled to hacking hearing ,LONDON Rupert Murdoch's former lieutenant  Les Hinton  is set to appear for a second time before a powerful British parliamentary committee to answer questions about the phone hacking scandal that forced his resignation.,normal
NWS,News Corporation,20111011,UPDATE 1-Former News Corp exec recalled to hacking hearing ,LONDON  Oct 11 Rupert Murdoch's former lieutenant  Les Hinton  is set to appear for a second time before a powerful British parliamentary committee to answer questions about the phone hacking scandal that forced his resignation.,normal
NWS,News Corporation,20111011,News Corp urges shareholders to re-elect board ,Oct 11 News Corp urged shareholders to vote for the 15 directors up for election next week and said it "vehemently disagrees" with reports by corporate governance watchdogs like ISS  which have criticized the Rupert Murdoch-controlled company's practices.,normal
NWS,News Corporation,20111011,PRESS DIGEST - Financial Times - Oct 11 ,European Union leaders have given themselves a deadline of two weeks to agree a comprehensive deal to tackle the euro zone debt crisis  a grand bargain senior European officials said would include a final decision on Greece's bailout and a new strategy to recapitalise Europe's banking sector.,normal
NWSA,News Corporation,20111011,WSJ Europe publisher quits in ethics flap ,The publisher of the Wall Street Journal's European edition quit over ethical issues raised by the newspaper's relationship with a Dutch consultancy.,topStory
NWSA,News Corporation,20111011,UPDATE 1-WSJ Europe publisher quits in ethics flap ,* Andrew Langhoff became publisher in 2009  (New throughout),normal
NWSA,News Corporation,20111011,Wall St Journal Europe publisher quits over ethics ,Oct 11 The publisher of the Wall Street Journal's Europe edition  Andrew Langhoff  has resigned over ethical issues raised by the newspaper's relationship with a Dutch consultancy.,normal
NWSA,News Corporation,20111011,Former News Corp executive recalled to hacking hearing ,LONDON Rupert Murdoch's former lieutenant  Les Hinton  is set to appear for a second time before a powerful British parliamentary committee to answer questions about the phone hacking scandal that forced his resignation.,normal
NWSA,News Corporation,20111011,UPDATE 1-Former News Corp exec recalled to hacking hearing ,LONDON  Oct 11 Rupert Murdoch's former lieutenant  Les Hinton  is set to appear for a second time before a powerful British parliamentary committee to answer questions about the phone hacking scandal that forced his resignation.,normal
NWSA,News Corporation,20111011,News Corp urges shareholders to re-elect board ,Oct 11 News Corp urged shareholders to vote for the 15 directors up for election next week and said it "vehemently disagrees" with reports by corporate governance watchdogs like ISS  which have criticized the Rupert Murdoch-controlled company's practices.,normal
NWSA,News Corporation,20111011,PRESS DIGEST - Financial Times - Oct 11 ,European Union leaders have given themselves a deadline of two weeks to agree a comprehensive deal to tackle the euro zone debt crisis  a grand bargain senior European officials said would include a final decision on Greece's bailout and a new strategy to recapitalise Europe's banking sector.,normal
PAYX,Paychex Inc,20111011,DIARY-U.S. MEETINGS / DAY AHEAD ,THOMSON REUTERS  Corporate Meetings for US Companies Tuesday  October 11  2011.	       S&P 500 Earnings - Weekly           S&P 500 Earnings - Day Ahead   	     Non S&P 500 - Weekly               Non S&P 500 - Day Ahead        	     ConferenceCall/Webcast - Weekly    ConferenceCall/Webcast - Day   	     Meetings - Weekly                   S&P 500 Earnings - Monthly     	     Economic Indicators                  Dividends                      	     Daily earnings hits & misses    	     Federal Res,topStory
STRT,Strattec Security Corporation,20111011,DIARY-U.S. MEETINGS / DAY AHEAD ,THOMSON REUTERS  Corporate Meetings for US Companies Tuesday  October 11  2011.	       S&P 500 Earnings - Weekly           S&P 500 Earnings - Day Ahead   	     Non S&P 500 - Weekly               Non S&P 500 - Day Ahead        	     ConferenceCall/Webcast - Weekly    ConferenceCall/Webcast - Day   	     Meetings - Weekly                   S&P 500 Earnings - Monthly     	     Economic Indicators                  Dividends                      	     Daily earnings hits & misses    	     Federal Res,topStory
TSLA,Tesla Inc ,20111011,Panasonic to be supplier for Tesla Model S ,Panasonic Corp will supply the lithium-ion battery cells for the first sedan made by Tesla Motors  the companies said on Tuesday.,topStory
TSLA,Tesla Inc ,20111011,UPDATE 1-Panasonic to be supplier for Tesla Model S ,Oct 11 Panasonic Corp will supply the lithium-ion battery cells for the first sedan made by Tesla Motors   the companies said on Tuesday.,normal
USAK,USA Truck Inc,20111011,UPDATE 2-Celadon seeks takeover talks with USA Truck ,Oct 11 Trucker Celadon Group reported a 6.29 percent stake in USA Truck Inc   and said it was interested in buying its smaller rival.,topStory
USAK,USA Truck Inc,20111011,CORRECTED-UPDATE 1-Celadon seeks takeover talks with USA Truck ,Oct 11 Trucker Celadon Group reported a 6.29 percent stake in USA Truck Inc   and said it was interested in buying its smaller rival.,normal
AEM,Agnico Eagle Mines Limited,20111011,UPDATE 2-Agnico gold production rises quarter-to-quarter ,Oct 11 Gold miner Agnico Eagle said production rose about 11 percent in the third quarter from the prior period  mainly because of improved performance at two mines in Finland and Canada  and it forecast higher output for the fourth quarter.,topStory
AEM,Agnico Eagle Mines Limited,20111011,UPDATE 2-Agnico gold production rises quarter-to-quarter ,Oct 11 Gold miner Agnico Eagle said production rose about 11 percent in the third quarter from the prior period  mainly because of improved performance at two mines in Finland and Canada  and it forecast higher output for the fourth quarter.,normal
AA,Alcoa Corporation,20111011,Nikkei likely to slip after Alcoa raises concerns ,By Lisa Twaronite	     TOKYO  Oct 12 The Nikkei stock average is likely to slip on Wednesday  after Alcoa Inc's earnings suggested that Europe's debt crisis was set to hurt U.S. corporate profits.    	     Alcoa   the largest U.S. aluminum producer kicked off the U.S earnings season on Tuesday  saying its third-quarter profit jumped from a year ago but slowing economic growth knocked metals prices lower.	     CEO Klaus Kleinfeld warned of weak economic conditions through the year  pa,topStory
AA,Alcoa Corporation,20111011,Alcoa profit hurt by slowing economic growth ,Alcoa Inc   the largest U.S. aluminum producer  said slowing economic growth knocked prices for the metal lower  denting its third-quarter profit and sending its shares down in after-hours trading.,normal
AA,Alcoa Corporation,20111011,UPDATE 4-Alcoa profit hurt by slowing economic growth ,Oct 11 Alcoa Inc   the largest U.S. aluminum producer  said slowing economic growth knocked prices for the metal lower  denting its third-quarter profit and sending its shares down in after-hours trading.,normal
AA,Alcoa Corporation,20111011,Wall Street holds steady  ready for earnings ,NEW YORK U.S. stocks took a breather on Tuesday after the best five days for the S&P 500 in more than two years as investors look to earnings for a reason to extend the market's rebound. | Video ,normal
AA,Alcoa Corporation,20111011,GLOBAL MARKETS-Stocks mixed  commods jump before Slovak EU vote ,* Stocks end up on pre-earnings support after choppy run     * Oil at $110 in London  U.S. wheat jumps most in a year     * Slovakia votes down euro fund; 2nd vote expected to pass      By Barani Krishnan     NEW YORK  Oct 11 Stocks ended a volatile session with slight gains and commodities extended their rally on Tuesday as investors held back from big bets ahead of U.S. earnings reports  as well as on concerns about the euro zone debt crisis.     Wall Street stocks settled in mostl,normal
AA,Alcoa Corporation,20111011,METALS-Copper ends lower as China funding fears mount ,* Copper slammed by China bank funding concerns     * Technicians eye copper's downside support at 200-day     * Indonesia's PT Timah restarts tin exports     * Coming up: Alcoa Q3 earnings late Tuesday      By Chris Kelly and Harpreet Bhal     NEW YORK/LONDON  Oct 11 Copper shed nearly 3 percent on Tuesday as worries about the sustainability of China's economy compounded the Western world's growth prospects.     Investors dumped copper  one of the Asian giant's top imports.     An i,normal
AA,Alcoa Corporation,20111011,US STOCKS-Wall Street flat before Slovakia votes on fund ,* Market pauses before key vote on expanding bailout fund,normal
AA,Alcoa Corporation,20111011,European shares snap four-session rally ,LONDON  Oct 11 European share prices slipped back in thin trade on Tuesday  breaking a four-session rally as the euro zone's still uncertain political response to its sovereign debt crisis gave investors pause on the eve of the U.S. third-quarter earnings season.,normal
AA,Alcoa Corporation,20111011,US STOCKS-Wall St higher ahead of earnings season ,NEW YORK  Oct 11 Wall Street stocks rose on Tuesday as traders took positions in beaten-down shares ahead of the start of the earnings season.,normal
AA,Alcoa Corporation,20111011,US STOCKS-Wall St off as Slovak vote on rescue plan awaited ,NEW YORK  Oct 11 U.S. stocks were off on Tuesday  pulling back from sharp gains in the prior session as investors awaited the results of a key vote by Slovakia on expanding the euro zone rescue fund.,normal
AQN,Algonquin Power & Utilities Corp,20111011,UPDATE 2-Western Wind asks shareholders to snub Algonquin's bid ,* Western Wind estimates its worth to be over double offer price,topStory
AMOV,America Movil SAB de CV,20111011,Mexican stocks rise sharply  America Movil leads ,MEXICO CITY  Oct 11 Mexican stocks rose sharply on Tuesday to their highest in over a week  led by a more than 2 percent gain in shares of mobile phone company America Movil .,topStory
AMOV,America Movil SAB de CV,20111011,UPDATE 1-America Movil launches bid for rest of Telmex ,MEXICO CITY  Oct 11 Mexican mobile phone giant America Movil on Tuesday launched its planned bid to buy the part of its sister fixed-line phone Telefonos de Mexico that it does not already own.,normal
AMX,America Movil SAB de CV,20111011,Mexican stocks rise sharply  America Movil leads ,MEXICO CITY  Oct 11 Mexican stocks rose sharply on Tuesday to their highest in over a week  led by a more than 2 percent gain in shares of mobile phone company America Movil .,topStory
AMX,America Movil SAB de CV,20111011,UPDATE 1-America Movil launches bid for rest of Telmex ,MEXICO CITY  Oct 11 Mexican mobile phone giant America Movil on Tuesday launched its planned bid to buy the part of its sister fixed-line phone Telefonos de Mexico that it does not already own.,normal
AZN,Astrazeneca PLC,20111011,TEXT-Fitch affirms AstraZeneca at 'AA-'; outlook stable ,Oct 11- Fitch Ratings has affirmed UK-based pharmaceuticals company AstraZeneca PLC's (AstraZeneca) Long-term Issuer Default Rating (IDR) and senior unsecured rating at 'AA-' and Short-term IDR at 'F1+'. The Outlook is Stable.,topStory
T,AT&T Inc,20111011,Apple's iPhone 4S breaks early order record ,People who want the new $200 Apple iPhone 4S may have to get in line on Friday because U.S. wireless phone carriers appear to have sold out.,topStory
BBVA,Banco Bilbao Viscaya Argentaria SA,20111011,Fitch cuts 6 Spanish banks after sovereign downgrade ,NEW YORK  Oct 11 Fitch Ratings on Tuesday cut the ratings of six major Spanish banks  following its decision to downgrade the country by two notches to AA-minus last week.,topStory
SAN,Banco Santander SA,20111011,Spanish stocks - Factors to watch on Tuesday ,MADRID  Oct 11 The following Spanish stocks may be affected by newspaper reports and other factors on Tuesday. Reuters has not verified the newspaper reports  and cannot vouch for their accuracy:,topStory
BAC,Bank of America Corporation,20111011,Bank of America tries to burnish tarnished image with ads ,Bank of America Corp   under fire for everything from improper foreclosures to hiking debit card fees  is fighting back with advertising.,topStory
BAC,Bank of America Corporation,20111011,B of A tries to burnish tarnished image with ads ,* Bank runs ads in 12 markets and some smaller communities,normal
BAC,Bank of America Corporation,20111011,Analysis: Wall St. set to shrink as jobs cut  bonuses at risk ,NEW YORK The thousands of protesters camped out in New York's financial district may not see it this way  but these are not the best of times for Wall Street.,normal
BAC,Bank of America Corporation,20111011,Analysis - Bank of America's mortgage market share plunges ,Charlotte  North Carolina Bank of America  is set to lose nearly all the mortgage market share it gained by buying Countrywide Financial Corp in 2008  in the latest sign of how painful the acquisition has been for the bank.,normal
BCS,Barclays PLC,20111011,Analysis: Wall St. set to shrink as jobs cut  bonuses at risk ,NEW YORK The thousands of protesters camped out in New York's financial district may not see it this way  but these are not the best of times for Wall Street.,topStory
BCS,Barclays PLC,20111011,New Issue-Mississippi Power sells $300 mln in 2 parts ,Oct 11 Mississippi Power Co   a unit of Southern Company on Tuesday sold $300 million of senior unsecured notes in two parts  said IFR  a Thomson Reuters service.      Barclays Capital  Deutsche Bank  and Mitsubishi were the joint bookrunning managers of the five-year issue. Barclays Capital  Deutsche Bank  and Scotia Capital were the joint bookrunners of the 30-year tranche. BORROWER: MISSISSIPPI POWER CO TRANCHE 1 AMT $150 MLN      COUPON 2.35 PCT     MATURITY 10/15/2016 TYPE SR NT,normal
BCS,Barclays PLC,20111011,New Issue-Nederlandse Waterschapsbank sells $1 bln notes ,Oct 11 Nederlandse Waterschapsbank on Tuesday sold $1 billion of three year global notes in the 144a private placement market  said IFR  a Thomson Reuters service.       Barclays Capital  Deutsche Bank  and Morgan Stanley were the joint bookrunning managers for the sale. BORROWER: NEDERLANDSE WATERSCHAPSBANK AMT $1 BLN        COUPON 1.25 PCT     MATURITY 10/20/2014 TYPE NTS          ISS PRICE 99.833    FIRST PAY 4/20/2012 MOODY'S Aaa       YIELD N/A           SETTLEMENT 10/18/2011 S&,normal
BA,Boeing Company (The),20111011,Insight: New bankruptcy ripples may emerge ,Three years after the collapse of Lehman Brothers touched off a tidal wave of bankruptcy filings  corporate failures may be about to pick up again  with some big-name companies among those struggling for survival.,topStory
BA,Boeing Company (The),20111011,FACTBOX-GE  Boeing  Intel CEOs among Obama jobs advisers ,Oct 10 Business leaders advising U.S. President Barack Obama how to create jobs outlined a series of proposals they said could create millions of jobs over several years.,normal
BA,Boeing Company (The),20111011,SIA's long-haul low-fare carrier to start in April-report ,SINGAPORE  Oct 11 Singapore Airlines (SIA)    the world's second-largest carrier by market value  is expected to start its new budget long-haul carrier in April with one Boeing 777-200 aircraft  the Straits Times reported on Tuesday.,normal
BMY,Bristol-Myers Squibb Company,20111011,FDA warns Bristol's leukemia drug may raise lung risks ,Health regulators warned on Tuesday that Bristol-Myers Squibb Co's leukemia drug Sprycel may raise the risk of a rare  but serious condition characterized by abnormally high blood pressure in the arteries of the lungs.,topStory
CVX,Chevron Corporation,20111011,UPDATE 2-Chevron sees Q3 profit flat vs Q2  boosted by sale ,Oct 11 Chevron Corp expects third-quarter earnings similar to the previous quarter  with lower oil prices and output offset by a $500 million gain on the sale of its Welsh refinery and British and Irish marketing assets.,topStory
CVX,Chevron Corporation,20111011,Sinopec buys 18 pct of Chevron Indonesia deep-water project -official ,BEIJING  Oct 11 Sinopec International Petroleum Exploration and Production Corp (SIPC)  a wholly-owned unit of state-owned Sinopec Group  has completed the purchase of an 18 percent stake in Chevron Corp's Indonesian deep-water project for $680 million  a Sinopec official told Reuters on Tuesday.,normal
SNP,China Petroleum & Chemical Corporation,20111011,Sinopec buys 18 pct of Chevron Indonesia deep-water project -official ,BEIJING  Oct 11 Sinopec International Petroleum Exploration and Production Corp (SIPC)  a wholly-owned unit of state-owned Sinopec Group  has completed the purchase of an 18 percent stake in Chevron Corp's Indonesian deep-water project for $680 million  a Sinopec official told Reuters on Tuesday.,topStory
C,Citigroup Inc,20111011,Goldman Sachs may post third-quarter loss: Citi ,Goldman Sachs Group Inc  will likely record a loss in the third quarter  only the second quarterly loss in the Wall Street titan's history  hurt by weakness across trading and investment banking  equity market declines and wider credit spreads during the period  Citigroup said.,topStory
C,Citigroup Inc,20111011,Indian shares rise 1 pct; Reliance  telcos climb ,(Updates to mid-morning)	     * Sensex up 3rd day  longest winning run in nearly a month     * Institutional investors chase bargains before earnings     * Citigroup says sees near-term upside for Indian shares     * Telecoms operators Bharti  Idea gain after new policy announcement      MUMBAI  Oct 11 Indian shares rallied more than 1 percent on Tuesday as investors scooped up beaten-down heavyweights ahead of the quarterly earnings parade on hopes the worst was behind them.	     Th,normal
CMS,CMS Energy Corporation,20111011,First Reserve invests in Marcellus infrastructure ,NEW YORK  Oct 11 Energy-focused private equity fund First Reserve Corp is investing $100 million in a joint venture with privately held Energy Corp. of America (ECA) focused on energy infrastructure in the Marcellus shale region.,topStory
COP,ConocoPhillips,20111011,UPDATE 1-Sunoco's Marcus Hook FCC in unplanned shutdown-trade ,* Other units at Sunoco refinery were already shut     * Regional gasoline market is tight      Oct 11 Sunoco Inc shut a fluid catalytic cracker at its 178 000 barrels-per-day Marcus Hook  Pennsylvania  refinery for unplanned maintenance on Tuesday  said trade sources.     Other units  including an atmospheric crude distillation unit and a reformer were already under maintenance when the unit was taken down.     A Sunoco spokesman was not immediately available for comment.     Atlant,topStory
STZ,Constellation Brands Inc,20111011,Exelon-Constellation merger gets PJM monitor OK ,* Exelon agreed to buy Constellation for $7.9 bln in April,topStory
DAL,Delta Air Lines Inc,20111011,UPDATE 1-Delta/USAir slot swap plan hits US antitrust snag ,WASHINGTON  Oct 11 A proposal by US Airways and Delta Air Lines to swap a large number of slots at New York and Washington airports hit a snag on Tuesday with U.S. antitrust officials raising questions about the deal's impact on competition.,topStory
DAL,Delta Air Lines Inc,20111011,Delta/USAir slot swap plan hits US antitrust snag ,WASHINGTON  Oct 11 A proposal by US Airways and Delta Air Lines to swap a large number of slots at New York and Washington airports hit a snag on Tuesday with U.S. antitrust officials raising questions about the deal's impact on competition.,normal
DB,Deutsche Bank AG,20111011,UPDATE 2-Vattenfall launches Finnish networks  heat sale ,* Vattenfall plans to sell Finnish networks  heat business,topStory
DB,Deutsche Bank AG,20111011,New Issue-Mississippi Power sells $300 mln in 2 parts ,Oct 11 Mississippi Power Co   a unit of Southern Company on Tuesday sold $300 million of senior unsecured notes in two parts  said IFR  a Thomson Reuters service.      Barclays Capital  Deutsche Bank  and Mitsubishi were the joint bookrunning managers of the five-year issue. Barclays Capital  Deutsche Bank  and Scotia Capital were the joint bookrunners of the 30-year tranche. BORROWER: MISSISSIPPI POWER CO TRANCHE 1 AMT $150 MLN      COUPON 2.35 PCT     MATURITY 10/15/2016 TYPE SR NT,normal
DB,Deutsche Bank AG,20111011,New Issue-Nederlandse Waterschapsbank sells $1 bln notes ,Oct 11 Nederlandse Waterschapsbank on Tuesday sold $1 billion of three year global notes in the 144a private placement market  said IFR  a Thomson Reuters service.       Barclays Capital  Deutsche Bank  and Morgan Stanley were the joint bookrunning managers for the sale. BORROWER: NEDERLANDSE WATERSCHAPSBANK AMT $1 BLN        COUPON 1.25 PCT     MATURITY 10/20/2014 TYPE NTS          ISS PRICE 99.833    FIRST PAY 4/20/2012 MOODY'S Aaa       YIELD N/A           SETTLEMENT 10/18/2011 S&,normal
DB,Deutsche Bank AG,20111011,New Issue-GECC adds 350 mln NOK to 2016 bond ,Borrower                General Electric Capital Corporation (GECC),normal
DB,Deutsche Bank AG,20111011,DIARY-U.S. MEETINGS/WEEK AHEAD ,THOMSON REUTERS  October 11  2011 - Corporate Meetings for US companies for Week ahead.	         S&P 500 Earnings - Weekly           S&P 500 Earnings - Day Ahead   	     Non S&P 500 - Weekly               Non S&P 500 - Day Ahead        	     ConferenceCall/Webcast - Weekly    ConferenceCall/Webcast - Day   	     S&P 500 Earnings - Monthly           Meetings - Day Ahead           	     Economic Indicators                  Dividends                      	     Daily earnings hits & misses    	     ,normal
DB,Deutsche Bank AG,20111011,Vattenfall launches 1 bln eur Finnish sale-sources ,AMSTERDAM/HELSINKI  Oct 11 Swedish state-owned power group Vattenfall has kicked off the sale of its electricity and heat distribution assets in Finland  attracting infrastructure funds that could offer more than 1 billion euros ($1.4 billion)  several people familiar with the matter said.,normal
DLR,Digital Realty Trust Inc,20111011,DIARY-U.S. MEETINGS / DAY AHEAD ,THOMSON REUTERS  Corporate Meetings for US Companies Tuesday  October 11  2011.	       S&P 500 Earnings - Weekly           S&P 500 Earnings - Day Ahead   	     Non S&P 500 - Weekly               Non S&P 500 - Day Ahead        	     ConferenceCall/Webcast - Weekly    ConferenceCall/Webcast - Day   	     Meetings - Weekly                   S&P 500 Earnings - Monthly     	     Economic Indicators                  Dividends                      	     Daily earnings hits & misses    	     Federal Res,topStory
EXC,Exelon Corporation,20111011,Exelon-Constellation merger gets PJM monitor OK ,* Exelon agreed to buy Constellation for $7.9 bln in April,topStory
XOM,Exxon Mobil Corporation,20111011,UPDATE 1-Exxon says Chalmette refinery resumes normal ops ,Oct 11 Exxon Mobil Corp's 192 500 barrel per day (bpd) joint-venture Chalmette  Louisiana  refinery resumed normal operations on Tuesday after an Monday night sulfur plant malfunction  a company spokesman said.,topStory
XOM,Exxon Mobil Corporation,20111011,Exxon Chalmette resumes normal ops -local media ,Oct 11 Exxon Mobil Corp's 192 500 barrel per day (bpd) joint-venture Chalmette  Louisiana  refinery resumed normal operations on Tuesday after an overnight sulfur plant malfunction  according to local media reports.,normal
F,Ford Motor Company,20111011,REFILE-US auto workers split in early voting on Ford pact ,* Chrysler union leaders to meet Wed. on contract progress,topStory
F,Ford Motor Company,20111011,Ford says Jan-Sept shipments in China up 10 pct on yr ,CHENGDU  Oct 11 Ford Motor said on Tuesday it had shipped 385 957 vehicles in China in the first nine months  up 10 percent from a year earlier.,normal
FCX,Freeport-McMoran Inc,20111011,Peru says Cerro Verde must respect strike or pay fine ,LIMA Government labor inspectors said Freeport-McMoRan must stop relying on volunteer workers to keep its Cerro Verde mine in Peru open during a strike or pay a fine  according to documents obtained by Reuters on Tuesday.,topStory
FCX,Freeport-McMoran Inc,20111011,Peru says Cerro Verde must respect strike or pay fine ,LIMA Government labor inspectors said Freeport-McMoRan must stop relying on volunteer workers to keep its Cerro Verde mine open during a strike or pay a fine  according to documents obtained by Reuters on Tuesday.,normal
GDI,Gardner Denver Holdings Inc,20111011,UPDATE 1-Gardner Denver to acquire Italian pump maker ,Oct 11 Gardner Denver Inc   a U.S. manufacturer of compressors and vacuum products for industrial applications  said it will buy Italy-based Robuschi SpA for $207 million to optimize its European manufacturing operations.,topStory
GEK,General Electric Capital Corporation,20111011,FACTBOX-GE  Boeing  Intel CEOs among Obama jobs advisers ,Oct 10 Business leaders advising U.S. President Barack Obama how to create jobs outlined a series of proposals they said could create millions of jobs over several years.,topStory
GE,General Electric Company,20111011,FACTBOX-GE  Boeing  Intel CEOs among Obama jobs advisers ,Oct 10 Business leaders advising U.S. President Barack Obama how to create jobs outlined a series of proposals they said could create millions of jobs over several years.,topStory
GM,General Motors Company,20111011,REFILE-US auto workers split in early voting on Ford pact ,* Chrysler union leaders to meet Wed. on contract progress,topStory
GM,General Motors Company,20111011,Biotech firms warn EU over pace of GM crop approvals ,BRUSSELS Europe's biotechnology industry has warned the European Commission that agricultural imports vital to EU food security are increasingly being put at risk  due to the slow pace of the bloc's approval system for genetically modified (GM) crops.,normal
GM,General Motors Company,20111011,Biotech firms warn EU over pace of GM crop approvals ,* Report urges EU to address backlog of GM crop applications,normal
GEO,Geo Group Inc (The),20111011,Riot erupts at Oklahoma prison  three inmates injured ,OKLAHOMA CITY Police surrounded a private prison in western Oklahoma on Tuesday after inmates took over a dining room  authorities said.,topStory
GS,Goldman Sachs Group Inc (The),20111011,Wall Street protesters target homes of top executives ,NEW YORK Hundreds of anti-Wall Street protesters marched on the New York homes of wealthy executives on Tuesday  triggering one of their targets  billionaire hedge fund manager John Paulson  to defend his wealth. | Video ,topStory
GS,Goldman Sachs Group Inc (The),20111011,UPDATE 1-Goldman lowered tax bill by 10 mln pounds - report ,Oct 11 Goldman Sachs Group Inc managed to lower its tax bill by 10 million pounds last year after having "shaken hands" with a top UK tax official  according to a leaked document and reports in the British press.,normal
GS,Goldman Sachs Group Inc (The),20111011,Goldman lowered tax bill by 10 mln pounds - report ,Oct 11 Goldman Sachs Group Inc managed to lower its tax bill by 10 million pounds last year after having "shaken hands" with a top UK tax official  according to a leaked document and reports in the British press.,normal
GS,Goldman Sachs Group Inc (The),20111011,How Wall Street is responding  or not  to protests ,NEW YORK Since the Occupy Wall Street movement kicked off last month  big banks and their employees seem to have made a point of ignoring it  with some privately writing it off as no more than a badly organized nuisance.,normal
GS,Goldman Sachs Group Inc (The),20111011,How Wall Street is responding  or not  to protests ,NEW YORK Since the Occupy Wall Street movement kicked off last month  big banks and their employees seem to have made a point of ignoring it  with some privately writing it off as no more than a badly organized nuisance.,normal
GS,Goldman Sachs Group Inc (The),20111011,How Wall Street is responding  or not  to protests ,NEW YORK  Oct 11 Since the Occupy Wall Street movement kicked off last month  big banks and their employees seem to have made a point of ignoring it  with some privately writing it off as no more than a badly organized nuisance.,normal
GS,Goldman Sachs Group Inc (The),20111011,Wall St protesters target homes of top executives ,NEW YORK  Oct 11 The Occupy Wall Street movement will take its protests to the New York homes of super-wealthy executives on Tuesday as Goldman Sachs boss Lloyd Blankfein canceled a talk at a college in the city.,normal
GS,Goldman Sachs Group Inc (The),20111011,Goldman Sachs may post third-quarter loss: Citi ,Goldman Sachs Group Inc  will likely record a loss in the third quarter  only the second quarterly loss in the Wall Street titan's history  hurt by weakness across trading and investment banking  equity market declines and wider credit spreads during the period  Citigroup said.,normal
HTZ,Hertz Global Holdings Inc,20111011,Timeline: Bidding war for Dollar Thrifty ,Car rental company Dollar Thrifty Automotive Group  said it had not received any final acquisition proposal from Hertz  or anyone else  meeting anti-trust concerns  by an October 10 deadline.,topStory
HTZ,Hertz Global Holdings Inc,20111011,TIMELINE-Bidding war for Dollar Thrifty ,Oct 11 Car rental company Dollar Thrifty Automotive Group said it had not received any final acquisition proposal from Hertz or anyone else  meeting anti-trust concerns  by an Oct. 10 deadline.,normal
HSBC,HSBC Holdings plc,20111011,HSBC sees Asia trade doubling to $14 trillion by 2025 ,HONG KONG Asia's trade volume will almost double by 2025 and will be the key driver of world trade growth despite current global economic headwinds  HSBC said in a report on Tuesday.,topStory
HSEA,HSBC Holdings plc,20111011,HSBC sees Asia trade doubling to $14 trillion by 2025 ,HONG KONG Asia's trade volume will almost double by 2025 and will be the key driver of world trade growth despite current global economic headwinds  HSBC said in a report on Tuesday.,topStory
HSEB,HSBC Holdings plc,20111011,HSBC sees Asia trade doubling to $14 trillion by 2025 ,HONG KONG Asia's trade volume will almost double by 2025 and will be the key driver of world trade growth despite current global economic headwinds  HSBC said in a report on Tuesday.,topStory
IHG,Intercontinental Hotels Group,20111011,Commods lead FTSE retreat ahead of Slovak vote ,LONDON  Oct 11 Britain's top shares fell on Tuesday  pressured by big falls among energy stocks and miners on lower commodity prices  ahead of the final vote required to extend the euro zone rescue fund.,topStory
IHG,Intercontinental Hotels Group,20111011,Britain's FTSE weighed down by weak commodities ,LONDON  Oct 11 Britain's top shares fell on Tuesday as commodity stocks dragged the index back from support levels and traders said they saw little in the way of near-term catalysts to break it out of a trading range that has lasted two months.,normal
IBM,International Business Machines Corporation,20111011,Marketers struggle to harness social media: survey ,LONDON Marketing chiefs feel overwhelmed by the growing volume of customer data on websites like Facebook and Twitter  and while they realize its potential value they consider themselves ill-equipped to harness it  an IBM study found.,topStory
IBM,International Business Machines Corporation,20111011,Marketers struggle to harness social media - survey ,LONDON  Oct 11 Marketing chiefs feel overwhelmed by the growing volume of customer data on websites like Facebook and Twitter  and while they realise its potential value they consider themselves ill-equipped to harness it  an IBM  study found.,normal
IPG,Interpublic Group of Companies Inc (The),20111011,U.S. ad spending forecast cut on economy worries ,Oct 11 Advertising spending in the United States will grow much less than previously expected next year due to worries about the economy  a leading advertising forecaster said on Tuesday.,topStory
JPM,J P Morgan Chase & Co,20111011,Lehman says JPMorgan botched securities sale ,Oct 11 Lehman Brothers Holdings Inc  accused JPMorgan Chase   its former banker  of mishandling the sale of more than $27 billion worth of securities as Lehman was collapsing in 2008.,topStory
JPM,J P Morgan Chase & Co,20111011,U.S. reveals Volcker rule's murky ban on Wall St bets ,WASHINGTON U.S. regulators unveiled a ban on Wall Street banks' trading for their own profit  but the long-awaited Volcker rule proposal was so complex that banks blasted it as unworkable and consumer groups dismissed it as too weak. | Video ,normal
JPM,J P Morgan Chase & Co,20111011,UPDATE 4-US reveals Volcker rule's murky ban on Wall St bets ,* Curbs expected to hit Goldman  Morgan Stanley  JPMorgan,normal
JPM,J P Morgan Chase & Co,20111011,TEXT-Fitch:Alcoa's CDS move out 138%;JP Morgan widens 95% ,Oct 11- Two high-profile names kick off the latest earnings season on substantially shakier ground  according to Fitch Solutions in its latest earnings commentary.,normal
MCS,Marcus Corporation (The),20111011,DIARY-U.S. MEETINGS / DAY AHEAD ,THOMSON REUTERS  Corporate Meetings for US Companies Tuesday  October 11  2011.	       S&P 500 Earnings - Weekly           S&P 500 Earnings - Day Ahead   	     Non S&P 500 - Weekly               Non S&P 500 - Day Ahead        	     ConferenceCall/Webcast - Weekly    ConferenceCall/Webcast - Day   	     Meetings - Weekly                   S&P 500 Earnings - Monthly     	     Economic Indicators                  Dividends                      	     Daily earnings hits & misses    	     Federal Res,topStory
MA,Mastercard Incorporated,20111011,UAE's Etisalat unveils pay-by-phone system ,DUBAI  Oct 11 UAE telecoms operator Etisalat  on Tuesday unveiled the Middle East's first pay-by-phone system  a move the former monopoly hopes will boost customer loyalty as it tries to arrest falling subscriber market share.,topStory
MCK,McKesson Corporation,20111011,Jury hits Teva  McKesson  Baxter in Propofol case: report ,A Nevada jury ordered a Teva Pharmaceutical Industries Ltd unit and two other healthcare companies to pay $162.5 million in punitive damages to a group of colonoscopy patients who claimed they contracted Hepatitis C from vials of the sedative Propofol  Bloomberg reported on Monday.,topStory
MTL,Mechel PAO,20111011,UPDATE 2-Russian steel firm Mechel's Q2 profit misses forecast ,* Shares off more than 5 percent   (adds share movement  comments from analyst call),topStory
MTL,Mechel PAO,20111011,UPDATE 1-Russia's Mechel Q2 net $192 mln  misses forecast ,MOSCOW  Oct 11 Russian steel and coking coal producer Mechel on Tuesday posted second-quarter net profit of $192 million  below analysts' expectations.,normal
MG,Mistras Group Inc,20111011,DIARY - U.S. Company Conference Call/Webcast for Day Ahead ,THOMSON REUTERS  Corporate Conference Call/Webcast for US Companies for 	     Tuesday  October 11  2011.	     	     S&P 500 Earnings - Weekly           S&P 500 Earnings - Day Ahead        Non S&P 500 - Weekly               Non S&P 500 - Day Ahead        	     ConferenceCall/Webcast - Weekly    S&P 500 Earnings - Monthly     	     Meetings - Weekly                   Meetings - Day Ahead           	     Economic Indicators                  Dividends                      	     Daily earnings hits &,topStory
MCO,Moody&#39;s Corporation,20111011,New Issue-Nederlandse Waterschapsbank sells $1 bln notes ,Oct 11 Nederlandse Waterschapsbank on Tuesday sold $1 billion of three year global notes in the 144a private placement market  said IFR  a Thomson Reuters service.       Barclays Capital  Deutsche Bank  and Morgan Stanley were the joint bookrunning managers for the sale. BORROWER: NEDERLANDSE WATERSCHAPSBANK AMT $1 BLN        COUPON 1.25 PCT     MATURITY 10/20/2014 TYPE NTS          ISS PRICE 99.833    FIRST PAY 4/20/2012 MOODY'S Aaa       YIELD N/A           SETTLEMENT 10/18/2011 S&,topStory
MCO,Moody&#39;s Corporation,20111011,New Issue-GECC adds 350 mln NOK to 2016 bond ,Borrower                General Electric Capital Corporation (GECC),normal
MCO,Moody&#39;s Corporation,20111011,New Issue-Credit Suisse prices 1.25 bln euro 2018 bond ,Lead Manager(s)         ABN  BayernLB  BBVA  Credit Suisse ,normal
MS,Morgan Stanley,20111011,New Issue-Nederlandse Waterschapsbank sells $1 bln notes ,Oct 11 Nederlandse Waterschapsbank on Tuesday sold $1 billion of three year global notes in the 144a private placement market  said IFR  a Thomson Reuters service.       Barclays Capital  Deutsche Bank  and Morgan Stanley were the joint bookrunning managers for the sale. BORROWER: NEDERLANDSE WATERSCHAPSBANK AMT $1 BLN        COUPON 1.25 PCT     MATURITY 10/20/2014 TYPE NTS          ISS PRICE 99.833    FIRST PAY 4/20/2012 MOODY'S Aaa       YIELD N/A           SETTLEMENT 10/18/2011 S&,topStory
NGG,National Grid Transco PLC,20111011,UPDATE 2-UK faces colder-than-normal winter - National Grid ,* Colder-than-normal winter weather forecast for UK  Europe,topStory
NKE,Nike Inc,20111011,Nike eyes $4 billion in China sales by 2015 -- WSJ ,Oct 11  Sports apparel maker Nike Inc has set a target of boosting its annual sales in China to $4 billion by 2015  its chief financial officer told the Wall Street Journal in an interview in Shanghai.,topStory
NMR,Nomura Holdings Inc ADR,20111011,Bain to buy Japan restaurant chain for $3.4 bln -source ,TOKYO  Oct 12 U.S. private equity firm Bain Capital is in the final stages of talks to buy Japanese restaurant chain Skylark Co from an unit of Nomura Holdings Inc  for about 260 billion yen ($3.4 billion)  with the deal expected to be finalised by the end of this month  a source with knowledge of the deal said.,topStory
NMR,Nomura Holdings Inc ADR,20111011,PE firm Bain to buy Japanese restaurant chain: Nikkei ,U.S. private equity firm Bain Capital LLC will buy Japanese family restaurant chain operator Skylark Co from an investment unit of Nomura Holdings Inc  for about 260 billion yen ($3.40 billion)  the Nikkei business daily reported.,normal
NMR,Nomura Holdings Inc ADR,20111011,UPDATE 1-PE firm Bain to buy Japanese restaurant chain-Nikkei ,Oct 12 U.S. private equity firm Bain Capital LLC will buy Japanese family restaurant chain operator Skylark Co from an investment unit of Nomura Holdings Inc for about 260 billion yen ($3.40 billion)  the Nikkei business daily reported.,normal
PTR,PetroChina Company Limited,20111011,PetroChina's Dushanzi refinery back to normal after repairs-source ,BEIJING  Oct 11 PetroChina's   Dushanzi refinery will resume normal operations this week after an almost two-month turnaround  an industry source said on Tuesday.,topStory
PG,Procter & Gamble Company (The),20111011,DIARY-U.S. MEETINGS / DAY AHEAD ,THOMSON REUTERS  Corporate Meetings for US Companies Tuesday  October 11  2011.	       S&P 500 Earnings - Weekly           S&P 500 Earnings - Day Ahead   	     Non S&P 500 - Weekly               Non S&P 500 - Day Ahead        	     ConferenceCall/Webcast - Weekly    ConferenceCall/Webcast - Day   	     Meetings - Weekly                   S&P 500 Earnings - Monthly     	     Economic Indicators                  Dividends                      	     Daily earnings hits & misses    	     Federal Res,topStory
PJH,Prudential Financial Inc,20111011,UPDATE 1-Prudential names McKinsey exec to run asset unit ,Oct 11 Life insurer Prudential Financial on Tuesday named David Hunt  a partner at consultancy McKinsey & Co  as chief executive of its asset management business.,topStory
PJH,Prudential Financial Inc,20111011,Pramerica sets up S$3 bln open-end Asia real estate fund ,SINGAPORE  Oct 11 Pramerica Real Estate Investors  part of U.S.-based Prudential Financial Inc  has set up a S$3 billion ($2.35 billion) open-end property fund by combining three existing funds that own malls in Singapore and Malaysia  the firm said on Tuesday.,normal
PRH,Prudential Financial Inc,20111011,UPDATE 1-Prudential names McKinsey exec to run asset unit ,Oct 11 Life insurer Prudential Financial on Tuesday named David Hunt  a partner at consultancy McKinsey & Co  as chief executive of its asset management business.,topStory
PRH,Prudential Financial Inc,20111011,Pramerica sets up S$3 bln open-end Asia real estate fund ,SINGAPORE  Oct 11 Pramerica Real Estate Investors  part of U.S.-based Prudential Financial Inc  has set up a S$3 billion ($2.35 billion) open-end property fund by combining three existing funds that own malls in Singapore and Malaysia  the firm said on Tuesday.,normal
PRU,Prudential Financial Inc,20111011,UPDATE 1-Prudential names McKinsey exec to run asset unit ,Oct 11 Life insurer Prudential Financial on Tuesday named David Hunt  a partner at consultancy McKinsey & Co  as chief executive of its asset management business.,topStory
PRU,Prudential Financial Inc,20111011,Pramerica sets up S$3 bln open-end Asia real estate fund ,SINGAPORE  Oct 11 Pramerica Real Estate Investors  part of U.S.-based Prudential Financial Inc  has set up a S$3 billion ($2.35 billion) open-end property fund by combining three existing funds that own malls in Singapore and Malaysia  the firm said on Tuesday.,normal
RIO,Rio Tinto Plc,20111011,Energy Resources of Australia says to raise A$500 mln ,SYDNEY  Oct 12 Uranium miner Energy Resources of Australia plans to raise A$500 million to improve water waste disposal operations and pay for exploration work to expand mining.,topStory
RIO,Rio Tinto Plc,20111011,RPT-UPDATE 1-Rio Tinto CEO sees little change in China ore demand ,* Albanese says sees continued robust business conditions in China,normal
RIO,Rio Tinto Plc,20111011,Rio Tinto CEO says sees little change in China ore demand ,SEOUL  Oct 11 Rio Tinto's  chief executive said on Tuesday that he did not see a significant change in China's demand for iron ore despite investor concerns about slowing steel demand in the country and weak advanced economies.,normal
SLB,Schlumberger NV,20111011,UPDATE 1-Western oil groups eye Myanmar changes cautiously ,LONDON  Oct 11 International energy groups are unlikely to rapidly expand their activities in autocratic Myanmar after recent signs of political change in the country  which holds valuable reserves of oil and gas.,topStory
SLB,Schlumberger NV,20111011,Schlumberger back in Libya soon-chairman ,LONDON  Oct 11 U.S.-based oil services company Schlumberger will be returning to Libya shortly said chairman Andrew Gould  speaking on the sidelines of the Oil & Money Conference in London on Tuesday.,normal
SNE,Sony Corp Ord,20111011,Sony sees "murky" holiday sales outlook ,Tokyo Sony Corp sees little cheer in the normally robust year-end shopping season amid global consumer gloom and has few options to cope with the euro's tumble against the yen  a senior official said.,topStory
SO,Southern Company (The),20111011,New Issue-Mississippi Power sells $300 mln in 2 parts ,Oct 11 Mississippi Power Co   a unit of Southern Company on Tuesday sold $300 million of senior unsecured notes in two parts  said IFR  a Thomson Reuters service.      Barclays Capital  Deutsche Bank  and Mitsubishi were the joint bookrunning managers of the five-year issue. Barclays Capital  Deutsche Bank  and Scotia Capital were the joint bookrunners of the 30-year tranche. BORROWER: MISSISSIPPI POWER CO TRANCHE 1 AMT $150 MLN      COUPON 2.35 PCT     MATURITY 10/15/2016 TYPE SR NT,topStory
SOJA,Southern Company (The),20111011,New Issue-Mississippi Power sells $300 mln in 2 parts ,Oct 11 Mississippi Power Co   a unit of Southern Company on Tuesday sold $300 million of senior unsecured notes in two parts  said IFR  a Thomson Reuters service.      Barclays Capital  Deutsche Bank  and Mitsubishi were the joint bookrunning managers of the five-year issue. Barclays Capital  Deutsche Bank  and Scotia Capital were the joint bookrunners of the 30-year tranche. BORROWER: MISSISSIPPI POWER CO TRANCHE 1 AMT $150 MLN      COUPON 2.35 PCT     MATURITY 10/15/2016 TYPE SR NT,topStory
SOJB,Southern Company (The),20111011,New Issue-Mississippi Power sells $300 mln in 2 parts ,Oct 11 Mississippi Power Co   a unit of Southern Company on Tuesday sold $300 million of senior unsecured notes in two parts  said IFR  a Thomson Reuters service.      Barclays Capital  Deutsche Bank  and Mitsubishi were the joint bookrunning managers of the five-year issue. Barclays Capital  Deutsche Bank  and Scotia Capital were the joint bookrunners of the 30-year tranche. BORROWER: MISSISSIPPI POWER CO TRANCHE 1 AMT $150 MLN      COUPON 2.35 PCT     MATURITY 10/15/2016 TYPE SR NT,topStory
S,Sprint Corporation,20111011,Verizon denies Clearwire talks  eyes LTE devices ,SAN DIEGO The chief executive of Verizon Wireless denied on Tuesday the No. 1 U.S. mobile service is talking with Clearwire Corp about the possibility of using the smaller operator's wireless airwaves in high-demand areas.,topStory
S,Sprint Corporation,20111011,FBR adds Sprint Nextel to top picks ,Despite investor concerns over Sprint Nextel's  fund raising plans  analysts at FBR said the No.3 U.S. mobile operator's faster 4G network build up and higher sales of Apple Inc's  iPhones will drive its $4.2 billion funding gap through 2013.,normal
S,Sprint Corporation,20111011,Apple's iPhone 4S breaks early order record ,People who want the new $200 Apple iPhone 4S may have to get in line on Friday because U.S. wireless phone carriers appear to have sold out.,normal
SU,Suncor Energy  Inc,20111011,UPDATE 2-Suncor Edmonton refinery output cut for two weeks ,CALGARY  Alberta  Oct 11 Suncor Energy Inc said on Tuesday that its 135 000 barrel per day refinery in Edmonton  Alberta  will operate at reduced rates for the next two weeks because of a disruption to its hydrogen supplies.,topStory
SUN,Sunoco LP,20111011,UPDATE 1-Sunoco's Marcus Hook FCC in unplanned shutdown-trade ,* Other units at Sunoco refinery were already shut     * Regional gasoline market is tight      Oct 11 Sunoco Inc shut a fluid catalytic cracker at its 178 000 barrels-per-day Marcus Hook  Pennsylvania  refinery for unplanned maintenance on Tuesday  said trade sources.     Other units  including an atmospheric crude distillation unit and a reformer were already under maintenance when the unit was taken down.     A Sunoco spokesman was not immediately available for comment.     Atlant,topStory
TEVA,Teva Pharmaceutical Industries Limited,20111011,Jury hits Teva  McKesson  Baxter in Propofol case: report ,A Nevada jury ordered a Teva Pharmaceutical Industries Ltd unit and two other healthcare companies to pay $162.5 million in punitive damages to a group of colonoscopy patients who claimed they contracted Hepatitis C from vials of the sedative Propofol  Bloomberg reported on Monday.,topStory
TRI,Thomson Reuters Corp,20111011,UPDATE 3-Givaudan confident despite 9-month sales drop ,* 9-month sales 2.971 bln francs vs 2.996 bln Sfr forecast,topStory
TOT,Total SA,20111011,Uganda parliament votes to delay Tullow Oil asset sale ,KAMPALA  Oct 11 Uganda's parliament voted on Tuesday to ask the government to delay completion of British explorer Tullow Oil's sale of stakes in local interests to develop oilfields until the country has all necessary oil laws in place.,topStory
TOT,Total SA,20111011,UPDATE 1-Western oil groups eye Myanmar changes cautiously ,LONDON  Oct 11 International energy groups are unlikely to rapidly expand their activities in autocratic Myanmar after recent signs of political change in the country  which holds valuable reserves of oil and gas.,normal
TOT,Total SA,20111011,Uganda delays Tullow Oil asset stake sales ,KAMPALA  Oct 11 Uganda's parliament voted on Tuesday to delay the completion of UK explorer Tullow Oil's  sale of stakes in its interests to develop oilfields to China's CNOOC and France's Total until a capital gains tax dispute is resolved.,normal
TM,Toyota Motor Corp Ltd Ord,20111011,Nikon  Toyota halt Thai factories due to flooding ,TOKYO  Oct 11 Nikon Corp said on Tuesday that it has halted a digital SLR camera production site in Thailand due to flooding on Oct. 6  and that it does not know when production will resume.,topStory
VR,Validus Holdings Ltd,20111011,UPDATE 4-Enstar is fourth Transatlantic bidder -source ,Oct 11 Bermuda-based reinsurer Transatlantic Holdings Inc   which has been at the center of a months-long buyout battle  said it entered talks and signed a confidentiality agreement with a fourth  unnamed  suitor.,topStory
VR,Validus Holdings Ltd,20111011,Timeline: Bidding race for reinsurer Transatlantic ,Reinsurer Transatlantic Holdings   once controlled by American International Group Inc   said it entered talks with a fourth  unnamed  suitor.,normal
VR,Validus Holdings Ltd,20111011,TIMELINE-Bidding race for reinsurer Transatlantic ,Oct 11 Reinsurer Transatlantic Holdings   once controlled by American International Group Inc   said it entered talks with a fourth  unnamed  suitor.,normal
WMT,Wal-Mart Stores Inc,20111011,Wal-Mart workers detained in China pork probe ,Oct 11 Some Wal-Mart Stores Inc  associates have been detained in China and 13 stores in Chongqing remain temporarily closed as the local government investigates whether Wal-Mart's stores in that southwest city knowingly sold ordinary pork as organic pork.,topStory
WMT,Wal-Mart Stores Inc,20111011,Wal-Mart  Facebook unveil partnership ,Wal-Mart Stores Inc and Facebook Inc unveiled a partnership on Tuesday to help the world's largest retailer connect customers with its local stores.,normal
WMT,Wal-Mart Stores Inc,20111011,Wal-Mart  Facebook unveil partnership ,Oct 11 Wal-Mart Stores Inc and Facebook Inc unveiled a partnership on Tuesday to help the world's largest retailer connect customers with its local stores.,normal
WFC,Wells Fargo & Company,20111011,Wall St gurus reach the limit  scale back on stocks ,* Biggest shift for Morgan Stanley Smith Barney since 2009,topStory
