GOOG,Alphabet Inc,20110905,German court bans sales of Samsung's new 7.7-inch tablet ,SEOUL Samsung Electronics Co has stopped promoting its new tablet computer at Europe's biggest consumer electronics fair after a court-ordered sales injunction in Germany  the latest setback in its global patent battle with Apple Inc.,topStory
GOOG,Alphabet Inc,20110905,PRESS DIGEST - Wall Street Journal - Sept 5 , Sept 5 The following were the top stories in The Wall Street Journal on Monday. Reuters has not verified these stories and does not vouch for their accuracy.,normal
GOOG,Alphabet Inc,20110905,MAJOR FUND INDUSTRY NEWS IN ASIA FOR WEEK ENDING SEPT 2  2011 , HONG KONG  Sept 5 News and developments in Asia mutual fund and hedge fund industry from Reuters News for the week ending September 2.,normal
GOOG,Alphabet Inc,20110905,ASIA PRIVATE EQUITY WEEKLY NEWS  SEPTEMBER 5  2011 , HONG KONG  September 5 News and developments in Asia private equity from Reuters News for the week ending Sept. 2.,normal
GOOG,Alphabet Inc,20110905,German court bans sales of Samsung's new 7.7-inch tablet , SEOUL  Sept 5 Samsung Electronics Co  has stopped promoting its new tablet computer at Europe's biggest consumer electronics fair after a court-ordered sales injunction in Germany  the latest setback in its global patent battle with Apple Inc .,normal
AMZN,Amazoncom Inc,20110905,PRESS DIGEST - New York Times business news - Sept 5 , Sept 5 The following were the top stories in The New York Times business pages on Monday. Reuters has not verified these stories and does not vouch for their accuracy.,topStory
AMZN,Amazoncom Inc,20110905,PRESS DIGEST - Wall Street Journal - Sept 5 , Sept 5 The following were the top stories in The Wall Street Journal on Monday. Reuters has not verified these stories and does not vouch for their accuracy.,normal
AAPL,Apple Inc,20110905,App finds restaurants using your smartphone ,BANGKOK Tired of digging through long-winded restaurant reviews to find a great meal? Next time  turn to your smartphone where personalized search engines will lead your stomach in the right direction.,topStory
AAPL,Apple Inc,20110905,App finds restaurants using your smartphone ,BANGKOK Tired of digging through long-winded restaurant reviews to find a great meal? Next time  turn to your smartphone where personalized search engines will lead your stomach in the right direction.,normal
AAPL,Apple Inc,20110905,App finds restaurants using your smartphone , BANGKOK  Sept 5 Tired of digging through long-winded restaurant reviews to find a great meal? Next time  turn to your smartphone where personalized search engines will lead your stomach in the right direction.,normal
AAPL,Apple Inc,20110905,HP exec says PC unit spinoff "best value" ,BEIJING A spin-off of Hewlett-Packard Co's PC unit would be the best value for shareholders  according to the head of its PC division  who added that tablet computing was "relevant" to the future market for any spinoff.,normal
AAPL,Apple Inc,20110905,CORRECTED-UPDATE 1-HP exec says PC unit spinoff "best value" , (Corrects Aug. 30 story to make clear in the headline and text that the HP executive did not say the TouchPad tablet would be resurrected but said a tablet could be an option for a spin-off company),normal
AAPL,Apple Inc,20110905,German court bans sales of Samsung's new 7.7-inch tablet ,SEOUL Samsung Electronics Co has stopped promoting its new tablet computer at Europe's biggest consumer electronics fair after a court-ordered sales injunction in Germany  the latest setback in its global patent battle with Apple Inc.,normal
AAPL,Apple Inc,20110905,PRESS DIGEST - New York Times business news - Sept 5 , Sept 5 The following were the top stories in The New York Times business pages on Monday. Reuters has not verified these stories and does not vouch for their accuracy.,normal
AAPL,Apple Inc,20110905,PRESS DIGEST - Wall Street Journal - Sept 5 , Sept 5 The following were the top stories in The Wall Street Journal on Monday. Reuters has not verified these stories and does not vouch for their accuracy.,normal
AAPL,Apple Inc,20110905,German court bans sales of Samsung's new 7.7-inch tablet , SEOUL  Sept 5 Samsung Electronics Co  has stopped promoting its new tablet computer at Europe's biggest consumer electronics fair after a court-ordered sales injunction in Germany  the latest setback in its global patent battle with Apple Inc .,normal
TAPR,Barclays Inverse US Treasury Composite ETN,20110905,Barclays first bank to lend to UK marine energy , * Barclays signs 3.4 million pound loan with Aquamarine Power,topStory
TAPR,Barclays Inverse US Treasury Composite ETN,20110905,UPDATE 1-Implats says Zimbabwe ownership talks "ongoing" , * Zimbabwe government cannot afford to buy stakes   (Adds background),normal
TAPR,Barclays Inverse US Treasury Composite ETN,20110905,NEW ISSUE-Union Bank of India to meet investors for offshore bond , HONG KONG/MUMBAI  Sept 5 State-run Union Bank of India will kick off investor meetings on Tuesday in London followed by Singapore and Hong Kong this week for a potential offshore bond issue  a top executive said.,normal
TAPR,Barclays Inverse US Treasury Composite ETN,20110905,Moody's keeps UK banks on review for potential cut , * RBS  Lloyds among host of firms that Moody's is reviewing,normal
TAPR,Barclays Inverse US Treasury Composite ETN,20110905,ASIA PRIVATE EQUITY WEEKLY NEWS  SEPTEMBER 5  2011 , HONG KONG  September 5 News and developments in Asia private equity from Reuters News for the week ending Sept. 2.,normal
DLBL,Barclays PLC,20110905,Barclays first bank to lend to UK marine energy , * Barclays signs 3.4 million pound loan with Aquamarine Power,topStory
DLBL,Barclays PLC,20110905,UPDATE 1-Implats says Zimbabwe ownership talks "ongoing" , * Zimbabwe government cannot afford to buy stakes   (Adds background),normal
DLBL,Barclays PLC,20110905,NEW ISSUE-Union Bank of India to meet investors for offshore bond , HONG KONG/MUMBAI  Sept 5 State-run Union Bank of India will kick off investor meetings on Tuesday in London followed by Singapore and Hong Kong this week for a potential offshore bond issue  a top executive said.,normal
DLBL,Barclays PLC,20110905,Moody's keeps UK banks on review for potential cut , * RBS  Lloyds among host of firms that Moody's is reviewing,normal
DLBL,Barclays PLC,20110905,ASIA PRIVATE EQUITY WEEKLY NEWS  SEPTEMBER 5  2011 , HONG KONG  September 5 News and developments in Asia private equity from Reuters News for the week ending Sept. 2.,normal
DTYL,Barclays PLC,20110905,Barclays first bank to lend to UK marine energy , * Barclays signs 3.4 million pound loan with Aquamarine Power,topStory
DTYL,Barclays PLC,20110905,UPDATE 1-Implats says Zimbabwe ownership talks "ongoing" , * Zimbabwe government cannot afford to buy stakes   (Adds background),normal
DTYL,Barclays PLC,20110905,NEW ISSUE-Union Bank of India to meet investors for offshore bond , HONG KONG/MUMBAI  Sept 5 State-run Union Bank of India will kick off investor meetings on Tuesday in London followed by Singapore and Hong Kong this week for a potential offshore bond issue  a top executive said.,normal
DTYL,Barclays PLC,20110905,Moody's keeps UK banks on review for potential cut , * RBS  Lloyds among host of firms that Moody's is reviewing,normal
DTYL,Barclays PLC,20110905,ASIA PRIVATE EQUITY WEEKLY NEWS  SEPTEMBER 5  2011 , HONG KONG  September 5 News and developments in Asia private equity from Reuters News for the week ending Sept. 2.,normal
CME,CME Group Inc,20110905,Global iron ore derivatives trade tops $1 bln in August - TSI , SHANGHAI  Sept 5 The volume of iron ore financial derivatives cleared against The Steel Index (TSI) hit a fresh record of more than 6.6 million tonnes in August  topping $1 billion in a single month for the first time  TSI said on Monday.,topStory
CMCSA,Comcast Corporation,20110905,UPDATE 1-'The Help' wins box office  summer hits record , * Summer sales break Hollywood record  (Adds details on top five films  summer sales totals),topStory
CMCSA,Comcast Corporation,20110905,The top films at the North American box office , LOS ANGELES  Sept 5 Following are the top 10 movies at the North American box office for the four days over the U.S. holiday weekend beginning on Sept. 2  with civil rights-era drama "The Help" in the No. 1 spot  according to studio estimates compiled on Monday by Reuters.,normal
CMCSA,Comcast Corporation,20110905,'The Help' wins holiday weekend box office , LOS ANGELES  Sept 5 The housekeepers of "The Help" kept their hold on the top of the domestic box office by beating three new releases over the U.S. holiday weekend  according to studio estimates released on Monday.,normal
ERIC,Ericsson,20110905,Nokia Siemens wins network deal in Malta , HELSINKI  Sept 5 Telecom equipment vendor Nokia Siemens Networks said on Monday it has won an order to replace and expand mobile networks of operator Go in Malta.,topStory
FSLR,First Solar Inc,20110905,Europe solar power to be competitive by 2020 -EPIA , * PV generation costs could fall to 0.08-0.18 eur/kWh by 2020,topStory
INTC,Intel Corporation,20110905,S.Korea-Market Factors to watch Sept 6 , SEOUL  Sept 6  Following is a list of events in South Korea as well as news stories and press reports which may influence financial markets. (Reuters News welcomes your feedback and for any queries  please contact the Seoul newsroom at +822 3704 5640 or via email at kr.rtrs@gmail.com)     	 WHAT IS HAPPENING IN KOREA (Times local  GMT +9 hrs) 	 >0800 Finance Ministry will give issue its "Green Book:  its monthly assessment on the economy ahead of the Bank of Korea rate meeting th,topStory
INTC,Intel Corporation,20110905,HP exec says PC unit spinoff "best value" ,BEIJING A spin-off of Hewlett-Packard Co's PC unit would be the best value for shareholders  according to the head of its PC division  who added that tablet computing was "relevant" to the future market for any spinoff.,normal
INTC,Intel Corporation,20110905,CORRECTED-UPDATE 1-HP exec says PC unit spinoff "best value" , (Corrects Aug. 30 story to make clear in the headline and text that the HP executive did not say the TouchPad tablet would be resurrected but said a tablet could be an option for a spin-off company),normal
DTYS,iPath US Treasury 10-year Bear ETN,20110905,Barclays first bank to lend to UK marine energy , * Barclays signs 3.4 million pound loan with Aquamarine Power,topStory
DTYS,iPath US Treasury 10-year Bear ETN,20110905,UPDATE 1-Implats says Zimbabwe ownership talks "ongoing" , * Zimbabwe government cannot afford to buy stakes   (Adds background),normal
DTYS,iPath US Treasury 10-year Bear ETN,20110905,NEW ISSUE-Union Bank of India to meet investors for offshore bond , HONG KONG/MUMBAI  Sept 5 State-run Union Bank of India will kick off investor meetings on Tuesday in London followed by Singapore and Hong Kong this week for a potential offshore bond issue  a top executive said.,normal
DTYS,iPath US Treasury 10-year Bear ETN,20110905,Moody's keeps UK banks on review for potential cut , * RBS  Lloyds among host of firms that Moody's is reviewing,normal
DTYS,iPath US Treasury 10-year Bear ETN,20110905,ASIA PRIVATE EQUITY WEEKLY NEWS  SEPTEMBER 5  2011 , HONG KONG  September 5 News and developments in Asia private equity from Reuters News for the week ending Sept. 2.,normal
DTUS,iPath US Treasury 2-year Bear ETN,20110905,Barclays first bank to lend to UK marine energy , * Barclays signs 3.4 million pound loan with Aquamarine Power,topStory
DTUS,iPath US Treasury 2-year Bear ETN,20110905,UPDATE 1-Implats says Zimbabwe ownership talks "ongoing" , * Zimbabwe government cannot afford to buy stakes   (Adds background),normal
DTUS,iPath US Treasury 2-year Bear ETN,20110905,NEW ISSUE-Union Bank of India to meet investors for offshore bond , HONG KONG/MUMBAI  Sept 5 State-run Union Bank of India will kick off investor meetings on Tuesday in London followed by Singapore and Hong Kong this week for a potential offshore bond issue  a top executive said.,normal
DTUS,iPath US Treasury 2-year Bear ETN,20110905,Moody's keeps UK banks on review for potential cut , * RBS  Lloyds among host of firms that Moody's is reviewing,normal
DTUS,iPath US Treasury 2-year Bear ETN,20110905,ASIA PRIVATE EQUITY WEEKLY NEWS  SEPTEMBER 5  2011 , HONG KONG  September 5 News and developments in Asia private equity from Reuters News for the week ending Sept. 2.,normal
DTUL,iPath US Treasury 2-year Bull ETN,20110905,Barclays first bank to lend to UK marine energy , * Barclays signs 3.4 million pound loan with Aquamarine Power,topStory
DTUL,iPath US Treasury 2-year Bull ETN,20110905,UPDATE 1-Implats says Zimbabwe ownership talks "ongoing" , * Zimbabwe government cannot afford to buy stakes   (Adds background),normal
DTUL,iPath US Treasury 2-year Bull ETN,20110905,NEW ISSUE-Union Bank of India to meet investors for offshore bond , HONG KONG/MUMBAI  Sept 5 State-run Union Bank of India will kick off investor meetings on Tuesday in London followed by Singapore and Hong Kong this week for a potential offshore bond issue  a top executive said.,normal
DTUL,iPath US Treasury 2-year Bull ETN,20110905,Moody's keeps UK banks on review for potential cut , * RBS  Lloyds among host of firms that Moody's is reviewing,normal
DTUL,iPath US Treasury 2-year Bull ETN,20110905,ASIA PRIVATE EQUITY WEEKLY NEWS  SEPTEMBER 5  2011 , HONG KONG  September 5 News and developments in Asia private equity from Reuters News for the week ending Sept. 2.,normal
DFVS,iPath US Treasury 5-year Bear ETN,20110905,Barclays first bank to lend to UK marine energy , * Barclays signs 3.4 million pound loan with Aquamarine Power,topStory
DFVS,iPath US Treasury 5-year Bear ETN,20110905,UPDATE 1-Implats says Zimbabwe ownership talks "ongoing" , * Zimbabwe government cannot afford to buy stakes   (Adds background),normal
DFVS,iPath US Treasury 5-year Bear ETN,20110905,NEW ISSUE-Union Bank of India to meet investors for offshore bond , HONG KONG/MUMBAI  Sept 5 State-run Union Bank of India will kick off investor meetings on Tuesday in London followed by Singapore and Hong Kong this week for a potential offshore bond issue  a top executive said.,normal
DFVS,iPath US Treasury 5-year Bear ETN,20110905,Moody's keeps UK banks on review for potential cut , * RBS  Lloyds among host of firms that Moody's is reviewing,normal
DFVS,iPath US Treasury 5-year Bear ETN,20110905,ASIA PRIVATE EQUITY WEEKLY NEWS  SEPTEMBER 5  2011 , HONG KONG  September 5 News and developments in Asia private equity from Reuters News for the week ending Sept. 2.,normal
DFVL,iPath US Treasury 5-year Bull ETN,20110905,Barclays first bank to lend to UK marine energy , * Barclays signs 3.4 million pound loan with Aquamarine Power,topStory
DFVL,iPath US Treasury 5-year Bull ETN,20110905,UPDATE 1-Implats says Zimbabwe ownership talks "ongoing" , * Zimbabwe government cannot afford to buy stakes   (Adds background),normal
DFVL,iPath US Treasury 5-year Bull ETN,20110905,NEW ISSUE-Union Bank of India to meet investors for offshore bond , HONG KONG/MUMBAI  Sept 5 State-run Union Bank of India will kick off investor meetings on Tuesday in London followed by Singapore and Hong Kong this week for a potential offshore bond issue  a top executive said.,normal
DFVL,iPath US Treasury 5-year Bull ETN,20110905,Moody's keeps UK banks on review for potential cut , * RBS  Lloyds among host of firms that Moody's is reviewing,normal
DFVL,iPath US Treasury 5-year Bull ETN,20110905,ASIA PRIVATE EQUITY WEEKLY NEWS  SEPTEMBER 5  2011 , HONG KONG  September 5 News and developments in Asia private equity from Reuters News for the week ending Sept. 2.,normal
FLAT,iPath US Treasury Flattener ETN,20110905,Barclays first bank to lend to UK marine energy , * Barclays signs 3.4 million pound loan with Aquamarine Power,topStory
FLAT,iPath US Treasury Flattener ETN,20110905,UPDATE 1-Implats says Zimbabwe ownership talks "ongoing" , * Zimbabwe government cannot afford to buy stakes   (Adds background),normal
FLAT,iPath US Treasury Flattener ETN,20110905,NEW ISSUE-Union Bank of India to meet investors for offshore bond , HONG KONG/MUMBAI  Sept 5 State-run Union Bank of India will kick off investor meetings on Tuesday in London followed by Singapore and Hong Kong this week for a potential offshore bond issue  a top executive said.,normal
FLAT,iPath US Treasury Flattener ETN,20110905,Moody's keeps UK banks on review for potential cut , * RBS  Lloyds among host of firms that Moody's is reviewing,normal
FLAT,iPath US Treasury Flattener ETN,20110905,ASIA PRIVATE EQUITY WEEKLY NEWS  SEPTEMBER 5  2011 , HONG KONG  September 5 News and developments in Asia private equity from Reuters News for the week ending Sept. 2.,normal
DLBS,iPath US Treasury Long Bond Bear ETN,20110905,Barclays first bank to lend to UK marine energy , * Barclays signs 3.4 million pound loan with Aquamarine Power,topStory
DLBS,iPath US Treasury Long Bond Bear ETN,20110905,UPDATE 1-Implats says Zimbabwe ownership talks "ongoing" , * Zimbabwe government cannot afford to buy stakes   (Adds background),normal
DLBS,iPath US Treasury Long Bond Bear ETN,20110905,NEW ISSUE-Union Bank of India to meet investors for offshore bond , HONG KONG/MUMBAI  Sept 5 State-run Union Bank of India will kick off investor meetings on Tuesday in London followed by Singapore and Hong Kong this week for a potential offshore bond issue  a top executive said.,normal
DLBS,iPath US Treasury Long Bond Bear ETN,20110905,Moody's keeps UK banks on review for potential cut , * RBS  Lloyds among host of firms that Moody's is reviewing,normal
DLBS,iPath US Treasury Long Bond Bear ETN,20110905,ASIA PRIVATE EQUITY WEEKLY NEWS  SEPTEMBER 5  2011 , HONG KONG  September 5 News and developments in Asia private equity from Reuters News for the week ending Sept. 2.,normal
STPP,iPath US Treasury Steepener ETN,20110905,Barclays first bank to lend to UK marine energy , * Barclays signs 3.4 million pound loan with Aquamarine Power,topStory
STPP,iPath US Treasury Steepener ETN,20110905,UPDATE 1-Implats says Zimbabwe ownership talks "ongoing" , * Zimbabwe government cannot afford to buy stakes   (Adds background),normal
STPP,iPath US Treasury Steepener ETN,20110905,NEW ISSUE-Union Bank of India to meet investors for offshore bond , HONG KONG/MUMBAI  Sept 5 State-run Union Bank of India will kick off investor meetings on Tuesday in London followed by Singapore and Hong Kong this week for a potential offshore bond issue  a top executive said.,normal
STPP,iPath US Treasury Steepener ETN,20110905,Moody's keeps UK banks on review for potential cut , * RBS  Lloyds among host of firms that Moody's is reviewing,normal
STPP,iPath US Treasury Steepener ETN,20110905,ASIA PRIVATE EQUITY WEEKLY NEWS  SEPTEMBER 5  2011 , HONG KONG  September 5 News and developments in Asia private equity from Reuters News for the week ending Sept. 2.,normal
LBTYA,Liberty Global plc,20110905,UPDATE 1-Liberty Global's UPC cleared to buy Polish rival , * Has to sell overlapping network   (Adds detail  quote),topStory
LBTYA,Liberty Global plc,20110905,Liberty Global's UPC cleared to buy Polish rival , WARSAW  Sept 5 Liberty Global's UPC has received a conditional clearance from Poland's competition watchdog UOKiK for its 870 million zlotys  ($295 million) purchase of cable TV operator Aster  UOKiK's spokeswoman said on Monday.,normal
MU,Micron Technology Inc,20110905,UPDATE 1-TowerJazz teams up with Samsung to make chips , * TowerJazz sees $50 mln annual revenue from platform by 2014,topStory
MSFT,Microsoft Corporation,20110905,EU mergers and takeovers (Sept 5) , BRUSSELS  Sept 5 The following are mergers under review by the European Commission and a brief guide to the EU merger process:,topStory
MSFT,Microsoft Corporation,20110905,PRESS DIGEST - British business - Sept 5 , The founder of Pimco  the world's biggest bond fund  has urged British finance minister George Osborne to change course on his deficit reduction strategy  warning that the austerity measures risk pushing Britain's economy into recession.,normal
NWSA,News Corporation,20110905,Former News Corp executives to face hacking committee ,LONDON Four former executives from News Corp's UK newspaper arm will appear before a powerful parliamentary committee on Tuesday in the ongoing hunt to establish who knew what about phone hacking and whether James Murdoch did enough to uncover the scandal.,topStory
NWSA,News Corporation,20110905,Former News Corp execs to face hacking committee , * Four executives to face questioning over what they knew,normal
NWSA,News Corporation,20110905,UPDATE 1-'The Help' wins box office  summer hits record , * Summer sales break Hollywood record  (Adds details on top five films  summer sales totals),normal
NWSA,News Corporation,20110905,The top films at the North American box office , LOS ANGELES  Sept 5 Following are the top 10 movies at the North American box office for the four days over the U.S. holiday weekend beginning on Sept. 2  with civil rights-era drama "The Help" in the No. 1 spot  according to studio estimates compiled on Monday by Reuters.,normal
NWSA,News Corporation,20110905,News Corp to sell News of the World site ,LONDON News International  the British newspaper wing of Rupert Murdoch's News Corp  has put its former Wapping home up for sale  abandoning a plan to remodel the 15-acre site in east London that housed the News of the World.,normal
NWSA,News Corporation,20110905,UPDATE 3-News Corp to sell News of the World site , * Developer Marcus Cooper shows interest in development,normal
NWSA,News Corporation,20110905,'The Help' wins holiday weekend box office , LOS ANGELES  Sept 5 The housekeepers of "The Help" kept their hold on the top of the domestic box office by beating three new releases over the U.S. holiday weekend  according to studio estimates released on Monday.,normal
NWSA,News Corporation,20110905,Developer Cooper Group looking at News Corp Wapping site , LONDON  Sept 5 London property developer Marcus Cooper is interested in buying the former Wapping home of News International to develop a residential-led scheme on the 15-acre site.,normal
NWSA,News Corporation,20110905,Tony Blair godfather to Murdoch's daughter - Vogue , LONDON  Sept 5 Former British Prime Minister Tony Blair is godfather to one of Rupert Murdoch's children  fashion magazine Vogue said on Monday  raising fresh questions about close ties between the media tycoon and British politicians.,normal
NWSA,News Corporation,20110905,PRESS DIGEST - Wall Street Journal - Sept 5 , Sept 5 The following were the top stories in The Wall Street Journal on Monday. Reuters has not verified these stories and does not vouch for their accuracy.,normal
RYAAY,Ryanair Holdings plc,20110905,Ryanair says August passenger numbers up 6 pct yr/yr , DUBLIN  Sept 5 Ryanair   Europe's largest low-cost airline  saw passenger numbers increase to 8.14 million in August  a 6 percent increase from a year ago  the company said on Monday.   	   Ryanair said its load factor -- a measure of how well the carrier is selling available seats -- was 89 percent for the month  unchanged from August 2010. 	 	  (Reporting by Conor Humphries; Editing by Dan Lalor),topStory
TSEM,Tower Semiconductor Ltd,20110905,UPDATE 1-TowerJazz teams up with Samsung to make chips , * TowerJazz sees $50 mln annual revenue from platform by 2014,topStory
TSEM,Tower Semiconductor Ltd,20110905,Israel's TowerJazz  Samsung in strategic partnership , * Chips to be used in adapters  battery chargers  LED lighting,normal
VOD,Vodafone Group Plc,20110905,Kenya says seeks partners for 4G network , NAIROBI  Sept 5 Kenya invited investors interested in partnering with it to build a super-fast  fourth-generation Long Term Evolution (LTE) services network  as it plans to ramp up investment in the country's telecoms industry.,topStory
Z,Zillow Group Inc,20110905,Tech IPOs could lead the way post-Labor Day ,NEW YORK It's been a rough summer for U.S. initial public offerings after the stock market nosedived  but tech issues could see strong demand after bankers and fund managers return from vacation in September.,topStory
AEUA,Anadarko Petroleum Corporation,20110905,Weather hampering post-Lee U.S. Gulf oil restarts ,HOUSTON Several offshore oil and gas producers said on Monday that high winds and rough seas off Louisiana's coast prevented full-out restaffing and restarting Gulf of Mexico platforms that were shut and evacuated last week as Tropical Storm Lee approached.,topStory
AEUA,Anadarko Petroleum Corporation,20110905,UPDATE 1-Weather hampering post-Lee U.S. Gulf oil restarts , * LOOP says high seas prevent tankers from docking  (Recasts  updates with more detail  shut-in statistics),normal
AEUA,Anadarko Petroleum Corporation,20110905,WRAPUP 2-Storm Lee threatens US Southeast with heavy rains , (Updates location  strength of Katia in paragraphs 21-22),normal
AEUA,Anadarko Petroleum Corporation,20110905,WRAPUP 8-New Orleans holds up as Lee loses strength , * Mississippi  Alabama and Tennessee could see floods  (Adds downgrade to tropical depression  Texas fires),normal
APC,Anadarko Petroleum Corporation,20110905,Weather hampering post-Lee U.S. Gulf oil restarts ,HOUSTON Several offshore oil and gas producers said on Monday that high winds and rough seas off Louisiana's coast prevented full-out restaffing and restarting Gulf of Mexico platforms that were shut and evacuated last week as Tropical Storm Lee approached.,topStory
APC,Anadarko Petroleum Corporation,20110905,UPDATE 1-Weather hampering post-Lee U.S. Gulf oil restarts , * LOOP says high seas prevent tankers from docking  (Recasts  updates with more detail  shut-in statistics),normal
APC,Anadarko Petroleum Corporation,20110905,WRAPUP 2-Storm Lee threatens US Southeast with heavy rains , (Updates location  strength of Katia in paragraphs 21-22),normal
APC,Anadarko Petroleum Corporation,20110905,WRAPUP 8-New Orleans holds up as Lee loses strength , * Mississippi  Alabama and Tennessee could see floods  (Adds downgrade to tropical depression  Texas fires),normal
APA,Apache Corporation,20110905,FACTBOX-US Gulf offshore oilpatch slowly returning , Sept 5 Oil and natural gas producers in U.S.-regulated areas of the Gulf of Mexico said heavy winds from Tropical Storm Lee's remains were preventing helicopters and ships from returning workers to the offshore oil patch on Monday  slowing the restoration of production.,topStory
APA,Apache Corporation,20110905,Apache: Weather hampering U.S. Gulf restaffing , HOUSTON  Sept 5 High winds and rough seas along Louisiana's coast on Monday hampered Apache Corp's  efforts to restaff and restart its Gulf of Mexico operations post-Tropical Storm Lee  a spokesman said.  (Reporting by Kristen Hays and Erwin Seba; Editing by Derek Caney),normal
AZN,Astrazeneca PLC,20110905,Superbug structure model seen boosting drug search , * New knowledge of structure should intensify search for drugs,topStory
AZN,Astrazeneca PLC,20110905,Ranbaxy sells first generic of AZ's Nexium in UK , LONDON  Sept 5 Indian drugmaker Ranbaxy Laboratories Ltd has launched the first generic version of AstraZeneca Plc's heartburn and ulcer drug Nexium in Britain  adding to pressure on European sales of the top-selling medicine.,normal
T,AT&T Inc,20110905,D.Telekom could miss fee if AT&T deal fails: source ,FRANKFURT Deutsche Telekom AG  could miss out on a multi-billion dollar break fee if regulatory hurdles cause the failure of its $39 billion deal to sell T-Mobile USA to AT&T   a person familiar with the matter said.,topStory
T,AT&T Inc,20110905,RPT-UPDATE 1-D.Telekom could miss fee if AT&T deal fails-source , FRANKFURT  Sept 5 Deutsche Telekom AG  could miss out on a multi-billion dollar break fee if regulatory hurdles cause the failure of its $39 billion deal to sell T-Mobile USA to AT&T   a person familiar with the matter said.,normal
T,AT&T Inc,20110905,UPDATE 1-D.Telekom could miss fee if AT&T deal fails-source , FRANKFURT  Sept 5 Deutsche Telekom AG  could miss out on a multi-billion dollar break fee if regulatory hurdles cause the failure of its $39 billion deal to sell T-Mobile USA to AT&T   a person familiar with the matter said.,normal
T,AT&T Inc,20110905,AT&T could escape fee in T-Mobile deal-source , FRANKFURT  Sept 5 AT&T may not have to pay Deutsche Telekom  a multi-billion dollar breakup fee  even if its $39 billion acquisition of T-Mobile USA fails  a person familiar with the matter said.,normal
T,AT&T Inc,20110905,PRESS DIGEST - New York Times business news - Sept 5 , Sept 5 The following were the top stories in The New York Times business pages on Monday. Reuters has not verified these stories and does not vouch for their accuracy.,normal
T,AT&T Inc,20110905,PRESS DIGEST - Wall Street Journal - Sept 5 , Sept 5 The following were the top stories in The Wall Street Journal on Monday. Reuters has not verified these stories and does not vouch for their accuracy.,normal
BBVA,Banco Bilbao Viscaya Argentaria SA,20110905,Spanish lottery to gauge investor interest -sources , * Loterias to hold early stage meetings with investors - sources,topStory
BBVA,Banco Bilbao Viscaya Argentaria SA,20110905,Chi-X throws down gauntlet to Spanish exchange , LONDON  Sept 5 Chi-X Europe  the broker-owned trading platform  has challenged Spanish exchange Bolsa y Mercados Espanoles (BME) by offering clients free trading of Spanish shares in a bid to break the BME's stranglehold on Europe's last untapped market.,normal
SAN,Banco Santander SA,20110905,Spanish lottery to gauge investor interest -sources , * Loterias to hold early stage meetings with investors - sources,topStory
SAN,Banco Santander SA,20110905,Chi-X throws down gauntlet to Spanish exchange , LONDON  Sept 5 Chi-X Europe  the broker-owned trading platform  has challenged Spanish exchange Bolsa y Mercados Espanoles (BME) by offering clients free trading of Spanish shares in a bid to break the BME's stranglehold on Europe's last untapped market.,normal
SAN,Banco Santander SA,20110905,Santander pays to use Telefonica data in LatAm-report , MADRID  Sept 5 Spanish bank Santander  agreed to pay Spain's Telefonica 38 million euros ($54.5 million) for data about its customers in Latin America to target them with insurance products  Expansion reported.,normal
SAN,Banco Santander SA,20110905,Moody's keeps UK banks on review for potential cut , * RBS  Lloyds among host of firms that Moody's is reviewing,normal
BAC,Bank of America Corporation,20110905,UPDATE 2-India's ONGC to launch $2.5 bln offer Sept 20-sources , * ONGC files share sale prospectus with regulator late Monday,topStory
BAC,Bank of America Corporation,20110905,UPDATE 1-CCB says BofA agreement extended to 2016 , HONG KONG  Sept 5 China Construction Bank Corp     the world's second-largest lender by market value  said a cooperation agreement with Bank of America Corp has been extended to the end of 2016.,normal
BAC,Bank of America Corporation,20110905,UPDATE 1-Temasek hires Merrill SE Asia investment bank head , * Tan Chong Lee headed BofA-Merrill's SEA investment banking,normal
BAC,Bank of America Corporation,20110905,CCB says BofA strategic agreement extended to end 2016 , HONG KONG  Sept 5 China Construction Bank Corp     the world's second-largest lender by market value  said on Monday its strategic cooperation agreement with Bank of America Corp (BofA) will now expire at the end of 2016.,normal
BAC,Bank of America Corporation,20110905,Temasek hires Merrill SEA banker as senior MD-sources , SINGAPORE  Sept 5 Singapore state investor Temasek Holdings has hired Bank of America-Merrill Lynch's Southeast Asia head of investment banking  Tan Chong Lee  for the post of senior managing director  sources said on Monday.,normal
BAC,Bank of America Corporation,20110905,TEXT-Fitch affirms Banc of America Securities India , (The following statement was released by the rating agency),normal
BAC,Bank of America Corporation,20110905,NEW ISSUE-Union Bank of India to meet investors for offshore bond , HONG KONG/MUMBAI  Sept 5 State-run Union Bank of India will kick off investor meetings on Tuesday in London followed by Singapore and Hong Kong this week for a potential offshore bond issue  a top executive said.,normal
BAC,Bank of America Corporation,20110905,PRESS DIGEST - Financial Times - Sept 5 , Lloyds Banking Group is willing to sell up to a third more current accounts than it needs to in a last-ditch peace offering to the Independent Commission on Banking. http://www.ft.com/cms/s/0/621e8b08-d705-11e0-bc73-00144feabdc0.html,normal
BCS,Barclays PLC,20110905,Barclays first bank to lend to UK marine energy , * Barclays signs 3.4 million pound loan with Aquamarine Power,topStory
BCS,Barclays PLC,20110905,UPDATE 1-Implats says Zimbabwe ownership talks "ongoing" , * Zimbabwe government cannot afford to buy stakes   (Adds background),normal
BCS,Barclays PLC,20110905,NEW ISSUE-Union Bank of India to meet investors for offshore bond , HONG KONG/MUMBAI  Sept 5 State-run Union Bank of India will kick off investor meetings on Tuesday in London followed by Singapore and Hong Kong this week for a potential offshore bond issue  a top executive said.,normal
BCS,Barclays PLC,20110905,Moody's keeps UK banks on review for potential cut , * RBS  Lloyds among host of firms that Moody's is reviewing,normal
BCS,Barclays PLC,20110905,ASIA PRIVATE EQUITY WEEKLY NEWS  SEPTEMBER 5  2011 , HONG KONG  September 5 News and developments in Asia private equity from Reuters News for the week ending Sept. 2.,normal
BHP,BHP Billiton Limited,20110905,Weather hampering post-Lee U.S. Gulf oil restarts ,HOUSTON Several offshore oil and gas producers said on Monday that high winds and rough seas off Louisiana's coast prevented full-out restaffing and restarting Gulf of Mexico platforms that were shut and evacuated last week as Tropical Storm Lee approached.,topStory
BHP,BHP Billiton Limited,20110905,UPDATE 1-Weather hampering post-Lee U.S. Gulf oil restarts , * LOOP says high seas prevent tankers from docking  (Recasts  updates with more detail  shut-in statistics),normal
BBL,BHP Billiton plc,20110905,Weather hampering post-Lee U.S. Gulf oil restarts ,HOUSTON Several offshore oil and gas producers said on Monday that high winds and rough seas off Louisiana's coast prevented full-out restaffing and restarting Gulf of Mexico platforms that were shut and evacuated last week as Tropical Storm Lee approached.,topStory
BBL,BHP Billiton plc,20110905,UPDATE 1-Weather hampering post-Lee U.S. Gulf oil restarts , * LOOP says high seas prevent tankers from docking  (Recasts  updates with more detail  shut-in statistics),normal
BLK,BlackRock Inc,20110905,ETF growth to drive Asia program trading - C.Suisse , HONG KONG  Aug 4 The growing use of exchange traded funds as a way to gain access to Asian markets  and heavier activity around index rebalancing is driving growth in program trading in the region according to a report published by Credit Suisse Group AG .,topStory
BA,Boeing Company (The),20110905,Arms makers eye exports to offset Pentagon cuts ,WASHINGTON Lockheed Martin Corp's  political backers are stepping up a drive to meet Taiwan's request for 66 new F-16 fighter jets  a sale that would help the Pentagon's largest supplier weather possible cuts to its big-ticket weapons programs.,topStory
BA,Boeing Company (The),20110905,UPDATE 1-Germany denies preparing to buy EADS stake , * Econ ministry says no plan for state bank KfW to buy stake,normal
BA,Boeing Company (The),20110905,Air France-KLM to unveil new cost cuts - report , PARIS  Sept 5 Air France-KLM is set to unveil a new series of cost-cutting and capacity-reduction measures as it faces a possible economic downturn  Les Echos reported  without citing sources.,normal
BP,BP plc,20110905,Weather hampering post-Lee U.S. Gulf oil restarts ,HOUSTON Several offshore oil and gas producers said on Monday that high winds and rough seas off Louisiana's coast prevented full-out restaffing and restarting Gulf of Mexico platforms that were shut and evacuated last week as Tropical Storm Lee approached.,topStory
BP,BP plc,20110905,UPDATE 1-Weather hampering post-Lee U.S. Gulf oil restarts , * LOOP says high seas prevent tankers from docking  (Recasts  updates with more detail  shut-in statistics),normal
BP,BP plc,20110905,BP boss Dudley says investors are "frustrated" ,LONDON BP  chief executive Bob Dudley told employees on Monday that investors' patience was wearing thin  as his turnaround failed to show rapid results and the oil giant continues to face headwinds.,normal
BP,BP plc,20110905,BP boss says investors are 'frustrated' , LONDON  Sept 5 BP chief executive Bob Dudley told employees on Monday that investors' patience was wearing thin  as his turnaround failed to show rapid results and the oil giant continues to face headwinds.,normal
BP,BP plc,20110905,Weather hampering post-Lee U.S. Gulf oil restarts , HOUSTON  Sept 5 BP Plc   said high winds and rough seas off Louisiana's coast on Monday blocked the company from restaffing and restarting Gulf of Mexico platforms that were shut and evacuated last week as Tropical Storm Lee approached.,normal
BP,BP plc,20110905,BP says weather blocking U.S. Gulf restaffing , HOUSTON  Sept 5 BP Plc   said the company expected to restaff and restart its eight Gulf of Mexico oil and gas platforms on Tuesday  as high winds and rough seas along the Louisiana coast blocked those efforts on Monday.,normal
BP,BP plc,20110905,WRAPUP 2-Storm Lee threatens US Southeast with heavy rains , (Updates location  strength of Katia in paragraphs 21-22),normal
BP,BP plc,20110905,WRAPUP 8-New Orleans holds up as Lee loses strength , * Mississippi  Alabama and Tennessee could see floods  (Adds downgrade to tropical depression  Texas fires),normal
BAK,Braskem SA,20110905,Braskem sees U.S. as launchpad for growth: CEO ,SAO PAULO Braskem  the largest petrochemical company in the Americas  will focus international expansion on the United States even as it considers building "green" plastics factories in Mexico and Asia  Chief Executive Carlos Fadigas told Reuters on Monday.,topStory
CVX,Chevron Corporation,20110905,Weather hampering post-Lee U.S. Gulf oil restarts ,HOUSTON Several offshore oil and gas producers said on Monday that high winds and rough seas off Louisiana's coast prevented full-out restaffing and restarting Gulf of Mexico platforms that were shut and evacuated last week as Tropical Storm Lee approached.,topStory
CVX,Chevron Corporation,20110905,UPDATE 1-Weather hampering post-Lee U.S. Gulf oil restarts , * LOOP says high seas prevent tankers from docking  (Recasts  updates with more detail  shut-in statistics),normal
CVX,Chevron Corporation,20110905,Chevron restarting  restaffing U.S. Gulf ops , HOUSTON  Sept 5 Chevron Corp  said on Monday the company began restarting Gulf of Mexico production and restaffing offshore facilities that were shut in and evacuated last week because of Tropical Storm Lee.  (Reporting by Erwin Seba and Kristen Hays; Editing by Derek Caney),normal
SNP,China Petroleum & Chemical Corporation,20110905,Sinopec faces investor backlash over CB issue - IFR , HONG KONG  Sept 5 China Petroleum & Chemical Corp's (Sinopec) announcement last week of a plan to issue new convertible bonds (CB) -- just six months after making its equity-linked debut -- points to growing interest in the maturing domestic market  IFR  a Thomson Reuters publication reported.,topStory
C,Citigroup Inc,20110905,Spanish lottery to gauge investor interest -sources , * Loterias to hold early stage meetings with investors - sources,topStory
C,Citigroup Inc,20110905,UPDATE 2-India's ONGC to launch $2.5 bln offer Sept 20-sources , * ONGC files share sale prospectus with regulator late Monday,normal
C,Citigroup Inc,20110905,NEW ISSUE-Union Bank of India to meet investors for offshore bond , HONG KONG/MUMBAI  Sept 5 State-run Union Bank of India will kick off investor meetings on Tuesday in London followed by Singapore and Hong Kong this week for a potential offshore bond issue  a top executive said.,normal
C,Citigroup Inc,20110905,MAJOR FUND INDUSTRY NEWS IN ASIA FOR WEEK ENDING SEPT 2  2011 , HONG KONG  Sept 5 News and developments in Asia mutual fund and hedge fund industry from Reuters News for the week ending September 2.,normal
CEO,CNOOC Limited,20110905,UPDATE 5-CNOOC says oilfield halt to hit output  shares dive , * Shares fall as much as 11 pct  biggest drop in 3 years,topStory
CEO,CNOOC Limited,20110905,UPDATE 1-China CNOOC plans Oct Huizhou refinery turnaround , * Refinery turnaround planned as Penglai oilfield ordered to shut,normal
CEO,CNOOC Limited,20110905,China CNOOC plans Huizhou refinery shutdown in Oct -sources , BEIJING  Sept 5 China National Offshore Oil Corp (CNOOC)  parent of CNOOC Ltd   will shut down its 240 000 barrel-per-day Huizhou refinery in south China for up to 40 days' of repair work from early October  two industry sources told Reuters.,normal
CEO,CNOOC Limited,20110905,UPDATE 1-CNOOC to restart Huizhou aromatics in Nov -source , BEIJING  Sept 5 China National Offshore Oil Corp (CNOOC)  parent of CNOOC Ltd   plans to reopen an 800 000 tonne-per-year aromatics unit at its Huizhou refinery in November after closures caused by a fire in July and planned maintenance next month  an industry source said.,normal
CEO,CNOOC Limited,20110905,CNOOC says oil field suspension to hurt output , HONG KONG  Sept 5 China's top offshore oil and gas producer  CNOOC Ltd   said its net production would be reduced by about 40 000 barrels per day due to the government-ordered suspension of operations at the entire PL19-3 oil field.,normal
KOF,Coca Cola Femsa SAB de CV,20110905,DIARY - Mexico and Central America - to Sept 30 , This diary is updated daily. All dates and times are provisional. The inclusion of diary items does not necessarily   mean that Reuters will file a story based on the event. ___________________________________________________________________ DATE  LOCAL/GMT  MEXICO INDICATOR         PERIOD  F/CAST      PREV ------------------------------------------------------------------- SEP05 0800/1300  consumer confidence s/a   Aug  93.3 pts  95.5 pts SEP09 0800/1300  inflation  (headline)     Aug         ,topStory
CFX,Colfax Corporation,20110905,PRESS DIGEST - Financial Times - Sept 5 , Lloyds Banking Group is willing to sell up to a third more current accounts than it needs to in a last-ditch peace offering to the Independent Commission on Banking. http://www.ft.com/cms/s/0/621e8b08-d705-11e0-bc73-00144feabdc0.html,topStory
COP,ConocoPhillips,20110905,Conoco Belle Chasse  La has equipment failure-filing , HOUSTON  Sept 5 ConocoPhillips  247 000-barrel-per-day (bpd) Belle Chasse  Louisiana  refinery reported an equipment failure on Sunday  according to a notice filed with state and federal regulators.,topStory
COP,ConocoPhillips,20110905,North Sea Crude-Forties up  Shell bids again , LONDON  Sept 5 North Sea Forties crude oil differentials held at the highest in more than three years on Monday  supported by strong bidding from Shell.,normal
COP,ConocoPhillips,20110905,UPDATE 5-CNOOC says oilfield halt to hit output  shares dive , * Shares fall as much as 11 pct  biggest drop in 3 years,normal
COP,ConocoPhillips,20110905,UPDATE 1-China CNOOC plans Oct Huizhou refinery turnaround , * Refinery turnaround planned as Penglai oilfield ordered to shut,normal
COP,ConocoPhillips,20110905,WRAPUP 2-Storm Lee threatens US Southeast with heavy rains , (Updates location  strength of Katia in paragraphs 21-22),normal
COP,ConocoPhillips,20110905,WRAPUP 8-New Orleans holds up as Lee loses strength , * Mississippi  Alabama and Tennessee could see floods  (Adds downgrade to tropical depression  Texas fires),normal
COP,ConocoPhillips,20110905,CNOOC says oil field suspension to hurt output , HONG KONG  Sept 5 China's top offshore oil and gas producer  CNOOC Ltd   said its net production would be reduced by about 40 000 barrels per day due to the government-ordered suspension of operations at the entire PL19-3 oil field.,normal
DB,Deutsche Bank AG,20110905,UPDATE 4-Deutsche says Europe crisis could kill weak banks , * Banks eye capital and funding concerns  job cuts   (Adds KFW CEO comment  updates share prices),topStory
DB,Deutsche Bank AG,20110905,WRAPUP 1-ECB uses bond-buy stick to press governments to cut , PARIS/FRANKFURT  Sept 5 The European Central Bank's next president warned euro zone governments on Monday not to assume the ECB will buy bonds indefinitely  despite the bank doubling its purchases last week to help his native Italy.,normal
DB,Deutsche Bank AG,20110905,Spanish lottery to gauge investor interest -sources , * Loterias to hold early stage meetings with investors - sources,normal
DB,Deutsche Bank AG,20110905,UPDATE 1-Deutsche Bank seeks allies to defend subprime cases , * Deutsche Bank seeks pact to counter suits   (Adds Deutsche Bank CEO comment),normal
DB,Deutsche Bank AG,20110905,DWS - EZB darf nicht als Risikomanager instrumentalisiert werden , Frankfurt  05. Sep Die Fondsgesellschaft DWS sieht das Ansehen der Europäischen Zentralbank (EZB) durch die Anleihekäufe zur Stützung schuldengeplagter Euroländer beschädigt. "Als Investor können wir nicht akzeptieren  wenn Regierungen Sparpakete beschließen  und dann die EZB als Risikomanager instrumentalisiert wird"  sagte der für das Investment verantwortliche Geschäftsführer Asoka Wöhrmann am Montag in Frank,normal
DB,Deutsche Bank AG,20110905,Deutsche Bank CEO to relinquish IIF post in 2012 , FRANKFURT  Sept 5 Deutsche Bank  Chief Executive Josef Ackermann signalled he will loosen his grip over Germany's largest lender when he becomes chairman in May 2012 and said he will step down as chairman of the Institute of International Finance (IIF) in 2012.,normal
DB,Deutsche Bank AG,20110905,Euro banks can't survive haircut -Deutsche Bank CEO , FRANKFURT  Sept 5 Deutsche Bank CEO  Josef Ackermann said some European banks would not survive having to revalue the sovereign debt on their books  highlighting a major obstacle to resolving the euro zone debt crisis.,normal
DB,Deutsche Bank AG,20110905,NEW ISSUE-Union Bank of India to meet investors for offshore bond , HONG KONG/MUMBAI  Sept 5 State-run Union Bank of India will kick off investor meetings on Tuesday in London followed by Singapore and Hong Kong this week for a potential offshore bond issue  a top executive said.,normal
DB,Deutsche Bank AG,20110905,German stocks - Factors to watch on September 5 , FRANKFURT  Sept 5 The DAX top-30 index  looked set to open 2 percent lower on Monday  according to premarket data from brokerage Lang & Schwarz at 0615 GMT.,normal
DB,Deutsche Bank AG,20110905,RPT-Bankers plot course as sovereign debt clouds loom , * Frankfurt hosts two-day 'Banks in Transition' conference,normal
LLY,Eli Lilly and Company,20110905,Researchers find possible drug target for PTSD ,CHICAGO People with post-traumatic stress disorder appear to have lower levels of a specific kind of brain chemical known as serotonin 1B  and targeting this with drugs could lead to the first treatments specifically targeting the disorder  researchers said on Monday.,topStory
LLY,Eli Lilly and Company,20110905,Researchers find possible drug target for PTSD , CHICAGO  Sept 5 People with post-traumatic stress disorder appear to have lower levels of a specific kind of brain chemical known as serotonin 1B  and targeting this with drugs could lead to the first treatments specifically targeting the disorder  U.S. researchers said on Monday.,normal
ENB,Enbridge Inc,20110905,FACTBOX-US Gulf offshore oilpatch slowly returning , Sept 5 Oil and natural gas producers in U.S.-regulated areas of the Gulf of Mexico said heavy winds from Tropical Storm Lee's remains were preventing helicopters and ships from returning workers to the offshore oil patch on Monday  slowing the restoration of production.,topStory
E,ENI SpA,20110905,UPDATE 1-Shell  Warly no longer sole winners of Rosneft tender , * Warly  Unipec  Eni  Total win tenders ex-Novorossiisk   (Adds details on Primorsk tender),topStory
E,ENI SpA,20110905,Shell  Warly lose exclusiveness in Rosneft tender , MOSCOW  Sept 5 Shell  and trader Warly had to share cargoes with other companies in Russia's Rosneft  major Urals crude tender  trading sources told Reuters on Monday.,normal
ETR,Entergy Corporation,20110905,WRAPUP 2-Storm Lee threatens US Southeast with heavy rains , (Updates location  strength of Katia in paragraphs 21-22),topStory
ETR,Entergy Corporation,20110905,WRAPUP 8-New Orleans holds up as Lee loses strength , * Mississippi  Alabama and Tennessee could see floods  (Adds downgrade to tropical depression  Texas fires),normal
XOM,Exxon Mobil Corporation,20110905,Exxon Joliet refinery hit by power dip-filing , HOUSTON  Sept 5 Exxon Mobil Corp's  238 600-barrel-per-day (bpd) Joliet  Illinois  refinery was hit by a power dip on Saturday  according to a notice filed with the Illinois Emergency Management Agency.,topStory
XOM,Exxon Mobil Corporation,20110905,Weather hampering post-Lee U.S. Gulf oil restarts ,HOUSTON Several offshore oil and gas producers said on Monday that high winds and rough seas off Louisiana's coast prevented full-out restaffing and restarting Gulf of Mexico platforms that were shut and evacuated last week as Tropical Storm Lee approached.,normal
XOM,Exxon Mobil Corporation,20110905,UPDATE 1-Weather hampering post-Lee U.S. Gulf oil restarts , * LOOP says high seas prevent tankers from docking  (Recasts  updates with more detail  shut-in statistics),normal
XOM,Exxon Mobil Corporation,20110905,BP boss Dudley says investors are "frustrated" ,LONDON BP  chief executive Bob Dudley told employees on Monday that investors' patience was wearing thin  as his turnaround failed to show rapid results and the oil giant continues to face headwinds.,normal
XOM,Exxon Mobil Corporation,20110905,BP boss says investors are 'frustrated' , LONDON  Sept 5 BP chief executive Bob Dudley told employees on Monday that investors' patience was wearing thin  as his turnaround failed to show rapid results and the oil giant continues to face headwinds.,normal
XOM,Exxon Mobil Corporation,20110905,Pertamina could spend up to $40bn on Natuna gas project , SINGAPORE  Sept 5 Indonesia's state oil and gas firm Pertamina and its partners could spend between $20 billion and $40 billion on the offshore Natuna gas field project  depending on delivery methods and the extent of production  a senior company official said on Monday.,normal
XOM,Exxon Mobil Corporation,20110905,WRAPUP 2-Storm Lee threatens US Southeast with heavy rains , (Updates location  strength of Katia in paragraphs 21-22),normal
XOM,Exxon Mobil Corporation,20110905,WRAPUP 8-New Orleans holds up as Lee loses strength , * Mississippi  Alabama and Tennessee could see floods  (Adds downgrade to tropical depression  Texas fires),normal
FDX,FedEx Corporation,20110905,UPDATE 1-TNT Express cuts jobs after split  weak Q2 , * Cuts 181 jobs out of 800 at HQ  total head count is 83 235,topStory
F,Ford Motor Company,20110905,Brazil carmakers slow output amid high inventory , * Dealerships see rising stock as supply-demand mismatch,topStory
F,Ford Motor Company,20110905,Brazil carmakers slow output amid high inventory , * Dealerships see rising stock as supply-demand mismatch,normal
F,Ford Motor Company,20110905,PRESS DIGEST - British business - Sept 5 , The founder of Pimco  the world's biggest bond fund  has urged British finance minister George Osborne to change course on his deficit reduction strategy  warning that the austerity measures risk pushing Britain's economy into recession.,normal
FCX,Freeport-McMoran Inc,20110905,UPDATE 2-Freeport Indonesia union threatens strike Sept 15 , * Threatens indefinite strike unless firm meets pay rise demands,topStory
FCX,Freeport-McMoran Inc,20110905,Freeport Indonesia union threatens strike Sept 15 , JAKARTA  Sept 5 Freeport McMoRan Copper & Gold's  Indonesia mine workers will go on strike on September 15 unless the firm meets their demands on a pay rise  a union official told Reuters on Monday.,normal
FRO,Frontline Ltd,20110905,UPDATE 1-AKSJE - Oslo Børs stupte videre med Europa , * Bankaksjer faller til laveste nivåer på 29 måneder,topStory
FRO,Frontline Ltd,20110905,UPDATE 1-NORDIC STOCKS-Factors to watch on Sept 5 , HELSINKI  Sept 5 The following stocks may be affected by newspaper reports and other factors on Monday:,normal
GM,General Motors Company,20110905,Obama previews jobs speech  challenges Republicans ,DETROIT President Barack Obama previewed proposals on Monday for new infrastructure spending and an extension of payroll tax cuts as part of a major jobs package he will unveil this week  and challenged Republicans to find common ground with him.,topStory
GM,General Motors Company,20110905,UPDATE 1-Obama previews jobs speech  challenges Republicans , * Jobs package will include infrastructure projects -Obama,normal
GM,General Motors Company,20110905,Australia new vehicle sales jump in August-industry , SYDNEY  Sept 5 Sales of new vehicles in Australia jumped for a second straight month in August as imports of Japanese cars recovered from the earthquake back in March  showing consumers had the confidence to splash out on big-ticket items.,normal
GSK,GlaxoSmithKline PLC,20110905,Superbug structure model seen boosting drug search , * New knowledge of structure should intensify search for drugs,topStory
GS,Goldman Sachs Group Inc (The),20110905,UPDATE 4-Deutsche says Europe crisis could kill weak banks , * Banks eye capital and funding concerns  job cuts   (Adds KFW CEO comment  updates share prices),topStory
GS,Goldman Sachs Group Inc (The),20110905,Spanish lottery to gauge investor interest -sources , * Loterias to hold early stage meetings with investors - sources,normal
GS,Goldman Sachs Group Inc (The),20110905,UPDATE 1-Deutsche Bank seeks allies to defend subprime cases , * Deutsche Bank seeks pact to counter suits   (Adds Deutsche Bank CEO comment),normal
GS,Goldman Sachs Group Inc (The),20110905,GLG star sells 90 mln stg mansion ahead of divorce-source , LONDON  Sept 5 Star hedge fund manager Pierre Lagrange has sold his mansion on London's so-called "billionaires' row" for 90 million pounds ($146 million) ahead of what could be one of Britain's biggest divorce settlements  a source familiar with the matter said.,normal
GS,Goldman Sachs Group Inc (The),20110905,Goldman Sachs becomes Czech primary bond dealer , PRAGUE  Sept 5 Goldman Sachs International  has joined the list of Czech primary bond dealers on the domestic market and will be a market maker in the new MTS electronic platform introduced in July  the Czech Finance Ministry said on Monday.,normal
GS,Goldman Sachs Group Inc (The),20110905,RPT-Bankers plot course as sovereign debt clouds loom , * Frankfurt hosts two-day 'Banks in Transition' conference,normal
GS,Goldman Sachs Group Inc (The),20110905,Auch Großbritannien ermittelt gegen Deutsche Bank , London  05. Sep Britische Aufsichtsbehörden nehmen einem Zeitungsbericht zufolge von der Deutschen Bank zusammengestellte Wertpapiere wegen Betrugsverdachts unter die Lupe. Die Untersuchung des Serious Fraud Office (SFO) solle Beweise dafür liefern  das Finanzinstitute ihren Kunden beim Verkauf von forderungsbesicherten Wertpapieren in Großbritannien falsche Informationen lieferten  berichtete die "Financial Times" (Montagausgabe). Von der Untersuchun,normal
TV,Grupo Televisa SA,20110905,DIARY - Mexico and Central America - to Sept 30 , This diary is updated daily. All dates and times are provisional. The inclusion of diary items does not necessarily   mean that Reuters will file a story based on the event. ___________________________________________________________________ DATE  LOCAL/GMT  MEXICO INDICATOR         PERIOD  F/CAST      PREV ------------------------------------------------------------------- SEP05 0800/1300  consumer confidence s/a   Aug  93.3 pts  95.5 pts SEP09 0800/1300  inflation  (headline)     Aug         ,topStory
HCA,HCA Healthcare Inc,20110905,Tech IPOs could lead the way post-Labor Day ,NEW YORK It's been a rough summer for U.S. initial public offerings after the stock market nosedived  but tech issues could see strong demand after bankers and fund managers return from vacation in September.,topStory
HES,Hess Corporation,20110905,TABLE-Qualified firms for next Iraq licenses , Sep 5 Iraq on Monday removed U.S.-based Hess Corporation from its list of companies qualified to participate in its fourth energy bidding round in late January 2012.,topStory
HES,Hess Corporation,20110905,REFILE-Iraq bars Hess from auction over Kurdish deals , * Central government considers Kurdish contracts illegal,normal
HMC,Honda Motor Company Ltd,20110905,REFILE-Honda recalls 72 115 cars in India for part replacement , MUMBAI  Sept 5 The Indian unit of Japanese auto maker Honda Motor Co said on Monday it will recall 72 115 of its City sedans to replace a power window switch  the firm's second recall since 2010 in the world's second-fastest growing major auto market.,topStory
HMC,Honda Motor Company Ltd,20110905,Honda plans to double minicar ratio in Japan: report ,TOKYO Honda Motor Co plans to double the proportion of minivehicle sales in Japan in five years  hoping to woo customers replacing older vehicles amid a shrinking domestic market  the Nikkei business daily said on Monday. | Video ,normal
HMC,Honda Motor Company Ltd,20110905,Honda to recall nearly 1 mln Fit  other models ,TOKYO Honda Motor Co  said on Monday it would recall about 960 000 Fit subcompacts and other models globally to repair defects including malfunctioning power window switches.,normal
HMC,Honda Motor Company Ltd,20110905,UPDATE 1-Honda to recall nearly 1 mln Fit  other models , * Fit subcompacts recalled due to defective power window switch,normal
HMC,Honda Motor Company Ltd,20110905,Honda to recall nearly 1 million Fit  other models , TOKYO  Sept 5 Honda Motor Co said on Monday it would recall about 960 000 Fit subcompacts and other models globally to repair defects including malfunctioning power window switches.,normal
HMC,Honda Motor Company Ltd,20110905,UPDATE 1-Honda plans to double minicar ratio in Japan-Nikkei , * Honda's minicar ratio to rise to 43 pct in 5 years - Nikkei,normal
HMC,Honda Motor Company Ltd,20110905,Honda plans to boost minicar sales in Japan-Nikkei , TOKYO  Sept 5 Honda Motor Co plans to double its proportion of minivehicle sales to overall sales in Japan in five years  hoping to woo customers replacing older vehicles amid a shrinking domestic market  the Nikkei business daily said on Monday.,normal
HPQ,HP Inc,20110905,HP exec says PC unit spinoff "best value" ,BEIJING A spin-off of Hewlett-Packard Co's PC unit would be the best value for shareholders  according to the head of its PC division  who added that tablet computing was "relevant" to the future market for any spinoff.,topStory
HPQ,HP Inc,20110905,CORRECTED-UPDATE 1-HP exec says PC unit spinoff "best value" , (Corrects Aug. 30 story to make clear in the headline and text that the HP executive did not say the TouchPad tablet would be resurrected but said a tablet could be an option for a spin-off company),normal
HSBC,HSBC Holdings plc,20110905,Citic Sec says still awaits SEHK nod for $2 billion IPO ,SHANGHAI Citic Securities'  potential $2 billion initial public offering in Hong Kong is still pending official approval from the stock exchange there  China's top brokerage said late on Monday.,topStory
HSBC,HSBC Holdings plc,20110905,Citic Sec says still awaits SEHK nod for $2 bln IPO , SHANGHAI  Sept 6 Citic Securities'  potential $2 billion initial public offering in Hong Kong is still pending official approval from the stock exchange there  China's top brokerage said late on Monday.,normal
HSBC,HSBC Holdings plc,20110905,Deutsche says Europe crisis could kill weak banks ,FRANKFURT Europe's sovereign debt crisis will stunt bank profit for years and could kill off the weakest  Deutsche Bank  Chief Executive Josef Ackermann told industry bosses  amid intense scrutiny of the sector's finances. | Video ,normal
HSBC,HSBC Holdings plc,20110905,UPDATE 4-Deutsche says Europe crisis could kill weak banks , * Banks eye capital and funding concerns  job cuts   (Adds KFW CEO comment  updates share prices),normal
HSBC,HSBC Holdings plc,20110905,UPDATE 2-India's ONGC to launch $2.5 bln offer Sept 20-sources , * ONGC files share sale prospectus with regulator late Monday,normal
HSBC,HSBC Holdings plc,20110905,NEW ISSUE-Union Bank of India to meet investors for offshore bond , HONG KONG/MUMBAI  Sept 5 State-run Union Bank of India will kick off investor meetings on Tuesday in London followed by Singapore and Hong Kong this week for a potential offshore bond issue  a top executive said.,normal
HSBC,HSBC Holdings plc,20110905,Moody's keeps UK banks on review for potential cut , * RBS  Lloyds among host of firms that Moody's is reviewing,normal
HSBC,HSBC Holdings plc,20110905,MAJOR FUND INDUSTRY NEWS IN ASIA FOR WEEK ENDING SEPT 2  2011 , HONG KONG  Sept 5 News and developments in Asia mutual fund and hedge fund industry from Reuters News for the week ending September 2.,normal
HSEA,HSBC Holdings plc,20110905,Citic Sec says still awaits SEHK nod for $2 billion IPO ,SHANGHAI Citic Securities'  potential $2 billion initial public offering in Hong Kong is still pending official approval from the stock exchange there  China's top brokerage said late on Monday.,topStory
HSEA,HSBC Holdings plc,20110905,Citic Sec says still awaits SEHK nod for $2 bln IPO , SHANGHAI  Sept 6 Citic Securities'  potential $2 billion initial public offering in Hong Kong is still pending official approval from the stock exchange there  China's top brokerage said late on Monday.,normal
HSEA,HSBC Holdings plc,20110905,Deutsche says Europe crisis could kill weak banks ,FRANKFURT Europe's sovereign debt crisis will stunt bank profit for years and could kill off the weakest  Deutsche Bank  Chief Executive Josef Ackermann told industry bosses  amid intense scrutiny of the sector's finances. | Video ,normal
HSEA,HSBC Holdings plc,20110905,UPDATE 4-Deutsche says Europe crisis could kill weak banks , * Banks eye capital and funding concerns  job cuts   (Adds KFW CEO comment  updates share prices),normal
HSEA,HSBC Holdings plc,20110905,UPDATE 2-India's ONGC to launch $2.5 bln offer Sept 20-sources , * ONGC files share sale prospectus with regulator late Monday,normal
HSEA,HSBC Holdings plc,20110905,NEW ISSUE-Union Bank of India to meet investors for offshore bond , HONG KONG/MUMBAI  Sept 5 State-run Union Bank of India will kick off investor meetings on Tuesday in London followed by Singapore and Hong Kong this week for a potential offshore bond issue  a top executive said.,normal
HSEA,HSBC Holdings plc,20110905,Moody's keeps UK banks on review for potential cut , * RBS  Lloyds among host of firms that Moody's is reviewing,normal
HSEA,HSBC Holdings plc,20110905,MAJOR FUND INDUSTRY NEWS IN ASIA FOR WEEK ENDING SEPT 2  2011 , HONG KONG  Sept 5 News and developments in Asia mutual fund and hedge fund industry from Reuters News for the week ending September 2.,normal
HSEB,HSBC Holdings plc,20110905,Citic Sec says still awaits SEHK nod for $2 billion IPO ,SHANGHAI Citic Securities'  potential $2 billion initial public offering in Hong Kong is still pending official approval from the stock exchange there  China's top brokerage said late on Monday.,topStory
HSEB,HSBC Holdings plc,20110905,Citic Sec says still awaits SEHK nod for $2 bln IPO , SHANGHAI  Sept 6 Citic Securities'  potential $2 billion initial public offering in Hong Kong is still pending official approval from the stock exchange there  China's top brokerage said late on Monday.,normal
HSEB,HSBC Holdings plc,20110905,Deutsche says Europe crisis could kill weak banks ,FRANKFURT Europe's sovereign debt crisis will stunt bank profit for years and could kill off the weakest  Deutsche Bank  Chief Executive Josef Ackermann told industry bosses  amid intense scrutiny of the sector's finances. | Video ,normal
HSEB,HSBC Holdings plc,20110905,UPDATE 4-Deutsche says Europe crisis could kill weak banks , * Banks eye capital and funding concerns  job cuts   (Adds KFW CEO comment  updates share prices),normal
HSEB,HSBC Holdings plc,20110905,UPDATE 2-India's ONGC to launch $2.5 bln offer Sept 20-sources , * ONGC files share sale prospectus with regulator late Monday,normal
HSEB,HSBC Holdings plc,20110905,NEW ISSUE-Union Bank of India to meet investors for offshore bond , HONG KONG/MUMBAI  Sept 5 State-run Union Bank of India will kick off investor meetings on Tuesday in London followed by Singapore and Hong Kong this week for a potential offshore bond issue  a top executive said.,normal
HSEB,HSBC Holdings plc,20110905,Moody's keeps UK banks on review for potential cut , * RBS  Lloyds among host of firms that Moody's is reviewing,normal
HSEB,HSBC Holdings plc,20110905,MAJOR FUND INDUSTRY NEWS IN ASIA FOR WEEK ENDING SEPT 2  2011 , HONG KONG  Sept 5 News and developments in Asia mutual fund and hedge fund industry from Reuters News for the week ending September 2.,normal
JPM,J P Morgan Chase & Co,20110905,UPDATE 4-Deutsche says Europe crisis could kill weak banks , * Banks eye capital and funding concerns  job cuts   (Adds KFW CEO comment  updates share prices),topStory
JPM,J P Morgan Chase & Co,20110905,Spanish lottery to gauge investor interest -sources , * Loterias to hold early stage meetings with investors - sources,normal
JPM,J P Morgan Chase & Co,20110905,Ex-Highbridge Asia chief's hedge fund delayed by SFC review ,HONG KONG The launch of a $300 million (186 million pounds) hedge fund by Carl Huttenlocher  the former Asia head of JPMorgan Chase & Co's  Highbridge Capital  has been delayed due to a review by Hong Kong's regulator after an anonymous complaint  Huttenlocher said.,normal
JPM,J P Morgan Chase & Co,20110905,UPDATE 2-Ex-Highbridge Asia chief's hedge fund delayed by SFC review , * Plan to open fund to external investors on Dec. 1 on track   (Adds Huttenlocher quotes  background),normal
JPM,J P Morgan Chase & Co,20110905,UPDATE 1-Huttenlocher says hedge fund plan on track  disputes allegations , * To reply to Hong Kong regulator by end of week   (Adds details  quotes),normal
JPM,J P Morgan Chase & Co,20110905,Huttenlocher says hedge fund plan on track  disputes allegations , HONG KONG  Sept 5 Carl Huttenlocher  former Asia head of JPMorgan Chase & Co's Highbridge Capital  said plans to open his own hedge fund to external investors on Dec 1 remained on track and he was confident of clearing the allegations that have delayed the granting of a licence by the Hong Kong market regulator.,normal
JPM,J P Morgan Chase & Co,20110905,RPT-Bankers plot course as sovereign debt clouds loom , * Frankfurt hosts two-day 'Banks in Transition' conference,normal
JPM,J P Morgan Chase & Co,20110905,PRESS DIGEST - Wall Street Journal - Sept 5 , Sept 5 The following were the top stories in The Wall Street Journal on Monday. Reuters has not verified these stories and does not vouch for their accuracy.,normal
JPM,J P Morgan Chase & Co,20110905,ASIA PRIVATE EQUITY WEEKLY NEWS  SEPTEMBER 5  2011 , HONG KONG  September 5 News and developments in Asia private equity from Reuters News for the week ending Sept. 2.,normal
JPM,J P Morgan Chase & Co,20110905,Ex-Highbridge Asia head's fund launch delayed by SFC review: report ,HONG KONG Carl Huttenlocher  former Asia head of JPMorgan Chase & Co's  Highbridge Capital  has delayed the September 1 launch of his hedge fund Myriad because of a regulatory review by the Hong Kong's Securities and Futures Commission  according to the Wall Street Journal.,normal
KMI,Kinder Morgan Inc,20110905,Tech IPOs could lead the way post-Labor Day ,NEW YORK It's been a rough summer for U.S. initial public offerings after the stock market nosedived  but tech issues could see strong demand after bankers and fund managers return from vacation in September.,topStory
KKR,KKR & Co LP,20110905,UPDATE 1-KKR  Sino-Ocean invest in China real estate fund , * KKR investment gives Sino-Ocean stable financing in tight credit environment,topStory
KKR,KKR & Co LP,20110905,KKR  Sino-Ocean to invest $140 mln in China real estate , HONG KONG  Sept 5 Kohlberg Kravis Roberts  and Sino-Ocean Holdings have established a $140 million fund to invest in China real estate  the companies said on Monday.,normal
KKR,KKR & Co LP,20110905,ASIA PRIVATE EQUITY WEEKLY NEWS  SEPTEMBER 5  2011 , HONG KONG  September 5 News and developments in Asia private equity from Reuters News for the week ending Sept. 2.,normal
LPL,LG Display Co Ltd,20110905,HP exec says PC unit spinoff "best value" ,BEIJING A spin-off of Hewlett-Packard Co's PC unit would be the best value for shareholders  according to the head of its PC division  who added that tablet computing was "relevant" to the future market for any spinoff.,topStory
LPL,LG Display Co Ltd,20110905,CORRECTED-UPDATE 1-HP exec says PC unit spinoff "best value" , (Corrects Aug. 30 story to make clear in the headline and text that the HP executive did not say the TouchPad tablet would be resurrected but said a tablet could be an option for a spin-off company),normal
LYG,Lloyds Banking Group Plc,20110905,NBNK in talks to buy NAB UK units -reports , * NAB UK says priority organic growth but would consider other options,topStory
LYG,Lloyds Banking Group Plc,20110905,Moody's keeps UK banks on review for potential cut , * RBS  Lloyds among host of firms that Moody's is reviewing,normal
LYG,Lloyds Banking Group Plc,20110905,PRESS DIGEST - Financial Times - Sept 5 , Lloyds Banking Group is willing to sell up to a third more current accounts than it needs to in a last-ditch peace offering to the Independent Commission on Banking. http://www.ft.com/cms/s/0/621e8b08-d705-11e0-bc73-00144feabdc0.html,normal
LMT,Lockheed Martin Corporation,20110905,Arms makers eye exports to offset Pentagon cuts ,WASHINGTON Lockheed Martin Corp's  political backers are stepping up a drive to meet Taiwan's request for 66 new F-16 fighter jets  a sale that would help the Pentagon's largest supplier weather possible cuts to its big-ticket weapons programs.,topStory
LMT,Lockheed Martin Corporation,20110905,RPT-FACTBOX-Unpopular US Congress returns this week , Sept 5 A highly unpopular U.S. Congress returns to work from a month-long recess this week facing a crush of challenges -- from creating jobs to expanding U.S. trade to finding another $1.2 trillion or so in spending cuts.,normal
MRO,Marathon Oil Corporation,20110905,FACTBOX-US Gulf offshore oilpatch slowly returning , Sept 5 Oil and natural gas producers in U.S.-regulated areas of the Gulf of Mexico said heavy winds from Tropical Storm Lee's remains were preventing helicopters and ships from returning workers to the offshore oil patch on Monday  slowing the restoration of production.,topStory
MRK,Merck & Company Inc,20110905,Superbug structure model seen boosting drug search , * New knowledge of structure should intensify search for drugs,topStory
MRK,Merck & Company Inc,20110905,Researchers find possible drug target for PTSD ,CHICAGO People with post-traumatic stress disorder appear to have lower levels of a specific kind of brain chemical known as serotonin 1B  and targeting this with drugs could lead to the first treatments specifically targeting the disorder  researchers said on Monday.,normal
MRK,Merck & Company Inc,20110905,Researchers find possible drug target for PTSD , CHICAGO  Sept 5 People with post-traumatic stress disorder appear to have lower levels of a specific kind of brain chemical known as serotonin 1B  and targeting this with drugs could lead to the first treatments specifically targeting the disorder  U.S. researchers said on Monday.,normal
MS,Morgan Stanley,20110905,Citic Sec says still awaits SEHK nod for $2 billion IPO ,SHANGHAI Citic Securities'  potential $2 billion initial public offering in Hong Kong is still pending official approval from the stock exchange there  China's top brokerage said late on Monday.,topStory
MS,Morgan Stanley,20110905,Citic Sec says still awaits SEHK nod for $2 bln IPO , SHANGHAI  Sept 6 Citic Securities'  potential $2 billion initial public offering in Hong Kong is still pending official approval from the stock exchange there  China's top brokerage said late on Monday.,normal
MS,Morgan Stanley,20110905,Spanish lottery to gauge investor interest -sources , * Loterias to hold early stage meetings with investors - sources,normal
MS,Morgan Stanley,20110905,UPDATE 2-India's ONGC to launch $2.5 bln offer Sept 20-sources , * ONGC files share sale prospectus with regulator late Monday,normal
MS,Morgan Stanley,20110905,Ex-Highbridge Asia chief's hedge fund delayed by SFC review ,HONG KONG The launch of a $300 million (186 million pounds) hedge fund by Carl Huttenlocher  the former Asia head of JPMorgan Chase & Co's  Highbridge Capital  has been delayed due to a review by Hong Kong's regulator after an anonymous complaint  Huttenlocher said.,normal
MS,Morgan Stanley,20110905,UPDATE 2-Ex-Highbridge Asia chief's hedge fund delayed by SFC review , * Plan to open fund to external investors on Dec. 1 on track   (Adds Huttenlocher quotes  background),normal
MS,Morgan Stanley,20110905,ASIA PRIVATE EQUITY WEEKLY NEWS  SEPTEMBER 5  2011 , HONG KONG  September 5 News and developments in Asia private equity from Reuters News for the week ending Sept. 2.,normal
NMR,Nomura Holdings Inc ADR,20110905,UPDATE 2-India's ONGC to launch $2.5 bln offer Sept 20-sources , * ONGC files share sale prospectus with regulator late Monday,topStory
NOC,Northrop Grumman Corporation,20110905,Arms makers eye exports to offset Pentagon cuts ,WASHINGTON Lockheed Martin Corp's  political backers are stepping up a drive to meet Taiwan's request for 66 new F-16 fighter jets  a sale that would help the Pentagon's largest supplier weather possible cuts to its big-ticket weapons programs.,topStory
P,Pandora Media Inc,20110905,Tech IPOs could lead the way post-Labor Day ,NEW YORK It's been a rough summer for U.S. initial public offerings after the stock market nosedived  but tech issues could see strong demand after bankers and fund managers return from vacation in September.,topStory
BTU,Peabody Energy Corporation,20110905,PRESS DIGEST-Australian Business News - Sept 6 , SYDNEY  Sept 6 Compiled for Reuters by Media Monitors. Reuters has not verified these stories and does not vouch for their accuracy.,topStory
PTR,PetroChina Company Limited,20110905,Asia Distillates-Gas oil timespreads flip into positive territory , SINGAPORE  Sept 5 Asian gas oil's forward curve flipped into backwardation on Monday  lifted by a strengthening physical spot market and as the window to ship cargoes west stayed open.,topStory
PFE,Pfizer Inc,20110905,Superbug structure model seen boosting drug search , * New knowledge of structure should intensify search for drugs,topStory
PFE,Pfizer Inc,20110905,EU clears stem cell trial for broken hearts ,LONDON An Australian company developing a stem cell treatment to prevent heart failure has been given the go-ahead for a mid-stage clinical trial in Europe  moving potential "off-the-shelf" stem cell treatments a step closer.,normal
PKX,POSCO,20110905,Indian cabinet approves land reform bill , NEW DELHI  Sept 5 India's cabinet approved on Monday a bill to reform land acquisition  aimed at giving farmers a better deal while helping fast-track industrialisation in Asia's third-largest economy.,topStory
RTN,Raytheon Company,20110905,Arms makers eye exports to offset Pentagon cuts ,WASHINGTON Lockheed Martin Corp's  political backers are stepping up a drive to meet Taiwan's request for 66 new F-16 fighter jets  a sale that would help the Pentagon's largest supplier weather possible cuts to its big-ticket weapons programs.,topStory
RIO,Rio Tinto Plc,20110905,UPDATE 1-Implats says Zimbabwe ownership talks "ongoing" , * Zimbabwe government cannot afford to buy stakes   (Adds background),topStory
RIO,Rio Tinto Plc,20110905,UPDATE 1-Rio  Anglo to sell stakes in Palabora Mining , LONDON  Sept 5 Rio Tinto and Anglo American said they plan to sell their stakes in Palabora Mining Co Ltd   South Africa's only producer of refined copper  as Palabora's flagship mine is too small for the two majors.,normal
RIO,Rio Tinto Plc,20110905,Rio Tinto says wants to sell Palabora stake , SYDNEY  Sept 5 See story for details  .	 	 	  (Reporting by James Regan; edited by Michael Smith),normal
RBS,Royal Bank Scotland plc (The),20110905,Macquarie plans to bid for RBS aircraft leasing business: report ,SYDNEY Australia's Macquarie Group  is preparing a bid for the aircraft leasing business of Royal Bank of Scotland  in a deal that could be worth at least $6 billion  The Australian Financial Review reported on Tuesday.,topStory
RBS,Royal Bank Scotland plc (The),20110905,Macquarie plans to bid for RBS aircraft leasing business -paper , SYDNEY  Sept 6 Australia's Macquarie Group  is preparing a bid for the aircraft leasing business of Royal Bank of Scotland in a deal that could be worth at least $6 billion  The Australian Financial Review reported on Tuesday.,normal
RBS,Royal Bank Scotland plc (The),20110905,Moody's keeps UK banks on review for potential cut , * RBS  Lloyds among host of firms that Moody's is reviewing,normal
SNY,Sanofi,20110905,EU clears stem cell trial for broken hearts ,LONDON An Australian company developing a stem cell treatment to prevent heart failure has been given the go-ahead for a mid-stage clinical trial in Europe  moving potential "off-the-shelf" stem cell treatments a step closer.,topStory
SNE,Sony Corp Ord,20110905,UPDATE 1-'The Help' wins box office  summer hits record , * Summer sales break Hollywood record  (Adds details on top five films  summer sales totals),topStory
SNE,Sony Corp Ord,20110905,The top films at the North American box office , LOS ANGELES  Sept 5 Following are the top 10 movies at the North American box office for the four days over the U.S. holiday weekend beginning on Sept. 2  with civil rights-era drama "The Help" in the No. 1 spot  according to studio estimates compiled on Monday by Reuters.,normal
SNE,Sony Corp Ord,20110905,'The Help' wins holiday weekend box office , LOS ANGELES  Sept 5 The housekeepers of "The Help" kept their hold on the top of the domestic box office by beating three new releases over the U.S. holiday weekend  according to studio estimates released on Monday.,normal
SNE,Sony Corp Ord,20110905,BRIEF-Moody's: Struggling joint ventures could impact sponsors' financial flexibility , * Moody's: Cash-consuming joint ventures could impact sponsors' financial flexibility,normal
S,Sprint Corporation,20110905,PRESS DIGEST - New York Times business news - Sept 5 , Sept 5 The following were the top stories in The New York Times business pages on Monday. Reuters has not verified these stories and does not vouch for their accuracy.,topStory
STO,Statoil ASA,20110905,UPDATE 1-Shell  Warly no longer sole winners of Rosneft tender , * Warly  Unipec  Eni  Total win tenders ex-Novorossiisk   (Adds details on Primorsk tender),topStory
STO,Statoil ASA,20110905,UPDATE 1-AKSJE - Oslo Børs stupte videre med Europa , * Bankaksjer faller til laveste nivåer på 29 måneder,normal
STO,Statoil ASA,20110905,Shell  Warly lose exclusiveness in Rosneft tender , MOSCOW  Sept 5 Shell  and trader Warly had to share cargoes with other companies in Russia's Rosneft  major Urals crude tender  trading sources told Reuters on Monday.,normal
TCO,Taubman Centers Inc,20110905,Shinsegae  Taubman eye $753 mln shopping mall in S.Korea , SEOUL  Sept 5 Shinsegae   a South Korean retailer  said on Monday it would partner with U.S. luxury mall operator Taubman Centers to invest 800 billion won ($752.6 million) to build a shopping mall in South Korea.,topStory
TI,Telecom Italia SPA,20110905,UPDATE 1-TIM Brasil sinks on share sale speculation , * Report comes as European firms seen raising cash  (Recasts with share performance),topStory
TI,Telecom Italia SPA,20110905,TIM Brasil says Telecom Italia not selling stake , SAO PAULO  Sept 5  TIM Participacoes  Brazil's second-largest wireless phone company  said on Tuesday its controlling shareholder Telecom Italia has no plans to sell part of its stake in the Brazilian company.,normal
TEF,Telefonica SA,20110905,UPDATE 1-Telefonica restructures ops for overseas growth , * Creates new digital unit in London  (Adds details  quote),topStory
TEF,Telefonica SA,20110905,Chi-X throws down gauntlet to Spanish exchange , LONDON  Sept 5 Chi-X Europe  the broker-owned trading platform  has challenged Spanish exchange Bolsa y Mercados Espanoles (BME) by offering clients free trading of Spanish shares in a bid to break the BME's stranglehold on Europe's last untapped market.,normal
TEF,Telefonica SA,20110905,Santander pays to use Telefonica data in LatAm-report , MADRID  Sept 5 Spanish bank Santander  agreed to pay Spain's Telefonica 38 million euros ($54.5 million) for data about its customers in Latin America to target them with insurance products  Expansion reported.,normal
TEVA,Teva Pharmaceutical Industries Limited,20110905,EU clears stem cell trial for broken hearts ,LONDON An Australian company developing a stem cell treatment to prevent heart failure has been given the go-ahead for a mid-stage clinical trial in Europe  moving potential "off-the-shelf" stem cell treatments a step closer.,topStory
BX,The Blackstone Group LP,20110905,PRESS DIGEST - Wall Street Journal - Sept 5 , Sept 5 The following were the top stories in The Wall Street Journal on Monday. Reuters has not verified these stories and does not vouch for their accuracy.,topStory
TSU,TIM Participacoes SA,20110905,UPDATE 1-TIM Brasil sinks on share sale speculation , * Report comes as European firms seen raising cash  (Recasts with share performance),topStory
TSU,TIM Participacoes SA,20110905,TIM Brasil says Telecom Italia not selling stake , SAO PAULO  Sept 5  TIM Participacoes  Brazil's second-largest wireless phone company  said on Tuesday its controlling shareholder Telecom Italia has no plans to sell part of its stake in the Brazilian company.,normal
TWX,Time Warner Inc,20110905,UPDATE 1-'The Help' wins box office  summer hits record , * Summer sales break Hollywood record  (Adds details on top five films  summer sales totals),topStory
TWX,Time Warner Inc,20110905,The top films at the North American box office , LOS ANGELES  Sept 5 Following are the top 10 movies at the North American box office for the four days over the U.S. holiday weekend beginning on Sept. 2  with civil rights-era drama "The Help" in the No. 1 spot  according to studio estimates compiled on Monday by Reuters.,normal
TWX,Time Warner Inc,20110905,'The Help' wins holiday weekend box office , LOS ANGELES  Sept 5 The housekeepers of "The Help" kept their hold on the top of the domestic box office by beating three new releases over the U.S. holiday weekend  according to studio estimates released on Monday.,normal
TOT,Total SA,20110905,CORRECTED-UPDATE 1-Glencore signs fuels contract with Libya's NTC , (Corrects description in paragraph 11 to Swiss-based Gunvor from Russia's Gunvor),topStory
TOT,Total SA,20110905,UPDATE 1-Shell  Warly no longer sole winners of Rosneft tender , * Warly  Unipec  Eni  Total win tenders ex-Novorossiisk   (Adds details on Primorsk tender),normal
TOT,Total SA,20110905,Shell  Warly lose exclusiveness in Rosneft tender , MOSCOW  Sept 5 Shell  and trader Warly had to share cargoes with other companies in Russia's Rosneft  major Urals crude tender  trading sources told Reuters on Monday.,normal
TOT,Total SA,20110905,Total mulls merger of downstream businesses-report ,  - * Total has struggled with its refining business for years,normal
TOT,Total SA,20110905,Pertamina could spend up to $40bn on Natuna gas project , SINGAPORE  Sept 5 Indonesia's state oil and gas firm Pertamina and its partners could spend between $20 billion and $40 billion on the offshore Natuna gas field project  depending on delivery methods and the extent of production  a senior company official said on Monday.,normal
TOT,Total SA,20110905,Glencore signs fuels contract with Libya's NTC ,BENGHAZI Commodities trader Glencore has signed its first contract to deliver fuels to Libya's interim council  industry sources said  in a further sign that rival Vitol is losing its position as top supplier to rebels that are now interim leaders.,normal
TOT,Total SA,20110905,Glencore signs fuels contract with Libya's NTC , BENGHAZI  Sept 5 Commodities trader Glencore  has signed its first contract to deliver fuels to Libya's interim council  industry sources said  in a further sign that rival Vitol is losing its position as top supplier to rebels that are now interim leaders.,normal
TM,Toyota Motor Corp Ltd Ord,20110905,REFILE-Honda recalls 72 115 cars in India for part replacement , MUMBAI  Sept 5 The Indian unit of Japanese auto maker Honda Motor Co said on Monday it will recall 72 115 of its City sedans to replace a power window switch  the firm's second recall since 2010 in the world's second-fastest growing major auto market.,topStory
TM,Toyota Motor Corp Ltd Ord,20110905,Toyota Aug China car sales up 15 pct  Mazda down 11 pct , BEIJING  Sept 5 Toyota Motor sold about 89 000 cars in China in August  up 14.9 percent from a year earlier  while Mazda continues to see its sales slip.,normal
TM,Toyota Motor Corp Ltd Ord,20110905,Toyota bets on hybrid for Camry in Japan ,TOKYO Toyota Motor Corp unveiled a new Camry sedan for Japan on Monday  offering it only as a gasoline-electric model to jump-start sluggish sales of the model in its hybrid-friendly home market.,normal
TM,Toyota Motor Corp Ltd Ord,20110905,Toyota bets on hybrid for Camry in Japan , TOKYO  Sept 5 Toyota Motor Corp  unveiled a new Camry sedan for Japan on Monday  offering it only as a gasoline-electric model to jump-start sluggish sales of the model in its hybrid-friendly home market.,normal
TM,Toyota Motor Corp Ltd Ord,20110905,Australia new vehicle sales jump in August-industry , SYDNEY  Sept 5 Sales of new vehicles in Australia jumped for a second straight month in August as imports of Japanese cars recovered from the earthquake back in March  showing consumers had the confidence to splash out on big-ticket items.,normal
TM,Toyota Motor Corp Ltd Ord,20110905,UPDATE 1-Honda plans to double minicar ratio in Japan-Nikkei , * Honda's minicar ratio to rise to 43 pct in 5 years - Nikkei,normal
UBS,UBS AG,20110905,Swiss bankers group wants amicable deal in U.S. tax row ,ZURICH Switzerland must solve a dispute with the United States over wealthy citizens using secret Swiss accounts to dodge taxes under existing laws and should continue to protect bank secrecy  the Swiss Bankers Association head said on Monday.,topStory
UAL,United Continental Holdings Inc,20110905,United Express plane skids off runway in Ottawa ,TORONTO A United Express regional jet carrying 44 passengers from Chicago skidded off the runway while landing in Ottawa on Sunday afternoon  but no one was apparently injured  authorities said.,topStory
UPS,United Parcel Service Inc,20110905,UPDATE 1-TNT Express cuts jobs after split  weak Q2 , * Cuts 181 jobs out of 800 at HQ  total head count is 83 235,topStory
VLO,Valero Energy Corporation,20110905,Valero St. Charles rates cut on SRU upset -filing , HOUSTON  Sept 5 Valero Energy Corp's  205 000-barrel-per-day (bpd) St Charles refinery in Norco  Louisiana  cut production rates after a sulfur recovery unit (SRU) malfunction on Sunday  according to a notice filed with state and federal pollution regulators.,topStory
WMT,Wal-Mart Stores Inc,20110905,Iceland Foods boss lifts pay as auction looms , LONDON  Sept 6 Iceland Foods boss Malcolm Walker  vying to take control of the British frozen foods retailer  has awarded staff an average pay increase of 6.3 percent at a cost of 14.6 million pounds ($23.7 million).,topStory
WMT,Wal-Mart Stores Inc,20110905,Colombia retailer Exito starts $1.4 bln share offer , BOGOTA  Sept 5 Colombian retailer Almacenes Exito  launched a $1.4 billion share offer on Monday to help finance acquisitions in Uruguay and move into other growing Latin American markets.,normal
WMT,Wal-Mart Stores Inc,20110905,PRESS DIGEST - British business - Sept 5 , The founder of Pimco  the world's biggest bond fund  has urged British finance minister George Osborne to change course on his deficit reduction strategy  warning that the austerity measures risk pushing Britain's economy into recession.,normal
DIS,Walt Disney Company (The),20110905,UPDATE 1-'The Help' wins box office  summer hits record , * Summer sales break Hollywood record  (Adds details on top five films  summer sales totals),topStory
DIS,Walt Disney Company (The),20110905,'The Help' wins holiday weekend box office , LOS ANGELES  Sept 5 The housekeepers of "The Help" kept their hold on the top of the domestic box office by beating three new releases over the U.S. holiday weekend  according to studio estimates released on Monday.,normal
WBK,Westpac Banking Corporation,20110905,Australia regulator plans to adopt minimum Basel III requirements , ,topStory
WMB,Williams Companies Inc (The),20110905,FACTBOX-US Gulf offshore oilpatch slowly returning , Sept 5 Oil and natural gas producers in U.S.-regulated areas of the Gulf of Mexico said heavy winds from Tropical Storm Lee's remains were preventing helicopters and ships from returning workers to the offshore oil patch on Monday  slowing the restoration of production.,topStory
