AAPL,Apple Inc,20111227,Italy anti-trust fines Apple for misleading customers ,ROME Italy's anti-trust body has fined units of U.S. technology group Apple Inc a total of 900 000 euros for failing to adequately inform customers about their rights to product guarantees and assistance.,topStory
AAPL,Apple Inc,20111227,Italy anti-trust fines Apple for misleading customers ,ROME  Dec 27 Italy's anti-trust body has fined units of U.S. technology group Apple Inc a total of 900 000 euros for failing to adequately inform customers about their rights to product guarantees and assistance.,normal
AAPL,Apple Inc,20111227,Samsung eyes 15 percent rise in handset sales next year: report ,SEOUL South Korea's Samsung Electronics aims to raise its global handset sales by 15 percent next year by boosting its smartphone sales  putting it in a closer race with bigger rival Nokia  a local newspaper said on Tuesday.,normal
AAPL,Apple Inc,20111227,Samsung eyes 15 pct rise in handset sales next yr - report ,SEOUL  Dec 27 South Korea's Samsung Electronics aims to raise its global handset sales by 15 percent next year by boosting its smartphone sales  putting it in a closer race with bigger rival Nokia  a local newspaper said on Tuesday.,normal
CALM,Cal-Maine Foods Inc,20111227,UPDATE 2-Cal-Maine Foods Q2 profit jumps; shares rise ,Dec 27 Cal-Maine Foods Inc's  second-quarter profit rose more than 50 percent as strong demand for eggs and higher average selling prices helped the company overcome rising feed costs.,topStory
CAVM,Cavium Inc,20111227,UPDATE 1-Cavium cuts Q4 revenue outlook ,* Expects Q4 gross margins to be about 1 pct point lower than prior view,topStory
KNDI,Kandi Technologies Group Inc,20111227,DIARY-U.S. MEETINGS/WEEK AHEAD ,THOMSON REUTERS  December 27  2011 - Corporate Meetings for US companies for Week ahead.	         S&P 500 Earnings - Weekly           S&P 500 Earnings - Day Ahead   	     Non S&P 500 - Weekly               Non S&P 500 - Day Ahead        	     ConferenceCall/Webcast - Weekly    ConferenceCall/Webcast - Day   	     S&P 500 Earnings - Monthly           Meetings - Day Ahead           	     Economic Indicators                  Dividends                      	     Daily earnings hits & misses    	    ,topStory
OPHC,OptimumBank Holdings Inc,20111227,DIARY-U.S. MEETINGS/WEEK AHEAD ,THOMSON REUTERS  December 27  2011 - Corporate Meetings for US companies for Week ahead.	         S&P 500 Earnings - Weekly           S&P 500 Earnings - Day Ahead   	     Non S&P 500 - Weekly               Non S&P 500 - Day Ahead        	     ConferenceCall/Webcast - Weekly    ConferenceCall/Webcast - Day   	     S&P 500 Earnings - Monthly           Meetings - Day Ahead           	     Economic Indicators                  Dividends                      	     Daily earnings hits & misses    	    ,topStory
SHLD,Sears Holdings Corporation,20111227,CORRECTED-UPDATE 2-Sears to close 100-120 Kmart  Sears Full-line stores ,Dec 27 Retailer Sears Holdings Corp  said it plans to close 100-120 Kmart and Sears Full-line stores and expects its adjusted fourth-quarter EBITDA to more than halve from a year ago.,topStory
BAC,Bank of America Corporation,20111227,Appeals court to review BofA $8.5 billion MBS pact ,A U.S. appeals court agreed to resolve a dispute among institutional investors over whether Bank of America Corp's $8.5 billion mortgage debt settlement should be sent back to a New York state court for approval.,topStory
BK,Bank Of New York Mellon Corporation (The),20111227,Appeals court to review BofA $8.5 billion MBS pact ,A U.S. appeals court agreed to resolve a dispute among institutional investors over whether Bank of America Corp's $8.5 billion mortgage debt settlement should be sent back to a New York state court for approval.,topStory
BP,BP plc,20111227,UPDATE 1-India's Tata Power to buy out BP stake in solar JV ,MUMBAI  Dec 27 Indian utility Tata Power Ltd said on Tuesday it would buy out BP Alternative Energy Holding's 51 percent stake in joint venture Tata BP Solar for an undisclosed amount.,topStory
C,Citigroup Inc,20111227,Appeals court delays SEC-Citigroup fraud case ,The Securities and Exchange Commission won a delay in its securities fraud lawsuit against Citigroup Inc  as the regulator tries to appeal a judge's decision to reject its $285 million settlement with the bank.,topStory
COP,ConocoPhillips,20111227,UPDATE 2-Endeavour buys U.K. oil fields assets for $330 mln ,Dec 27 Endeavour International Corp  said its unit has agreed to buy ConocoPhillips'  interest in three producing U.K. oil fields for $330 million  bulking up the U.S. oil and gas exploration company's North Sea assets.,topStory
EIX,Edison International,20111227,UPDATE 4-Edison shareholders reach deal on revamp ,* EDF acquisition subject to Consob agreeing on price   (Recasts  adds Italy minister  analyst comments),topStory
EIX,Edison International,20111227,Edison debt to be cut by 1.1 bln euros-EDF CFO ,PARIS  Dec 27 Italian utility Edison's  debt would be reduced by 1.1 billion euros ($1.43 billion) if EDF's takeover bid goes through  the French state-controlled power company's chief financial officer said on Tuesday.,normal
EIX,Edison International,20111227,A2A sees closing of Edison deal by end-June ,MILAN  Dec 27 Italian regional utility A2A  expects to close the reorganisation of shareholdings in Italian power generator Edison  announced by partner EDF on Tuesday  by the end of June 2012  A2A said in a statement.,normal
EIX,Edison International,20111227,Edison shareholders reach deal on revamp ,PARIS  Dec 27 French utility EDF  and a group of Italian shareholders have reached a new preliminary deal on the reorganisation of Edison  with EDF raising its stake in Italy's second biggest utility and Edison's Italian shareholders gaining ownership of its affiliate Edipower.,normal
ETE,Energy Transfer Equity LP,20111227,UPDATE 1-Enterprise Products to sell 22.8 mln Energy Transfer units ,Dec 27 Enterprise Products Partners LP  said it will sell 22.8 million Energy Transfer Equity L.P. units to undisclosed buyers for about $825 million.,topStory
EPD,Enterprise Products Partners LP,20111227,UPDATE 1-Enterprise Products to sell 22.8 mln Energy Transfer units ,Dec 27 Enterprise Products Partners LP  said it will sell 22.8 million Energy Transfer Equity L.P. units to undisclosed buyers for about $825 million.,topStory
XOM,Exxon Mobil Corporation,20111227,Oil rises on Iran warning on Strait of Hormuz ,NEW YORK Oil rose for a sixth straight session on Tuesday as Iran's threat to stop oil moving through the Strait of Hormuz added to concerns about potential threats to supplies from the region. | Video ,topStory
FNF,Fidelity National Financial Inc,20111227,UPDATE 1-Fidelity National to sell majority stake in personal lines business ,Dec 27 Fidelity National Financial Inc   the No. 1 U.S. property title insurer  said it will sell an 85 percent interest in its personal lines business to WT Holdings for about $119 million.,topStory
FCX,Freeport-McMoran Inc,20111227,REFILE-UPDATE 2-Freeport Indonesia union says halts return to work after strike ,JAKARTA  Dec 27 Workers at Freeport McMoran Copper & Gold Inc's mine in Indonesia halted on Tuesday their return to work after a three-month strike  pending the resolution of a labour dispute  senior union officials said.,topStory
FCX,Freeport-McMoran Inc,20111227,Freeport Indonesia union says halts return to work post strike ,JAKARTA  Dec 27 The union at Freeport McMoRan Copper & Gold Inc's Grasberg mine in Indonesia has halted a return to work after a three-month strike pending the resolution of a local labour dispute  senior union official Virgo Solossa said on Tuesday.,normal
GEK,General Electric Capital Corporation,20111227,Deals of the day -- mergers and acquisitions ,Dec 27 The following bids  mergers  acquisitions and disposals involving European  U.S. and Asian companies were reported by 2115 GMT on Tuesday.,topStory
GE,General Electric Company,20111227,Deals of the day -- mergers and acquisitions ,Dec 27 The following bids  mergers  acquisitions and disposals involving European  U.S. and Asian companies were reported by 2115 GMT on Tuesday.,topStory
GM,General Motors Company,20111227,U.S. approves Monsanto drought-tolerant GM corn ,WASHINGTON Monsanto's genetically engineered  drought resistant corn is deregulated  the U.S. Agriculture Department said Thursday  clearing the variety for sale.,topStory
HSBC,HSBC Holdings plc,20111227,UPDATE 1-Bank of Ayudhya tipped to buy HSBC's Thai retail business-sources ,* Shares down 0.5 pct  in line with market   (Adds quotes  details),topStory
HSEA,HSBC Holdings plc,20111227,UPDATE 1-Bank of Ayudhya tipped to buy HSBC's Thai retail business-sources ,* Shares down 0.5 pct  in line with market   (Adds quotes  details),topStory
HSEB,HSBC Holdings plc,20111227,UPDATE 1-Bank of Ayudhya tipped to buy HSBC's Thai retail business-sources ,* Shares down 0.5 pct  in line with market   (Adds quotes  details),topStory
JNJ,Johnson & Johnson,20111227,EU mergers and takeovers (Dec 27) ,BRUSSELS  Dec 27 The following are mergers under review by the European Commission and a brief guide to the EU merger process:,topStory
KKR,KKR & Co LP,20111227,Two resign from Kodak board; represented KKR ,Two Eastman Kodak  directors resigned from the board last week  the struggling photography company said in a filing with U.S. regulators on Tuesday.,topStory
M,Macy&#39;s Inc,20111227,From Macy's to Sears  tales of holiday highs  lows ,Macy's Inc  and Wal-Mart Stores Inc  continue to get high marks from Wall Street as the busy season draws to a close  while Sears Holdings Corp  proved that it was really not a jolly holiday for all stores. | Video ,topStory
M,Macy&#39;s Inc,20111227,From Macy's to Sears  tales of holiday highs  lows ,Macy's Inc   Wal-Mart  and others continue to get high marks from Wall Street as the busy season draws to a close  while Sears Holdings Corp  proved that it was really not a jolly holiday for all stores.,normal
MET,MetLife Inc,20111227,GE jumps into retail banking with MetLife deal ,General Electric Co  agreed to buy life insurer MetLife Inc's  online bank on Tuesday  in a deal that will let GE's capital arm expand its funding base and lessen reliance on wholesale markets.,topStory
MON,Monsanto Company,20111227,U.S. approves Monsanto drought-tolerant GM corn ,WASHINGTON Monsanto's genetically engineered  drought resistant corn is deregulated  the U.S. Agriculture Department said Thursday  clearing the variety for sale.,topStory
MCO,Moody&#39;s Corporation,20111227,BRIEF-Moody's asgns (P) Ba3 (sf) / (P) A2.br (sf) rtg to sr. shares issued by FIDC CDC Financiamento de Veículos Credifibra ,Dec 27 Fundo de Investimento em Direitos Creditorios CDC Financiamento de Veiculos Credifibra,topStory
NYT,New York Times Company (The),20111227,NY Times Co to sell regional newspapers for $143 million ,The New York Times Co said it will sell 16 regional newspapers spread across the U.S. Southeast and California to Halifax Media Holdings for $143 million in cash as it looks to cut costs and focus on its most important papers and their websites.,topStory
NYT,New York Times Company (The),20111227,UPDATE 2-NY Times Co to sell regional newspapers for $143 mln ,Dec 27 The New York Times Co said it will sell 16 regional newspapers spread across the U.S. Southeast and California to Halifax Media Holdings for $143 million in cash as it looks to cut costs and focus on its most important papers and their websites.,normal
NYT,New York Times Company (The),20111227,Robinson exit to cost New York Times over $15 million ,Janet Robinson  who will step down as chief executive of the New York Times Co on December 31  will receive an exit package in excess of $15 million  according to people familiar with the situation.,normal
RJF,Raymond James Financial Inc,20111227,ON THE MOVE: Raymond James hires Wells Fargo  UBS advisers ,Dec 27 Raymond James has hired two former Wells Fargo advisers and one former UBS adviser who together managed more than $500 million to open the firm's first office in Jackson  Mississippi  the company said on Tuesday.,topStory
SNE,Sony Corp Ord,20111227,Sony to sell LCD venture stake to Samsung for $940 million ,TOKYO/SEOUL Sony Corp has agreed to sell its nearly 50 percent stake in an LCD joint venture with Samsung Electronics to the South Korean company for $940 million  as it struggles to reduce huge losses at its TV business. | Video ,topStory
VTR,Ventas Inc,20111227,UPDATE 2-Ventas to buy Cogdell Spencer for $217 mln ,Dec 27 Healthcare real estate firm Ventas Inc will buy peer Cogdell Spencer Inc for about $217 million in cash to broaden its presence in the medical office building market.,topStory
WFC,Wells Fargo & Company,20111227,ON THE MOVE: Raymond James hires Wells Fargo  UBS advisers ,Dec 27 Raymond James has hired two former Wells Fargo advisers and one former UBS adviser who together managed more than $500 million to open the firm's first office in Jackson  Mississippi  the company said on Tuesday.,topStory
