AMZN,Amazoncom Inc,20111206,Amazon to buy over 450 children's book titles ,Amazon.com Inc said on Tuesday it agreed to acquire more than 450 children's book titles in the U.S. from publisher Marshall Cavendish.,topStory
AMZN,Amazoncom Inc,20111206,Amazon's Kindle Fire lets kids charge up a storm ,Amazon's Kindle Fire tablet  one of the hottest gadgets this holiday season because of its low price  has some parents bristling over the simplicity at which children can order from the retail giant and the inability to stop them without crippling the device.,normal
AMZN,Amazoncom Inc,20111206,Amazon's Kindle Fire lets kids charge up a storm ,Dec 6 Amazon's Kindle Fire tablet  one of the hottest gadgets this holiday season because of its low price  has some parents bristling over the simplicity at which children can order from the retail giant and the inability to stop them without crippling the device.,normal
AMZN,Amazoncom Inc,20111206,Amazon forest loss at lowest in 23 years: Brazil ,BRASILIA Deforestation in Brazil's Amazon region fell to its lowest in 23 years in the year through July  the government said Monday  attributing the drop to its tougher stance against illegal logging.,normal
AAPL,Apple Inc,20111206,Chinese court rejects Apple lawsuit over iPad name ,HONG KONG A court in southern China has rejected a lawsuit by Apple Inc  accusing a Chinese technology company of infringing its iPad trademark  a newspaper reported on Tuesday  the latest move in a protracted tug-of-war over the name.,topStory
AAPL,Apple Inc,20111206,Europe probes publishers  Apple on e-book pricing ,BRUSSELS The European Commission is investigating whether e-book publishers owned by Lagardere  Pearson Plc  News Corp and two other firms fixed prices with Apple Inc  blocking rivals and hurting consumers.,normal
AAPL,Apple Inc,20111206,Chinese court rejects Apple lawsuit over iPad name ,HONG KONG A court in southern China has rejected a lawsuit by Apple Inc  accusing a Chinese technology company of infringing its iPad trademark  a newspaper reported on Tuesday  the latest move in a protracted tug-of-war over the name.,normal
AAPL,Apple Inc,20111206,Europe probes publishers  Apple on e-book pricing ,BRUSSELS The European Commission is investigating whether e-book publishers owned by Lagardere  Pearson Plc  News Corp and two other firms fixed prices with Apple Inc  blocking rivals and hurting consumers.,normal
AAPL,Apple Inc,20111206,UPDATE 2-Europe probes publishers  Apple on e-book pricing ,* E-book units of Lagardere  Pearson  News Corp under investigation,normal
AAPL,Apple Inc,20111206,EU Commission in e-books antitrust probe of 5 publishers  Apple ,BRUSSELS  Dec 6 The European Commission is investigating whether e-book publishing units of Lagardere   Pearson Plc  News Corp. and two other companies may have colluded with Apple to block rivals.,normal
AAPL,Apple Inc,20111206,UPDATE 1-HTC sales fall 30 pct in a month ,TAIPEI  Dec 6 Sales of Taiwanese smartphone maker HTC Corp dropped 30 percent in November from a month before as the world's No.4 smartphone brand struggled to compete against bigger rivals Apple  and Samsung Electronics.,normal
AAPL,Apple Inc,20111206,Exclusive: Apple versus Samsung ruling divulges secret details ,A court error on Friday offered a brief glimpse at information that Apple Inc and Samsung Electronics have tried to shield from the public during their high-stakes patent litigation.,normal
AAPL,Apple Inc,20111206,Samsung Elec says new Austin plant reaches full capacity ,SEOUL  Dec 6 Samsung Electronics  said on Tuesday that its new $3.6 billion chip plant in Austin  Texas had reached full production capacity in record time  positioning it to cater to strong demand for smartphones and tablet PCs.,normal
TAPR,Barclays Inverse US Treasury Composite ETN,20111206,Banks use bond workouts to build capital muscle ,LONDON  Dec 6 Europe's banks  under pressure from regulators to bolster their capital  are resorting to buying back their own bonds on the cheap  risking an investor backlash if they try to squeeze bondholders too hard.,topStory
TAPR,Barclays Inverse US Treasury Composite ETN,20111206,UPDATE 1-StanChart to buy bulk of Barclays' India credit cards-sources ,* To buy 170 000 credit card accounts from Barclays-sources,normal
DLBL,Barclays PLC,20111206,Banks use bond workouts to build capital muscle ,LONDON  Dec 6 Europe's banks  under pressure from regulators to bolster their capital  are resorting to buying back their own bonds on the cheap  risking an investor backlash if they try to squeeze bondholders too hard.,topStory
DLBL,Barclays PLC,20111206,UPDATE 1-StanChart to buy bulk of Barclays' India credit cards-sources ,* To buy 170 000 credit card accounts from Barclays-sources,normal
DTYL,Barclays PLC,20111206,Banks use bond workouts to build capital muscle ,LONDON  Dec 6 Europe's banks  under pressure from regulators to bolster their capital  are resorting to buying back their own bonds on the cheap  risking an investor backlash if they try to squeeze bondholders too hard.,topStory
DTYL,Barclays PLC,20111206,UPDATE 1-StanChart to buy bulk of Barclays' India credit cards-sources ,* To buy 170 000 credit card accounts from Barclays-sources,normal
ESRX,Express Scripts Holding Company,20111206,Medco  Express Scripts CEOs to make case for tie-up ,The chief executive officers of Medco Health Solutions Inc  and Express Scripts Inc  will tell a U.S. Senate subcommittee that merging the pharmacy benefit managers will wring out wasteful spending and lower the cost of medicine  according to a government filing.,topStory
HELE,Helen of Troy Limited,20111206,Helen of Troy to buy P&G's water filtration business ,Helen of Troy Ltd  will buy Procter & Gamble Co's  PUR water filtration business  including manufacturing facilities  for an undisclosed sum to expand its consumer healthcare segment.,topStory
HELE,Helen of Troy Limited,20111206,UPDATE 1-Helen of Troy to buy P&G's water filtration business ,Dec 6 Helen of Troy Ltd will buy Procter & Gamble Co's PUR water filtration business  including manufacturing facilities  for an undisclosed sum to expand its consumer healthcare segment.,normal
INTC,Intel Corporation,20111206,UPDATE 1-McAfee lays off 3 percent of workforce ,Dec 6 Security software maker McAfee laid off about 250 workers  equivalent to 3 percent of its workforce  in a bid to improve efficiency  a spokesman said.,topStory
DTYS,iPath US Treasury 10-year Bear ETN,20111206,Banks use bond workouts to build capital muscle ,LONDON  Dec 6 Europe's banks  under pressure from regulators to bolster their capital  are resorting to buying back their own bonds on the cheap  risking an investor backlash if they try to squeeze bondholders too hard.,topStory
DTYS,iPath US Treasury 10-year Bear ETN,20111206,UPDATE 1-StanChart to buy bulk of Barclays' India credit cards-sources ,* To buy 170 000 credit card accounts from Barclays-sources,normal
DTUS,iPath US Treasury 2-year Bear ETN,20111206,Banks use bond workouts to build capital muscle ,LONDON  Dec 6 Europe's banks  under pressure from regulators to bolster their capital  are resorting to buying back their own bonds on the cheap  risking an investor backlash if they try to squeeze bondholders too hard.,topStory
DTUS,iPath US Treasury 2-year Bear ETN,20111206,UPDATE 1-StanChart to buy bulk of Barclays' India credit cards-sources ,* To buy 170 000 credit card accounts from Barclays-sources,normal
DTUL,iPath US Treasury 2-year Bull ETN,20111206,Banks use bond workouts to build capital muscle ,LONDON  Dec 6 Europe's banks  under pressure from regulators to bolster their capital  are resorting to buying back their own bonds on the cheap  risking an investor backlash if they try to squeeze bondholders too hard.,topStory
DTUL,iPath US Treasury 2-year Bull ETN,20111206,UPDATE 1-StanChart to buy bulk of Barclays' India credit cards-sources ,* To buy 170 000 credit card accounts from Barclays-sources,normal
DFVS,iPath US Treasury 5-year Bear ETN,20111206,Banks use bond workouts to build capital muscle ,LONDON  Dec 6 Europe's banks  under pressure from regulators to bolster their capital  are resorting to buying back their own bonds on the cheap  risking an investor backlash if they try to squeeze bondholders too hard.,topStory
DFVS,iPath US Treasury 5-year Bear ETN,20111206,UPDATE 1-StanChart to buy bulk of Barclays' India credit cards-sources ,* To buy 170 000 credit card accounts from Barclays-sources,normal
DFVL,iPath US Treasury 5-year Bull ETN,20111206,Banks use bond workouts to build capital muscle ,LONDON  Dec 6 Europe's banks  under pressure from regulators to bolster their capital  are resorting to buying back their own bonds on the cheap  risking an investor backlash if they try to squeeze bondholders too hard.,topStory
DFVL,iPath US Treasury 5-year Bull ETN,20111206,UPDATE 1-StanChart to buy bulk of Barclays' India credit cards-sources ,* To buy 170 000 credit card accounts from Barclays-sources,normal
FLAT,iPath US Treasury Flattener ETN,20111206,Banks use bond workouts to build capital muscle ,LONDON  Dec 6 Europe's banks  under pressure from regulators to bolster their capital  are resorting to buying back their own bonds on the cheap  risking an investor backlash if they try to squeeze bondholders too hard.,topStory
FLAT,iPath US Treasury Flattener ETN,20111206,UPDATE 1-StanChart to buy bulk of Barclays' India credit cards-sources ,* To buy 170 000 credit card accounts from Barclays-sources,normal
DLBS,iPath US Treasury Long Bond Bear ETN,20111206,Banks use bond workouts to build capital muscle ,LONDON  Dec 6 Europe's banks  under pressure from regulators to bolster their capital  are resorting to buying back their own bonds on the cheap  risking an investor backlash if they try to squeeze bondholders too hard.,topStory
DLBS,iPath US Treasury Long Bond Bear ETN,20111206,UPDATE 1-StanChart to buy bulk of Barclays' India credit cards-sources ,* To buy 170 000 credit card accounts from Barclays-sources,normal
STPP,iPath US Treasury Steepener ETN,20111206,Banks use bond workouts to build capital muscle ,LONDON  Dec 6 Europe's banks  under pressure from regulators to bolster their capital  are resorting to buying back their own bonds on the cheap  risking an investor backlash if they try to squeeze bondholders too hard.,topStory
STPP,iPath US Treasury Steepener ETN,20111206,UPDATE 1-StanChart to buy bulk of Barclays' India credit cards-sources ,* To buy 170 000 credit card accounts from Barclays-sources,normal
NFLX,Netflix Inc,20111206,Exclusive: Verizon to take on Netflix with Web service ,NEW YORK Verizon Communications Inc plans to launch a standalone service allowing customers to stream movies and television shows over the Web  in a fresh challenge to Netflix Inc and the traditional cable TV business  according to several people briefed on the plan.,topStory
NWS,News Corporation,20111206,EU Commission in e-books antitrust probe of 5 publishers  Apple ,BRUSSELS  Dec 6 The European Commission is investigating whether e-book publishing units of Lagardere   Pearson Plc  News Corp. and two other companies may have colluded with Apple to block rivals.,topStory
NWSA,News Corporation,20111206,EU Commission in e-books antitrust probe of 5 publishers  Apple ,BRUSSELS  Dec 6 The European Commission is investigating whether e-book publishing units of Lagardere   Pearson Plc  News Corp. and two other companies may have colluded with Apple to block rivals.,topStory
RYAAY,Ryanair Holdings plc,20111206,PRESS DIGEST - British business - Dec 6 ,The number of people flying with Ryanair fell last month fell by 8 percent to 4.68 million after the low-cost airline grounded 80 aircraft in response to high fuel costs and the struggling economy.,topStory
SINA,Sina Corporation,20111206,Flipboard app launches first international edition in China ,SHANGHAI Popular Apple iPad news application  Flipboard  said on Tuesday it has partnered with China's Sina Corp and Renren Inc to launch a Chinese edition of the application to woo users in the world's largest Internet market.,topStory
SINA,Sina Corporation,20111206,Flipboard app launches first international edition in China ,SHANGHAI  Dec 6 Popular Apple  iPad news application  Flipboard  said on Tuesday it has partnered with China's Sina Corp and Renren Inc  to launch a Chinese edition of the application to woo users in the world's largest Internet market.,normal
VOD,Vodafone Group Plc,20111206,Dutch probe mobile firms for price-fixing ,AMSTERDAM The Dutch competition authority raided the offices of mobile operators KPN  Vodafone  and Deutsche Telekom's T-mobile on Tuesday in a price-fixing investigation.,topStory
VOD,Vodafone Group Plc,20111206,UPDATE 2-Dutch probe mobile firms for price-fixing ,AMSTERDAM  Dec 6 The Dutch competition authority raided the offices of mobile operators KPN  Vodafone  and Deutsche Telekom's T-mobile on Tuesday in a price-fixing investigation.,normal
VOD,Vodafone Group Plc,20111206,KPN  Vodafone  T-Mobile in mobile cartel probe ,AMSTERDAM  Dec 6 The Dutch operations of telecoms operators KPN  Vodafone  and Deutsche Telekom's T-Mobile said in separate statements they were being investigated by the Dutch competition authorities.,normal
MMM,3M Company,20111206,3M sees modest 2012 growth; shares higher ,3M Co  forecast 2012 earnings and revenue toward the high end of Wall Street expectations  citing "slow but positive growth" in the United States and an expected recovery in the global electronics market in the second half of next year.,topStory
MMM,3M Company,20111206,UPDATE 3-3M sees modest 2012 growth; shares higher ,Dec 6 3M Co forecast 2012 earnings and revenue toward the high end of Wall Street expectations  citing "slow but positive growth" in the United States and an expected recovery in the global electronics market in the second half of next year.,normal
AZO,AutoZone Inc,20111206,UPDATE 2-AutoZone Q1 beats as in-shop repair demand grows ,Dec 6 The largest U.S. auto parts retail chain AutoZone Inc posted better-than-expected quarterly results  as more consumers opted for repair shops and dealers for routine automotive maintenance.,topStory
BBD,Banco Bradesco Sa,20111206,New Issue-Petrobras prices 700 mln stg 2026 bond ,Borrower                Petrobras International Finance CO,topStory
BBDO,Banco Bradesco Sa,20111206,New Issue-Petrobras prices 700 mln stg 2026 bond ,Borrower                Petrobras International Finance CO,topStory
BAC,Bank of America Corporation,20111206,BofA still considering all Countrywide options: CEO ,Bank of America Corp  is still looking at all options in regard to its Countrywide mortgage subsidiary  Chief Executive Officer Brian Moynihan said on Tuesday.,topStory
BAC,Bank of America Corporation,20111206,UPDATE 2-BofA still considering all Countrywide options-CEO ,Dec 6 Bank of America Corp is still looking at all options in regard to its Countrywide mortgage subsidiary  Chief Executive Officer Brian Moynihan said on Tuesday.,normal
BAC,Bank of America Corporation,20111206,BofA Merrill unit in $315 million mortgage settlement ,Bank of America Corp agreed to pay $315 million to settle claims by investors who said they were misled about mortgage securities offerings by its Merrill Lynch unit.,normal
BAC,Bank of America Corporation,20111206,UPDATE 3-BofA Merrill unit in $315 mln mortgage settlement ,* Bank trying to address Merrill  Countrywide liabilities,normal
BK,Bank Of New York Mellon Corporation (The),20111206,Mass. drops BNY Mellon on some forex trades ,BOSTON The $48 billion Massachusetts pension fund on Tuesday dropped Bank of New York Mellon as the manager on some of its foreign exchange trades after accusing the custody bank this summer of overcharging the fund $30.5 million on non-negotiated transactions.,topStory
BK,Bank Of New York Mellon Corporation (The),20111206,UPDATE 4-Mass. drops BNY Mellon on some forex trades ,BOSTON  Dec 6 The $48 billion Massachusetts pension fund on Tuesday dropped Bank of New York Mellon  as the manager on some of its foreign exchange trades after accusing the custody bank this summer of overcharging the fund $30.5 million on non-negotiated transactions.,normal
BCS,Barclays PLC,20111206,Banks use bond workouts to build capital muscle ,LONDON  Dec 6 Europe's banks  under pressure from regulators to bolster their capital  are resorting to buying back their own bonds on the cheap  risking an investor backlash if they try to squeeze bondholders too hard.,topStory
BCS,Barclays PLC,20111206,UPDATE 1-StanChart to buy bulk of Barclays' India credit cards-sources ,* To buy 170 000 credit card accounts from Barclays-sources,normal
BA,Boeing Company (The),20111206,Boeing sees no aircraft financing gap in 2012 ,* Sees capital markets  alternative sources playing a role,topStory
BP,BP plc,20111206,BP says Halliburton destroyed Gulf spill evidence ,BP Plc  accused Halliburton Co  of destroying evidence that the oilfield services company did inadequate cement work on the Gulf of Mexico oil well that blew out last year  and asked a federal judge to punish Halliburton.,topStory
BP,BP plc,20111206,NORDIC STOCKS - Factors to watch on Dec 6 ,STOCKHOLM  Dec 6 The following stocks may be affected by newspaper reports and other factors on Tuesday:,normal
BTI,British American Tobacco plc,20111206,UPDATE 1-Imperial Tobacco challenges Australia plain packaging laws ,* Olive green packs  graphic health warnings due Dec  2012,topStory
BAM,Brookfield Asset Management Inc,20111206,UPDATE 1-Prudential to exit real estate brokerage business ,DEC 6 Prudential Financial Inc  said it will sell its real estate brokerage and relocation services business to an affiliate of Canada's Brookfield Asset Management for about $110 million.,topStory
COG,Cabot Oil & Gas Corporation,20111206,Pennsylvania village fights cut in water supply ,NEW YORK Residents of Dimock  a small village in northern Pennsylvania  are set for a legal battle to restore their water supply after an oil and gas company blamed for polluting wells stopped trucking in fresh water last week.,topStory
C,Citigroup Inc,20111206,Citi cuts 4 500 jobs  will take $400 million charge ,NEW YORK Citigroup Inc is cutting 4 500 jobs worldwide  Chief Executive Vikram Pandit said on Tuesday  becoming the latest large bank to trim staff.,topStory
CEO,CNOOC Limited,20111206,REFILE-China's CNOOC to sink 1st deepsea well in Dec/Jan ,BEIJING  Dec 6 Chinese offshore oil and gas specialist CNOOC Ltd will drill its first deepsea exploration well in a northern area of the South China Sea in coming weeks  a company official told Reuters on Tuesday.,topStory
KO,Coca-Cola Company (The),20111206,China probe finds Coke yogurt poisoning likely ,BEIJING Chinese police believe a child who died after drinking a Coca Cola-made yogurt drink was probably the victim of deliberate poisoning  official media said on Tuesday after a testing agency found no toxins in samples from the same batch of the drink.,topStory
KO,Coca-Cola Company (The),20111206,RPT-UPDATE 2-China probe finds Coke yogurt poisoning likely deliberate ,BEIJING  Dec 6 Chinese police believe a child who died after drinking a Coca Cola-made yogurt drink was probably the victim of deliberate poisoning  official media said on Tuesday after a testing agency found no toxins in samples from the same batch of the drink.,normal
CMC,Commercial Metals Company,20111206,Icahn goes hostile with $1.73 billion Commercial Metals bid ,Billionaire investor Carl Icahn went hostile with his $1.73 billion bid to buy Commercial Metals Co  on Tuesday  a day after the metals recycler rejected his buy-out attempt.,topStory
CMC,Commercial Metals Company,20111206,UPDATE 3-Icahn goes hostile with $1.73 bln Commercial Metals bid ,* Icahn to launch tender offer for Commercial Metals shares,normal
CMC,Commercial Metals Company,20111206,Timeline: Icahn chases Commercial Metals ,Corporate raider-turned-activist investor Carl Icahn is locked in a battle with Commercial Metals Co  after offering to buy out the metals recycler  his latest in a year that has seen him bow out of several proxy battles and takeover attempts.,normal
CMC,Commercial Metals Company,20111206,TIMELINE-Icahn chases Commercial Metals ,Dec 6 Corporate raider-turned-activist investor Carl Icahn is locked in a battle with Commercial Metals Co after offering to buy out the metals recycler  his latest in a year that has seen him bow out of several proxy battles and takeover attempts.,normal
CRK,Comstock Resources Inc,20111206,BRIEF: Moody's changes Comstock Resources' outlook to negative; affirms B1 CFR ,* Moody's changes Comstock Resources' outlook to negative; affirms B1 CFR,topStory
COP,ConocoPhillips,20111206,Conoco says L.A. refinery performing maintenance ,HOUSTON  Dec 5 ConocoPhillips said on Monday that its 139 000 barrel per day (bpd) Los Angeles-area refinery in Wilmington  California  was performing maintenance on a unit.,topStory
CLGX,CoreLogic Inc,20111206,UPDATE 2-First American drops CoreLogic buyout plan  shares rise ,* First American withdraws non-binding offer for CoreLogic,topStory
DRI,Darden Restaurants Inc,20111206,UPDATE 2-Darden cuts outlook on Olive Garden woes; shares fall ,* Sees FY 12 EPS to grow 4-7 pct vs. prior view of 12-15 pct,topStory
DB,Deutsche Bank AG,20111206,New Issue-Petrobras prices 700 mln stg 2026 bond ,Borrower                Petrobras International Finance CO,topStory
FAF,First American Corporation (The),20111206,UPDATE 2-First American drops CoreLogic buyout plan  shares rise ,* First American withdraws non-binding offer for CoreLogic,topStory
FMC,FMC Corporation,20111206,UPDATE 2-Norway oil fund slams firms on ethics  governance ,* FMC  Potash excluded from investment list; Alstom on watch,topStory
F,Ford Motor Company,20111206,Ford begins search for post-Mulally CEO: source ,DETROIT Ford Motor Co has begun considering successors for Alan Mulally  the chief executive credited with turning around the No. 2 U.S. automaker over the past five years  according to a person with knowledge of the matter.,topStory
F,Ford Motor Company,20111206,Ford says Jan-Nov China auto sales up 7 pct yr/yr ,BEIJING  Dec 6 Ford Motor said on Tuesday it had moved 470 152 vehicles to dealers in the first 11 months  up 7 percent from a year earlier.,normal
GM,General Motors Company,20111206,Analysis: Shocks could send brittle U.S. recovery off course ,WASHINGTON The U.S. recovery is catching some wind in its sails  brightening prospects it can withstand the economic storms from Europe and a spreading global slowdown.,topStory
GM,General Motors Company,20111206,GM rejects latest Saab ownership plan ,DETROIT/AMSTERDAM General Motors Co  said on Tuesday it would not support a proposed ownership structure for Saab that included a Chinese bank  moving the Swedish auto company closer to liquidation.,normal
GM,General Motors Company,20111206,UPDATE 2-GM rejects latest Saab ownership plan ,DETROIT/AMSTERDAM  Dec 6 General Motors Co said on Tuesday it would not support a proposed ownership structure for Saab that included a Chinese bank  moving the Swedish auto company closer to liquidation.,normal
GM,General Motors Company,20111206,China's Pang Da says still in talks with Saab ,SHANGHAI China's Pang Da Automobile Trade Co  will continue talks with various parties including Saab on plans to invest in the crisis-hit Swedish carmaker  it said in a statement.,normal
GM,General Motors Company,20111206,UPDATE 1-China's Pang Da says still in talks with Saab ,SHANGHAI  Dec 6 China's Pang Da Automobile Trade Co will continue talks with various parties including Saab on plans to invest in the crisis-hit Swedish carmaker  it said in a statement.,normal
GHL,Greenhill & Co Inc,20111206,UPDATE 2-First American drops CoreLogic buyout plan  shares rise ,* First American withdraws non-binding offer for CoreLogic,topStory
TV,Grupo Televisa SA,20111206,Mexico's Nextel and Iusacell end licensing war ,MEXICO CITY  DEC 5 - Rival Mexican cellphone operators Iusacell and NII Holdings' Nextel dropped lawsuits that aimed to thwart each other's access to the market  Nextel said on Monday.,topStory
HRB,H&R Block Inc,20111206,CORRECTED-(Dec 1)-UPDATE 2-H&R Block Q2 loss widens on charges ,Dec 1 H&R Block Inc posted a wider quarterly loss on increased charges as the largest U.S. tax preparer winds down some of its operations to focus on its core tax business.,topStory
HAL,Halliburton Company,20111206,BP says Halliburton destroyed Gulf spill evidence ,BP Plc  accused Halliburton Co  of destroying evidence that the oilfield services company did inadequate cement work on the Gulf of Mexico oil well that blew out last year  and asked a federal judge to punish Halliburton.,topStory
HSBC,HSBC Holdings plc,20111206,UPDATE 2-First Niagara halves quarterly dividend ,* Says move to raise money to complete acquisition of some HSBC branches,topStory
HSBC,HSBC Holdings plc,20111206,New Issue-Petrobras prices 700 mln stg 2026 bond ,Borrower                Petrobras International Finance CO,normal
HSEA,HSBC Holdings plc,20111206,UPDATE 2-First Niagara halves quarterly dividend ,* Says move to raise money to complete acquisition of some HSBC branches,topStory
HSEA,HSBC Holdings plc,20111206,New Issue-Petrobras prices 700 mln stg 2026 bond ,Borrower                Petrobras International Finance CO,normal
HSEB,HSBC Holdings plc,20111206,UPDATE 2-First Niagara halves quarterly dividend ,* Says move to raise money to complete acquisition of some HSBC branches,topStory
HSEB,HSBC Holdings plc,20111206,New Issue-Petrobras prices 700 mln stg 2026 bond ,Borrower                Petrobras International Finance CO,normal
KEP,Korea Electric Power Corporation,20111206,UPDATE 2-S.Korea power cut affects SK Energy operations ,* KEPCO says restores Ulsan power supply after 10-minute outage,topStory
LLL,L3 Technologies Inc,20111206,UPDATE 1-L-3 sees lower sales  profit in 2012 ,Dec 6 Defense contractor L-3 Communications Holdings Inc said on Tuesday it expects sales and earnings to fall next year  citing declining U.S. spending and troop withdrawals from Iraq and Afghanistan.,topStory
LMT,Lockheed Martin Corporation,20111206,UPDATE 2-Pentagon  Lockheed move forward on F-35 contract ,WASHINGTON  Dec 5 The Pentagon said on Monday it reached a tentative agreement with Lockheed Martin Corp on key aspects of a new contract for F-35 fighter jets  allowing Lockheed to start building a fifth batch of planes and billing the government for incurred costs.,topStory
LOW,Lowe&#39;s Companies Inc,20111206,Lowe's undergoing makeover to win shoppers ,NEW YORK From improving signage to adding more technology to its stores  Lowe's  is undergoing a major makeover as the No. 2 home improvement chain tries to woo shoppers away from larger rival Home Depot .,topStory
MDT,Medtronic plc,20111206,Yale picks schools to review Medtronic bone protein ,Dec 5 Yale University's School of Medicine on Monday said it has selected two research centers to review the safety of Medtronic Inc's controversial bone growth product.,topStory
MRK,Merck & Company Inc,20111206,UPDATE 2-Merck & Co to invest $1.5 bln for R&D in China ,BEIJING  Dec 6 Merck & Co Inc will establish a new Asian R&D headquarters in Beijing and commit $1.5 billion to research and development in China over the next five years.,topStory
MRK,Merck & Company Inc,20111206,REFILE-UPDATE 1- Merck to invest $1.5 bln for R&D in China ,HONG KONG  Dec 6 Merck & Co Inc  said on Tuesday that it will establish a new Asian R&D headquarters in Beijing and commit $1.5 billion to research and development in China over the next five years.,normal
MCO,Moody&#39;s Corporation,20111206,BRIEF: Moody's affirms Genesis Health System's (IA) A1 rating; outlook remains stable ,* Moody's affirms Genesis Health System's (IA) A1 rating; outlook remains stable,topStory
MCO,Moody&#39;s Corporation,20111206,BRIEF-Moody's:2012-13 maturities may triple for US spec-grade credit facilities ,Dec 06 US Speculative-Grade Bank Credit Facilities,normal
MCO,Moody&#39;s Corporation,20111206,BRIEF-Moody's asgns rtgs to RMBS notes to be issued by Thekwini 6 ,*Moody's assigns provisional ratings to RMBS notes to be issued by Thekwini 6,normal
MCO,Moody&#39;s Corporation,20111206,BRIEF: Moody's determines Trinity Plus Funding amendments will not cause rating change ,* Moody's Determines Trinity Plus Funding Amendments Will Not Cause Rating Change,normal
MCO,Moody&#39;s Corporation,20111206,BRIEF: Moody's determines Trinity Funding Amendments will not cause rating change ,* Moody's Determines Trinity Funding Amendments Will Not Cause Rating Change,normal
MCO,Moody&#39;s Corporation,20111206,BRIEF: Moody's: No rating impact on KCC from asset sale  interim results ,* Moody's: No rating impact on KCC from asset sale  interim results,normal
MCO,Moody&#39;s Corporation,20111206,BRIEF: Moody's assigns Aa3 rating to Port of Vancouver limited tax G.O. bonds; $64.9 million affected ,* Moody's assigns Aa3 rating to Port of Vancouver limited tax G.O. bonds; $64.9 million affected,normal
MCO,Moody&#39;s Corporation,20111206,BRIEF: Moody's assigns Ba3 to NPC's proposed credit facilities; Caa1 on proposed notes; CFR at B2; outlook negative ,* Moody's assigns Ba3 to NPC's proposed credit facilities; Caa1 on proposed notes; CFR at B2; outlook negative,normal
MS,Morgan Stanley,20111206,ON THE MOVE: Chilton hires MSSB fixed-income team ,Dec 6 Connecticut-based Chilton Investment Company hopes to bolster its high-grade bond offerings by hiring of a veteran fixed-income team from Morgan Stanley Smith Barney  the company said on Tuesday.,topStory
NYT,New York Times Company (The),20111206,9 year-end tax tips for a new tax era ,NEW YORK Time is running out to take your 2011 tax breaks. Use them while you can - with tax changes looming  financial advisers say some long-standing deductions may soon disappear.,topStory
NWN,Northwest Natural Gas Company,20111206,China probe finds Coke yogurt poisoning likely ,BEIJING Chinese police believe a child who died after drinking a Coca Cola-made yogurt drink was probably the victim of deliberate poisoning  official media said on Tuesday after a testing agency found no toxins in samples from the same batch of the drink.,topStory
NWN,Northwest Natural Gas Company,20111206,UPDATE 2-China probe finds Coke yogurt poisoning likely deliberate ,BEIJING  Dec 6 Chinese police believe a child who died after drinking a Coca Cola-made yogurt drink was probably the victim of deliberate poisoning  official media said on Tuesday after a testing agency found no toxins in samples from the same batch of the drink.,normal
NWN,Northwest Natural Gas Company,20111206,China probe clears Coke yogurt drink batch of toxins ,BEIJING A Chinese agency said it had not found toxic pesticides in samples from a production batch of Coca Cola-made yogurt drinks  an official news agency reported  narrowing suspicions the drink may have caused the death of a child who consumed yogurt from the same batch.,normal
NWN,Northwest Natural Gas Company,20111206,China probe clears Coke yogurt drink batch of toxins ,BEIJING  Dec 6 A Chinese agency said it had not found toxic pesticides in samples from a production batch of Coca Cola-made yogurt drinks  an official news agency reported  narrowing suspicions the drink may have caused the death of a child who consumed yogurt from the same batch.,normal
NVO,Novo Nordisk A/S,20111206,Government asks top court to rule for generic drugmaker ,WASHINGTON The government urged the Supreme Court to rule in favor of a generic drugmaker in a case over how companies can fight brand-name rivals to get cheaper drugs to market.,topStory
NS,Nustar Energy LP,20111206,REFILE-NuStar Energy sees growth across its businesses ,NEW YORK  Dec 6 NuStar Energy   one of the nation's largest pipeline and terminal operators  said on Tuesday it sees the St. James oil hub in Louisiana becoming a "second Cushing".,topStory
NS,Nustar Energy LP,20111206,REFILE-NuStar Energy sees growth across its businesses ,NEW YORK  Dec 6 NuStar Energy  one of the nation's largest pipeline and terminal operators  said on Tuesday it sees the St. James oil hub in Louisiana becoming a "second Cushing".,normal
PSO,Pearson Plc,20111206,Europe probes publishers  Apple on e-book pricing ,BRUSSELS The European Commission is investigating whether e-book publishers owned by Lagardere  Pearson Plc  News Corp and two other firms fixed prices with Apple Inc  blocking rivals and hurting consumers.,topStory
PSO,Pearson Plc,20111206,Europe probes publishers  Apple on e-book pricing ,BRUSSELS The European Commission is investigating whether e-book publishers owned by Lagardere  Pearson Plc  News Corp and two other firms fixed prices with Apple Inc  blocking rivals and hurting consumers.,normal
PSO,Pearson Plc,20111206,UPDATE 2-Europe probes publishers  Apple on e-book pricing ,* E-book units of Lagardere  Pearson  News Corp under investigation,normal
PSO,Pearson Plc,20111206,EU Commission in e-books antitrust probe of 5 publishers  Apple ,BRUSSELS  Dec 6 The European Commission is investigating whether e-book publishing units of Lagardere   Pearson Plc  News Corp. and two other companies may have colluded with Apple to block rivals.,normal
PM,Philip Morris International Inc,20111206,UPDATE 1-Imperial Tobacco challenges Australia plain packaging laws ,* Olive green packs  graphic health warnings due Dec  2012,topStory
PHI,PLDT Inc,20111206,TEXT: Fitch: Philippine Telcos Face Higher Capex  Lower Margins ,Link to Fitch Ratings' Report: 2012 Outlook: Philippines Telecom Services,topStory
PDS,Precision Drilling Corporation,20111206,UPDATE 3-Precision Drilling ups 2012 capex  sees Q4 charge ,Dec 6 Precision Drilling Corp  raised its 2012 capital budget by 54 percent to help meet strong demand for its services  but Canada's No. 1 oil and gas driller forecast a fourth-quarter charge as it scraps some of its lower-tier rigs.,topStory
PG,Procter & Gamble Company (The),20111206,Helen of Troy to buy P&G's water filtration business ,Helen of Troy Ltd  will buy Procter & Gamble Co's  PUR water filtration business  including manufacturing facilities  for an undisclosed sum to expand its consumer healthcare segment.,topStory
PG,Procter & Gamble Company (The),20111206,UPDATE 1-Helen of Troy to buy P&G's water filtration business ,Dec 6 Helen of Troy Ltd will buy Procter & Gamble Co's PUR water filtration business  including manufacturing facilities  for an undisclosed sum to expand its consumer healthcare segment.,normal
PJH,Prudential Financial Inc,20111206,UPDATE 1-Prudential to exit real estate brokerage business ,DEC 6 Prudential Financial Inc  said it will sell its real estate brokerage and relocation services business to an affiliate of Canada's Brookfield Asset Management for about $110 million.,topStory
PRH,Prudential Financial Inc,20111206,UPDATE 1-Prudential to exit real estate brokerage business ,DEC 6 Prudential Financial Inc  said it will sell its real estate brokerage and relocation services business to an affiliate of Canada's Brookfield Asset Management for about $110 million.,topStory
PRU,Prudential Financial Inc,20111206,UPDATE 1-Prudential to exit real estate brokerage business ,DEC 6 Prudential Financial Inc  said it will sell its real estate brokerage and relocation services business to an affiliate of Canada's Brookfield Asset Management for about $110 million.,topStory
RENN,Renren Inc,20111206,Flipboard app launches first international edition in China ,SHANGHAI Popular Apple iPad news application  Flipboard  said on Tuesday it has partnered with China's Sina Corp and Renren Inc to launch a Chinese edition of the application to woo users in the world's largest Internet market.,topStory
RENN,Renren Inc,20111206,Flipboard app launches first international edition in China ,SHANGHAI  Dec 6 Popular Apple  iPad news application  Flipboard  said on Tuesday it has partnered with China's Sina Corp and Renren Inc  to launch a Chinese edition of the application to woo users in the world's largest Internet market.,normal
SAP,SAP SE,20111206,SuccessFactors to buy peer for $110 million ,Human resources management software maker SuccessFactors Inc   which has been acquired by SAP AG   said it will buy privately held peer jobs2web for $110 million in cash  as it ramps up its services.,topStory
SAP,SAP SE,20111206,UPDATE 1-SuccessFactors to buy peer for $110 mln ,Dec 6 Human resources management software maker SuccessFactors Inc  which has been acquired by SAP AG  said it will buy privately held peer jobs2web for $110 million in cash  as it ramps up its services.,normal
SAP,SAP SE,20111206,Analysis: SAP's new cloud czar to take on Salesforce  Oracle ,SAP AG's purchase of Web-based software company SuccessFactors Inc could be the catalyst the old-school German technology giant needs to try to catch up to rivals in the fast-growing cloud computing market.,normal
SFL,Ship Finance International Limited,20111206,UPDATE 2-Norway's Frontline restructures to battle downturn ,OSLO  Dec 6 Frontline  the largest independent global oil tanker operator  has unveiled a restructuring plan that will spare its investors a lot of pain and force Ship Finance International to take a big hit.,topStory
STI,SunTrust Banks Inc,20111206,UPDATE 1-SunTrust CEO says mortgage buybacks rise in Q4 ,Dec 6 SunTrust Banks Inc's  fourth-quarter mortgage repurchase costs will be "well above" those of previous periods  the regional bank's chief executive said on Tuesday.,topStory
TEL,TE Connectivity Ltd,20111206,UPDATE 3-TE Connectivity targets $20 billion sales by 2015 ,Dec 6 Connector maker TE Connectivity Ltd affirmed its 2012 sales and profit forecast on Tuesday and said it aimed for at least $20 billion in sales by its 2015 fiscal year.,topStory
TEF,Telefonica SA,20111206,Sandvine shares plunge on weak outlook ,Network equipment maker Sandvine Corp  said it expects fourth-quarter revenue to fall by about a fifth as some of its largest customers hold back on spending  sending its shares down 31 percent to a two-year low.,topStory
BX,The Blackstone Group LP,20111206,Blackstone Asia head eyes growth in China  Southeast Asia ,HONG KONG Blackstone Group L.P.  sees China and Southeast Asia as top destinations for Asia investments next year as it aims to benefit from buoyant consumer markets there  the Asia-Pacific head of the private equity firm said on Tuesday.,topStory
TOL,Toll Brothers Inc,20111206,Toll Brothers results beat Street  margins rise ,Luxury homebuilder Toll Brothers Inc  reported higher-than-expected quarterly profit from greater margins  and issued a forecast for new orders that may reflect a bottoming of the U.S. housing market following a long decline.,topStory
TOL,Toll Brothers Inc,20111206,UPDATE 2-Toll Brothers results beat Street  margins strong ,Dec 6 Luxury homebuilder Toll Brothers Inc reported higher-than-expected quarterly sales and earnings as gross margins topped forecasts.,normal
TTC,Toro Company (The),20111206,UPDATE 1-Toro Q4 beats Street; sees strong 2012 ,Dec 6 Toro Co reported better-than-expected quarterly results  helped by a 14 percent rise in its professional segment sales and guided 2012 results above analysts' expectations.,topStory
TLP,TransMontaigne Partners LP,20111206,TransMontaigne to increase Miss.  Ohio tankage ,NEW YORK  Dec 6 TransMontaigne Partners LP said on Tuesday that it would increase the capacity at its Collins  Mississippi and East Liverpool  Ohio terminals.,topStory
UL,Unilever PLC,20111206,Unilever prepares for UK strike on Dec. 9 ,LONDON  Dec 6 Consumer goods maker Unilever Plc/NV  said customers would not be affected by its first strike in Britain on Friday by workers who are fighting the axing of their final salary pension scheme.,topStory
VZ,Verizon Communications Inc,20111206,Exclusive: Verizon to take on Netflix with Web service ,NEW YORK Verizon Communications Inc plans to launch a standalone service allowing customers to stream movies and television shows over the Web  in a fresh challenge to Netflix Inc and the traditional cable TV business  according to several people briefed on the plan.,topStory
VZA,Verizon Communications Inc,20111206,Exclusive: Verizon to take on Netflix with Web service ,NEW YORK Verizon Communications Inc plans to launch a standalone service allowing customers to stream movies and television shows over the Web  in a fresh challenge to Netflix Inc and the traditional cable TV business  according to several people briefed on the plan.,topStory
WFC,Wells Fargo & Company,20111206,UPDATE 3-Wells Fargo well positioned for stress test - CEO ,Dec 6 Wells Fargo & Co is "well positioned" for upcoming stress tests of the largest U.S. banks  Chief Executive John Stumpf said on Tuesday.,topStory
YGE,Yingli Green Energy Holding Company Limited,20111206,Analysis: Solar companies to seek deep pockets in downturn ,Struggling solar manufacturers will likely be driven into mergers with rivals to survive a sector squeeze  a trend that could draw major Asian conglomerates deeper into the renewable energy sector.,topStory
NSU,Nevsun Resources Ltd,20111206,UPDATE 1-Nevsun sees no impact from UN sanctions on Eritrea ,Dec 6 Canadian gold producer Nevsun Resources Ltd said United Nations sanctions against Eritrea should have no direct impact either on the company or its mining operations in the African country.,topStory
