AKAM,Akamai Technologies Inc,20111222,UPDATE 4-Akamai snaps up key rival Cotendo for $268 mln ,Dec 22 Akamai Technologies Inc  said it will buy rival Cotendo in a $268 million cash deal that will eliminate a tough competitor and strengthen its web acceleration business.,topStory
AKRX,Akorn Inc,20111222,Lundbeck divests several products to Akorn ,COPENHAGEN  Dec 22 Danish drugmaker Lundbeck has agreed to sell a portfolio of three products in the United States to Akorn Inc for up to $60 million in cash  Lundbeck said on Thursday.,topStory
AAPL,Apple Inc,20111222,New iPhone? No thanks  say cash-conscious Europeans ,Weakening economies and falling prices of rival smartphones are hurting sales of Apple iPhones across Europe  data from research firm Kantar Worldpanel ComTech showed on Thursday.,topStory
AAPL,Apple Inc,20111222,Apple nears German court rebuff in row with Samsung ,DUESSELDORF  Germany A German court rejected Apple's claims that Samsung Electronics' reworked tablet PC still looks like a copycat version of the iPad  in a preliminary assessment.,normal
AAPL,Apple Inc,20111222,UPDATE 1-Apple nears German court rebuff in row with Samsung ,* Reworked Samsung tablet unlike Apple's protected design -judge,normal
AAPL,Apple Inc,20111222,Apple nears German court rebuff in row with Samsung ,DUESSELDORF  Germany  Dec 22 A German court rejected Apple's claims that Samsung Electronics'  reworked tablet PC still looks like a copycat version of the iPad  in a preliminary assessment.,normal
AAPL,Apple Inc,20111222,UPDATE 1-New iPhone? No thanks  say cash-conscious Europeans ,* Apple iPhone market share drops in France  Germany  Italy  Spain,normal
AAPL,Apple Inc,20111222,Apple iPhone market share slips in Europe - researcher ,Dec 22 The long-awaited launch of the iPhone 4S has helped Apple win market share in the United States and Britain  although it is losing ground in the rest of Europe  data from research firm Kantar Worldpanel ComTech showed on Thursday.,normal
TAPR,Barclays Inverse US Treasury Composite ETN,20111222,UPDATE 1-FINRA fines Barclays Capital $3 million ,NEW YORK  Dec 22 The Financial Industry Regulatory Authority fined Barclay's Capital Inc.  $3 million on Thursday for inadequate supervision and misrepresentation of data relating to the issuance of subprime mortgage securitizations.,topStory
DLBL,Barclays PLC,20111222,UPDATE 1-FINRA fines Barclays Capital $3 million ,NEW YORK  Dec 22 The Financial Industry Regulatory Authority fined Barclay's Capital Inc.  $3 million on Thursday for inadequate supervision and misrepresentation of data relating to the issuance of subprime mortgage securitizations.,topStory
DTYL,Barclays PLC,20111222,UPDATE 1-FINRA fines Barclays Capital $3 million ,NEW YORK  Dec 22 The Financial Industry Regulatory Authority fined Barclay's Capital Inc.  $3 million on Thursday for inadequate supervision and misrepresentation of data relating to the issuance of subprime mortgage securitizations.,topStory
EBAY,eBay Inc,20111222,EBay buys German technology company ,EBay Inc said on Thursday it bought BillSafe  a purchase and invoicing technology provider with clients in Germany  and will combine it with its PayPal online payments service  in a move to strengthen its e-commerce capabilities in Northern Europe.,topStory
EBAYL,eBay Inc,20111222,EBay buys German technology company ,EBay Inc said on Thursday it bought BillSafe  a purchase and invoicing technology provider with clients in Germany  and will combine it with its PayPal online payments service  in a move to strengthen its e-commerce capabilities in Northern Europe.,topStory
ESLT,Elbit Systems Ltd,20111222,UPDATE 1-Israel blocks Elbit export authorization to customer ,* Israeli media report contract was with Turkish air force,topStory
FRPT,Freshpet Inc,20111222,UK to buy 100 more Force Protection vehicles ,LONDON  Dec 22 Britain will buy about 100 more light-armoured Foxhound patrol vehicles from U.S. defence firm Force Protection Inc for use in Afghanistan  the Ministry of Defence said on Thursday.,topStory
DTYS,iPath US Treasury 10-year Bear ETN,20111222,UPDATE 1-FINRA fines Barclays Capital $3 million ,NEW YORK  Dec 22 The Financial Industry Regulatory Authority fined Barclay's Capital Inc.  $3 million on Thursday for inadequate supervision and misrepresentation of data relating to the issuance of subprime mortgage securitizations.,topStory
DTUS,iPath US Treasury 2-year Bear ETN,20111222,UPDATE 1-FINRA fines Barclays Capital $3 million ,NEW YORK  Dec 22 The Financial Industry Regulatory Authority fined Barclay's Capital Inc.  $3 million on Thursday for inadequate supervision and misrepresentation of data relating to the issuance of subprime mortgage securitizations.,topStory
DTUL,iPath US Treasury 2-year Bull ETN,20111222,UPDATE 1-FINRA fines Barclays Capital $3 million ,NEW YORK  Dec 22 The Financial Industry Regulatory Authority fined Barclay's Capital Inc.  $3 million on Thursday for inadequate supervision and misrepresentation of data relating to the issuance of subprime mortgage securitizations.,topStory
DFVS,iPath US Treasury 5-year Bear ETN,20111222,UPDATE 1-FINRA fines Barclays Capital $3 million ,NEW YORK  Dec 22 The Financial Industry Regulatory Authority fined Barclay's Capital Inc.  $3 million on Thursday for inadequate supervision and misrepresentation of data relating to the issuance of subprime mortgage securitizations.,topStory
DFVL,iPath US Treasury 5-year Bull ETN,20111222,UPDATE 1-FINRA fines Barclays Capital $3 million ,NEW YORK  Dec 22 The Financial Industry Regulatory Authority fined Barclay's Capital Inc.  $3 million on Thursday for inadequate supervision and misrepresentation of data relating to the issuance of subprime mortgage securitizations.,topStory
FLAT,iPath US Treasury Flattener ETN,20111222,UPDATE 1-FINRA fines Barclays Capital $3 million ,NEW YORK  Dec 22 The Financial Industry Regulatory Authority fined Barclay's Capital Inc.  $3 million on Thursday for inadequate supervision and misrepresentation of data relating to the issuance of subprime mortgage securitizations.,topStory
DLBS,iPath US Treasury Long Bond Bear ETN,20111222,UPDATE 1-FINRA fines Barclays Capital $3 million ,NEW YORK  Dec 22 The Financial Industry Regulatory Authority fined Barclay's Capital Inc.  $3 million on Thursday for inadequate supervision and misrepresentation of data relating to the issuance of subprime mortgage securitizations.,topStory
STPP,iPath US Treasury Steepener ETN,20111222,UPDATE 1-FINRA fines Barclays Capital $3 million ,NEW YORK  Dec 22 The Financial Industry Regulatory Authority fined Barclay's Capital Inc.  $3 million on Thursday for inadequate supervision and misrepresentation of data relating to the issuance of subprime mortgage securitizations.,topStory
MU,Micron Technology Inc,20111222,Micron shares skyrocket  investors bet on 2012 bounce ,Micron Technology Inc's shares jumped 15 percent on Thursday after investors looked past limp quarterly results and focused on a potential 2012 rebound in long-stagnant memory chip demand and prices.,topStory
MNTA,Momenta Pharmaceuticals Inc,20111222,Baxter  Momenta enter into deal on biosimilars ,Baxter International Inc  and Momenta Pharmaceuticals  said they have entered into a global collaboration to develop and sell generic versions of biotechnology drugs.,topStory
NEOG,Neogen Corporation,20111222,UPDATE 1-Neogen Q2 lags Street view  shares drop ,Dec 22 Neogen Corp reported quarterly results that fell short of analysts' estimates on slower sales in its genetic test service segment and international business  sending the diagnostic test maker's shares down to a new low in more than a year.,topStory
NWS,News Corporation,20111222,Softbank to quit on Myspace in Japan: report ,Softbank Corp will quit its domestic social networking site business after just five years  liquidating a joint venture with Rupert Murdoch's News Corp for the Japanese-language version of Myspace  the Nikkei business daily reported.,topStory
NWS,News Corporation,20111222,UPDATE 1-Softbank to quit on Myspace in Japan-Nikkei ,Dec 23 Softbank Corp will quit its domestic social networking site business after just five years  liquidating a joint venture  with Rupert Murdoch's News Corp for the Japanese-language version of Myspace  the Nikkei business daily reported.,normal
NWSA,News Corporation,20111222,Softbank to quit on Myspace in Japan: report ,Softbank Corp will quit its domestic social networking site business after just five years  liquidating a joint venture with Rupert Murdoch's News Corp for the Japanese-language version of Myspace  the Nikkei business daily reported.,topStory
NWSA,News Corporation,20111222,UPDATE 1-Softbank to quit on Myspace in Japan-Nikkei ,Dec 23 Softbank Corp will quit its domestic social networking site business after just five years  liquidating a joint venture  with Rupert Murdoch's News Corp for the Japanese-language version of Myspace  the Nikkei business daily reported.,normal
RMBS,Rambus Inc,20111222,Rambus signs patent licensing deal with Broadcom ,Rambus Inc  said it has signed a patent licensing deal with Broadcom Inc   resolving all previous claims related to its technology.,topStory
RMBS,Rambus Inc,20111222,UPDATE 1-Rambus signs patent licensing deal with Broadcom ,Dec 22 Rambus Inc said it has signed a patent licensing deal with Broadcom Inc  resolving all previous claims related to its technology.,normal
RGLD,Royal Gold Inc,20111222,Chieftain Metals signs purchase agreement with Royal Gold ,Canadian junior miner Chieftain Metals Inc  said U.S. mining royalty company Royal Gold Inc   will pay it up to $60 million for rights to buy a portion of gold and silver to be produced from its mine in British Columbia.,topStory
RGLD,Royal Gold Inc,20111222,UPDATE 1-Chieftain Metals signs purchase agreement with Royal Gold ,Dec 22 Canadian junior miner Chieftain Metals Inc said U.S. mining royalty company Royal Gold Inc  will pay it up to $60 million for rights to buy a portion of gold and silver to be produced from its mine in British Columbia.,normal
FINL,The Finish Line Inc,20111222,UPDATE 2-Finish Line sprints ahead on running shoes ,Dec 21 Finish Line Inc's  third-quarter sales topped market expectations as customers continued to spend on running shoes  and the footwear retailer said it plans to expand its digital business.,topStory
AM,Antero Midstream Partners LP,20111222,American Greetings shares plummet as Q3 profit drops ,American Greetings Corp's  third-quarter profit dropped nearly 40 percent as it spent more on selling and marketing its greeting cards  and the company said its cash flow in fiscal 2012 would be hurt by higher expenses.,topStory
AM,Antero Midstream Partners LP,20111222,UPDATE 3-American Greetings shares plummet as Q3 profit drops ,Dec 22 American Greetings Corp's  third-quarter profit dropped nearly 40 percent as it spent more on selling and marketing its greeting cards  and the company said its cash flow in fiscal 2012 would be hurt by higher expenses.,normal
AM,Antero Midstream Partners LP,20111222,UPDATE 1-American Greetings shares plummet as Q3 profit drops ,Dec 22 American Greetings Corp's  third-quarter profit dropped nearly 40 percent as it spent more on selling and marketing its greeting cards  and the company said its cash flow in 2012 would be hurt by higher expenses.,normal
BBVA,Banco Bilbao Viscaya Argentaria SA,20111222,BBVA takes ECB cash to cover maturing debt-source ,MADRID  Dec 22 Spanish bank BBVA  took around 11 billion euros ($14.4 billion) in the European Central Bank's offer of cheap long-term cash  in order to cover 2012 debt maturities  a market source said on Thursday.,topStory
BAC,Bank of America Corporation,20111222,BofA-Merrill India vice chairman to leave firm-sources ,MUMBAI  Dec 22 The vice chairman of Bank of America-Merrill Lynch's Indian investment banking unit is leaving the Wall Street bank  two sources with direct knowledge of the matter told Reuters.,topStory
BCS,Barclays PLC,20111222,UPDATE 1-FINRA fines Barclays Capital $3 million ,NEW YORK  Dec 22 The Financial Industry Regulatory Authority fined Barclay's Capital Inc.  $3 million on Thursday for inadequate supervision and misrepresentation of data relating to the issuance of subprime mortgage securitizations.,topStory
BAX,Baxter International Inc,20111222,Baxter  Momenta enter into deal on biosimilars ,Baxter International Inc  and Momenta Pharmaceuticals  said they have entered into a global collaboration to develop and sell generic versions of biotechnology drugs.,topStory
BDC,Belden Inc,20111222,TEXT-S&P:Belden rtgs unaffected by possible RuggedCom deal ,Dec 22 - December 22  2011--Standard & Poor's Ratings Services said today that its ratings on St. Louis-based cable  connectivity  and networking products provider Belden Inc. are unaffected by its proposed ~$280 million hostile takeover of Ontario  Canada-based RuggedCom Inc.  a provider of networking products designed for harsh environments. The company intends to fund the acquisition with cash on hand and borrowings under its existing $400 million revolver. With leverage of 2.6x at Sept. 30  ,topStory
BA,Boeing Company (The),20111222,American Airlines cleared to buy Boeing planes ,AMR Corp   the parent of American Airlines  was cleared by a U.S. bankruptcy judge on Thursday to buy 32 Boeing Co  planes that it had been scheduled to receive through the end of next year.,topStory
BA,Boeing Company (The),20111222,CORRECTED-Airbus expands order record  Boeing set to rebound ,PARIS Airbus is on course to end 2011 with well over 1 600 orders  pushing Boeing  to the lowest market share of their 40-year rivalry  but Boeing has stored up momentum for a comeback as both companies put fresh vigour into their most-sold jets.,normal
BA,Boeing Company (The),20111222,Airbus expands order record  Boeing set to rebound ,PARIS Airbus is on course to end 2011 with well over 1 600 orders  pushing Boeing  to the lowest market share of their 40-year rivalry  but Boeing has stored up momentum for a comeback as both companies put fresh vigor into their most-sold jets.,normal
BA,Boeing Company (The),20111222,CORRECTED-Airbus expands order record  Boeing set to rebound ,PARIS  Dec 22 Airbus is on course to end 2011 with well over 1 600 orders  pushing Boeing to the lowest market share of their 40-year rivalry  but Boeing has stored up momentum for a comeback as both companies put fresh vigour into their most-sold jets.,normal
BTI,British American Tobacco plc,20111222,Tobacco groups drop challenge to English display ban ,LONDON  Dec 22 The world's four biggest cigarette groups dropped their legal challenge on Thursday to an English ban on displaying tobacco products in shops after the UK government made concessions and due to delays in adopting rules defining the scope of the ban.,topStory
CWH,Camping World Holdings Inc,20111222,Select Income REIT files for IPO of up to $230 million ,Select Income REIT filed with U.S. regulators to raise up to $230 million in an initial public offering of its common stock.,topStory
CWH,Camping World Holdings Inc,20111222,UPDATE 1-Select Income REIT files for IPO of up to $230 mln ,* Morgan Stanley  BofA Merrill Lynch  Wells Fargo to underwrite IPO,normal
CVX,Chevron Corporation,20111222,Rio police seek to indict Chevron  Transocean officials ,SAO PAULO Federal police in Brazil on Wednesday recommended the indictment of several Chevron and Transocean officials involved in an oil spill in early November for environmental crimes and withholding information in an investigation.,topStory
ZNH,China Southern Airlines Company Limited,20111222,EU airline carbon move could spark trade war-China ,BEIJING Beijing criticised a decision by Europe's highest court to allow airlines to be charged for carbon emissions on flights to and from the European Union  with state media warning on Thursday it could spark a trade spat and the foreign ministry urging talks.,topStory
C,Citigroup Inc,20111222,Citigroup loses suit to overturn $54-million ruling ,A U.S. judge on Wednesday denied a request by Citigroup to overturn a $54.1-million arbitration ruling in favor of a group of investors for losses incurred in a series of municipal bond funds which plunged in value between 2007 and 2008.,topStory
C,Citigroup Inc,20111222,Citigroup loses suit to overturn $54-mln ruling ,*Investors' losses were tied to risky municipal bond funds,normal
CXO,Concho Resources Inc,20111222,UPDATE 1-Concho to buy Permian Basin assets for $175 mln ,Dec 22 Oil-focused explorer Concho Resources Inc said it will buy assets in the Wolfberry play from Petroleum Development Corp for about $175 million to expand its acerage in the Permian Basin in Texas.,topStory
E,ENI SpA,20111222,Eni sells TAG pipeline for 710 mln euros ,MILAN  Dec 22 Italy's energy group Eni SpA  has completed the sale of its majority stake in the TAG pipeline  which brings Russian gas to Europe  Eni said in a statement on Thursday.,topStory
RE,Everest Re Group Ltd,20111222,UPDATE 1-Everest Re sees $100-$125 mln loss from Thailand floods ,* Sees $26 mln raise to net after-tax loss est from Japan quake,topStory
XOM,Exxon Mobil Corporation,20111222,Oil up on supply worry  supportive U.S. data ,NEW YORK Oil rose for a fourth straight day on Thursday in thin  choppy trading on fears of potential supply disruptions from Iraq and Iran and supportive U.S. economic data. | Video ,topStory
FII,Federated Investors Inc,20111222,TEXT-Fitch afrms 3 Prime Rate money market funds at 'AAAmmf' on Federated acquisition ,Dec 22 - Fitch Ratings has affirmed the following three money market funds  managed by Prime Rate Capital Management LLP (Prime Rate)  at 'AAAmmf' and removed them from Rating Watch Negative (RWN):,topStory
GNK,Genco Shipping & Trading Limited Warrants Expiring 12/31/2021 ,20111222,UPDATE 1-Genco Shipping amends credit facilities ,Dec 22 Genco Shipping & Trading Ltd  said it has amended three of its credit facilities to increase financial flexibility in a weak environment for drybulk carriers.,topStory
GM,General Motors Company,20111222,U.S. approves Monsanto drought-tolerant GM corn ,WASHINGTON Monsanto's genetically engineered  drought resistant corn is deregulated  the U.S. Agriculture Department said Thursday  clearing the variety for sale.,topStory
GM,General Motors Company,20111222,After a year of disasters  Toyota sees record sales ,TOKYO Toyota Motor Corp forecast a 20 percent jump in global sales to a record 8.48 million vehicles next year as it claws back from this year's output losses caused by natural disasters in Japan and Thailand. | Video ,normal
GNW,Genworth Financial Inc,20111222,Genworth solutions funds draw $500 mln in 7 months ,Dec 22 In just seven months  Genworth Financial   which sells fund-management services to financial advisers  has attracted more than $500 million to its new Portfolio Solutions product.,topStory
FUL,H B Fuller Company,20111222,Text-S&P revises outlook on H.B.Fuller to neg  affirms BBB ,-- U.S.-based chemicals producer H.B. Fuller Co. has signed a definitive agreement to acquire the industrial adhesives business of Forbo Group for approximately $400 million.      -- We are revising our outlook on Fuller to negative from stable and affirming the 'BBB' corporate credit rating.      -- The negative outlook indicates that we could lower the rating if credit metrics do not improve within the next one to two years. NEW YORK (Standard & Poor's) Dec. 22  2011--Standard & Poor's Ratings,topStory
FUL,H B Fuller Company,20111222,UPDATE 2-H.B. Fuller to buy Forbo's adhesives business for $395 mln ,* Sees Forbo's business generating $580 mln in rev in 2011,normal
FUL,H B Fuller Company,20111222,Swiss stocks - Factors to watch on Dec. 22 ,Swiss shares are set to open slightly higher on Thursday  in line with European markets  although could remain under pressure in thin pre-Christmas trade as doubts remain about a solution to the euro zone's debt crisis.,normal
HMC,Honda Motor Company Ltd,20111222,TABLE-Japan automakers November output  exports ,TOKYO  Dec 22 Japan's largest automaker  Toyota Motor Corp  said on Thursday its global output fell 3.4 percent in November from a year earlier to 634 464 vehicles.	     The following are figures for domestic output  exports  overseas and global output of vehicles at Japan's eight carmakers for November  with percentage changes from the year before.                 Japan Output       Exports   *Toyota       276 851 (+ 5.1)   148 925 (+ 0.5)  Nissan       120 217 (+25.1)    79 303 (+1,topStory
JPM,J P Morgan Chase & Co,20111222,UPDATE 1-Banks' advisory fee slump deepens in crisis-hit Q4 ,* Global investment banking fees fall 8 pct on 2010 levels,topStory
JPM,J P Morgan Chase & Co,20111222,Banks' advisory fee slump deepens in crisis-hit Q4 ,* Global investment banking fees fall 8 pct on 2010 levels,normal
JNJ,Johnson & Johnson,20111222,J&J pulls 12 million Motrin bottles from shelves ,Johnson & Johnson  the consumer products company which has been plagued by product recalls in the past two years  said it is voluntarily asking retailers to remove about 12 million bottles of Motrin pain relievers from store shelves.,topStory
LNC,Lincoln National Corporation,20111222,Text-Fitch affirms Lincoln National's IDR at A- ,CHICAGO  December 22 (Fitch) Fitch Ratings has affirmed Lincoln National  Corporation's (LNC) long-term Issuer Default Rating (IDR) at 'A-'  and the Insurer Financial Strength (IFS) ratings of LNC's insurance operating subsidiaries at 'A+'. The Rating Outlook is Stable. A full list of rating actions is shown below. Fitch's rating actions reflect LNC's improving overall operating performance  solid risk-adjusted capitalization  strong competitive position  diverse distribution network and capable,topStory
LYG,Lloyds Banking Group Plc,20111222,Lone Star buys 900 mln stg Lloyds' debt portfolio ,LONDON  Dec 22 U.S. private equity firm Lone Star said it had bought Lloyds Banking Group's  Project Royal portfolio of debt  worth more than 900 million pounds ($1.4 billion)  at a price that sources said was a discount of up to 40 percent.,topStory
M,Macy&#39;s Inc,20111222,Retailers' graveyard shift wins over shoppers  analysts ,NEW YORK While most of New York was fast asleep at 3 am on Thursday  25-year old Tatiana Baret from the Bronx went to Macy's.,topStory
MLM,Martin Marietta Materials Inc,20111222,Vulcan rejects Martin Marietta $5 billion bid ,Vulcan Materials Co  rejected Martin Marietta Materials Inc's  nearly $5 billion takeover bid  arguing that the all-stock bid undervalues the company and overstates the potential cost savings of a deal.,topStory
MLM,Martin Marietta Materials Inc,20111222,UPDATE 4-Vulcan questions Martin Marietta's $5 bln bid benefits  rejects deal ,* Says offer undervalues co  sees significant execution risk,normal
MON,Monsanto Company,20111222,U.S. approves Monsanto drought-tolerant GM corn ,WASHINGTON Monsanto's genetically engineered  drought resistant corn is deregulated  the U.S. Agriculture Department said Thursday  clearing the variety for sale.,topStory
MCO,Moody&#39;s Corporation,20111222,Moody's cuts Slovenia's credit rating one notch to A1 ,Moody's Investors Service on Thursday cut the sovereign foreign currency credit rating for Slovenia one notch to A1 from Aa3  citing increasing pressure on the government's balance sheet that could arise from a potential need to further support the nation's banking system.,topStory
MCO,Moody&#39;s Corporation,20111222,BRIEF-Moody's disclosures on credit ratings of Tesco Plc ,Dec 22 Tesco Plc * Moody's Disclosures on Credit Ratings of Tesco Plc ,normal
MCO,Moody&#39;s Corporation,20111222,BRIEF-Moody's changes Toyota Motor's outlook to negative ,* Moody's changes Toyota Motor's outlook to negative from stable,normal
MCO,Moody&#39;s Corporation,20111222,BRIEF: Moody's changes CompuCom's outlook to positive ,Dec 22 CompuCom: * Moody's changes CompuCom's outlook to positive ,normal
MS,Morgan Stanley,20111222,UPDATE 1-Select Income REIT files for IPO of up to $230 mln ,* Morgan Stanley  BofA Merrill Lynch  Wells Fargo to underwrite IPO,topStory
NYT,New York Times Company (The),20111222,Robinson exit to cost New York Times over $15 million ,Janet Robinson  who will step down as chief executive of the New York Times Co on December 31  will receive an exit package in excess of $15 million  according to people familiar with the situation.,topStory
NWN,Northwest Natural Gas Company,20111222,Corrected: Coke sets plan for plastic bottles from plants ,NEW YORK Coca-Cola Co announced a plan on Thursday that brings it closer to rolling out soft drink bottles made entirely from plant-based plastic.,topStory
RJF,Raymond James Financial Inc,20111222,Raymond James  Stifel vie for Morgan Keegan: sources ,Stifel Financial Corp and Raymond James Financial Inc  are in talks with Regions Financial Corp  to buy its Morgan Keegan unit  sources familiar with the matter said.,topStory
RF,Regions Financial Corporation,20111222,Raymond James  Stifel vie for Morgan Keegan: sources ,Stifel Financial Corp and Raymond James Financial Inc  are in talks with Regions Financial Corp  to buy its Morgan Keegan unit  sources familiar with the matter said.,topStory
RIO,Rio Tinto Plc,20111222,Australia's QR National in ten year coal haul contract with Rio ,SYDNEY  Dec 22 Australian coal haulage firm QR National said on Thursday has signed a 10-year contract with Rio Tinto to haul 3 million tonnes of coal a year.	 	  (Reporting by Narayanan Somasundaram),topStory
SF,Stifel Financial Corporation,20111222,Raymond James  Stifel vie for Morgan Keegan: sources ,Stifel Financial Corp and Raymond James Financial Inc  are in talks with Regions Financial Corp  to buy its Morgan Keegan unit  sources familiar with the matter said.,topStory
TEVA,Teva Pharmaceutical Industries Limited,20111222,UPDATE 1-Teva names new CEO for European unit ,Dec 22 Israel-based Teva Pharmaceutical Industries said its European unit's chief executive Gerard van Odijk has decided to step down and will be replaced by Rob Koremans.,topStory
TM,Toyota Motor Corp Ltd Ord,20111222,Toyota expects record sales in 2012 ,TOKYO Japanese carmaker Toyota Motor  forecast a 20 percent jump in 2012 sales to a record 8.48 million vehicles  as it recovers from output losses caused by natural disasters in Japan and Thailand this year.,topStory
TM,Toyota Motor Corp Ltd Ord,20111222,UPDATE 4-Toyota expects record sales in 2012 ,TOKYO  Dec 22 Japanese carmaker Toyota Motor  forecast a 20 percent jump in 2012 sales to a record 8.48 million vehicles  as it recovers from output losses caused by natural disasters in Japan and Thailand this year.,normal
TM,Toyota Motor Corp Ltd Ord,20111222,After a year of disasters  Toyota sees record sales ,TOKYO Toyota Motor Corp forecast a 20 percent jump in global sales to a record 8.48 million vehicles next year as it claws back from this year's output losses caused by natural disasters in Japan and Thailand. | Video ,normal
TM,Toyota Motor Corp Ltd Ord,20111222,BRIEF-Moody's changes Toyota Motor's outlook to negative ,* Moody's changes Toyota Motor's outlook to negative from stable,normal
TM,Toyota Motor Corp Ltd Ord,20111222,TABLE-Japan automakers November output  exports ,TOKYO  Dec 22 Japan's largest automaker  Toyota Motor Corp  said on Thursday its global output fell 3.4 percent in November from a year earlier to 634 464 vehicles.	     The following are figures for domestic output  exports  overseas and global output of vehicles at Japan's eight carmakers for November  with percentage changes from the year before.                 Japan Output       Exports   *Toyota       276 851 (+ 5.1)   148 925 (+ 0.5)  Nissan       120 217 (+25.1)    79 303 (+1,normal
TM,Toyota Motor Corp Ltd Ord,20111222,Toyota sees 2012 global sales up 20 pct at record 8.48 mln vehicles ,TOKYO  Dec 22 Toyota Motor Corp  forecast on Thursday a 20 percent jump in parent-only global sales to a record 8.48 million vehicles in 2012 as it claws back from this year's output losses caused by natural disasters in Japan and Thailand.,normal
RIG,Transocean Ltd,20111222,Rio police seek to indict Chevron  Transocean officials ,SAO PAULO Federal police in Brazil on Wednesday recommended the indictment of several Chevron and Transocean officials involved in an oil spill in early November for environmental crimes and withholding information in an investigation.,topStory
UAL,United Continental Holdings Inc,20111222,CORRECTED-UPDATE 1-United Continental sees Q4 unit revenue gain ,Dec 22 United Continental Holdings   the parent of United Airlines  said it expects fourth-quarter passenger revenue per available seat miles to increase 8.5-9.5 percent.,topStory
UAL,United Continental Holdings Inc,20111222,United Continental sees Q3 unit revenue gain ,United Continental Holdings   the parent of United Airlines  said it expects fourth-quarter passenger revenue per available seat miles to increase 8.5-9.5 percent.,normal
VMC,Vulcan Materials Company,20111222,Vulcan rejects Martin Marietta $5 billion bid ,Vulcan Materials Co  rejected Martin Marietta Materials Inc's  nearly $5 billion takeover bid  arguing that the all-stock bid undervalues the company and overstates the potential cost savings of a deal.,topStory
VMC,Vulcan Materials Company,20111222,UPDATE 4-Vulcan questions Martin Marietta's $5 bln bid benefits  rejects deal ,* Says offer undervalues co  sees significant execution risk,normal
WFC,Wells Fargo & Company,20111222,UPDATE 1-Select Income REIT files for IPO of up to $230 mln ,* Morgan Stanley  BofA Merrill Lynch  Wells Fargo to underwrite IPO,topStory
WU,Western Union Company (The),20111222,California woman indicted on terrorism-support charges ,ST. LOUIS A federal grand jury in Los Angeles has indicted a Turkish national on terrorism-support charges for allegedly wiring money to Pakistan to help fund attacks against American military personnel.,topStory
WPZ,Williams Partners LP,20111222,UPDATE 2-Williams Partners to buy Marcellus pipeline system for $750 mln ,DEC 22 Williams Partners LP agreed to acquire pipelines in Pennsylvania and New York from Delphi Midstream Partners for $750 million to cash in on growing production in the gas-rich Marcellus shale.,topStory
