ADBE,Adobe Systems Incorporated,20111215,Adobe results beat Street view  shares rise ,Software maker Adobe Systems Inc released quarterly results that beat Wall Street projections  sending its shares up 3 percent.,topStory
AMZN,Amazoncom Inc,20111215,Amazon selling over 1 million Kindles a week ,Amazon.com Inc said on Thursday it is selling more than one million Kindle devices a week  an unusual disclosure from the largest Internet retailer that comes in the wake of some negative reviews of its new Kindle Fire tablet.,topStory
AMGN,Amgen Inc,20111215,Amgen names new CEO  raises quarterly dividend ,LOS ANGELES Amgen Inc   the world's largest biotechnology company  said Chief Executive Officer Kevin Sharer will retire next May  and be replaced by Chief Operating Officer Bob Bradway.,topStory
AAPL,Apple Inc,20111215,Graphic book reimagines key time in Steve Jobs' life ,Another new book about late Apple co-founder Steve Jobs is hitting bookshelves next month  this one a graphic narrative exploring the innovator's spiritual development  the publishers announced on Wednesday.,topStory
AAPL,Apple Inc,20111215,Graphic book reimagines key time in Steve Jobs' life ,Dec 14 Another new book about late Apple co-founder Steve Jobs is hitting bookshelves next month  this one a graphic narrative exploring the innovator's spiritual development  the publishers announced on Wednesday.,normal
AAPL,Apple Inc,20111215,Apple to open R&D center in Israel: report ,JERUSALEM Apple will open a research and development center in Israel that will focus on semiconductors  the Globes business daily reported on Thursday.,normal
AAPL,Apple Inc,20111215,Apple to open R&D centre in Israel - report ,JERUSALEM  Dec 15 Apple will open a research and development centre in Israel that will focus on semiconductors  the Globes business daily reported on Thursday.,normal
ATHN,athenahealth Inc,20111215,UPDATE 2-Athenahealth forecasts weak 2012 profit  shares plunge ,Dec 15 Athenahealth Inc projected full-year 2012 earnings well below analysts' estimates  as higher marketing costs and a newly acquired business eat into its margins.,topStory
CART,Carolina Trust BancShares Inc,20111215,UPDATE 1-Ecobank acquires Ghana's Trust Bank ,* Merger creates Ghana's biggest bank by assets   (Adds deal value  details),topStory
CME,CME Group Inc,20111215,MF Global's Corzine denies knew of an improper loan ,WASHINGTON Former MF Global chief Jon Corzine denied on Thursday a recent allegation that he knew customer funds were improperly used while absorbing withering criticism from Republicans who chided the former Democratic senator for his role in the firm's failure. | Video ,topStory
HOLX,Hologic Inc,20111215,UPDATE 1-Hologic's cervical cancer device gets FDA nod ,Dec 15 Medical systems maker Hologic's  said U.S. health regulators approved its device to screen for cervical cancer.,topStory
JBLU,JetBlue Airways Corporation,20111215,Jetblue orders 86 Pratt engines for Airbus jets ,JetBlue Airways  has signed an order for 86 Pratt & Whitney engines to power Airbus  A320neo jetliners  the enginemaker said on Wednesday.,topStory
LRCX,Lam Research Corporation,20111215,Lam Research to buy Novellus Systems for $3.3 billion ,Lam Research Corp   a supplier of wafer fabrication equipment  agreed to buy smaller rival Novellus Systems Inc  for $3.3 billion in stock as it looks to gain cutting-edge technology and become more efficient.,topStory
LBTYA,Liberty Global plc,20111215,UPDATE 1-German cartel office approves Kabel BW takeover ,* Merger cuts major German cable players to two from three,topStory
LBTYB,Liberty Global plc,20111215,UPDATE 1-German cartel office approves Kabel BW takeover ,* Merger cuts major German cable players to two from three,topStory
LBTYK,Liberty Global plc,20111215,UPDATE 1-German cartel office approves Kabel BW takeover ,* Merger cuts major German cable players to two from three,topStory
SCHL,Scholastic Corporation,20111215,UPDATE 2-Scholastic Q2 profit beats estimates ,Dec 15 Scholastic Corp posted a second-quarter profit above Wall Street expectations  helped by higher sales of its educational programs for struggling students and stable revenue from sales of its children's books.,topStory
ZUMZ,Zumiez Inc,20111215,UPDATE 2-Quiksilver Q4 sales beat market estimates ,Dec 15 Retailer Quiksilver Inc  posted a quarterly sales that beat Wall Street expectations on strong demand in its Americas market and said it saw the trend continue into the holiday season.	     Shares of the Huntington Beach  California-based company rose 10 percent in after-market trade.	           	  KEY POINTS:         Q4 2011       I/B/E/S       Q4 2010      Revenue         $545 mln      $528.47 mln   $495 mln      Net income      $67.9 mln     --            $-23.1 mln      GA,topStory
ACN,Accenture plc,20111215,Accenture growth momentum continues  upbeat on Q2 ,Accenture Plc  reported first-quarter results that beat market estimates and forecast strong second-quarter revenue as demand for outsourced services grew amid a weak economy.,topStory
ACN,Accenture plc,20111215,UPDATE 3-Accenture growth momentum continues  upbeat on Q2 ,Dec 15 Accenture Plc reported first-quarter results that beat market estimates and forecast strong second-quarter revenue as demand for outsourced services grew amid a weak economy.,normal
AET,Aetna Inc,20111215,Aetna lifts earnings outlook for 2011  2012 ,Aetna Inc  the third largest U.S. health insurer  raised its estimate for 2011 and 2012 operating earnings per share and said it bought back 40 million shares through Dec 9 this year.,topStory
AEUA,Anadarko Petroleum Corporation,20111215,UPDATE 2-Western Gas to buy midstream assets from Anadarko ,Dec 15 Western Gas Partners said it agreed to buy some midstream assets of Anadarko Petroleum Corp for $483 million to increase its exposure to liquids-rich assets.,topStory
APC,Anadarko Petroleum Corporation,20111215,UPDATE 2-Western Gas to buy midstream assets from Anadarko ,Dec 15 Western Gas Partners said it agreed to buy some midstream assets of Anadarko Petroleum Corp for $483 million to increase its exposure to liquids-rich assets.,topStory
BAC,Bank of America Corporation,20111215,Fitch downgrades seven global banks ,Fitch Ratings  the third-biggest of the major credit rating agencies  downgraded seven global banks based in Europe and the United States  citing "increased challenges" in the financial markets.,topStory
BA,Boeing Company (The),20111215,Boeing adds two 777 orders  reaches 200 in 2011 ,Dec 15 Boeing said it had hit 200 orders for its 777 wide-body aircraft this year  extending an annual sales record for the long-range mini-jumbo after adding two more orders in the past week.,topStory
BA,Boeing Company (The),20111215,FedEx profit beats Street  updating Boeing fleet ,FedEx Corp  beat its quarterly profit forecasts and is updating its fleet with fuel-efficient Boeing aircraft while delaying delivery of other new planes to cut overall costs  driving its shares up nearly 8 percent.,normal
BA,Boeing Company (The),20111215,FedEx orders 27 Boeing 767s in fleet upgrade ,FedEx Corp  said on Thursday it has ordered 27 new Boeing Co  767-300F aircraft worth $4.7 billion at list prices as it plans to retire some of its aging aircraft.,normal
BP,BP plc,20111215,Canada regulator keeps Arctic drilling provisions ,CALGARY  Alberta Canada's National Energy Board said on Thursday that any company that wants to drill for oil and gas in Arctic waters will need to demonstrate it has the capacity to sink a relief well in the same drilling season to cope with possible well blowouts.,topStory
BP,BP plc,20111215,U.S. offshore drillers need new safety approach: panel ,WASHINGTON U.S. offshore oil and gas drillers need to take a more systematic approach to safety in all aspects of their operations to prevent another catastrophe like last year's massive Gulf of Mexico oil spill  a scientific panel said on Wednesday.,normal
CVX,Chevron Corporation,20111215,Analysis: Chevron lawsuit flags Brazil investment risks ,RIO DE JANEIRO A $10.6 billion lawsuit against U.S. oil company Chevron  and rig contractor Transocean  could further cool an increasingly chilly investment climate in Brazil's natural resources industry.,topStory
CVX,Chevron Corporation,20111215,Chevron committed to Brazil despite lawsuit: executive ,Chevron Corp  will stay the course in Brazil even as that country said it has filed a massive $11 billion lawsuit related to an offshore oil spill  a top company executive said on Thursday.,normal
CVX,Chevron Corporation,20111215,Chevron discovers gas in offshore Western Australia ,SYDNEY  Dec 15 Chevron's Australia unit said on Thursday it has discovered natural gas in offshore Western Australia.,normal
CVX,Chevron Corporation,20111215,Chevron  Transocean in $11 billion Brazil oil suit ,RIO DE JANEIRO Brazilian prosecutors sued Chevron Corp  the No. 2 U.S. oil company  and top offshore oil rig operator Transocean Ltd for 20 billion reais ($10.6 billion) over their alleged roles in a November oil spill near Rio de Janeiro.,normal
SNP,China Petroleum & Chemical Corporation,20111215,Sinopec's Fu says bid to "greatly" benefit China Gas ,BEIJING China Petroleum & Chemical Corp (Sinopec)  Chairman Fu Chengyu said on Thursday that the energy giant's $2.2 billion joint bid with ENN Energy Holdings Ltd  for city piped gas distributor China Gas Holdings Ltd  will "greatly" benefit the target company and its shareholders.,topStory
SNP,China Petroleum & Chemical Corporation,20111215,Sinopec's Fu says bid to "greatly" benefit China Gas ,BEIJING  Dec 15 China Petroleum & Chemical Corp (Sinopec) Chairman Fu Chengyu said on Thursday that the energy giant's $2.2 billion joint bid with ENN Energy Holdings Ltd for city piped gas distributor China Gas Holdings Ltd will "greatly" benefit the target company and its shareholders.,normal
C,Citigroup Inc,20111215,SEC looking to appeal blocked Citigroup settlement: report ,Enforcement staff of the Securities and Exchange Commission may request the commissioners leading the agency that they appeal last month's rejection by a U.S. district judge of a proposed $285 million settlement with Citigroup  the Wall Street Journal said  citing people familiar with the matter.,topStory
C,Citigroup Inc,20111215,SEC looking to appeal blocked Citigroup settlement-WSJ ,Dec 15 Enforcement staff of the U.S. Securities and Exchange Commission may request the commissioners leading the agency that they appeal last month's rejection by a U.S. district judge of a proposed $285 million settlement with Citigroup  the Wall Street Journal said  citing people familiar with the matter.,normal
KOF,Coca Cola Femsa SAB de CV,20111215,Mexico's Coca-Cola Femsa to acquire local bottler ,MONTERREY  Mexico Mexico's Coca-Cola Femsa  the largest bottler in Latin America  said on Thursday it will buy a private local bottler in its third purchase announced this year.,topStory
DFS,Discover Financial Services,20111215,UPDATE 3-Discover Financial Q4 profit rises  ups dividend ,* Credit cards loans grew 3 pct  card sales volumes up 8 pct,topStory
DUK,Duke Energy Corporation,20111215,Energy regulators stall Duke-Progress merger ,Duke Energy's proposed purchase of Progress Energy was put on hold  after U.S. energy regulators rejected a proposal by the power companies that sought to mitigate market-power concerns.,topStory
DUK,Duke Energy Corporation,20111215,UPDATE 1-U.S. energy regulators stall Duke-Progress merger ,* Progress spokesman says merger with Duke will not occur by year end,normal
DUK,Duke Energy Corporation,20111215,U.S. energy regulators stall Duke-Progress merger ,Dec 15 Duke Energy's proposed purchase of Progress Energy was put on hold by U.S. energy regulators after they rejected a plan proposed by the power companies which sought to limit the effects of their merger on competition.,normal
DUKH,Duke Energy Corporation,20111215,Energy regulators stall Duke-Progress merger ,Duke Energy's proposed purchase of Progress Energy was put on hold  after U.S. energy regulators rejected a proposal by the power companies that sought to mitigate market-power concerns.,topStory
DUKH,Duke Energy Corporation,20111215,UPDATE 1-U.S. energy regulators stall Duke-Progress merger ,* Progress spokesman says merger with Duke will not occur by year end,normal
DUKH,Duke Energy Corporation,20111215,U.S. energy regulators stall Duke-Progress merger ,Dec 15 Duke Energy's proposed purchase of Progress Energy was put on hold by U.S. energy regulators after they rejected a plan proposed by the power companies which sought to limit the effects of their merger on competition.,normal
EVR,Evercore Inc,20111215,UPDATE 1-Westway gets offer from ED&F Man  to explore options ,* Gets offer for feed products unit  some storage terminals,topStory
XOM,Exxon Mobil Corporation,20111215,Oil falls a second day in volatile expiry trade ,New York - Oil fell a second straight day on Thursday in light volume trading  giving up early gains as investors remained cautious about prospects for economic growth in Europe and China. | Video ,topStory
FDX,FedEx Corporation,20111215,FedEx profit beats Street  updating Boeing fleet ,FedEx Corp  beat its quarterly profit forecasts and is updating its fleet with fuel-efficient Boeing aircraft while delaying delivery of other new planes to cut overall costs  driving its shares up nearly 8 percent.,topStory
FDX,FedEx Corporation,20111215,FedEx orders 27 Boeing 767s in fleet upgrade ,FedEx Corp  said on Thursday it has ordered 27 new Boeing Co  767-300F aircraft worth $4.7 billion at list prices as it plans to retire some of its aging aircraft.,normal
GM,General Motors Company,20111215,Former car czar: we should have pushed for more cuts ,DETROIT Steve Rattner  the former head of the U.S. auto task force  said he could have pushed auto workers  management and creditors for deeper concessions to make the U.S. auto industry more globally competitive.,topStory
GM,General Motors Company,20111215,GM's Opel unit: Mgmt  labor agree on profitability ,FRANKFURT  Dec 15 Labour representatives and the management at General Motors Co's Opel unit on Thursday said they have agreed to talk about ways to remain profitable  a tentative sign that labour representatives understand further restructuring may be needed.,normal
GM,General Motors Company,20111215,Fisker hires ex-Chrysler CEO to aid business-sources ,NEW YORK  Dec 15 Fisker Automotive has agreed to hire former Chrysler LLC chief executive  Tom Lasorda  in a newly created role to advise the green car maker on strategy and work with its board of directors  according to sources familiar with the matter.,normal
GS,Goldman Sachs Group Inc (The),20111215,Morgan Stanley to cut 1 600 jobs ,Morgan Stanley  the only large Wall Street bank to avoid major job cuts this year  said on Thursday that it would fire 1 600 employees in the first quarter to cut costs as trading and banking revenue show few signs of recovering.,topStory
GS,Goldman Sachs Group Inc (The),20111215,Goldman names private equity/hedge fund co-head: memo ,Goldman Sachs Group Inc  has named Pete Lyon as co-head of its business that caters to private equity and hedge fund clients in the Americas  according to an internal memo distributed Thursday morning.,normal
GGG,Graco Inc,20111215,UPDATE 1-FTC blocks Graco's buy of ITW unit ,Dec 15 Graco Inc's said U.S. antitrust regulators plan to file a complaint the company's proposed $650 million acquisition of Illinois Tool Works Inc's  finishing businesses.,topStory
GGG,Graco Inc,20111215,U.S. challenges Graco's buy of equipment rival ,WASHINGTON Antitrust regulators have filed a complaint seeking to stop Graco Inc's  planned buy of rival ITW Finishing LLC  the Federal Trade Commission said on Thursday.,normal
HL,Hecla Mining Company,20111215,Everyone accounted for after rock burst at Idaho mine ,Everyone is accounted for after a rock burst underground late Wednesday at the Lucky Friday  a mine owned by Hecla Mining Company in northern Idaho  officials said on Thursday.,topStory
HL,Hecla Mining Company,20111215,REFILE-UPDATE 1-Hecla says workers safe after Lucky Friday rock burst ,DEC 15 Hecla Mining Co said seven people were injured after a rock burst at its Lucky Friday silver mine in Idaho but added that all miners had been removed safely from the facility.,normal
HPQ,HP Inc,20111215,HP tightens severance policy for executives ,Dec 15 Hewlett-Packard Co  the world's biggest technology company by sales  has tightened its severance policy for executive officers following criticism over the exit packages awarded to its last two bosses.,topStory
ITW,Illinois Tool Works Inc,20111215,UPDATE 1-FTC blocks Graco's buy of ITW unit ,Dec 15 Graco Inc's said U.S. antitrust regulators plan to file a complaint the company's proposed $650 million acquisition of Illinois Tool Works Inc's  finishing businesses.,topStory
JLL,Jones Lang LaSalle Incorporated,20111215,TMT firms eye lettings beyond London's West End-JLL ,LONDON  Dec 15 Technology  media and telecom (TMT) companies are looking beyond their traditional home in London's West End to more affordable parts of the capital  including Farringdon and Southbank  research by Jones Lang LaSalle showed.,topStory
KEX,Kirby Corporation,20111215,Captain America co-creator Joe Simon dies at 98 ,LOS ANGELES Comic book artist Joe Simon  who created Captain America with the late Jack Kirby  has died at age 98  a family spokesman said on Thursday.,topStory
KR,Kroger Company (The),20111215,Kroger sees hit  then gain  as pension plans merge ,Kroger Co  said on Thursday that four of the pension funds to which it contributes will merge into a new fund  a move that should ultimately trim its pension contribution costs after it takes a charge this year.,topStory
KR,Kroger Company (The),20111215,UPDATE 1-Kroger sees hit  then gain  as pension plans merge ,Dec 15 Kroger Co said on Thursday that four of the pension funds to which it contributes will merge into a new fund  a move that should ultimately trim its pension contribution costs after it takes a charge this year.,normal
LYG,Lloyds Banking Group Plc,20111215,Returning Lloyds boss to "detach" from day-to-day ,* Horta-Osorio says still taking "mild doses" of medicine,topStory
MTL,Mechel PAO,20111215,UPDATE 1-Mechel Q3 net profit misses forecasts ,* Q3 net $25.7 mln  Reuters poll forecast with one-offs $74 mln,topStory
MCO,Moody&#39;s Corporation,20111215,BRIEF-Moody's:European corporates likely to conserve cash in 2012 ,* Moody's : European Corporates Likely to Conserve Cash in 2012,topStory
MCO,Moody&#39;s Corporation,20111215,BRIEF-Moody's:Weak manganese prices threaten higher-cost less diversified producers ,* Moody's : Weak manganese prices threaten higher-cost  less diversified producers,normal
MCO,Moody&#39;s Corporation,20111215,BRIEF-Moody's maintains stable outlook for Philippines banking system ,* Moody's maintains stable outlook for Philippines banking system,normal
MS,Morgan Stanley,20111215,Morgan Stanley to cut 1 600 jobs ,Morgan Stanley  the only large Wall Street bank to avoid major job cuts this year  said on Thursday that it would fire 1 600 employees in the first quarter to cut costs as trading and banking revenue show few signs of recovering.,topStory
NGG,National Grid Transco PLC,20111215,Britain wants power backup system run by National Grid ,LONDON Britain proposed on Thursday creating a market-wide power capacity backup system  run by network operator National Grid  to secure electricity supply at times of high demand and when output drops from intermittent sources like wind and solar.,topStory
NYT,New York Times Company (The),20111215,New York Times CEO Janet Robinson stepping down ,NEW YORK Janet Robinson will step down as Chief Executive of the New York Times Co. at the end of the month  after a seven-year run in which she attempted to steer the company through one of the harshest business environments it has ever faced.,topStory
NEE,NextEra Energy Inc,20111215,NextEra NH Seabrook 1 reactor cut to 70 pct ,Dec 15 NextEra Energy Inc's  1 295-megawatt Seabrook nuclear power plant in New Hampshire was reduced to 70 percent power by early Thursday from full power early Wednesday  the U.S. Nuclear Regulatory Commission said in a report.     	 ----------------------------------------------------------	 PLANT BACKGROUND/TIMELINE	 STATE:     New Hampshire    	 COUNTY:    Rockingham    	 TOWN:      Hampton  about 40 miles (64 km) north of Boston    	 OPERATOR:  NextEra Energy    	 OWNER(S):  Ne,topStory
PCG,Pacific Gas & Electric Co,20111215,UPDATE 2-PGE CEO steps down and trade deputy fired ,* Kilian resigned from Polkomtel board  refuses to comment,topStory
PG,Procter & Gamble Company (The),20111215,SEC probe adds to uncertainty on Diamond's Pringles deal ,Diamond Foods Inc said the U.S. Securities and Exchange Commission has launched a probe into its accounting of payments to walnut growers  raising concerns of further delays to its deal to acquire Procter & Gamble's Pringles business.,topStory
PG,Procter & Gamble Company (The),20111215,SEC probe casts shadow on Diamond-Pringles deal ,Diamond Foods Inc  said the Securities and Exchange Commission has launched a probe into its accounting of payments to walnut growers  raising concerns of further delays to its deal to acquire Procter & Gamble's  Pringles business.,normal
PG,Procter & Gamble Company (The),20111215,Manufacturing can thrive but struggles for respect ,BOSTON On a quiet stretch of the waterfront here  about a mile from Boston's main tourist sites  a Gillette factory hums along 24 hours a day making an unlikely commodity: top-of-the-line razors.,normal
RBS,Royal Bank Scotland plc (The),20111215,PRESS DIGEST - British business - Dec 15 ,Up to ten companies are facing a judge-led investigation into their tax settlements amid growing concern over the way Revenue and Customs polices Britain's financial district.,topStory
CRM,Salesforcecom Inc,20111215,Salesforce.com enters HR software business ,BOSTON Salesforce.com Inc is entering the business of selling human resources software in a move that raises the stakes in its battle to woo customers away from bigger rivals SAP AG and Oracle Corp..,topStory
SAP,SAP SE,20111215,Salesforce.com enters HR software business ,BOSTON Salesforce.com Inc is entering the business of selling human resources software in a move that raises the stakes in its battle to woo customers away from bigger rivals SAP AG and Oracle Corp..,topStory
SNE,Sony Corp Ord,20111215,Report card 2011: Sony bats for solid average ,LOS ANGELES (TheWrap.com) - This is the third in TheWrap's series of Studio Report Cards.,topStory
SNE,Sony Corp Ord,20111215,Sony eyes Vita push  feels Fitch heat ,TOKYO Sony Corp  set to report a $1 billion loss this year  is banking on a big slate of new software to drive sales of its new PlayStation Vita handheld games device  even as Fitch downgraded the Japanese electronics giant to a notch above junk.,normal
SNE,Sony Corp Ord,20111215,UPDATE 3-Sony eyes Vita push  feels Fitch heat ,* New videogames chief leads 1st handheld launch in 7 yrs,normal
SNE,Sony Corp Ord,20111215,UPDATE 2-Sony hopes for Vita cheer  feels Fitch heat ,* New videogames chief leads first handheld launch in 7 years,normal
SNE,Sony Corp Ord,20111215,REFILE-Sony stands by PS3 sales target for 2011/12 ,TOKYO  Dec 15 Sony Corp said on Thursday that it was standing by its target to sell 15 million PlayStation 3 game machines in the 2011/12 financial year.,normal
BID,Sotheby&#39;s,20111215,Paris museum snaps up Bronte manuscript for $1.1 million ,LONDON A French museum paid 691 000 pounds ($1.1 million) on Thursday for a miniature manuscript written by Charlotte Bronte  ending hopes it would return to the British author's former home that is now a museum.,topStory
TTM,Tata Motors Ltd,20111215,Tata Motors global sales up 35 pct y/y in Nov ,Dec 15 Tata Motors' global vehicle sales rose an annual 35 percent in November  the company said in a statement on Thursday  with its luxury Jaguar Land Rover unit reporting a 27 percent rise in sales over the same period.,topStory
TEF,Telefonica SA,20111215,UPDATE 1-Telefonica shares hit by div cut  prospect of more , ,topStory
TEF,Telefonica SA,20111215,Telefonica down as market not sure dividend cut enough ,MADRID  Dec 15 Spanish group Telefonica's  shares fell on Thursday after it trimmed its dividend 14 percent  and while some analysts hailed the perceived reality check others said the group may be forced to do more.,normal
TXT,Textron Inc,20111215,Textron golf  other vehicles recalled on crash fears ,WASHINGTON E-Z-GO  a unit of Textron Inc  is recalling 21 900 TXT golf cars  Cushman shuttle vehicles and Bad Boy off-road utility vehicles because of concerns a displacing ball joint can cause crashes  the Consumer Product Safety Commission (CPSC) said.,topStory
TRP,TransCanada Corporation,20111215,TransCanada bets expansion plan will help Keystone ,CALGARY  Alberta Buoyed by renewed pledges of customer support  TransCanada Corp said on Thursday it not only wants to proceed with its stalled Canada-to-Texas Keystone XL oil pipeline but to undertake a $600 million expansion and extension.,topStory
RIG,Transocean Ltd,20111215,Chevron  Transocean in $11 billion Brazil oil suit ,RIO DE JANEIRO Brazilian prosecutors sued Chevron Corp  the No. 2 U.S. oil company  and top offshore oil rig operator Transocean Ltd for 20 billion reais ($10.6 billion) over their alleged roles in a November oil spill near Rio de Janeiro.,topStory
WFC,Wells Fargo & Company,20111215,FINRA fines Wells Fargo $2 million for sales abuses ,Dec 15 The Financial Industry Regulatory Authority fined a unit of Wells Fargo & Co $2 million on Thursday for unsuitable sales of a complex type of bond to 21 customers through former brokers.,topStory
WES,Western Gas Partners LP,20111215,UPDATE 2-Western Gas to buy midstream assets from Anadarko ,Dec 15 Western Gas Partners said it agreed to buy some midstream assets of Anadarko Petroleum Corp for $483 million to increase its exposure to liquids-rich assets.,topStory
WU,Western Union Company (The),20111215,Western Union reaches agreement with IRS ,Western Union Co  the world's largest payment transfer company  said it reached an agreement with the U.S. Internal Revenue Service (IRS) resolving all remaining issues related to the restructuring of its international operations in 2003.,topStory
WU,Western Union Company (The),20111215,UPDATE 1-Western Union reaches agreement with IRS ,Dec 15 Western Union Co  the world's largest payment transfer company  said it reached an agreement with the U.S. Internal Revenue Service (IRS) resolving all remaining issues related to the restructuring of its international operations in 2003.,normal
WGO,Winnebago Industries Inc,20111215,Update 1-Winnebago Q1 results lag estimates ,Dec 15 Winnebago Industries posted quarterly results below Wall Street expectations  as ebbing consumer confidence hurt sales at United State's largest motor home maker.,topStory
GPL,Great Panther Silver Limited,20111215,UPDATE 1-Great Panther Silver forecasts higher 2012 output ,Dec 15 Great Panther Silver  expects total metal production growth of about 20 percent in 2012 helped by the planned capacity expansion at its Mexican operations and as the company anticipates to continue mining high grade ore.,topStory
