AMRS,Amyris Inc,20111130,UPDATE 1-Total  Amyris to develop fuels from plant sugars ,Nov 30 Giant French oil company Total SA and U.S. biofuels company said on Wednesday they would form a 50-50 joint venture to develop and sell renewable fuels made from plant sugars.,topStory
AAPL,Apple Inc,20111130,Samsung scores rare patent win versus Apple ,SYDNEY Samsung Electronics Co is set to resume selling its Galaxy tablet computer in Australia as early as Friday  after the South Korean technology firm won a rare legal victory in a long-running global patent war with Apple Inc.,topStory
AAPL,Apple Inc,20111130,UPDATE 4-In Australia  Samsung scores rare patent win vs Apple ,SYDNEY  Nov 30 Samsung Electronics Co is set to resume selling its Galaxy tablet computer in Australia as early as Friday  after the South Korean technology firm won a rare legal victory in a long-running global patent war with Apple Inc .,normal
AAPL,Apple Inc,20111130,Samsung wins appeal on Galaxy tab ban in Australia ,SYDNEY  Nov 30 An Australian court reversed a ban on the sale of Samsung Electronics Co Ltd's  Galaxy tablet computers in the country on Wednesday  handing it a victory against rival Apple Inc in the firms' global patent war.,normal
ADP,Automatic Data Processing Inc,20111130,Private-sector jobs soar  payrolls forecasts rise ,NEW YORK Companies created the most jobs in nearly a year in November  adding to cautious optimism that the country's battered labor market is working its way toward healing.,topStory
ADP,Automatic Data Processing Inc,20111130,US STOCKS-Wall St rallies on central banks' help for Europe ,* S&P posts best gain since Aug; Dow best since March '09     * ADP employment  U.S. Midwest business data strong     * Dow up 4.2 pct  S&P up 4.3 pct  Nasdaq up 4.2 pct     *The day's volume was high  with nearly 10 billion shares changing hands during the day on U.S. exchanges compared with the daily average of 7.96 billion shares.     Advancers beat decliners on the NYSE by nearly 7 to 1 and on the Nasdaq  by about 5 to 1.,normal
ADP,Automatic Data Processing Inc,20111130,NYMEX-Crude rises on central bank action  ADP data ,* Coordinated central bank liquidity measures boost oil     * China lowers bank reserves in action to shore up economy     * Coming up: EIA oil stocks data 10:30 a.m. EST Wednesday     NEW YORK  Nov 30 U.S. crude futures rose sharply on Wednesday on news of coordinated central bank actions to address global liquidity problems and better-than-expected data on private sector hiring in November in the United States.     Central banks from the leading developed economies said they will t,normal
ADP,Automatic Data Processing Inc,20111130,US STOCKS-Wall St set for big gains after central banks act ,NEW YORK  Nov 30 U.S. stocks were set to gain more than 2 percent at the open on Wednesday as a coordinated action by major central banks to provide liquidity to the global financial system boosted investors' appetite for risky assets.,normal
ADP,Automatic Data Processing Inc,20111130,Instant view: Private sector adds 206 000 jobs in November ,NEW YORK The pace of job growth in the private sector accelerated in November  with U.S. employers adding 206 000 jobs  a report by a payrolls processor showed on Wednesday.,normal
ADP,Automatic Data Processing Inc,20111130,TREASURIES-Losses extended after ADP payrolls data ,NEW YORK  Nov 30 U.S. Treasury debt prices extended losses early on Wednesday after the ADP National Employment Report showed higher than expected private sector jobs growth in November  undermining any safe-haven bid for bonds.,normal
ADP,Automatic Data Processing Inc,20111130,Dollar extends losses vs euro after ADP jobs data ,NEW YORK  Nov 30 The dollar extended losses against the euro on Wednesday after data showed U.S. private sector jobs increased in November  further fueling the market's appetite for risk.,normal
ADP,Automatic Data Processing Inc,20111130,US STOCKS-Futures jump after China bank move ,NEW YORK  Nov 30 U.S. stock index futures rose on Wednesday after China unexpectedly cut its banks' reserve requirements in hopes of boosting an economy running at its weakest pace since 2009.,normal
TAPR,Barclays Inverse US Treasury Composite ETN,20111130,MOVES-Barclays  Renaissance Capital  Bank of America Merrill Lynch ,Nov 30 The following financial service industry appointments were announced on Wednesday. To inform us of other job changes  email to moves@thomsonreuters.com.,topStory
TAPR,Barclays Inverse US Treasury Composite ETN,20111130,European shares to fall as S&P downgrades banks ,LONDON  Nov 30 European shares are set to snap a three-session winning streak on Wednesday  with financial stocks seen coming under pressure following Standard & Poor's move to cut its credit ratings on 15 big banks  mostly in Europe and the United States.,normal
DLBL,Barclays PLC,20111130,MOVES-Barclays  Renaissance Capital  Bank of America Merrill Lynch ,Nov 30 The following financial service industry appointments were announced on Wednesday. To inform us of other job changes  email to moves@thomsonreuters.com.,topStory
DLBL,Barclays PLC,20111130,European shares to fall as S&P downgrades banks ,LONDON  Nov 30 European shares are set to snap a three-session winning streak on Wednesday  with financial stocks seen coming under pressure following Standard & Poor's move to cut its credit ratings on 15 big banks  mostly in Europe and the United States.,normal
DTYL,Barclays PLC,20111130,MOVES-Barclays  Renaissance Capital  Bank of America Merrill Lynch ,Nov 30 The following financial service industry appointments were announced on Wednesday. To inform us of other job changes  email to moves@thomsonreuters.com.,topStory
DTYL,Barclays PLC,20111130,European shares to fall as S&P downgrades banks ,LONDON  Nov 30 European shares are set to snap a three-session winning streak on Wednesday  with financial stocks seen coming under pressure following Standard & Poor's move to cut its credit ratings on 15 big banks  mostly in Europe and the United States.,normal
CYOU,Changyoucom Limited,20111130,UPDATE 1-Changyou to buy 17173.com from Sohu for $162.5 mln ,Nov 29 Chinese online game developer and operator Changyou.com Ltd said it will buy game information portal 17173.com from search engine firm Sohu  for $162.5 million in cash.,topStory
CYOU,Changyoucom Limited,20111130,Sohu.com unit Changyou to acquire sister company ,HONG KONG  Nov 30 Chinese Internet portal Sohu.com Inc's unit Changyou.com Ltd said on Wednesay that it plans to purchase another subsidiary with a focus on online gaming for $162.5 million.,normal
CME,CME Group Inc,20111130,Illinois house votes down CME  Sears tax relief ,CHICAGO The Illinois house voted down a proposal on Tuesday that would have given $100 million in tax relief to CME Group and Sears Holdings  which have threatened to move to other states.,topStory
CME,CME Group Inc,20111130,UPDATE 3-Illinois house votes down CME  Sears tax relief ,CHICAGO  Nov 29 The Illinois house voted down a proposal on Tuesday that would have given $100 million in tax relief to CME Group and Sears Holdings   which have threatened to move to other states.,normal
EXPE,Expedia Inc,20111130,New York City can't tax Expedia  Priceline fees: court ,NEW YORK An appeals court on Tuesday struck down a 2009 New York City law imposing a tax on hotel-booking websites such as Expedia Inc  and Priceline.com Inc   the latest legal development in a battle playing out in cities across the country.,topStory
EXPE,Expedia Inc,20111130,NY City can't tax Expedia  Priceline fees: court ,NEW YORK  Nov 29 An appeals court on Tuesday struck down a 2009 New York City law imposing a tax on hotel-booking websites such as Expedia Inc and Priceline.com Inc   the latest legal development in a battle playing out in cities across the country.,normal
FNSR,Finisar Corporation,20111130,UPDATE 2-Finisar sees Q3 profit below Street; shares fall ,Nov 30 Network equipment maker Finisar Corp reported second-quarter results above market estimates  but muted third-quarter outlook sent its shares down 3 percent in extended trading.,topStory
FNSR,Finisar Corporation,20111130,Finisar option traders bet on big post-earnings move ,Nov 30 Option traders in Finisar Corp  appear to be bracing for a sizable move in the stock's price following earnings on Wednesday afternoon.,normal
HBAN,Huntington Bancshares Incorporated,20111130,text-Fitch affirms Huntington Bancshares  ,Huntington Bancshares Inc  Fitch Affirms Huntington Bancshares L/T IDR at 'BBB+'; Outlook Stable  NEW YORK  November 30 (Fitch) Fitch Ratings has affirmed the long-term Issuer Default Rating (IDR) of Huntington Bancshares  Inc. (HBAN) and its bank subsidiary  Huntington National Bank (HNB) ratings at 'BBB+'. The Rating Outlook is Stable. A complete list of rating actions follows at the end of this release. Fitch's affirmation of HBAN's IDR and Stable Outlook is supported by the company's improve,topStory
HBANN,Huntington Bancshares Incorporated,20111130,text-Fitch affirms Huntington Bancshares  ,Huntington Bancshares Inc  Fitch Affirms Huntington Bancshares L/T IDR at 'BBB+'; Outlook Stable  NEW YORK  November 30 (Fitch) Fitch Ratings has affirmed the long-term Issuer Default Rating (IDR) of Huntington Bancshares  Inc. (HBAN) and its bank subsidiary  Huntington National Bank (HNB) ratings at 'BBB+'. The Rating Outlook is Stable. A complete list of rating actions follows at the end of this release. Fitch's affirmation of HBAN's IDR and Stable Outlook is supported by the company's improve,topStory
HBANO,Huntington Bancshares Incorporated,20111130,text-Fitch affirms Huntington Bancshares  ,Huntington Bancshares Inc  Fitch Affirms Huntington Bancshares L/T IDR at 'BBB+'; Outlook Stable  NEW YORK  November 30 (Fitch) Fitch Ratings has affirmed the long-term Issuer Default Rating (IDR) of Huntington Bancshares  Inc. (HBAN) and its bank subsidiary  Huntington National Bank (HNB) ratings at 'BBB+'. The Rating Outlook is Stable. A complete list of rating actions follows at the end of this release. Fitch's affirmation of HBAN's IDR and Stable Outlook is supported by the company's improve,topStory
INTC,Intel Corporation,20111130,Intel  Total Immersion working on augmented reality chipsets ,Total Immersion  a pioneer in emerging field of augmented reality (AR)  is working with Intel to bring AR features  like gesture recognition  into Intel's chipsets  an executive of the privately held firm said on Wednesday.,topStory
DTYS,iPath US Treasury 10-year Bear ETN,20111130,MOVES-Barclays  Renaissance Capital  Bank of America Merrill Lynch ,Nov 30 The following financial service industry appointments were announced on Wednesday. To inform us of other job changes  email to moves@thomsonreuters.com.,topStory
DTYS,iPath US Treasury 10-year Bear ETN,20111130,European shares to fall as S&P downgrades banks ,LONDON  Nov 30 European shares are set to snap a three-session winning streak on Wednesday  with financial stocks seen coming under pressure following Standard & Poor's move to cut its credit ratings on 15 big banks  mostly in Europe and the United States.,normal
DTUS,iPath US Treasury 2-year Bear ETN,20111130,MOVES-Barclays  Renaissance Capital  Bank of America Merrill Lynch ,Nov 30 The following financial service industry appointments were announced on Wednesday. To inform us of other job changes  email to moves@thomsonreuters.com.,topStory
DTUS,iPath US Treasury 2-year Bear ETN,20111130,European shares to fall as S&P downgrades banks ,LONDON  Nov 30 European shares are set to snap a three-session winning streak on Wednesday  with financial stocks seen coming under pressure following Standard & Poor's move to cut its credit ratings on 15 big banks  mostly in Europe and the United States.,normal
DTUL,iPath US Treasury 2-year Bull ETN,20111130,MOVES-Barclays  Renaissance Capital  Bank of America Merrill Lynch ,Nov 30 The following financial service industry appointments were announced on Wednesday. To inform us of other job changes  email to moves@thomsonreuters.com.,topStory
DTUL,iPath US Treasury 2-year Bull ETN,20111130,European shares to fall as S&P downgrades banks ,LONDON  Nov 30 European shares are set to snap a three-session winning streak on Wednesday  with financial stocks seen coming under pressure following Standard & Poor's move to cut its credit ratings on 15 big banks  mostly in Europe and the United States.,normal
DFVS,iPath US Treasury 5-year Bear ETN,20111130,MOVES-Barclays  Renaissance Capital  Bank of America Merrill Lynch ,Nov 30 The following financial service industry appointments were announced on Wednesday. To inform us of other job changes  email to moves@thomsonreuters.com.,topStory
DFVS,iPath US Treasury 5-year Bear ETN,20111130,European shares to fall as S&P downgrades banks ,LONDON  Nov 30 European shares are set to snap a three-session winning streak on Wednesday  with financial stocks seen coming under pressure following Standard & Poor's move to cut its credit ratings on 15 big banks  mostly in Europe and the United States.,normal
DFVL,iPath US Treasury 5-year Bull ETN,20111130,MOVES-Barclays  Renaissance Capital  Bank of America Merrill Lynch ,Nov 30 The following financial service industry appointments were announced on Wednesday. To inform us of other job changes  email to moves@thomsonreuters.com.,topStory
DFVL,iPath US Treasury 5-year Bull ETN,20111130,European shares to fall as S&P downgrades banks ,LONDON  Nov 30 European shares are set to snap a three-session winning streak on Wednesday  with financial stocks seen coming under pressure following Standard & Poor's move to cut its credit ratings on 15 big banks  mostly in Europe and the United States.,normal
FLAT,iPath US Treasury Flattener ETN,20111130,MOVES-Barclays  Renaissance Capital  Bank of America Merrill Lynch ,Nov 30 The following financial service industry appointments were announced on Wednesday. To inform us of other job changes  email to moves@thomsonreuters.com.,topStory
FLAT,iPath US Treasury Flattener ETN,20111130,European shares to fall as S&P downgrades banks ,LONDON  Nov 30 European shares are set to snap a three-session winning streak on Wednesday  with financial stocks seen coming under pressure following Standard & Poor's move to cut its credit ratings on 15 big banks  mostly in Europe and the United States.,normal
DLBS,iPath US Treasury Long Bond Bear ETN,20111130,MOVES-Barclays  Renaissance Capital  Bank of America Merrill Lynch ,Nov 30 The following financial service industry appointments were announced on Wednesday. To inform us of other job changes  email to moves@thomsonreuters.com.,topStory
DLBS,iPath US Treasury Long Bond Bear ETN,20111130,European shares to fall as S&P downgrades banks ,LONDON  Nov 30 European shares are set to snap a three-session winning streak on Wednesday  with financial stocks seen coming under pressure following Standard & Poor's move to cut its credit ratings on 15 big banks  mostly in Europe and the United States.,normal
STPP,iPath US Treasury Steepener ETN,20111130,MOVES-Barclays  Renaissance Capital  Bank of America Merrill Lynch ,Nov 30 The following financial service industry appointments were announced on Wednesday. To inform us of other job changes  email to moves@thomsonreuters.com.,topStory
STPP,iPath US Treasury Steepener ETN,20111130,European shares to fall as S&P downgrades banks ,LONDON  Nov 30 European shares are set to snap a three-session winning streak on Wednesday  with financial stocks seen coming under pressure following Standard & Poor's move to cut its credit ratings on 15 big banks  mostly in Europe and the United States.,normal
MXIM,Maxim Integrated Products Inc,20111130,UPDATE 1-Maxim CEO says unclear chip correction bottoming ,SUNNYVALE  California  Nov 30 Short lead times from manufacturing customers are making it tough to predict end demand for microchips and hard to say whether an inventory correction is bottoming out  the chief executive of Maxim Integrated Products said.,topStory
NWS,News Corporation,20111130,New arrest made in News Corp phone-hacking probe ,LONDON London police investigating the scandal of illegal telephone hacking centered on the British arm of Rupert Murdoch's News Corp empire said they had made another arrest Wednesday.,topStory
NWS,News Corporation,20111130,Timeline: News Corp and the phone-hacking scandal ,Here is a timeline of the major events in the British phone-hacking scandal since July:,normal
NWS,News Corporation,20111130,TIMELINE-News Corp and the phone-hacking scandal ,Nov 30 Here is a timeline of the major events in the British phone-hacking scandal since July:,normal
NWS,News Corporation,20111130,UPDATE 2-New arrest made in News Corp phone-hacking probe ,* Former PM Blair's media chief says parts of press "putrid",normal
NWSA,News Corporation,20111130,New arrest made in News Corp phone-hacking probe ,LONDON London police investigating the scandal of illegal telephone hacking centered on the British arm of Rupert Murdoch's News Corp empire said they had made another arrest Wednesday.,topStory
NWSA,News Corporation,20111130,Timeline: News Corp and the phone-hacking scandal ,Here is a timeline of the major events in the British phone-hacking scandal since July:,normal
NWSA,News Corporation,20111130,TIMELINE-News Corp and the phone-hacking scandal ,Nov 30 Here is a timeline of the major events in the British phone-hacking scandal since July:,normal
NWSA,News Corporation,20111130,UPDATE 2-New arrest made in News Corp phone-hacking probe ,* Former PM Blair's media chief says parts of press "putrid",normal
SHLD,Sears Holdings Corporation,20111130,Illinois house votes down CME  Sears tax relief ,CHICAGO The Illinois house voted down a proposal on Tuesday that would have given $100 million in tax relief to CME Group and Sears Holdings  which have threatened to move to other states.,topStory
SHLD,Sears Holdings Corporation,20111130,UPDATE 3-Illinois house votes down CME  Sears tax relief ,CHICAGO  Nov 29 The Illinois house voted down a proposal on Tuesday that would have given $100 million in tax relief to CME Group and Sears Holdings   which have threatened to move to other states.,normal
SIGM,Sigma Designs Inc,20111130,UPDATE 1-Sigma Designs posts Q3 loss ,Nov 30 Sigma Designs Inc  which makes chips for set-top boxes   posted a third-quarter loss on charges related to its reduced market capitalization.,topStory
SIRI,Sirius XM Holdings Inc,20111130,Sirius CEO wants defined role if Liberty takes over ,NEW YORK Sirius XM Radio Inc  CEO Mel Karmazin admits that he doesn't like playing second fiddle  which could pose a problem in 2012 if Liberty Media Corp  increases its stake in the satellite radio operator.,topStory
SWKS,Skyworks Solutions Inc,20111130,Skyworks snaps up Advanced Analogic at lower price ,Skyworks Solutions said it will buy smaller rival Advanced Analogic Technologies for $5.80 a share in cash  a price lower than its original offer  ending a months-long standoff between the chipmakers.,topStory
SWKS,Skyworks Solutions Inc,20111130,Timeline: Skyworks's tussle with Advanced Analogic ends ,Skyworks Solutions said it will buy smaller rival Advanced Analogic Technologies for $5.80 a share in cash  a price lower than its original offer  ending a months-long standoff between the chipmakers.,normal
SOHU,Sohucom Inc,20111130,UPDATE 1-Changyou to buy 17173.com from Sohu for $162.5 mln ,Nov 29 Chinese online game developer and operator Changyou.com Ltd said it will buy game information portal 17173.com from search engine firm Sohu  for $162.5 million in cash.,topStory
SOHU,Sohucom Inc,20111130,Sohu.com unit Changyou to acquire sister company ,HONG KONG  Nov 30 Chinese Internet portal Sohu.com Inc's unit Changyou.com Ltd said on Wednesay that it plans to purchase another subsidiary with a focus on online gaming for $162.5 million.,normal
SNPS,Synopsys Inc,20111130,Synopsys to buy Magma Design for $7.35/share ,Chip-design software maker Synopsys Inc  agreed to buy peer Magma Design Automation Inc  for $7.35 a share in cash  to add complementary technology offerings to its portfolio  and forecast a strong first quarter.,topStory
SNPS,Synopsys Inc,20111130,UPDATE 2-Synopsys to buy Magma Design for $7.35/shr ,* Deal at premium of 28.5 pct over Magma's Wednesday closing,normal
SNPS,Synopsys Inc,20111130,Synopsys sees Q1 above Street outlook ,Synopsys Inc  reported a quarterly profit that met market estimates and forecast the first quarter ahead of analysts' expectations  as it sees higher demand for its services from makers of mobile devices and cloud computing and electronics companies.,normal
AEO,American Eagle Outfitters Inc,20111130,Aeropostale cautions on holiday quarter  American Eagle upbeat ,Teen clothes retailer Aeropostale Inc  and its rival American Eagle Outfitters Inc  struck discordant notes as they entered the critical holiday season  which is likely to be marked by heavy discounting and shrinking margins.,topStory
AEO,American Eagle Outfitters Inc,20111130,WRAPUP 1-Aeropostale cautions on holiday quarter  American Eagle upbeat ,* American Eagle says Thanksgiving sales driven by higher traffic  conversion,normal
AEO,American Eagle Outfitters Inc,20111130,UPDATE 4-Thanksgiving sales brighten American Eagle holiday outlook ,* Says Thanksgiving sales driven by higher traffic  conversion,normal
AEO,American Eagle Outfitters Inc,20111130,Thanksgiving sales brighten American Eagle holiday outlook ,American Eagle Outfitters Inc  is betting that the strong sales trends it saw over the Thanksgiving weekend will continue through the rest of the holiday quarter and make up for high raw material costs and discounts.,normal
AEUA,Anadarko Petroleum Corporation,20111130,Factbox: Recent M&As by Korea National Oil Corp  Samsung C&T ,South Korea's state-run Korea National Oil Corp (KNOC)  joined Samsung C&T  to buy U.S. oil and gas company Parallel Petroleum from private equity group Apollo Global Management LLC  for $772 million.,topStory
APC,Anadarko Petroleum Corporation,20111130,Factbox: Recent M&As by Korea National Oil Corp  Samsung C&T ,South Korea's state-run Korea National Oil Corp (KNOC)  joined Samsung C&T  to buy U.S. oil and gas company Parallel Petroleum from private equity group Apollo Global Management LLC  for $772 million.,topStory
T,AT&T Inc,20111130,AT&T  Deutsche Telekom eyed fallback venture: report ,NEW YORK AT&T Inc  and T-Mobile USA's parent Deutsche Telekom  have discussed forming a joint venture that would pool the wireless operators' network assets as an alternative if AT&T's proposed $39 billion plan to buy T-Mobile USA fails  according to the Wall Street Journal.,topStory
T,AT&T Inc,20111130,AT&T  Deutsche Telekom eyed fallback venture -WSJ ,NEW YORK  Nov 30 AT&T Inc and T-Mobile USA's parent Deutsche Telekom have discussed forming a joint venture that would pool the wireless operators' network assets as an alternative if AT&T's proposed $39 billion plan to buy T-Mobile USA fails  according to the Wall Street Journal.,normal
T,AT&T Inc,20111130,AT&T  China Telecom agree to expand partnership ,AT&T Inc  and China Telecom Corp Ltd  have agreed to expand their relationship in China and the United States and will look into supporting each other in other regions.,normal
T,AT&T Inc,20111130,UPDATE 3-AT&T  China Telecom agree to expand partnership ,* To expand AT&T China business  China Telecom US business,normal
T,AT&T Inc,20111130,Analysis: AT&T may struggle to find asset buyers ,AT&T Inc will struggle to find buyers for any asset sale big enough to salvage its $39 billion deal to buy T-Mobile USA  with most likely buyers Leap Wireless International Inc and MetroPCS Communications lacking the cash.,normal
T,AT&T Inc,20111130,Deals of the day -- mergers and acquisitions ,Nov 30 The following bids  mergers  acquisitions and disposals involving European  U.S. and Asian companies were reported by 1000 GMT on Wednesday.,normal
T,AT&T Inc,20111130,German stocks - Factors to watch on November 30 ,FRANKFURT  Nov 30 The DAX top-30 index  looked set to open 1.3 percent lower on Wednesday  according to premarket data from brokerage Lang & Schwarz at 0725 GMT. 	   The following are some of the factors that may move German stocks (share price indications at 0725 GMT):,normal
T,AT&T Inc,20111130,PRESS DIGEST - Wall Street Journal - Nov 30 ,Nov 30 The following were the top stories in The Wall Street Journal on Wednesday. Reuters has not verified these stories and does not vouch for their accuracy.,normal
T,AT&T Inc,20111130,FCC to let AT&T pull merger application ,WASHINGTON Communications regulators released a staff report criticizing AT&T Inc's $39 billion plan to purchase T-Mobile USA  even though they agreed on Tuesday to let the companies withdraw their request for approval.,normal
T,AT&T Inc,20111130,UPDATE 2-U.S. FCC to let AT&T pull merger application ,WASHINGTON  Nov 29 U.S. communications regulators released a staff report criticizing AT&T Inc's  $39 billion plan to purchase T-Mobile USA  even though they agreed on Tuesday to let the companies withdraw their request for approval.,normal
SAN,Banco Santander SA,20111130,EU mergers and takeovers (Nov 30) ,BRUSSELS  Nov 30 The following are mergers under review by the European Commission and a brief guide to the EU merger process:,topStory
BAC,Bank of America Corporation,20111130,Appeal sped up over BofA $8.5 billion MBS accord ,A U.S. appeals court on Wednesday sped up the review of a ruling that moved consideration of Bank of America Corp's  $8.5 billion settlement over mortgage debt to federal court from a New York state court.,topStory
BAC,Bank of America Corporation,20111130,UPDATE 1-Appeal sped up over BofA $8.5 bln MBS accord ,Nov 30 A U.S. appeals court on Wednesday sped up the review of a ruling that moved consideration of Bank of America Corp's $8.5 billion settlement over mortgage debt to federal court from a New York state court.,normal
BAC,Bank of America Corporation,20111130,Bank of America shuts Brazil private banking unit ,SAO PAULO  Nov 30 Bank of America Merrill Lynch closed its private banking unit in Brazil  a source with knowledge of the situation told Reuters on Wednesday.,normal
BAC,Bank of America Corporation,20111130,Former Wind CEO takes Bank of America Merrill role ,LONDON  Nov 30 Bank of America Merrill Lynch has appointed Luigi Gubitosi  the former CEO of telecom company Wind  as head of corporate and investment banking for Italy  according to an internal memo.,normal
BAC,Bank of America Corporation,20111130,S&P downgrades hit bank funding  counterparty cost ,LONDON Banks face a double hit to costs and revenues from a spate of credit rating downgrades  another burden for a sector already struggling because of the European Union's failure to deal decisively with its financial crisis.,normal
BAC,Bank of America Corporation,20111130,UPDATE 1-S&P downgrades hit bank funding  counterparty cost ,* 87 European banks may still face Moody's debt downgrade,normal
BAC,Bank of America Corporation,20111130,UPDATE 3-S&P cuts ratings on big banks after criteria change ,NEW YORK  Nov 29 Standard & Poor's reduced its credit ratings on 15 big banking companies  mostly in the Europe and the United States  on Tuesday as the result of a sweeping overhaul of its ratings criteria.,normal
BCS,Barclays PLC,20111130,MOVES-Barclays  Renaissance Capital  Bank of America Merrill Lynch ,Nov 30 The following financial service industry appointments were announced on Wednesday. To inform us of other job changes  email to moves@thomsonreuters.com.,topStory
BCS,Barclays PLC,20111130,European shares to fall as S&P downgrades banks ,LONDON  Nov 30 European shares are set to snap a three-session winning streak on Wednesday  with financial stocks seen coming under pressure following Standard & Poor's move to cut its credit ratings on 15 big banks  mostly in Europe and the United States.,normal
BLK,BlackRock Inc,20111130,BlackRock reorganizes marketing; cuts jobs ,NEW YORK  Nov 30 (Reuters) -BlackRock Inc is reorganizing its marketing division  resulting in layoffs  according to people familiar with the situation.,topStory
BA,Boeing Company (The),20111130,Wall St. rallies on central banks' help for Europe ,NEW YORK Stocks surged on Wednesday after major central banks agreed to make cheaper dollar loans for struggling European banks to prevent the euro-zone debt woes from turning into a full-blown credit crisis. | Video ,topStory
BA,Boeing Company (The),20111130,Boeing  union in early deal  would end NLRB case ,SEATTLE Boeing Co  has made an early deal with its biggest union for a four-year contract extension  which if ratified would end the planemaker's dispute with the National Labor Relations Board and ensure the new 737 MAX single-aisle plane is built in Washington state.,normal
BA,Boeing Company (The),20111130,UPDATE 4-Boeing  union in early deal  would end NLRB case ,SEATTLE  Nov 30 Boeing Co has made an early deal with its biggest union for a four-year contract extension  which if ratified would end the planemaker's dispute with the National Labor Relations Board and ensure the new 737 MAX single-aisle plane is built in Washington state.,normal
BA,Boeing Company (The),20111130,Boeing  union in early deal  would end NLRB case ,SEATTLE Boeing Co has made an early deal with its biggest union for a new four-year contract  which if ratified would mean the end of the planemaker's dispute with the National Labor Relations Board and ensure the new 737 MAX single-aisle plane would be built in Washington state.,normal
BA,Boeing Company (The),20111130,UPDATE 3-Boeing  union in early deal  would end NLRB case ,SEATTLE  Nov 30 Boeing Co has made an early deal with its biggest union for a new four-year contract  which if ratified would mean the end of the planemaker's dispute with the National Labor Relations Board and ensure the new 737 MAX single-aisle plane would be built in Washington state.,normal
BA,Boeing Company (The),20111130,UPDATE 2-Boeing sees AMR bankruptcy as positive long-term ,Nov 30 American Airlines' bankruptcy restructuring should make the carrier more profitable and able to purchase more aircraft  the head of Boeing Co's  commercial airplane division said on Wednesday.,normal
BA,Boeing Company (The),20111130,Boeing sees AMR bankruptcy as positive long-term ,American Airlines' bankruptcy restructuring should make the carrier more profitable and able to purchase more aircraft  the head of Boeing Co's commercial airplane division said on Wednesday.,normal
BA,Boeing Company (The),20111130,AMR bankruptcy clouds Boeing jet order ,Boeing  could be at a disadvantage to Airbus because the bankruptcy of AMR Corp   the parent of American Airlines  places up to $40 billion of jet orders at the mercy of a U.S. bankruptcy court  lawyers and bankruptcy experts said.,normal
BWA,BorgWarner Inc,20111130,Visteon  BorgWarner sell units  shares jump ,Visteon Corp  and BorgWarner Inc  separately announced plans on Wednesday to sell units that are not part of their core businesses.,topStory
BWA,BorgWarner Inc,20111130,UPDATE 2-Visteon  BorgWarner sell units  shares jump ,Nov 30 Visteon Corp and BorgWarner Inc separately announced plans on Wednesday to sell units that are not part of their core businesses.,normal
BAM,Brookfield Asset Management Inc,20111130,UPDATE 1-Brookfield  tenants to seek NY's Stuyvesant Town ,Nov 30 The Stuyvesant Town-Peter Cooper Village Tenants Association has selected Brookfield Asset Management Inc <BAMa.TO as a partner to formulate a bid for the sprawling Manhattan apartment complex that would allow tenants to buy their units.,topStory
BAM,Brookfield Asset Management Inc,20111130,Brookfield  tenants to seek NY's Stuyvesant Town ,Nov 30 The Stuyvesant Town-Peter Cooper Village Tenants Association has selected Brookfield Asset Management Inc <BAMa.TO as a partner to formulate a bid for the sprawling Manhattan apartment complex that would allow tenants to buy their units.,normal
CCJ,Cameco Corporation,20111130,UPDATE 1-Talvivaara has EU approval for uranium offtake deal ,LONDON  Nov 30 Finnish miner Talvivaara  has secured approval from the European Union to sell uranium  it said on Wednesday  allowing it to press ahead with an offtake agreement with Canadian producer Cameco  signed earlier this year.,topStory
CVE,Cenovus Energy Inc,20111130,Conoco says completes Wood River project start-up ,HOUSTON  Nov 30 ConocoPhillips said on Wednesday that its joint-venture Wood River refinery in Roxana  Illinois  successfully completed the start-up of a new coker and refinery expansion.,topStory
CHK,Chesapeake Energy Corporation,20111130,Virginia prison inmates get ready for "green" jobs ,CHESAPEAKE  Va Inmates at a Virginia prison will be equipped for "green" careers under an employment training program unveiled on Wednesday.,topStory
CHK,Chesapeake Energy Corporation,20111130,UPDATE 2-Chesapeake says still buying Utica properties ,HOUSTON  Nov 30 Chesapeake Energy Corp  is still buying acreage in Ohio's Utica shale formation  Chief Executive Officer Aubrey McClendon said on Wednesday  but is facing increased competition there from companies such as Exxon Mobil Corp and Hess Corp .,normal
CHK,Chesapeake Energy Corporation,20111130,Chesapeake says still buying Utica properties ,HOUSTON Chesapeake Energy Corp  is still buying acreage in Ohio's Utica shale formation  CEO Aubrey McClendon said on Wednesday  but is facing increased competition there from companies such as Exxon Mobil  and Hess Corp .,normal
CVX,Chevron Corporation,20111130,Bradley happy to emerge from under radar after stellar year ,THOUSAND OAKS  California Since winning his first major title at the PGA Championship in August  Keegan Bradley can no longer prepare for tournaments in virtually anonymous fashion -- but he would not want it any other way.,topStory
CHA,China Telecom Corp Ltd,20111130,AT&T  China Telecom agree to expand partnership ,AT&T Inc  and China Telecom Corp Ltd  have agreed to expand their relationship in China and the United States and will look into supporting each other in other regions.,topStory
CHA,China Telecom Corp Ltd,20111130,UPDATE 3-AT&T  China Telecom agree to expand partnership ,* To expand AT&T China business  China Telecom US business,normal
C,Citigroup Inc,20111130,European shares to fall as S&P downgrades banks ,LONDON  Nov 30 European shares are set to snap a three-session winning streak on Wednesday  with financial stocks seen coming under pressure following Standard & Poor's move to cut its credit ratings on 15 big banks  mostly in Europe and the United States.,topStory
C,Citigroup Inc,20111130,Analysis: NY federal judge an outlier in challenging SEC ,NEW YORK Judge Jed Rakoff's blunt rejection of a major Citigroup Inc  securities fraud settlement could resonate with other judges who share the public's frustration with Wall Street and its regulators.,normal
CEO,CNOOC Limited,20111130,UPDATE 1-Nexen  CNOOC form Gulf of Mexico JV ,Nov 30 Nexen Inc formed a joint venture with China's top offshore oil company CNOOC Ltd  in the Gulf of Mexico on Wednesday  a day after the Canadian oil company sold a 40 percent stake in some of its gas assets in British Columbia.,topStory
COP,ConocoPhillips,20111130,Conoco says completes Wood River project start-up ,HOUSTON  Nov 30 ConocoPhillips said on Wednesday that its joint-venture Wood River refinery in Roxana  Illinois  successfully completed the start-up of a new coker and refinery expansion.,topStory
GLW,Corning Incorporated,20111130,UPDATE 2-Corning slashes outlook in glass glut  shares drop ,Nov 29 Corning Inc slashed its fourth-quarter profit outlook and warned that a major South Korean client was reneging on its contract as LCD glass supply outstrips demand  triggering an 11 percent share price plunge.,topStory
CVS,CVS Health Corporation,20111130,CVS will not fill some prescriptions for potent drugs in Florida ,ORLANDO  Fla CVS has told some doctors in Florida  the nation's pill mill capital  that its retail pharmacies will no longer fill prescriptions they write for some potent and addictive drugs  a company spokesman said on Tuesday.,topStory
DAN,Dana Incorporated,20111130,Dana Holding cuts 2011 outlook on Thailand floods ,U.S. auto parts supplier Dana Holding Corp  cut its outlook for the year  hurt by flooding in Thailand and the negative impact of foreign exchange.,topStory
DAN,Dana Incorporated,20111130,UPDATE 1-Dana Holding cuts 2011 outlook on Thailand floods ,* Cuts 2011 adj EBITDA view to $755-$765 mln from $780 mln,normal
DB,Deutsche Bank AG,20111130,Hong Kong IPO Pipeline - Nov 30 ,HONG KONG  Nov 30 The following are some of the major companies planning initial public offerings on the Hong Kong stock exchange.	     Please contact Twinnie Siu at twinnie.siu@thomsonreuters.com or (+852) 2841-5763 to submit entries for this diary.	     Click on the square bracket for the latest story.	     * Denotes new entry or update	     ^ Information based on local media reports =============================================================== DEBUT  COMPANY           SHRS    PR,topStory
DEO,Diageo plc,20111130,TEXT-Fitch afrms Diageo at 'A-';outlook stable ,Nov 30- Fitch Ratings has affirmed UK-based alcoholic beverages company Diageo plc's  (Diageo) Long-term Issuer Default Rating (IDR) and senior unsecured ratings at 'A-' and Short-term IDR at 'F2'. The Outlook on the Long-term IDR is Stable. The agency has also affirmed the senior unsecured ratings of the debt issued by Diageo's subsidiaries  Diageo Finance BV  Diageo Capital plc and Diageo Investment Corporation at 'A-' and 'F2'.,topStory
DDS,Dillard&#39;s Inc,20111130,UPDATE 1-JDA Software settles lawsuit with Dillard's ,Nov 30 JDA Software Group Inc  said it agreed to settle a lawsuit related to its i2 Technologies unit with Dillard's Inc for $57 million in cash.,topStory
DOV,Dover Corporation,20111130,UPDATE 1-Dover realigns business into 4 segments ,Nov 30 Diversified manufacturer Dover Corp  said it realigned its business into four segments to facilitate growth in its important end markets.,topStory
DOV,Dover Corporation,20111130,CORRECTED-BRIEF-Dover realigns business segments  appoints unit CEOs ,Nov 30 Dover Corp :  * Realigns business segments and announces executive appointments to support growth strategy  * Says company has realigned into four business segments organized around its key end-markets  * Jeffrey Niew  has been appointed president and CEO of communication technologies  * Says realignment will be reflected in dover's full-year 2011 financial results  * The four segments are communications technologies  energy  engineered systems and printing & identification,normal
E,ENI SpA,20111130,EU mergers and takeovers (Nov 30) ,BRUSSELS  Nov 30 The following are mergers under review by the European Commission and a brief guide to the EU merger process:,topStory
EOG,EOG Resources Inc,20111130,EOG CEO sees big potential for Argentina acreage ,Nov 30 The chief executive of EOG Resources Inc said preliminary testing of the company's oil shale acreage in Argentina has so far been very promising and the U.S. oil and gas company plans to drill its first well in coming weeks.,topStory
XOM,Exxon Mobil Corporation,20111130,ExxonMobil offers 3rd Dec-loading high-viscosity fuel oil lot ,SINGAPORE  Nov 30 ExxonMobil has offered the largest volumes of high-viscosity fuel oil  totalling about 120 000 tonnes  from its Singapore refinery since August  amid imminent global specification changes to reduce the levels of sulphur in marine fuels  traders said on Wednesday.,topStory
FCX,Freeport-McMoran Inc,20111130,UPDATE 1-Workers back at jobs at Freeport's Peru mine ,LIMA  Nov 30 Workers have returned to their jobs at Freeport-McMoRan's Peruvian copper mine Cerro Verde after a two-month strike  union leader William Camacho said on Wednesday.,topStory
GS,Goldman Sachs Group Inc (The),20111130,Goldman CEO can testify in insider case: judge ,NEW YORK Goldman Sachs Group Inc Chief Executive Officer Lloyd Blankfein may be asked to testify in a market regulator's insider-trading case against a former director of the Wall Street bank  a judge ruled.,topStory
GS,Goldman Sachs Group Inc (The),20111130,Goldman CEO can testify in insider case - judge ,* CEO Blankfein  six others could give pretrial testimony,normal
GS,Goldman Sachs Group Inc (The),20111130,PRESS DIGEST - Funds industry news Nov 30 ,* Bill Gross  manager of the world's biggest bond fund for U.S. asset manager Pimco  lost money through November as he struggled to turn round a year of uncharacteristic poor performance.,normal
GS,Goldman Sachs Group Inc (The),20111130,European shares to fall as S&P downgrades banks ,LONDON  Nov 30 European shares are set to snap a three-session winning streak on Wednesday  with financial stocks seen coming under pressure following Standard & Poor's move to cut its credit ratings on 15 big banks  mostly in Europe and the United States.,normal
GS,Goldman Sachs Group Inc (The),20111130,Goldman raises money to invest in start-up hedge funds: report ,Goldman Sachs  has raised $600 million from clients such as pension funds  wealthy families and large institutions for a new fund that would provide start-up money to hedge-fund managers  the Wall Street Journal said.,normal
GS,Goldman Sachs Group Inc (The),20111130,UPDATE 3-S&P cuts ratings on big banks after criteria change ,NEW YORK  Nov 29 Standard & Poor's reduced its credit ratings on 15 big banking companies  mostly in the Europe and the United States  on Tuesday as the result of a sweeping overhaul of its ratings criteria.,normal
GES,Guess? Inc,20111130,Guess sees weak Q4  looks to Asia for growth ,U.S. clothing maker Guess Inc  forecast weak holiday season sales as consumers feel the pinch of shrinking disposable incomes due to rising prices amid uncertain economic conditions  particularly in Europe.,topStory
GES,Guess? Inc,20111130,UPDATE 2-Guess sees weak Q4  looks to Asia for growth ,Nov 30 U.S. clothing maker Guess Inc  forecast weak holiday season sales as consumers feel the pinch of shrinking disposable incomes due to rising prices amid uncertain economic conditions  particularly in Europe.,normal
HAL,Halliburton Company,20111130,US pricing covers oilfield inflation - Halliburton ,Nov 30 Oilfield services company Halliburton Co has seen no sign of pricing weakness for pressure pumping equipment around the United States  even if cost inflation is proving more of a challenge than it once was.,topStory
HMC,Honda Motor Company Ltd,20111130,Euro crisis stirs caution among Japan automakers ,TOKYO  Nov 30 The deepening euro zone crisis and doubts about the euro's future has Japanese automakers moving cautiously in Europe  but there is no talk yet of planning for the worst -- a breakup of the single currency.,topStory
HMC,Honda Motor Company Ltd,20111130,Honda: aims to give full-year forecast with Q3 results ,TOKYO Honda Motor Co  said on Wednesday that it aims to issue an earnings outlook for the financial year to March 2012 when it announces third-quarter results  usually released in late January.,normal
HMC,Honda Motor Company Ltd,20111130,Honda: aims to give full-year forecast with Q3 results ,TOKYO  Nov 30 Honda Motor Co said on Wednesday that it aims to issue an earnings outlook for the financial year to March 2012 when it announces third-quarter results  usually released in late January.,normal
HSBC,HSBC Holdings plc,20111130,Hong Kong IPO Pipeline - Nov 30 ,HONG KONG  Nov 30 The following are some of the major companies planning initial public offerings on the Hong Kong stock exchange.	     Please contact Twinnie Siu at twinnie.siu@thomsonreuters.com or (+852) 2841-5763 to submit entries for this diary.	     Click on the square bracket for the latest story.	     * Denotes new entry or update	     ^ Information based on local media reports =============================================================== DEBUT  COMPANY           SHRS    PR,topStory
HSBC,HSBC Holdings plc,20111130,European shares to fall as S&P downgrades banks ,LONDON  Nov 30 European shares are set to snap a three-session winning streak on Wednesday  with financial stocks seen coming under pressure following Standard & Poor's move to cut its credit ratings on 15 big banks  mostly in Europe and the United States.,normal
HSEA,HSBC Holdings plc,20111130,Hong Kong IPO Pipeline - Nov 30 ,HONG KONG  Nov 30 The following are some of the major companies planning initial public offerings on the Hong Kong stock exchange.	     Please contact Twinnie Siu at twinnie.siu@thomsonreuters.com or (+852) 2841-5763 to submit entries for this diary.	     Click on the square bracket for the latest story.	     * Denotes new entry or update	     ^ Information based on local media reports =============================================================== DEBUT  COMPANY           SHRS    PR,topStory
HSEA,HSBC Holdings plc,20111130,European shares to fall as S&P downgrades banks ,LONDON  Nov 30 European shares are set to snap a three-session winning streak on Wednesday  with financial stocks seen coming under pressure following Standard & Poor's move to cut its credit ratings on 15 big banks  mostly in Europe and the United States.,normal
HSEB,HSBC Holdings plc,20111130,Hong Kong IPO Pipeline - Nov 30 ,HONG KONG  Nov 30 The following are some of the major companies planning initial public offerings on the Hong Kong stock exchange.	     Please contact Twinnie Siu at twinnie.siu@thomsonreuters.com or (+852) 2841-5763 to submit entries for this diary.	     Click on the square bracket for the latest story.	     * Denotes new entry or update	     ^ Information based on local media reports =============================================================== DEBUT  COMPANY           SHRS    PR,topStory
HSEB,HSBC Holdings plc,20111130,European shares to fall as S&P downgrades banks ,LONDON  Nov 30 European shares are set to snap a three-session winning streak on Wednesday  with financial stocks seen coming under pressure following Standard & Poor's move to cut its credit ratings on 15 big banks  mostly in Europe and the United States.,normal
JPM,J P Morgan Chase & Co,20111130,Ex-FBI chief pledges independence in MF Global case ,* Judge OKs another extension of cash for MF from JPMorgan,topStory
JPM,J P Morgan Chase & Co,20111130,DIARY-U.S. MEETINGS/WEEK AHEAD ,THOMSON REUTERS  November 30  2011 - Corporate Meetings for US companies for Week ahead.	         S&P 500 Earnings - Weekly           S&P 500 Earnings - Day Ahead   	     Non S&P 500 - Weekly               Non S&P 500 - Day Ahead        	     ConferenceCall/Webcast - Weekly    ConferenceCall/Webcast - Day   	     S&P 500 Earnings - Monthly           Meetings - Day Ahead           	     Economic Indicators                  Dividends                      	     Daily earnings hits & misses    	    ,normal
JPM,J P Morgan Chase & Co,20111130,Hong Kong IPO Pipeline - Nov 30 ,HONG KONG  Nov 30 The following are some of the major companies planning initial public offerings on the Hong Kong stock exchange.	     Please contact Twinnie Siu at twinnie.siu@thomsonreuters.com or (+852) 2841-5763 to submit entries for this diary.	     Click on the square bracket for the latest story.	     * Denotes new entry or update	     ^ Information based on local media reports =============================================================== DEBUT  COMPANY           SHRS    PR,normal
JCI,Johnson Controls International plc,20111130,Johnson Controls says did not cause lead poisoning in Shanghai ,SHANGHAI  Nov 30 Major lead-acid battery maker Johnson Controls said an independent study concluded that its China unit could not be the source of lead contamination that caused lead poisoning in some children in Shanghai.,topStory
LZB,La-Z-Boy Incorporated,20111130,UPDATE 1-La-Z-Boy Q2 profit beats estimates ,Nov 30 La-Z-Boy Inc  known for its recliners  posted a second-quarter profit that more than doubled  helped by improved sales in its upholstery and retail segments.,topStory
LII,Lennox International Inc,20111130,BRIEF: Moody's changes Lennox International's rating outlook to negative; Sr Unsecured affirmed at Baa3 ,* Moody's changes Lennox International's rating outlook to negative; Sr Unsecured affirmed at Baa3,topStory
LMT,Lockheed Martin Corporation,20111130,Marines bullish on Lockheed F-35 variant ,WASHINGTON The Marine Corps version of Lockheed Martin Corp's F-35 fighter jet could soon be taken off a "probation" imposed by former Defense Secretary Robert Gates  a U.S. Marine Corps official said on Wednesday.,topStory
MBI,MBIA Inc,20111130,MBIA shares spike after S&P affirms unit rating ,NEW YORK Shares in bond insurer MBIA Inc  spiked in late trading on Wednesday after Standard & Poor's affirmed the investment-grade rating of a subsidiary that insures municipal bonds  ending months of uncertainty.,topStory
MCD,McDonald&#39;s Corporation,20111130,LivingSocial to run national meal deal with McDonald's ,LivingSocial Inc is set to run a national discount offer with McDonald's Corp as the second-largest daily-deals company moves to catch larger rival Groupon Inc.,topStory
MCD,McDonald&#39;s Corporation,20111130,UPDATE 1-LivingSocial to run national meal deal with McDonald's ,* LivingSocial to offer 1 million McDonald's voucher books,normal
MCD,McDonald&#39;s Corporation,20111130,LivingSocial to run national meal deal with McDonald's ,* LivingSocial to offer 1 million McDonald's voucher books,normal
MCO,Moody&#39;s Corporation,20111130,Moody's says outlook still bleak for Greek banks ,ATHENS  Nov 30 Ratings agency Moody's said on Wednesday it was maintaining its negative outlook on Greek banks  estimating that their prospects would remain bleak over the next 12 to 18 months.,topStory
MCO,Moody&#39;s Corporation,20111130,BRIEF-Moody's adds missing regulatory disclosures to 7 press releases published on Nov ,Nov 30 seven Press Releases published on November 18  2011,normal
MS,Morgan Stanley,20111130,ON THE MOVE: Raymond James hires from Wells Fargo  MSSB ,* New hires this month managed at least $700 mln in assets,topStory
MS,Morgan Stanley,20111130,Hong Kong IPO Pipeline - Nov 30 ,HONG KONG  Nov 30 The following are some of the major companies planning initial public offerings on the Hong Kong stock exchange.	     Please contact Twinnie Siu at twinnie.siu@thomsonreuters.com or (+852) 2841-5763 to submit entries for this diary.	     Click on the square bracket for the latest story.	     * Denotes new entry or update	     ^ Information based on local media reports =============================================================== DEBUT  COMPANY           SHRS    PR,normal
MS,Morgan Stanley,20111130,European shares to fall as S&P downgrades banks ,LONDON  Nov 30 European shares are set to snap a three-session winning streak on Wednesday  with financial stocks seen coming under pressure following Standard & Poor's move to cut its credit ratings on 15 big banks  mostly in Europe and the United States.,normal
MS,Morgan Stanley,20111130,UPDATE 3-S&P cuts ratings on big banks after criteria change ,NEW YORK  Nov 29 Standard & Poor's reduced its credit ratings on 15 big banking companies  mostly in the Europe and the United States  on Tuesday as the result of a sweeping overhaul of its ratings criteria.,normal
NYT,New York Times Company (The),20111130,PRESS DIGEST - Funds industry news Nov 30 ,* Bill Gross  manager of the world's biggest bond fund for U.S. asset manager Pimco  lost money through November as he struggled to turn round a year of uncharacteristic poor performance.,topStory
NEM,Newmont Mining Corporation,20111130,UPDATE 3-Peru protesters dig in heels after Newmont mine halted ,* Union demands a port concession be scrapped  (Adds quotes  march by labor confederation),topStory
NEM,Newmont Mining Corporation,20111130,UPDATE 2-Newmont halts work on Peru mine to restart talks ,LIMA  Nov 29 Newmont Mining Corp  temporarily halted work on its $4.8 billion Conga gold project on Tuesday after the government asked it to help calm violent protests and restart talks with a skeptical local community.,normal
NEM,Newmont Mining Corporation,20111130,Newmont halts work on Peru mine to restart talks ,LIMA  Nov 29 Newmont Mining has temporarily suspended work on its $4.8 billion Conga gold project to calm violent protests and restart talks with the local community  the company's Peru chief said late on Tuesday.     Newmont's Carlos Santa Cruz said the decision was made following a request from Prime Minister Salomon Lerner  who said on state TV the government wants to promote mining investments while ensuring that local communities support projects. Opponents of the proposed Conga,normal
NS,Nustar Energy LP,20111130,UPDATE 2-Fire extinguished at NuStar San Antonio refinery ,HOUSTON  Nov 30 Firefighters extinguished a blaze at the 14 500-barrel-per-day (bpd) NuStar AGE refinery in San Antonio  Texas on Wednesday afternoon  a company spokeswoman said.,topStory
OXY,Occidental Petroleum Corporation,20111130,Colombia to load 35 oil cargoes in December-sources ,HOUSTON  Nov 30 Thirty-five export cargoes of Colombian crude oil are scheduled to load in December  market sources who have seen a loading schedule said on Wednesday.     Colombia's Ecopetrol plans to load 14 cargoes of Castilla and seven of Magdalena during the month.     Nine cargoes of Vasconia are planned  one by Petrobras   one by Pacific Rubiales   two by Equion  three by Hocol  one by Perenco and one by Petrominerales .     Occidental Petroleum expects to load three Cano Limo,topStory
PFE,Pfizer Inc,20111130,Pfizer aims to keep one-third of Lipitor pie ,As cholesterol fighter Lipitor goes generic  its maker Pfizer Inc is hoping to hold onto perhaps a third of the 3 million Americans who take the biggest-selling drug of all time.,topStory
PFE,Pfizer Inc,20111130,UPDATE 2-Pfizer aims to keep one-third of Lipitor pie ,* Sees quick 20-30 pct fall in price of Lipitor  generics,normal
PHH,PHH Corp,20111130,Text-Fitch expects to rate PHH's senior unsecured notes BB+ ,NEW YORK  November 30 (Fitch) Fitch Ratings expects to assign a rating of 'BB+' to PHH Corporation's (PHH) $250 million senior unsecured notes issuance with expected maturity of 2019. Proceeds from the issuance will be primarily used to repay the outstanding principal amount on the company's 2012 convertible notes  due April 2012. PHH's ratings reflect its competitive position in the mortgage and fleet leasing business  positive core operating performance  improved funding and liquidity profile ,topStory
PJC,Piper Jaffray Companies,20111130,DIARY-U.S. MEETINGS/WEEK AHEAD ,THOMSON REUTERS  November 30  2011 - Corporate Meetings for US companies for Week ahead.	         S&P 500 Earnings - Weekly           S&P 500 Earnings - Day Ahead   	     Non S&P 500 - Weekly               Non S&P 500 - Day Ahead        	     ConferenceCall/Webcast - Weekly    ConferenceCall/Webcast - Day   	     S&P 500 Earnings - Monthly           Meetings - Day Ahead           	     Economic Indicators                  Dividends                      	     Daily earnings hits & misses    	    ,topStory
RJF,Raymond James Financial Inc,20111130,ON THE MOVE: Raymond James hires from Wells Fargo  MSSB ,* New hires this month managed at least $700 mln in assets,topStory
RTN,Raytheon Company,20111130,CORRECTED - UPDATE 1-Raytheon sees growth despite budget woes ,NEW YORK  Nov 30 Raytheon Co said it sees continued opportunities for growth in sales of certain weapons to the U.S. military -- and to overseas customers -- despite a downturn in defense spending.,topStory
SDRL,Seadrill Limited,20111130,UPDATE 2-Seadrill Q3 down on financial losses  bullish on rig market ,OSLO  Nov 30 Norwegian group Seadrill   the world's biggest drilling company by market value  saw its third-quarter net profit dive after taking a hit from losses on interest rates swap contracts stemming from the turmoil in financial markets.,topStory
S,Sprint Corporation,20111130,Clearwire seen reaching Sprint funding deal ,NEW YORK Clearwire Corp  is expected to reach a funding agreement with Sprint Nextel  at least by year-end and possibly in time for Clearwire's December 1 debt interest payment deadline  according to people following a standoff between the wireless service providers.,topStory
S,Sprint Corporation,20111130,UPDATE 1-PREVIEW: Clearwire seen reaching Sprint funding deal ,* Clearwire shares close up 12.66 pct  Sprint rises 8 pct,normal
S,Sprint Corporation,20111130,PREVIEW: Clearwire seen reaching Sprint funding deal ,NEW YORK  Nov 30 Clearwire Corp is expected to reach a funding agreement with Sprint Nextel  at least by year-end and possibly in time for Clearwire's Dec. 1 debt interest payment deadline  according to people following a standoff between the wireless service providers.,normal
SF,Stifel Financial Corporation,20111130,Stifel plans no layoffs  sees market rebound soon ,* Kruszewski sees chance to add share during next recovery,topStory
SU,Suncor Energy  Inc,20111130,Suncor says contains leak near S. Platte River ,NEW YORK Suncor Energy said on Wednesday it has contained a leak near its Commerce City refinery in Colorado that was running into Sand Creek by the South Platte River.,topStory
SU,Suncor Energy  Inc,20111130,UPDATE 1-Suncor says contains leak near S. Platte River ,* Firm says leak has been contained  source not identified,normal
TEL,TE Connectivity Ltd,20111130,Deals of the day -- mergers and acquisitions ,Nov 30 The following bids  mergers  acquisitions and disposals involving European  U.S. and Asian companies were reported by 1000 GMT on Wednesday.,topStory
BX,The Blackstone Group LP,20111130,Blackstone  Bain to lead Alibaba's bid for Yahoo: sources ,Private equity firms Blackstone Group and Bain Capital will lead a bid for the whole of Yahoo Inc after agreeing to team up with Alibaba Group  two people familiar with the matter said on Wednesday.,topStory
BX,The Blackstone Group LP,20111130,Blackstone  Bain to lead Alibaba's bid for Yahoo-sources ,Nov 30 Private equity firms Blackstone Group and Bain Capital will lead a bid for the whole of Yahoo Inc after agreeing to team up with Alibaba Group  two people familiar with the matter said on Wednesday.,normal
TWX,Time Warner Inc,20111130,Time Inc taps digital agency head Lang as its CEO ,Nov 30 Time Warner has tapped digital marketing agency head Laura Lang to lead its magazine division.,topStory
TOT,Total SA,20111130,UPDATE 1-Total  Amyris to develop fuels from plant sugars ,Nov 30 Giant French oil company Total SA and U.S. biofuels company said on Wednesday they would form a 50-50 joint venture to develop and sell renewable fuels made from plant sugars.,topStory
TM,Toyota Motor Corp Ltd Ord,20111130,PREVIEW-November U.S. auto sales seen best in over 2 years ,Nov 30 Higher incentives and better model selection in November led to the best month for U.S. auto sales in more than two years.,topStory
RIG,Transocean Ltd,20111130,UPDATE 1-Transocean taps markets as cash flow outlook dims ,Nov 30 Rig contractor Transocean Ltd  closed out a tough month by raising $2.5 billion in debt on Wednesday  having just sold nearly 30 million shares for about $1.2 billion  to fortify itself for a leaner 2012.,topStory
RIG,Transocean Ltd,20111130,New Issue-Transocean sells $2.5 bln in 3 parts ,Nov 30 Transocean Inc Wednesday sold $2.5 billion of senior unsecured notes in three parts  said IFR  a Thomson Reuters service.     Barclays Capital  Credit Suisse and Mitsubishi were the joint bookrunning manager for the sale. BORROWER: TRANSOCEAN INC TRANCHE 1 AMT $1 BLN        COUPON 5.05 PCT      MATURITY   12/15/2016 TYPE SR NTS       ISS PRICE 99.906     FIRST PAY   6/15/2012 MOODY'S Baa3      YIELD 5.071 PCT      SETTLEMENT  12/5/2011 S&P BBB-MINUS     SPREAD 410 BPS       PA,normal
RIG,Transocean Ltd,20111130,Text-Fitch rates Transocean's senior notes BBB- ,CHICAGO  November 30 (Fitch) Fitch Ratings has assigned a 'BBB-' to Transocean Inc.'s (Transocean) senior unsecured note offering. The company will use the proceeds to help fund near-term refinancing and for general corporate purposes.    The company is issuing up to $2.5 billion in senior unsecured notes split among five year  10 year and 30 year maturities.  This offering follows the company's common equity offering of slightly over $1 billion announced yesterday. Both offerings will help to i,normal
RIG,Transocean Ltd,20111130,text-S&P rates Transocean Inc.'S new senior unsecured notes BBB ,Transocean Ltd  S&P Rates Transocean Inc.'s New Senior Unsecured Notes 'BBB-'  NEW YORK (Standard & Poor's) Nov. 30  2011--Standard & Poor's Ratings Services today assigned its 'BBB-' rating to Transocean Inc.'s proposed senior unsecured note offering. The company intends to use proceeds to repay near-term debt maturities and general corporate purposes. The corporate credit rating on Transocean is 'BBB-' and the outlook is negative. (For the complete corporate credit rating rationale  see the re,normal
UAL,United Continental Holdings Inc,20111130,REFILE_UPDATE 1-United gets FAA single operating certificate ,* United Continental get FAA single operating certificate,topStory
V,Visa Inc,20111130,Asian internet shoppers turning cautious - Visa survey ,SINGAPORE  Nov 30 Asian internet shoppers are turning cautious  according to a survey by credit card company Visa  with half of respondents saying they plan to keep their year-end shopping budgets at the same level as in 2010.,topStory
DIS,Walt Disney Company (The),20111130,Disney hikes dividend 50 percent after strong results ,Walt Disney Co raised its annual cash dividend by 50 percent to 60 cents a share  a far larger increase than the previous year's on the heels of strong fiscal fourth-quarter results.,topStory
DIS,Walt Disney Company (The),20111130,UPDATE 1-Disney hikes dividend 50 pct after strong results ,Nov 30 Walt Disney Co raised its annual cash dividend by 50 percent to 60 cents a share  a far larger increase than the previous year's on the heels of strong fiscal fourth-quarter results.,normal
WFC,Wells Fargo & Company,20111130,European shares to fall as S&P downgrades banks ,LONDON  Nov 30 European shares are set to snap a three-session winning streak on Wednesday  with financial stocks seen coming under pressure following Standard & Poor's move to cut its credit ratings on 15 big banks  mostly in Europe and the United States.,topStory
YGE,Yingli Green Energy Holding Company Limited,20111130,Solar stocks soar on upgrades  central bank moves ,U.S.-listed solar stocks soared on Wednesday after Auriga analyst Hari Chandra slapped "buy" ratings on four companies in the battered sector  including China's Trina Solar Ltd and U.S. panel maker SunPower Corp.,topStory
