AMZN,Amazoncom Inc,20111007,Customer-service leader Zappos trips up ,* Project WMS like open heart surgery on moving train-CEO,topStory
AMCX,AMC Networks Inc,20111007,Netflix strikes agreement with AMC for zombie show ,Netflix and AMC Networks Inc have signed a new licensing agreement that gives the popular streaming video service exclusive rights in the United States and Canada to the hit show "The Walking Dead.",topStory
AMCX,AMC Networks Inc,20111007,UPDATE 2-Netflix strikes agreement with AMC for zombie show ,Oct 7 Netflix and AMC Networks Inc have signed a new licensing agreement that gives the popular streaming video service exclusive rights in the United States and Canada to the hit show "The Walking Dead.",normal
AAPL,Apple Inc,20111007,AT&T seeing "extraordinary demand" for new iPhone ,AT&T  said on Friday it has seen "extraordinary demand" for Apple Inc's  latest iPhone with over 200 000 pre-orders in the first 12 hours.,topStory
AAPL,Apple Inc,20111007,Sony picks up movie rights for Steve Jobs bio ,LOS ANGELES (TheWrap.com) - Sony has picked up the movie rights to Walter Isaacson's upcoming biography of Steve Jobs for Mark Gordon to produce  TheWrap has confirmed.,normal
AAPL,Apple Inc,20111007,UPDATE 1-AT&T seeing "extraordinary demand" for new iPhone ,Oct 7 AT&T said on Friday it has seen "extraordinary demand" for Apple Inc's latest iPhone with over 200 000 pre-orders in the first 12 hours.,normal
AAPL,Apple Inc,20111007,New York crime ring was sweet on Apple: police ,NEW YORK A New York-based crime ring that used forged credit cards to mainly buy and resell Apple products overseas has been busted  police said on Friday in what was described as the largest identity fraud case in U.S. history.,normal
AAPL,Apple Inc,20111007,New York crime ring was sweet on Apple - police ,NEW YORK  Oct 7 A New York-based crime ring that used forged credit cards to mainly buy and resell Apple products overseas has been busted  police said on Friday in what was described as the largest identity fraud case in U.S. history.,normal
AAPL,Apple Inc,20111007,Steve Jobs' funeral is taking place Friday: report ,The funeral for Apple Inc co-founder Steve Jobs is taking place on Friday  the Wall Street Journal cited a person familiar with the matter as saying. | Video ,normal
AAPL,Apple Inc,20111007,RPT-Steve Jobs' funeral is taking place Friday-WSJ ,Oct 7 The funeral for Apple Inc  co-founder Steve Jobs is taking place on Friday  the Wall Street Journal cited a person familiar with the matter as saying.,normal
AAPL,Apple Inc,20111007,Steve Jobs' funeral is taking place Friday-WSJ ,Oct 7 The funeral for Apple Inc  co-founder Steve Jobs is taking place on Friday  the Wall Street Journal cited a person familiar with the matter as saying.,normal
AAPL,Apple Inc,20111007,Steve Jobs biography pushed up for release ,The release date for a Steve Jobs biography has been pushed up to October 24 in the wake of the Apple co-founder's death on Wednesday  according to a spokesman for publishing house Simon & Schuster. | Video ,normal
AAPL,Apple Inc,20111007,Jobs authorized biography so his kids can know him ,CUPERTINO  Calif./SAN FRANCISCO Steve Jobs  in pain and too weak to climb stairs a few weeks before his death  wanted his children to understand why he wasn't always there for them  according to the author of his highly anticipated biography. | Video ,normal
LIFE,aTyr Pharma Inc,20111007,Illumina outlook drags down genetic tools sector ,Shares of Illumina Inc  fell 35 percent and dragged down its peers on Friday  a day after the maker of genetic analysis tools forecast a weak third quarter on uncertainty related to research funding in the United States and Europe.,topStory
BMLP,Bank Of Montreal,20111007,Manitoba sells C$300 mln 5-yr debentures ,NEW YORK  Oct 7 The Canadian province on Manitoba sold C$300 million ($288 million) of five-year debentures on Friday  according to a term sheet seen by Reuters.,topStory
TAPR,Barclays Inverse US Treasury Composite ETN,20111007,New Issue-BG Energy Capital sells $3 bln in 3 parts ,Oct 7 BG Energy Capital PLC on Thursday sold $3 billion of senior unsecured notes in three parts in the 144a private placement market  said IFR  a Thomson Reuters service.      Barclays Capital  Citigroup  Mizuho  and RBC were the joint bookrunning managers for the sale. BORROWER: BG ENERGY CAPITAL PLC TRANCHE 1 AMT $750 MLN      COUPON 2.875 PCT    MATURITY 10/15/2016 TYPE SR NTS       ISS PRICE 99.833    FIRST PAY 4/15/2012 MOODY'S A2        YIELD 2.911 PCT     SETTLEMENT 10/12/201,topStory
TAPR,Barclays Inverse US Treasury Composite ETN,20111007,Barclays starts India Tech coverage; Rates Infy  HCL Tech 'overweight' ,MUMBAI  Oct 7 Barclays Capital has started coverage on the Indian technology sector with an overweight rating on Infosys Ltd. and HCL Technologies  citing higher growth rate for the next five years.,normal
DLBL,Barclays PLC,20111007,New Issue-BG Energy Capital sells $3 bln in 3 parts ,Oct 7 BG Energy Capital PLC on Thursday sold $3 billion of senior unsecured notes in three parts in the 144a private placement market  said IFR  a Thomson Reuters service.      Barclays Capital  Citigroup  Mizuho  and RBC were the joint bookrunning managers for the sale. BORROWER: BG ENERGY CAPITAL PLC TRANCHE 1 AMT $750 MLN      COUPON 2.875 PCT    MATURITY 10/15/2016 TYPE SR NTS       ISS PRICE 99.833    FIRST PAY 4/15/2012 MOODY'S A2        YIELD 2.911 PCT     SETTLEMENT 10/12/201,topStory
DLBL,Barclays PLC,20111007,Barclays starts India Tech coverage; Rates Infy  HCL Tech 'overweight' ,MUMBAI  Oct 7 Barclays Capital has started coverage on the Indian technology sector with an overweight rating on Infosys Ltd. and HCL Technologies  citing higher growth rate for the next five years.,normal
DTYL,Barclays PLC,20111007,New Issue-BG Energy Capital sells $3 bln in 3 parts ,Oct 7 BG Energy Capital PLC on Thursday sold $3 billion of senior unsecured notes in three parts in the 144a private placement market  said IFR  a Thomson Reuters service.      Barclays Capital  Citigroup  Mizuho  and RBC were the joint bookrunning managers for the sale. BORROWER: BG ENERGY CAPITAL PLC TRANCHE 1 AMT $750 MLN      COUPON 2.875 PCT    MATURITY 10/15/2016 TYPE SR NTS       ISS PRICE 99.833    FIRST PAY 4/15/2012 MOODY'S A2        YIELD 2.911 PCT     SETTLEMENT 10/12/201,topStory
DTYL,Barclays PLC,20111007,Barclays starts India Tech coverage; Rates Infy  HCL Tech 'overweight' ,MUMBAI  Oct 7 Barclays Capital has started coverage on the Indian technology sector with an overweight rating on Infosys Ltd. and HCL Technologies  citing higher growth rate for the next five years.,normal
COWN,Cowen Inc,20111007,MOVES-CIBC  Cowen  Virgin Money ,Oct 7 The following financial service industry appointments were announced on Friday. To inform us of other job changes  email to moves@thomsonreuters.com.,topStory
ERIC,Ericsson,20111007,Deals of the day -- mergers and acquisitions ,Oct 7 The following bids  mergers  acquisitions and disposals involving European  U.S. and Asian companies were reported by 2100 GMT on Friday:,topStory
ERIC,Ericsson,20111007,Sony in talks to buy Ericsson out of phone venture: source ,HELSINKI/TOKYO Sony Corp is in talks to buy out Ericsson's stake in their mobile phone joint venture  a source said  in a bid to catch up with rivals. | Video ,normal
ERIC,Ericsson,20111007,Sony to be Sony Ericsson owner in six months: poll ,STOCKHOLM Analysts see a strong chance that Japanese consumer electronics giant Sony  will succeed in buying out its joint-venture partner in mobile phone handset maker Sony Ericsson in the next half-year for around 10.6 billion Swedish crowns ($1.5 billion).,normal
ERIC,Ericsson,20111007,Ericsson says signs India's first TD-LTE deal ,NEW DELHI  Oct 7 Ericsson   the world's top telecoms gear maker  said on Friday it has signed India's first-ever equipment contract for a wireless broadband network based on fourth-generation TD-LTE technology.,normal
ERIC,Ericsson,20111007,Nikkei closes up on Europe hopes but posts mild weekly loss ,TOKYO The Nikkei stock average climbed on Friday for a second day of gains  helping to cut its losses for the week to just over 1 percent as hedge funds showed signs of tip-toeing back into the market  betting that the short-term bounce would hold. | Video ,normal
ERIC,Ericsson,20111007,Sony shares dip on report to buy Ericsson phone venture stake ,TOKYO Sony Corp  shares fell 1.8 percent in early trading after The Wall Street Journal reported on Thursday that the firm is nearing a deal to buy Telefon AB LM Ericsson's  half of their smartphone venture.,normal
ERIC,Ericsson,20111007,UPDATE 6-Sony in talks to buy Ericsson out of phone JV-source ,* Deal could be worth over $1.3 billion - JPMorgan analyst,normal
ERIC,Ericsson,20111007,Nikkei ends up on Europe hopes  posts mild weekly loss ,* Sony bucks trend  falls on Ericsson JV stake purchase news,normal
ERIC,Ericsson,20111007,NORDIC STOCKS - Factors to watch on Oct 7 ,HELSINKI  Oct 7 The following stocks may be affected by newspaper reports and other factors on Friday:,normal
ERIC,Ericsson,20111007,Market Chatter -- Corporate finance press digest ,BANGALORE  Oct 7 The following corporate finance-related stories were reported by media on Friday:,normal
ILMN,Illumina Inc,20111007,Snap Analysis: Gene sequencers edge away from Illumina's woes ,As Illumina Inc announced it was battling slower purchases by customers who depend on federal funding for research  several peers in gene sequencing rushed to reassure investors they don't have the same kind of risk exposure.,topStory
ILMN,Illumina Inc,20111007,Illumina outlook drags down genetic tools sector ,Shares of Illumina Inc  fell 35 percent and dragged down its peers on Friday  a day after the maker of genetic analysis tools forecast a weak third quarter on uncertainty related to research funding in the United States and Europe.,normal
ILMN,Illumina Inc,20111007,Snap Analysis: Gene sequencers edge away from Illumina's woes ,As Illumina Inc  announced it was battling slower purchases by customers who depend on federal funding for research  several peers in gene sequencing rushed to reassure investors they don't have the same kind of risk exposure.,normal
DTYS,iPath US Treasury 10-year Bear ETN,20111007,New Issue-BG Energy Capital sells $3 bln in 3 parts ,Oct 7 BG Energy Capital PLC on Thursday sold $3 billion of senior unsecured notes in three parts in the 144a private placement market  said IFR  a Thomson Reuters service.      Barclays Capital  Citigroup  Mizuho  and RBC were the joint bookrunning managers for the sale. BORROWER: BG ENERGY CAPITAL PLC TRANCHE 1 AMT $750 MLN      COUPON 2.875 PCT    MATURITY 10/15/2016 TYPE SR NTS       ISS PRICE 99.833    FIRST PAY 4/15/2012 MOODY'S A2        YIELD 2.911 PCT     SETTLEMENT 10/12/201,topStory
DTYS,iPath US Treasury 10-year Bear ETN,20111007,Barclays starts India Tech coverage; Rates Infy  HCL Tech 'overweight' ,MUMBAI  Oct 7 Barclays Capital has started coverage on the Indian technology sector with an overweight rating on Infosys Ltd. and HCL Technologies  citing higher growth rate for the next five years.,normal
DTUS,iPath US Treasury 2-year Bear ETN,20111007,New Issue-BG Energy Capital sells $3 bln in 3 parts ,Oct 7 BG Energy Capital PLC on Thursday sold $3 billion of senior unsecured notes in three parts in the 144a private placement market  said IFR  a Thomson Reuters service.      Barclays Capital  Citigroup  Mizuho  and RBC were the joint bookrunning managers for the sale. BORROWER: BG ENERGY CAPITAL PLC TRANCHE 1 AMT $750 MLN      COUPON 2.875 PCT    MATURITY 10/15/2016 TYPE SR NTS       ISS PRICE 99.833    FIRST PAY 4/15/2012 MOODY'S A2        YIELD 2.911 PCT     SETTLEMENT 10/12/201,topStory
DTUS,iPath US Treasury 2-year Bear ETN,20111007,Barclays starts India Tech coverage; Rates Infy  HCL Tech 'overweight' ,MUMBAI  Oct 7 Barclays Capital has started coverage on the Indian technology sector with an overweight rating on Infosys Ltd. and HCL Technologies  citing higher growth rate for the next five years.,normal
DTUL,iPath US Treasury 2-year Bull ETN,20111007,New Issue-BG Energy Capital sells $3 bln in 3 parts ,Oct 7 BG Energy Capital PLC on Thursday sold $3 billion of senior unsecured notes in three parts in the 144a private placement market  said IFR  a Thomson Reuters service.      Barclays Capital  Citigroup  Mizuho  and RBC were the joint bookrunning managers for the sale. BORROWER: BG ENERGY CAPITAL PLC TRANCHE 1 AMT $750 MLN      COUPON 2.875 PCT    MATURITY 10/15/2016 TYPE SR NTS       ISS PRICE 99.833    FIRST PAY 4/15/2012 MOODY'S A2        YIELD 2.911 PCT     SETTLEMENT 10/12/201,topStory
DTUL,iPath US Treasury 2-year Bull ETN,20111007,Barclays starts India Tech coverage; Rates Infy  HCL Tech 'overweight' ,MUMBAI  Oct 7 Barclays Capital has started coverage on the Indian technology sector with an overweight rating on Infosys Ltd. and HCL Technologies  citing higher growth rate for the next five years.,normal
DFVS,iPath US Treasury 5-year Bear ETN,20111007,New Issue-BG Energy Capital sells $3 bln in 3 parts ,Oct 7 BG Energy Capital PLC on Thursday sold $3 billion of senior unsecured notes in three parts in the 144a private placement market  said IFR  a Thomson Reuters service.      Barclays Capital  Citigroup  Mizuho  and RBC were the joint bookrunning managers for the sale. BORROWER: BG ENERGY CAPITAL PLC TRANCHE 1 AMT $750 MLN      COUPON 2.875 PCT    MATURITY 10/15/2016 TYPE SR NTS       ISS PRICE 99.833    FIRST PAY 4/15/2012 MOODY'S A2        YIELD 2.911 PCT     SETTLEMENT 10/12/201,topStory
DFVS,iPath US Treasury 5-year Bear ETN,20111007,Barclays starts India Tech coverage; Rates Infy  HCL Tech 'overweight' ,MUMBAI  Oct 7 Barclays Capital has started coverage on the Indian technology sector with an overweight rating on Infosys Ltd. and HCL Technologies  citing higher growth rate for the next five years.,normal
DFVL,iPath US Treasury 5-year Bull ETN,20111007,New Issue-BG Energy Capital sells $3 bln in 3 parts ,Oct 7 BG Energy Capital PLC on Thursday sold $3 billion of senior unsecured notes in three parts in the 144a private placement market  said IFR  a Thomson Reuters service.      Barclays Capital  Citigroup  Mizuho  and RBC were the joint bookrunning managers for the sale. BORROWER: BG ENERGY CAPITAL PLC TRANCHE 1 AMT $750 MLN      COUPON 2.875 PCT    MATURITY 10/15/2016 TYPE SR NTS       ISS PRICE 99.833    FIRST PAY 4/15/2012 MOODY'S A2        YIELD 2.911 PCT     SETTLEMENT 10/12/201,topStory
DFVL,iPath US Treasury 5-year Bull ETN,20111007,Barclays starts India Tech coverage; Rates Infy  HCL Tech 'overweight' ,MUMBAI  Oct 7 Barclays Capital has started coverage on the Indian technology sector with an overweight rating on Infosys Ltd. and HCL Technologies  citing higher growth rate for the next five years.,normal
FLAT,iPath US Treasury Flattener ETN,20111007,New Issue-BG Energy Capital sells $3 bln in 3 parts ,Oct 7 BG Energy Capital PLC on Thursday sold $3 billion of senior unsecured notes in three parts in the 144a private placement market  said IFR  a Thomson Reuters service.      Barclays Capital  Citigroup  Mizuho  and RBC were the joint bookrunning managers for the sale. BORROWER: BG ENERGY CAPITAL PLC TRANCHE 1 AMT $750 MLN      COUPON 2.875 PCT    MATURITY 10/15/2016 TYPE SR NTS       ISS PRICE 99.833    FIRST PAY 4/15/2012 MOODY'S A2        YIELD 2.911 PCT     SETTLEMENT 10/12/201,topStory
FLAT,iPath US Treasury Flattener ETN,20111007,Barclays starts India Tech coverage; Rates Infy  HCL Tech 'overweight' ,MUMBAI  Oct 7 Barclays Capital has started coverage on the Indian technology sector with an overweight rating on Infosys Ltd. and HCL Technologies  citing higher growth rate for the next five years.,normal
DLBS,iPath US Treasury Long Bond Bear ETN,20111007,New Issue-BG Energy Capital sells $3 bln in 3 parts ,Oct 7 BG Energy Capital PLC on Thursday sold $3 billion of senior unsecured notes in three parts in the 144a private placement market  said IFR  a Thomson Reuters service.      Barclays Capital  Citigroup  Mizuho  and RBC were the joint bookrunning managers for the sale. BORROWER: BG ENERGY CAPITAL PLC TRANCHE 1 AMT $750 MLN      COUPON 2.875 PCT    MATURITY 10/15/2016 TYPE SR NTS       ISS PRICE 99.833    FIRST PAY 4/15/2012 MOODY'S A2        YIELD 2.911 PCT     SETTLEMENT 10/12/201,topStory
DLBS,iPath US Treasury Long Bond Bear ETN,20111007,Barclays starts India Tech coverage; Rates Infy  HCL Tech 'overweight' ,MUMBAI  Oct 7 Barclays Capital has started coverage on the Indian technology sector with an overweight rating on Infosys Ltd. and HCL Technologies  citing higher growth rate for the next five years.,normal
STPP,iPath US Treasury Steepener ETN,20111007,New Issue-BG Energy Capital sells $3 bln in 3 parts ,Oct 7 BG Energy Capital PLC on Thursday sold $3 billion of senior unsecured notes in three parts in the 144a private placement market  said IFR  a Thomson Reuters service.      Barclays Capital  Citigroup  Mizuho  and RBC were the joint bookrunning managers for the sale. BORROWER: BG ENERGY CAPITAL PLC TRANCHE 1 AMT $750 MLN      COUPON 2.875 PCT    MATURITY 10/15/2016 TYPE SR NTS       ISS PRICE 99.833    FIRST PAY 4/15/2012 MOODY'S A2        YIELD 2.911 PCT     SETTLEMENT 10/12/201,topStory
STPP,iPath US Treasury Steepener ETN,20111007,Barclays starts India Tech coverage; Rates Infy  HCL Tech 'overweight' ,MUMBAI  Oct 7 Barclays Capital has started coverage on the Indian technology sector with an overweight rating on Infosys Ltd. and HCL Technologies  citing higher growth rate for the next five years.,normal
MSFT,Microsoft Corporation,20111007,EU clears Microsoft's Skype acquisition ,BRUSSELS Microsoft secured EU approval on Friday to purchase internet voice and video service Skype for $8.5 billion  its biggest ever acquisition.,topStory
MSFT,Microsoft Corporation,20111007,EU clears Microsoft's Skype acquisition ,BRUSSELS  Oct 7 Microsoft secured EU approval on Friday to purchase internet voice and video service Skype for $8.5 billion  its biggest ever acquisition.,normal
MSFT,Microsoft Corporation,20111007,RPT-UPDATE 3-Apple's lead over rivals could narrow without Jobs ,SEOUL/SEATTLE  Oct 6 If the death of Apple's inspirational leader means a slowdown in the company's blistering pace of innovation  it could give breathless rivals like Microsoft and Samsung a chance to catch up.,normal
MSFT,Microsoft Corporation,20111007,RPT-UPDATE 3-Apple's lead over rivals could narrow without Jobs ,SEOUL/SEATTLE  Oct 6 If the death of Apple's inspirational leader means a slowdown in the company's blistering pace of innovation  it could give breathless rivals like Microsoft and Samsung a chance to catch up.,normal
NFLX,Netflix Inc,20111007,Netflix strikes agreement with AMC for zombie show ,Netflix and AMC Networks Inc have signed a new licensing agreement that gives the popular streaming video service exclusive rights in the United States and Canada to the hit show "The Walking Dead.",topStory
NFLX,Netflix Inc,20111007,UPDATE 2-Netflix strikes agreement with AMC for zombie show ,Oct 7 Netflix and AMC Networks Inc have signed a new licensing agreement that gives the popular streaming video service exclusive rights in the United States and Canada to the hit show "The Walking Dead.",normal
NWS,News Corporation,20111007,Designer Hoppen accepts hacking damages from News Corp ,LONDON  Oct 7 British interior designer Kelly Hoppen has accepted 60 000 pounds ($92 300) in damages in settlement of her legal action over the phone hacking scandal which has engulfed Rupert Murdoch's News Corp media empire.,topStory
NWSA,News Corporation,20111007,Designer Hoppen accepts hacking damages from News Corp ,LONDON  Oct 7 British interior designer Kelly Hoppen has accepted 60 000 pounds ($92 300) in damages in settlement of her legal action over the phone hacking scandal which has engulfed Rupert Murdoch's News Corp media empire.,topStory
NUAN,Nuance Communications Inc,20111007,Deals of the day -- mergers and acquisitions ,Oct 7 The following bids  mergers  acquisitions and disposals involving European  U.S. and Asian companies were reported by 2100 GMT on Friday:,topStory
NUAN,Nuance Communications Inc,20111007,UPDATE 3-Nuance Communications snaps up Swype  eyes bigger mobile pie ,Oct 7 Speech recognition and digital imaging software maker Nuance Communications Inc bought rival Swype Inc for $102.5 million to enhance its offerings for the red hot smartphone and tablet market.,normal
REIS,Reis Inc,20111007,U.S. mall Q3 vacancy rate at 11-year high -report ,NEW YORK  Oct 7 The average vacancy rate for large U.S. shopping malls reached its highest level in 11 years in the third quarter  as department store closings took effect and retailers scaled back their floor space due to shaky consumer sentiment  according to a report issued on Friday.,topStory
ANF,Abercrombie & Fitch Company,20111007,UPDATE 1-Fitch cuts Italy  Spain ratings  outlook negative ,ROME  Oct 7 Fitch on Friday cut Italy's sovereign credit rating by one notch and Spain's by two  citing a worsening of the euro zone debt crisis and a risk of fiscal slippage in both countries.,topStory
AA,Alcoa Corporation,20111007,Earnings on deck as Europe eyed ,NEW YORK Investors tiring of the euro zone's debt crisis dragging the market all over the place are hoping to focus on something else next week -- earnings.,topStory
AMOV,America Movil SAB de CV,20111007,America Movil sees Telmex buyout bid in Nov: CEO ,MEXICO CITY Mexican mobile phone giant America Movil plans to launch its bid to buy the rest of fixed-line phone unit Telefonos de Mexico in mid-November  Chief Executive Officer Daniel Hajj said on Friday.,topStory
AMOV,America Movil SAB de CV,20111007,UPDATE 2-America Movil sees Telmex buyout bid in Nov -CEO ,MEXICO CITY  Oct 7 Mexican mobile phone giant America Movil plans to launch its bid to buy the rest of fixed-line phone unit Telefonos de Mexico in mid-November  Chief Executive Officer Daniel Hajj said on Friday.,normal
AMX,America Movil SAB de CV,20111007,America Movil sees Telmex buyout bid in Nov: CEO ,MEXICO CITY Mexican mobile phone giant America Movil plans to launch its bid to buy the rest of fixed-line phone unit Telefonos de Mexico in mid-November  Chief Executive Officer Daniel Hajj said on Friday.,topStory
AMX,America Movil SAB de CV,20111007,UPDATE 2-America Movil sees Telmex buyout bid in Nov -CEO ,MEXICO CITY  Oct 7 Mexican mobile phone giant America Movil plans to launch its bid to buy the rest of fixed-line phone unit Telefonos de Mexico in mid-November  Chief Executive Officer Daniel Hajj said on Friday.,normal
T,AT&T Inc,20111007,AT&T seeing "extraordinary demand" for new iPhone ,AT&T  said on Friday it has seen "extraordinary demand" for Apple Inc's  latest iPhone with over 200 000 pre-orders in the first 12 hours.,topStory
T,AT&T Inc,20111007,UPDATE 1-AT&T seeing "extraordinary demand" for new iPhone ,Oct 7 AT&T said on Friday it has seen "extraordinary demand" for Apple Inc's latest iPhone with over 200 000 pre-orders in the first 12 hours.,normal
SAN,Banco Santander SA,20111007,DealTalk: KBC close to Polish unit sale while BCP stalls ,WARSAW Belgian lender KBC  is moving quickly toward sealing a deal with Santander  for Kredyt Bank   defying expectations it would struggle to offload its Polish arm.,topStory
SAN,Banco Santander SA,20111007,DEALTALK-KBC close to Polish unit sale while BCP stalls ,* KBC's talks with Santander on Polish unit sale in final stretch-sources,normal
BAC,Bank of America Corporation,20111007,BofA to pay $11 million total to Price  Krawcheck ,Bank of America Corp  will pay $11 million to ousted executives Joe Price and Sallie Krawcheck  a large payout at a time when banks face protests over pay but smaller than the eight-figure packages some executives received before the financial crisis.,topStory
BAC,Bank of America Corporation,20111007,UPDATE 2-BofA to pay $11 mln total to Price  Krawcheck ,* One-time payments of $5.15 mln each; $850 000 over a year,normal
BAC,Bank of America Corporation,20111007,UPDATE 1-BofA to pay $11 mln to Price  Krawcheck ,Oct 7 Bank of America Corp said it will pay $11 million total to ousted executives Joe Price and Sallie Krawcheck  according to separation agreements filed by the bank Friday.,normal
BAC,Bank of America Corporation,20111007,Insight: Americans seethe as banks hit them with new fees ,Smoking outside a Bank of America branch in Chicago  restaurant worker Mike Dysangco complained about the "totally ridiculous" new banking fees.,normal
BAC,Bank of America Corporation,20111007,INSIGHT-Americans seethe as banks hit them with new fees ,Oct 7 Smoking outside a Bank of America  branch in Chicago  restaurant worker Mike Dysangco complained about the "totally ridiculous" new banking fees.,normal
BMO,Bank Of Montreal,20111007,Manitoba sells C$300 mln 5-yr debentures ,NEW YORK  Oct 7 The Canadian province on Manitoba sold C$300 million ($288 million) of five-year debentures on Friday  according to a term sheet seen by Reuters.,topStory
BCS,Barclays PLC,20111007,New Issue-BG Energy Capital sells $3 bln in 3 parts ,Oct 7 BG Energy Capital PLC on Thursday sold $3 billion of senior unsecured notes in three parts in the 144a private placement market  said IFR  a Thomson Reuters service.      Barclays Capital  Citigroup  Mizuho  and RBC were the joint bookrunning managers for the sale. BORROWER: BG ENERGY CAPITAL PLC TRANCHE 1 AMT $750 MLN      COUPON 2.875 PCT    MATURITY 10/15/2016 TYPE SR NTS       ISS PRICE 99.833    FIRST PAY 4/15/2012 MOODY'S A2        YIELD 2.911 PCT     SETTLEMENT 10/12/201,topStory
BCS,Barclays PLC,20111007,Barclays starts India Tech coverage; Rates Infy  HCL Tech 'overweight' ,MUMBAI  Oct 7 Barclays Capital has started coverage on the Indian technology sector with an overweight rating on Infosys Ltd. and HCL Technologies  citing higher growth rate for the next five years.,normal
BHP,BHP Billiton Limited,20111007,First Quantum eyes year-end restart of Ravensthorpe nickel mine ,SYDNEY  Oct 7 First Quantum Minerals Ltd  said nickel production is set to resume by the end of 2011 from Australia's Ravensthorpe mine following a two-year redevelopment programme.,topStory
BA,Boeing Company (The),20111007,Cargolux: no deal reached on Boeing 747 delivery ,Cargolux Airlines International  on Friday said it has made progress but has not reached a deal to resolve a contract dispute that abruptly blocked a scheduled delivery of the first Boeing Co  747-8 Freighter last month.,topStory
BA,Boeing Company (The),20111007,Cargolux  Boeing keep talking on 747 dispute ,BRUSSELS  Oct 7 Freight carrier Cargolux Airlines International said on Friday progress had been made to resolve a dispute that has delayed its acceptance of the first Boeing Co 747-8 freighter and that discussions would continue over the weekend.,normal
BA,Boeing Company (The),20111007,Airbus suppliers ready to boost output despite credit woes ,PARIS  Oct 7 Airbus suppliers are ready to keep up with possible record production of 48-50 narrowbody jets a month but some of the industry's smallest parts manufacturers are struggling due to a lending clampdown by French banks  the head of French aerospace supplier Zodiac  said on Friday.,normal
CM,Canadian Imperial Bank of Commerce,20111007,MOVES-CIBC  Cowen  Virgin Money ,Oct 7 The following financial service industry appointments were announced on Friday. To inform us of other job changes  email to moves@thomsonreuters.com.,topStory
C,Citigroup Inc,20111007,UPDATE 2-BofA to pay $11 mln total to Price  Krawcheck ,* One-time payments of $5.15 mln each; $850 000 over a year,topStory
C,Citigroup Inc,20111007,New Issue-BG Energy Capital sells $3 bln in 3 parts ,Oct 7 BG Energy Capital PLC on Thursday sold $3 billion of senior unsecured notes in three parts in the 144a private placement market  said IFR  a Thomson Reuters service.      Barclays Capital  Citigroup  Mizuho  and RBC were the joint bookrunning managers for the sale. BORROWER: BG ENERGY CAPITAL PLC TRANCHE 1 AMT $750 MLN      COUPON 2.875 PCT    MATURITY 10/15/2016 TYPE SR NTS       ISS PRICE 99.833    FIRST PAY 4/15/2012 MOODY'S A2        YIELD 2.911 PCT     SETTLEMENT 10/12/201,normal
CMC,Commercial Metals Company,20111007,UPDATE 2-Commercial Metals to cut 1480 jobs  exit Croatia mill ,Oct 7 Steel maker and metals recycler Commercial Metals said it would cut 1 480 jobs as it moves to exit its underperforming steel pipe making operations in Croatia and shut down some other facilities.,topStory
COP,ConocoPhillips,20111007,UPDATE 3-ConocoPhillips names insiders to head new units ,HOUSTON  Oct 7 Integrated oil major ConocoPhillips named two company insiders on Friday to head its oil and gas production and refining units  whose separation is expected to be completed in the second quarter of next year.,topStory
CLR,Continental Resources Inc,20111007,UPDATE 1-Continental Resources may meet top end of FY output view ,Oct 7 Independent oil and natural gas company Continental Resources expects to meet the upper-end of its production-growth forecast for 2011 on the back of a strong third quarter.,topStory
DAL,Delta Air Lines Inc,20111007,AMR financial woes stoke merger prospects: experts ,Troubles at American Airlines  a unit of AMR Corp   could bring the airline closer to a merger with US Airways   especially if American opts to restructure in bankruptcy someday  experts say.,topStory
DB,Deutsche Bank AG,20111007,New Issue-Daimler prices 400 mln euro 2013 FRN ,Notes                   Launched under issuer's EMTN programme,topStory
DB,Deutsche Bank AG,20111007,DIARY-U.S. MEETINGS/WEEK AHEAD ,THOMSON REUTERS  October 07  2011 - Corporate Meetings for US companies for Week ahead.	         S&P 500 Earnings - Weekly           S&P 500 Earnings - Day Ahead   	     Non S&P 500 - Weekly               Non S&P 500 - Day Ahead        	     ConferenceCall/Webcast - Weekly    ConferenceCall/Webcast - Day   	     S&P 500 Earnings - Monthly           Meetings - Day Ahead           	     Economic Indicators                  Dividends                      	     Daily earnings hits & misses    	     ,normal
DB,Deutsche Bank AG,20111007,SPARTAN CAPITAL HOLDINGS INVITES POLKOMTEL FINANCE 2015 FRN POLISH ZLOTY NOTEHOLDERS TO TENDER NOTES FOR CASH ,LONDON  Oct 7 (IFR) - Spartan Capital Holdings has invited holders of the Polkomtel Finance 2015 Polish Zloty FRN to tender their notes for cash.,normal
D,Dominion Energy Inc,20111007,NRC not ready to allow restart of Virginia reactors ,NEW YORK  Oct 7 The U.S. Nuclear Regulatory Commission said Friday it will hold a meeting on Oct. 21 to discuss the restart readiness of U.S. power company Dominion's North Anna nuclear power plant in Virginia  which shut down safely following the Aug. 23 earthquake in Virginia.,topStory
DCUD,Dominion Energy Inc,20111007,NRC not ready to allow restart of Virginia reactors ,NEW YORK  Oct 7 The U.S. Nuclear Regulatory Commission said Friday it will hold a meeting on Oct. 21 to discuss the restart readiness of U.S. power company Dominion's North Anna nuclear power plant in Virginia  which shut down safely following the Aug. 23 earthquake in Virginia.,topStory
DRUA,Dominion Energy Inc,20111007,NRC not ready to allow restart of Virginia reactors ,NEW YORK  Oct 7 The U.S. Nuclear Regulatory Commission said Friday it will hold a meeting on Oct. 21 to discuss the restart readiness of U.S. power company Dominion's North Anna nuclear power plant in Virginia  which shut down safely following the Aug. 23 earthquake in Virginia.,topStory
LLY,Eli Lilly and Company,20111007,FDA OKs Eli Lilly's Cialis for enlarged prostate ,U.S. drug regulators approved Eli Lilly's Cialis drug to treat enlargement of the prostate on Thursday  expanding use of the blockbuster impotence medicine.,topStory
ENB,Enbridge Inc,20111007,Deals of the day -- mergers and acquisitions ,Oct 7 The following bids  mergers  acquisitions and disposals involving European  U.S. and Asian companies were reported by 2100 GMT on Friday:,topStory
ENB,Enbridge Inc,20111007,Enbridge to buy Encana's stake in Cabin gas plant ,Enbridge Inc   said it would buy a majority stake in the Cabin gas plant in British Columbia's Horn River Basin from Encana Corp  and some other sellers for C$250 million  as it looks to strengthen its Canadian midstream business.,normal
ENB,Enbridge Inc,20111007,UPDATE 2-Enbridge to buy Encana's stake in Cabin gas plant ,Oct 7 Enbridge Inc  said it would buy a majority stake in the Cabin gas plant in British Columbia's Horn River Basin from Encana Corp and some other sellers for C$250 million  as it looks to strengthen its Canadian midstream business.,normal
ECA,Encana Corporation,20111007,Enbridge to buy Encana's stake in Cabin gas plant ,Enbridge Inc   said it would buy a majority stake in the Cabin gas plant in British Columbia's Horn River Basin from Encana Corp  and some other sellers for C$250 million  as it looks to strengthen its Canadian midstream business.,topStory
ECA,Encana Corporation,20111007,UPDATE 2-Enbridge to buy Encana's stake in Cabin gas plant ,Oct 7 Enbridge Inc  said it would buy a majority stake in the Cabin gas plant in British Columbia's Horn River Basin from Encana Corp and some other sellers for C$250 million  as it looks to strengthen its Canadian midstream business.,normal
F,Ford Motor Company,20111007,UPDATE 2-Rivals' UAW deals too rich for Chrysler  CEO says ,MONTREAL  Oct 7 Chrysler Group LLC intends to reach a four-year labor contract with the United Auto Workers without arbitration  but Chief Executive Sergio Marchionne warned that the union's deals with its crosstown rivals may be too costly for the smallest U.S. automaker.,topStory
F,Ford Motor Company,20111007,Text-S&P puts 8 Ford Motor-related ratings on pos watch ,NEW YORK (Standard & Poor's) Oct. 7  2011--Standard & Poor's Ratings Services today placed its 'BB-' ratings on eight Ford Motor Co.-related transactions on CreditWatch with positive implications (see list). All of the transactions are pass-through structures. The ratings on each of them are dependent on the ratings on one of the following underlying securities (see the ratings list for more detailed information): Ford Motor Co.'s 7.45% debentures due July 16  2031 ('BB-/Watch Pos'); Ford Motor ,normal
GEK,General Electric Capital Corporation,20111007,Cargolux  Boeing keep talking on 747 dispute ,BRUSSELS  Oct 7 Freight carrier Cargolux Airlines International said on Friday progress had been made to resolve a dispute that has delayed its acceptance of the first Boeing Co 747-8 freighter and that discussions would continue over the weekend.,topStory
GE,General Electric Company,20111007,Cargolux  Boeing keep talking on 747 dispute ,BRUSSELS  Oct 7 Freight carrier Cargolux Airlines International said on Friday progress had been made to resolve a dispute that has delayed its acceptance of the first Boeing Co 747-8 freighter and that discussions would continue over the weekend.,topStory
GM,General Motors Company,20111007,UPDATE 2-Rivals' UAW deals too rich for Chrysler  CEO says ,MONTREAL  Oct 7 Chrysler Group LLC intends to reach a four-year labor contract with the United Auto Workers without arbitration  but Chief Executive Sergio Marchionne warned that the union's deals with its crosstown rivals may be too costly for the smallest U.S. automaker.,topStory
GM,General Motors Company,20111007,GM agrees to pay half of vehicle gauge repairs ,DETROIT  Oct 7 General Motors Co has agreed to pay half the cost of repairing faulty fuel gauges in Chevrolet  Buick and GMC sport utility vehicles and Saab cars from model years 2005 through 2007.,normal
GS,Goldman Sachs Group Inc (The),20111007,UPDATE 1-Zeltiq Aesthetics sets IPO price range ,* Goldman Sachs  J.P.Morgan and others to underwrite the offering,topStory
HGH,Hartford Financial Services Group Inc (The),20111007,Hartford Financial sees lower Q3 credit loss ,Hartford Financial Services Group Inc  sees lower credit losses in the third quarter and said it has no direct exposure to sovereign European debt.,topStory
HGH,Hartford Financial Services Group Inc (The),20111007,UPDATE 1-Hartford Financial sees lower Q3 credit loss ,Oct 7 - Hartford Financial Services Group Inc sees lower credit losses in the third quarter and said it has no direct exposure to sovereign European debt.,normal
HIG,Hartford Financial Services Group Inc (The),20111007,Hartford Financial sees lower Q3 credit loss ,Hartford Financial Services Group Inc  sees lower credit losses in the third quarter and said it has no direct exposure to sovereign European debt.,topStory
HIG,Hartford Financial Services Group Inc (The),20111007,UPDATE 1-Hartford Financial sees lower Q3 credit loss ,Oct 7 - Hartford Financial Services Group Inc sees lower credit losses in the third quarter and said it has no direct exposure to sovereign European debt.,normal
INFY,Infosys Limited,20111007,Barclays starts India Tech coverage; Rates Infy  HCL Tech 'overweight' ,MUMBAI  Oct 7 Barclays Capital has started coverage on the Indian technology sector with an overweight rating on Infosys Ltd. and HCL Technologies  citing higher growth rate for the next five years.,topStory
JPM,J P Morgan Chase & Co,20111007,Insight: Americans seethe as banks hit them with new fees ,Smoking outside a Bank of America branch in Chicago  restaurant worker Mike Dysangco complained about the "totally ridiculous" new banking fees.,topStory
JPM,J P Morgan Chase & Co,20111007,INSIGHT-Americans seethe as banks hit them with new fees ,Oct 7 Smoking outside a Bank of America  branch in Chicago  restaurant worker Mike Dysangco complained about the "totally ridiculous" new banking fees.,normal
JPM,J P Morgan Chase & Co,20111007,Shock and awe needed for risk rally ,LONDON After a poor start to the fourth quarter  investors' mood may be just starting to stabilize after moves by European policymakers to help fragile banks and avert a financial meltdown. But it may take a lot grander plan to truly kick start a risk rally.,normal
JNJ,Johnson & Johnson,20111007,Zytiga creeps up on Provenge prostate-cancer drug ,NEW YORK  Oct 7 Interest in Dendreon Corp's Provenge vaccine to treat prostate cancer seems to be waning following recent approval of Johnson & Johnson's  more-convenient and faster-acting Zytiga treatment  according to some doctors and industry analysts.,topStory
JNJ,Johnson & Johnson,20111007,UPDATE 1-Chile Cencosud to buy control of Johnson's ,Oct 7 Chilean retailer Cencosud said on Friday it signed a preliminary deal to take control of department store rival Johnson's in a deal worth around $100 million.,normal
KW,Kennedy-Wilson Holdings Inc,20111007,Verlander and Wilson open Detroit-Texas series ,On paper  the Texas Rangers look to have some advantages in their American League Championship Series (ALCS) against the Detroit Tigers  but playoffs are won and lost on the field as the New York Yankees would attest.,topStory
KKR,KKR & Co LP,20111007,UPDATE 1-KKR  Olympus  Advantage may bid to buy Yayoi from MBK-sources ,* Deadline for initial round of bids set for Oct 10 - sources,topStory
KKR,KKR & Co LP,20111007,KKR  Olympus  Advantage may bid to buy Yayoi from MBK-sources ,TOKYO/HONG KONG  Oct 7 KKR & Co LP   Olympus Capital and Advantage Partners are among firms preparing bids to buy software maker Yayoi from MBK Partners  in what could be the largest private equity deal in Japan this year  sources with direct knowledge of the matter said.,normal
LYG,Lloyds Banking Group Plc,20111007,UPDATE 3-Moody's cuts UK banks as capital worries simmer ,* Moody's cuts RBS by 2 notches  Lloyds by one; small banks slashed,topStory
LYG,Lloyds Banking Group Plc,20111007,Moody's cuts credit ratings on UK banks RBS and Lloyds ,LONDON Credit rating agency Moody's downgraded Britain's part-nationalized banks Lloyds and Royal Bank of Scotland on Friday  although Britain's finance minister said UK banks were well-placed to cope with a European debt crisis. | Video ,normal
MMI,Marcus & Millichap Inc,20111007,Intellectual Ventures sues Motorola Mobility over patents ,Intellectual Ventures  a privately-held patent holding firm co-founded by former Microsoft Corp  chief technology officer Nathan Myhrvold  sued Motorola Mobility Holdings  in the U.S. District Court of Delaware for patent infringement.,topStory
MMI,Marcus & Millichap Inc,20111007,Intellectual Ventures sues Motorola Mobility over patents ,Oct 6 Intellectual Ventures  a privately-held patent holding firm co-founded by former Microsoft Corp  chief technology officer Nathan Myhrvold  sued Motorola Mobility Holdings in the U.S. District Court of Delaware for patent infringement.,normal
MRK,Merck & Company Inc,20111007,FDA approves Merck's new diabetes therapy combo ,U.S. health regulators approved a new combination therapy for type 2 diabetes from Merck & Co  the first to combine a diabetes drug with cholesterol-lowering medicine in one tablet.,topStory
MRK,Merck & Company Inc,20111007,UPDATE 2-US FDA approves Merck's new diabetes therapy combo ,Oct 7 U.S. health regulators approved a new combination therapy for type 2 diabetes from Merck & Co   the first to combine a diabetes drug with cholesterol-lowering medicine in one tablet.,normal
MCO,Moody&#39;s Corporation,20111007,Moody's warns Belgium it risks credit rating cut ,NEW YORK/BRUSSELS Moody's warned Belgium on Friday its credit rating could fall due to the burden of bailing out Dexia   the French-Belgian financial group  and the prospect of higher funding costs and weak economic growth.,topStory
MCO,Moody&#39;s Corporation,20111007,UPDATE 2-Italy's Berlusconi dismisses calls to resign ,ROME  Oct 7 Italian Prime Minister Silvio Berlusconi dismissed calls to resign on Friday as pressure on his struggling centre-right government mounted and his latest verbal gaffe stirred outrage and exasperation.,normal
MCO,Moody&#39;s Corporation,20111007,New Issue-Daimler prices 400 mln euro 2013 FRN ,Notes                   Launched under issuer's EMTN programme,normal
OSK,Oshkosh Corporation,20111007,Oshkosh  UAW reach tentative agreement on contract ,OSHKOSH  Wisconsin Defense contractor Oshkosh Corp and the United Auto Workers union reached tentative agreement on a new five-year contract late Thursday night after resolving issues related to hiring temporary workers  a local UAW official said.,topStory
OSK,Oshkosh Corporation,20111007,UPDATE 2-Oshkosh  UAW reach tentative agreement on contract ,OSHKOSH  Wis.  Oct 7 U.S. defense contractor Oshkosh Corp and the United Auto Workers union reached tentative agreement on a new five-year contract late Thursday night after resolving issues related to hiring temporary workers  a local UAW official said.,normal
PSO,Pearson Plc,20111007,Job action causes delays at Toronto's main airport ,Oct 7 A work-to-rule protest by security screeners at Toronto's Pearson International Airport on Friday was causing flight delays of up to two hours at Canada's biggest airport ahead of the Canadian Thanksgiving weekend.,topStory
PAG,Penske Automotive Group Inc,20111007,Rivals' UAW deals too rich for Chrysler  CEO says ,MONTREAL Chrysler Group LLC intends to reach a four-year labor contract with the United Auto Workers without arbitration  but Chief Executive Sergio Marchionne warned that the union's deals with its crosstown rivals may be too costly for the smallest U.S. automaker.,topStory
PAG,Penske Automotive Group Inc,20111007,UPDATE 2-Rivals' UAW deals too rich for Chrysler  CEO says ,MONTREAL  Oct 7 Chrysler Group LLC intends to reach a four-year labor contract with the United Auto Workers without arbitration  but Chief Executive Sergio Marchionne warned that the union's deals with its crosstown rivals may be too costly for the smallest U.S. automaker.,normal
PAG,Penske Automotive Group Inc,20111007,Oshkosh  UAW reach tentative agreement on contract ,OSHKOSH  Wisconsin Defense contractor Oshkosh Corp and the United Auto Workers union reached tentative agreement on a new five-year contract late Thursday night after resolving issues related to hiring temporary workers  a local UAW official said.,normal
PAG,Penske Automotive Group Inc,20111007,UPDATE 2-Oshkosh  UAW reach tentative agreement on contract ,OSHKOSH  Wis.  Oct 7 U.S. defense contractor Oshkosh Corp and the United Auto Workers union reached tentative agreement on a new five-year contract late Thursday night after resolving issues related to hiring temporary workers  a local UAW official said.,normal
RJF,Raymond James Financial Inc,20111007,On the Move: Raymond James team leaves to set up own RIA ,NEW YORK  Oct 7 A former Raymond James  adviser team has left the independent broker-dealer arm to start its own full-service registered investment advisory after more than a decade with the company.,topStory
RBS,Royal Bank Scotland plc (The),20111007,UPDATE 3-Moody's cuts UK banks as capital worries simmer ,* Moody's cuts RBS by 2 notches  Lloyds by one; small banks slashed,topStory
RBS,Royal Bank Scotland plc (The),20111007,Moody's cuts credit ratings on UK banks RBS and Lloyds ,LONDON Credit rating agency Moody's downgraded Britain's part-nationalized banks Lloyds and Royal Bank of Scotland on Friday  although Britain's finance minister said UK banks were well-placed to cope with a European debt crisis. | Video ,normal
RBS,Royal Bank Scotland plc (The),20111007,FTSE pushes higher supported by strong miners ,LONDON  Oct 7 Britain's top share index pushed higher on Friday  extending a three-session rally as strength in miners on firmer metal prices countered weakness in part-state owned banks after credit downgrades by Moody's.,normal
RBS,Royal Bank Scotland plc (The),20111007,Moody's cuts ratings on RBS and Lloyds ,LONDON  Oct 7 Credit agency Moody's cut its ratings on British banks Lloyds and Royal Bank of Scotland on Friday and said it expected the UK government would have to continue to support the country's systemically important financial institutions.,normal
RBS,Royal Bank Scotland plc (The),20111007,RBS says remains strongly capitalised bank ,LONDON  Oct 7 Royal Bank of Scotland  said on Friday that it remained one of Europe's most strongly capitalised banks  as it responded to a Financial Times article which said that there were fears in government circles that it might need more state aid.,normal
RBS,Royal Bank Scotland plc (The),20111007,PRESS DIGEST - Financial Times - Oct 7 ,Nervousness is growing in Whitehall that the government might have to inject further capital into Royal Bank of Scotland (RBS) as part of a European effort to recapitalise the continent's banking system.,normal
SNE,Sony Corp Ord,20111007,Sony picks up movie rights for Steve Jobs bio ,LOS ANGELES (TheWrap.com) - Sony has picked up the movie rights to Walter Isaacson's upcoming biography of Steve Jobs for Mark Gordon to produce  TheWrap has confirmed.,topStory
SNE,Sony Corp Ord,20111007,Deals of the day -- mergers and acquisitions ,Oct 7 The following bids  mergers  acquisitions and disposals involving European  U.S. and Asian companies were reported by 2100 GMT on Friday:,normal
SNE,Sony Corp Ord,20111007,Sony in talks to buy Ericsson out of phone venture: source ,HELSINKI/TOKYO Sony Corp is in talks to buy out Ericsson's stake in their mobile phone joint venture  a source said  in a bid to catch up with rivals. | Video ,normal
SNE,Sony Corp Ord,20111007,Sony to be Sony Ericsson owner in six months: poll ,STOCKHOLM Analysts see a strong chance that Japanese consumer electronics giant Sony  will succeed in buying out its joint-venture partner in mobile phone handset maker Sony Ericsson in the next half-year for around 10.6 billion Swedish crowns ($1.5 billion).,normal
SNE,Sony Corp Ord,20111007,Nikkei closes up on Europe hopes but posts mild weekly loss ,TOKYO The Nikkei stock average climbed on Friday for a second day of gains  helping to cut its losses for the week to just over 1 percent as hedge funds showed signs of tip-toeing back into the market  betting that the short-term bounce would hold. | Video ,normal
SNE,Sony Corp Ord,20111007,Sony shares dip on report to buy Ericsson phone venture stake ,TOKYO Sony Corp  shares fell 1.8 percent in early trading after The Wall Street Journal reported on Thursday that the firm is nearing a deal to buy Telefon AB LM Ericsson's  half of their smartphone venture.,normal
SNE,Sony Corp Ord,20111007,Sony to close Japan plant  lay off 100 contract workers ,TOKYO Sony Corp will merge two of its wholly owned manufacturing subsidiaries  resulting in the closure of an equipment plant north of Tokyo and the eventual layoff of about 100 contract workers  the company said on Friday.,normal
SNE,Sony Corp Ord,20111007,Sony to close Japan plant  lay off 100 contract workers ,TOKYO  Oct 7 Sony Corp will merge two of its wholly owned manufacturing subsidiaries  resulting in the closure of an equipment plant north of Tokyo and the eventual layoff of about 100 contract workers  the company said on Friday.,normal
SNE,Sony Corp Ord,20111007,UPDATE 6-Sony in talks to buy Ericsson out of phone JV-source ,* Deal could be worth over $1.3 billion - JPMorgan analyst,normal
SNE,Sony Corp Ord,20111007,Nikkei ends up on Europe hopes  posts mild weekly loss ,* Sony bucks trend  falls on Ericsson JV stake purchase news,normal
BID,Sotheby&#39;s,20111007,Sotheby's Asia sales net $411 mln amid market turmoil ,HONG KONG Global auctioneers Sotheby's sold HK$3.2 billion worth of Asian and Chinese art  jewellery  wine and watches in its six day Asian sales in Hong Kong  its second highest tally for a sales series in the city despite volatile financial markets.,topStory
BID,Sotheby&#39;s,20111007,Sotheby's Asia sales net $411 million amid market turmoil ,HONG KONG Global auctioneers Sotheby's sold HK$3.2 billion worth of Asian and Chinese art  jewelry  wine and watches in its six day Asian sales in Hong Kong  its second highest tally for a sales series in the city despite volatile financial markets.,normal
BID,Sotheby&#39;s,20111007,CORRECTED-Sotheby's Asia sales net $411 mln amid market turmoil ,HONG KONG  Oct 6 Global auctioneers Sotheby's sold HK$3.2 billion worth of Asian and Chinese art  jewellery  wine and watches in its six day Asian sales in Hong Kong  its second highest tally for a sales series in the city despite volatile financial markets.,normal
S,Sprint Corporation,20111007,Sprint seeks to raise capital; investors flee ,NEW YORK Sprint Nextel Corp said it needs to raise more money and signaled it will burn through its cash reserves  raising concerns about the wireless provider's financial stability and business strategy.,topStory
S,Sprint Corporation,20111007,UPDATE 7-Sprint seeks to raise capital; investors flee ,NEW YORK  Oct 7 Sprint Nextel Corp said it needs to raise more money and signaled it will burn through its cash reserves  raising concerns about the wireless provider's financial stability and business strategy.,normal
STO,Statoil ASA,20111007,Statoil cuts Grane oil output for repairs ,OSLO  Oct 7 Norwegian oil and gas firm Statoil  said on Friday it would reduce production at the Grane oil field in the North Sea for three to six weeks due to a technical problem.,topStory
STO,Statoil ASA,20111007,Statoil says production reduced at Grane field ,OSLO  Oct 7 Norwegian oil and gas firm Statoil  said on Friday production at the Grane field in the North Sea would be reduced in the coming three to six weeks due to a technical problem.,normal
TSM,Taiwan Semiconductor Manufacturing Company Ltd,20111007,UPDATE 1-TSMC  UMC post big declines in Sept revenues ,* Expect TSMC revenues to drop 10-20% q/q  hurt by orders cut-analyst,topStory
TSM,Taiwan Semiconductor Manufacturing Company Ltd,20111007,TSMC says Sept sales down 10.3 pct on year ,TAIPEI  Oct 7 TSMC   the world's biggest contract chip maker  said on Friday that unconsolidated sales in September fell 10.3 percent from a year earlier.,normal
TEVA,Teva Pharmaceutical Industries Limited,20111007,Teva gets okay to buy Cephalon with conditions ,WASHINGTON Teva Pharmaceutical Industries  won U.S. antitrust approval to buy specialty drugmaker Cephalon  after agreeing to conditions aimed at preserving competition in the market for sleep disorder medicine Provigil and two other drugs.,topStory
TEVA,Teva Pharmaceutical Industries Limited,20111007,UPDATE 2-Teva gets US okay to buy Cephalon with conditions ,WASHINGTON  Oct 7 Teva Pharmaceutical Industries won U.S. antitrust approval to buy specialty drugmaker Cephalon after agreeing to conditions aimed at preserving competition in the market for sleep disorder medicine Provigil and two other drugs.,normal
TEVA,Teva Pharmaceutical Industries Limited,20111007,Teva wins US okay to buy Cephalon with conditions ,WASHINGTON  Oct 7 Teva Pharmaceutical Industries has won U.S. antitrust approval to buy the drugmaker Cephalon subject to several conditions  the Federal Trade Commission said on Friday.,normal
TM,Toyota Motor Corp Ltd Ord,20111007,Toyota says to export Etios from India from 2012 ,TOKYO  Oct 7 Toyota Motor Corp said it will begin exporting cars from India from March 2012  starting with the Etios sedan and hatchback to South Africa modified to fit local preferences and road conditions.,topStory
UMC,United Microelectronics Corporation,20111007,UPDATE 1-TSMC  UMC post big declines in Sept revenues ,* Expect TSMC revenues to drop 10-20% q/q  hurt by orders cut-analyst,topStory
UMC,United Microelectronics Corporation,20111007,Taiwan's UMC Sept sales fall 25 pct on year ,TAIPEI  Oct 7 Taiwan's UMC   the world's No.2 contract chipmaker  said on Friday its unconsolidated September sales fell 25.3 percent from a year earlier.,normal
VZ,Verizon Communications Inc,20111007,Instant view: Jobs growth better than expected in September ,NEW YORK Jobs growth was stronger than expected in September thanks to private-sector growth  easing fears the economy is slipping back into recession  but the unemployment rate was unchanged.,topStory
VZA,Verizon Communications Inc,20111007,Instant view: Jobs growth better than expected in September ,NEW YORK Jobs growth was stronger than expected in September thanks to private-sector growth  easing fears the economy is slipping back into recession  but the unemployment rate was unchanged.,topStory
WMT,Wal-Mart Stores Inc,20111007,PREVIEW-Wal-Mart must finally show a U.S. rebound ,* U.S. same-store sales down for nine consecutive quarters,topStory
DIS,Walt Disney Company (The),20111007,Disney's Iger to leave CEO post in 2015 ,LOS ANGELES Walt Disney Co Chief Executive Bob Iger will step down as CEO in March 2015 after nearly a decade at the helm  setting in motion a succession plan for the largest U.S. media and entertainment company.,topStory
DIS,Walt Disney Company (The),20111007,UPDATE 5-Disney's Iger to leave CEO post in 2015 ,LOS ANGELES  Oct 7 Walt Disney Co Chief Executive Bob Iger will step down as CEO in March 2015 after nearly a decade at the helm  setting in motion a succession plan for the largest U.S. media and entertainment company.,normal
DIS,Walt Disney Company (The),20111007,UPDATE 1-Iger to serve as Disney CEO through March 2015 ,Oct 7 Walt Disney Co extended the contract of chief executive Bob Iger for five years through June 2016  the company said on Friday.,normal
