ARAY,Accuray Incorporated,20111116,UPDATE 1-Accuray to cut 5 pct jobs to reduce cost ,Nov 16 Medical device maker Accuray Inc  said it would cut about 5 percent of its workforce  or 51 jobs  to reduce cost following its acquisition of smaller rival TomoTherapy earlier this year.,topStory
ATVI,Activision Blizzard Inc,20111116,French austerity measures knock Vivendi profit target ,PARIS Europe's largest telecoms and entertainment group  Vivendi   was forced to scale back its profit target for the year because of an increase in corporate tax rates by the French government to help reduce the national budget deficit.,topStory
ATVI,Activision Blizzard Inc,20111116,UPDATE 3-French austerity measures knock Vivendi profit target ,* Rise in dividend for 2011 confirmed   (Recasts  adds shares  analysts),normal
AMZN,Amazoncom Inc,20111116,UPDATE 1-Google launches music service ,* Google has partnered with 3 of the 4 major record labels,topStory
AMZN,Amazoncom Inc,20111116,UPDATE 1-Google launches music service ,* Google has partnered with 3 of the 4 major record labels,normal
AAPL,Apple Inc,20111116,UPDATE 1-Google launches music service ,* Google has partnered with 3 of the 4 major record labels,topStory
AAPL,Apple Inc,20111116,UPDATE 1-Google launches music service ,* Google has partnered with 3 of the 4 major record labels,normal
AAPL,Apple Inc,20111116,Steve Jobs documentary film debuts in limited release ,LOS ANGELES (TheWrap.com) - For 70 raw  revealing minutes -- a year before his comeback at Apple -- Steve Jobs was captured on tape ... wry  emotional and bitter.,normal
AAPL,Apple Inc,20111116,Nokia aims to undercut rivals with volume focus ,BARCELONA Nokia plans to undercut its Windows Phone rivals to give its new smartphones a foothold in the market before trying to improve margins  its Chief Executive Stephen Elop said on Wednesday.,normal
AAPL,Apple Inc,20111116,Nokia to launch Windows tablet mid-2012: report ,PARIS Cellphone maker Nokia plans to launch a tablet that runs on Microsoft's Windows operating system in the summer of 2012  the head of Nokia France told Les Echos newspaper in an interview published on Wednesday.,normal
AAPL,Apple Inc,20111116,REFILE-Nokia to launch Windows tablet mid-2012 -report ,PARIS  Nov 16 Cellphone maker Nokia  plans to launch a tablet that runs on Microsoft's  Windows operating system in the summer of 2012  the head of Nokia France told Les Echos newspaper in an interview published on Wednesday.,normal
AAPL,Apple Inc,20111116,Apple  with eye on media  names Disney's Iger to board ,Apple Inc moved to shore up its board after the death of Silicon Valley legend Steve Jobs  appointing Walt Disney Co chief executive Bob Iger to its board to propel its media ambitions.,normal
AAPL,Apple Inc,20111116,UPDATE 3-Disney CEO Iger on Apple board  Levinson chairman ,* Post-Jobs appointments come amid rising media ambitions,normal
AMAT,Applied Materials Inc,20111116,UPDATE 3-Applied Materials warns of "challenging economy" ,SAN FRANCISCO  Nov 16 Chip gear maker Applied Materials Inc gave a cautious quarterly revenue outlook and warned it expects to be affected by a tough economy.,topStory
AMAT,Applied Materials Inc,20111116,Applied Materials warns of "challenging economy" ,SAN FRANCISCO Chip gear maker Applied Materials Inc  gave a cautious quarterly revenue outlook and warned it expects to be affected by a tough economy.,normal
TAPR,Barclays Inverse US Treasury Composite ETN,20111116,New Issue-BHP Billiton Fin sells $3 bln notes in 3 parts ,Nov 16 BHP Billiton Finance Ltd on Wednesday sold $3 billion of three-part notes  said IFR  a Thomson Reuters service.      Barclays Capital and J.P. Morgan were the joint bookrunning managers for the sale. BORROWER: BHP BILLITON FINANCE LTD TRANCHE 1 AMT $1 BLN        COUPON 1.125 PCT     MATURITY  11/21/2014 TYPE NTS          ISS PRICE 99.645     FIRST PAY  5/21/2012 MOODY'S A1        YIELD 1.246 PCT      SETTLEMENT 11/21/2011 S&P A-PLUS        SPREAD 85 BPS        PAY FREQ SEMI-AN,topStory
TAPR,Barclays Inverse US Treasury Composite ETN,20111116,PROFILE: SIFMA chair takes helm at time of uncertainty ,NEW YORK  Nov 16 Barclays Capital co-head Jerry del Missier has a lot to do before he turns 50.,normal
DLBL,Barclays PLC,20111116,New Issue-BHP Billiton Fin sells $3 bln notes in 3 parts ,Nov 16 BHP Billiton Finance Ltd on Wednesday sold $3 billion of three-part notes  said IFR  a Thomson Reuters service.      Barclays Capital and J.P. Morgan were the joint bookrunning managers for the sale. BORROWER: BHP BILLITON FINANCE LTD TRANCHE 1 AMT $1 BLN        COUPON 1.125 PCT     MATURITY  11/21/2014 TYPE NTS          ISS PRICE 99.645     FIRST PAY  5/21/2012 MOODY'S A1        YIELD 1.246 PCT      SETTLEMENT 11/21/2011 S&P A-PLUS        SPREAD 85 BPS        PAY FREQ SEMI-AN,topStory
DLBL,Barclays PLC,20111116,PROFILE: SIFMA chair takes helm at time of uncertainty ,NEW YORK  Nov 16 Barclays Capital co-head Jerry del Missier has a lot to do before he turns 50.,normal
DTYL,Barclays PLC,20111116,New Issue-BHP Billiton Fin sells $3 bln notes in 3 parts ,Nov 16 BHP Billiton Finance Ltd on Wednesday sold $3 billion of three-part notes  said IFR  a Thomson Reuters service.      Barclays Capital and J.P. Morgan were the joint bookrunning managers for the sale. BORROWER: BHP BILLITON FINANCE LTD TRANCHE 1 AMT $1 BLN        COUPON 1.125 PCT     MATURITY  11/21/2014 TYPE NTS          ISS PRICE 99.645     FIRST PAY  5/21/2012 MOODY'S A1        YIELD 1.246 PCT      SETTLEMENT 11/21/2011 S&P A-PLUS        SPREAD 85 BPS        PAY FREQ SEMI-AN,topStory
DTYL,Barclays PLC,20111116,PROFILE: SIFMA chair takes helm at time of uncertainty ,NEW YORK  Nov 16 Barclays Capital co-head Jerry del Missier has a lot to do before he turns 50.,normal
ESLT,Elbit Systems Ltd,20111116,UPDATE 2-Elbit Systems Q3 adjusted net profit up ,TEL AVIV  Nov 16 Israeli defence electronics group Elbit Systems Ltd reported higher adjusted third-quarter net profit that beat expectations  boosted by acquisitions and strong sales in the United States  South America and Asia-Pacific.,topStory
ESLT,Elbit Systems Ltd,20111116,BRIEF-Elbit Systems Q3 results ,Nov 16 Israeli defence electronics firms Elbit Systems  :,normal
ERIC,Ericsson,20111116,Ericsson  Alcatel dominate LTE market: Dell'Oro ,Ericsson and Alcatel-Lucent won more of the emerging market for LTE wireless network technology in the third quarter  helped by their strong position in the United States  researcher Dell'Oro said.,topStory
FITB,Fifth Third Bancorp,20111116,UPDATE 1-Fifth Third eyes deals in 2012  CFO says ,Nov 16 Fifth Third Bancorp will look more closely at buying rival banks in 2012 as one way to use its excess capital  Chief Financial Officer Daniel Poston said on Wednesday.,topStory
FITBI,Fifth Third Bancorp,20111116,UPDATE 1-Fifth Third eyes deals in 2012  CFO says ,Nov 16 Fifth Third Bancorp will look more closely at buying rival banks in 2012 as one way to use its excess capital  Chief Financial Officer Daniel Poston said on Wednesday.,topStory
FSLR,First Solar Inc,20111116,UPDATE 1-First Solar could supply two major U.S. projects ,Nov 16 German solar project developer solarhybrid AG said on Wednesday it plans to use First Solar Inc panels in two major U.S. power plants as part of its plan to take over Solar Millennium AG's U.S. project pipeline.,topStory
INCY,Incyte Corporation,20111116,UPDATE 1-US approves Incyte's rare bone marrow disease drug ,Nov 16 U.S. drug regulators on Wednesday approved Incyte Corp's Jakafi  the first drug to specifically treat the rare bone marrow disease myelofibrosis.,topStory
INDB,Independent Bank Corp,20111116,MOVES-Citigroup  Markel International ,Nov 16 The following financial service industry appointments were announced on Wednesday. To inform us of other job changes  email to moves@thomsonreuters.com.,topStory
INTL,INTL FCStone Inc,20111116,UPDATE 2-FCStone to buy MF Global's LME seat  team ,LONDON/NEW YORK  Nov 16 U.S.-based broker INTL FCStone has agreed to acquire the ring dealing seat on the London Metal Exchange formerly held by MF Global  in its latest step to beef up its metals business  industry sources said on Wednesday.,topStory
DTYS,iPath US Treasury 10-year Bear ETN,20111116,New Issue-BHP Billiton Fin sells $3 bln notes in 3 parts ,Nov 16 BHP Billiton Finance Ltd on Wednesday sold $3 billion of three-part notes  said IFR  a Thomson Reuters service.      Barclays Capital and J.P. Morgan were the joint bookrunning managers for the sale. BORROWER: BHP BILLITON FINANCE LTD TRANCHE 1 AMT $1 BLN        COUPON 1.125 PCT     MATURITY  11/21/2014 TYPE NTS          ISS PRICE 99.645     FIRST PAY  5/21/2012 MOODY'S A1        YIELD 1.246 PCT      SETTLEMENT 11/21/2011 S&P A-PLUS        SPREAD 85 BPS        PAY FREQ SEMI-AN,topStory
DTYS,iPath US Treasury 10-year Bear ETN,20111116,PROFILE: SIFMA chair takes helm at time of uncertainty ,NEW YORK  Nov 16 Barclays Capital co-head Jerry del Missier has a lot to do before he turns 50.,normal
DTUS,iPath US Treasury 2-year Bear ETN,20111116,New Issue-BHP Billiton Fin sells $3 bln notes in 3 parts ,Nov 16 BHP Billiton Finance Ltd on Wednesday sold $3 billion of three-part notes  said IFR  a Thomson Reuters service.      Barclays Capital and J.P. Morgan were the joint bookrunning managers for the sale. BORROWER: BHP BILLITON FINANCE LTD TRANCHE 1 AMT $1 BLN        COUPON 1.125 PCT     MATURITY  11/21/2014 TYPE NTS          ISS PRICE 99.645     FIRST PAY  5/21/2012 MOODY'S A1        YIELD 1.246 PCT      SETTLEMENT 11/21/2011 S&P A-PLUS        SPREAD 85 BPS        PAY FREQ SEMI-AN,topStory
DTUS,iPath US Treasury 2-year Bear ETN,20111116,PROFILE: SIFMA chair takes helm at time of uncertainty ,NEW YORK  Nov 16 Barclays Capital co-head Jerry del Missier has a lot to do before he turns 50.,normal
DTUL,iPath US Treasury 2-year Bull ETN,20111116,New Issue-BHP Billiton Fin sells $3 bln notes in 3 parts ,Nov 16 BHP Billiton Finance Ltd on Wednesday sold $3 billion of three-part notes  said IFR  a Thomson Reuters service.      Barclays Capital and J.P. Morgan were the joint bookrunning managers for the sale. BORROWER: BHP BILLITON FINANCE LTD TRANCHE 1 AMT $1 BLN        COUPON 1.125 PCT     MATURITY  11/21/2014 TYPE NTS          ISS PRICE 99.645     FIRST PAY  5/21/2012 MOODY'S A1        YIELD 1.246 PCT      SETTLEMENT 11/21/2011 S&P A-PLUS        SPREAD 85 BPS        PAY FREQ SEMI-AN,topStory
DTUL,iPath US Treasury 2-year Bull ETN,20111116,PROFILE: SIFMA chair takes helm at time of uncertainty ,NEW YORK  Nov 16 Barclays Capital co-head Jerry del Missier has a lot to do before he turns 50.,normal
DFVS,iPath US Treasury 5-year Bear ETN,20111116,New Issue-BHP Billiton Fin sells $3 bln notes in 3 parts ,Nov 16 BHP Billiton Finance Ltd on Wednesday sold $3 billion of three-part notes  said IFR  a Thomson Reuters service.      Barclays Capital and J.P. Morgan were the joint bookrunning managers for the sale. BORROWER: BHP BILLITON FINANCE LTD TRANCHE 1 AMT $1 BLN        COUPON 1.125 PCT     MATURITY  11/21/2014 TYPE NTS          ISS PRICE 99.645     FIRST PAY  5/21/2012 MOODY'S A1        YIELD 1.246 PCT      SETTLEMENT 11/21/2011 S&P A-PLUS        SPREAD 85 BPS        PAY FREQ SEMI-AN,topStory
DFVS,iPath US Treasury 5-year Bear ETN,20111116,PROFILE: SIFMA chair takes helm at time of uncertainty ,NEW YORK  Nov 16 Barclays Capital co-head Jerry del Missier has a lot to do before he turns 50.,normal
DFVL,iPath US Treasury 5-year Bull ETN,20111116,New Issue-BHP Billiton Fin sells $3 bln notes in 3 parts ,Nov 16 BHP Billiton Finance Ltd on Wednesday sold $3 billion of three-part notes  said IFR  a Thomson Reuters service.      Barclays Capital and J.P. Morgan were the joint bookrunning managers for the sale. BORROWER: BHP BILLITON FINANCE LTD TRANCHE 1 AMT $1 BLN        COUPON 1.125 PCT     MATURITY  11/21/2014 TYPE NTS          ISS PRICE 99.645     FIRST PAY  5/21/2012 MOODY'S A1        YIELD 1.246 PCT      SETTLEMENT 11/21/2011 S&P A-PLUS        SPREAD 85 BPS        PAY FREQ SEMI-AN,topStory
DFVL,iPath US Treasury 5-year Bull ETN,20111116,PROFILE: SIFMA chair takes helm at time of uncertainty ,NEW YORK  Nov 16 Barclays Capital co-head Jerry del Missier has a lot to do before he turns 50.,normal
FLAT,iPath US Treasury Flattener ETN,20111116,New Issue-BHP Billiton Fin sells $3 bln notes in 3 parts ,Nov 16 BHP Billiton Finance Ltd on Wednesday sold $3 billion of three-part notes  said IFR  a Thomson Reuters service.      Barclays Capital and J.P. Morgan were the joint bookrunning managers for the sale. BORROWER: BHP BILLITON FINANCE LTD TRANCHE 1 AMT $1 BLN        COUPON 1.125 PCT     MATURITY  11/21/2014 TYPE NTS          ISS PRICE 99.645     FIRST PAY  5/21/2012 MOODY'S A1        YIELD 1.246 PCT      SETTLEMENT 11/21/2011 S&P A-PLUS        SPREAD 85 BPS        PAY FREQ SEMI-AN,topStory
FLAT,iPath US Treasury Flattener ETN,20111116,PROFILE: SIFMA chair takes helm at time of uncertainty ,NEW YORK  Nov 16 Barclays Capital co-head Jerry del Missier has a lot to do before he turns 50.,normal
DLBS,iPath US Treasury Long Bond Bear ETN,20111116,New Issue-BHP Billiton Fin sells $3 bln notes in 3 parts ,Nov 16 BHP Billiton Finance Ltd on Wednesday sold $3 billion of three-part notes  said IFR  a Thomson Reuters service.      Barclays Capital and J.P. Morgan were the joint bookrunning managers for the sale. BORROWER: BHP BILLITON FINANCE LTD TRANCHE 1 AMT $1 BLN        COUPON 1.125 PCT     MATURITY  11/21/2014 TYPE NTS          ISS PRICE 99.645     FIRST PAY  5/21/2012 MOODY'S A1        YIELD 1.246 PCT      SETTLEMENT 11/21/2011 S&P A-PLUS        SPREAD 85 BPS        PAY FREQ SEMI-AN,topStory
DLBS,iPath US Treasury Long Bond Bear ETN,20111116,PROFILE: SIFMA chair takes helm at time of uncertainty ,NEW YORK  Nov 16 Barclays Capital co-head Jerry del Missier has a lot to do before he turns 50.,normal
STPP,iPath US Treasury Steepener ETN,20111116,New Issue-BHP Billiton Fin sells $3 bln notes in 3 parts ,Nov 16 BHP Billiton Finance Ltd on Wednesday sold $3 billion of three-part notes  said IFR  a Thomson Reuters service.      Barclays Capital and J.P. Morgan were the joint bookrunning managers for the sale. BORROWER: BHP BILLITON FINANCE LTD TRANCHE 1 AMT $1 BLN        COUPON 1.125 PCT     MATURITY  11/21/2014 TYPE NTS          ISS PRICE 99.645     FIRST PAY  5/21/2012 MOODY'S A1        YIELD 1.246 PCT      SETTLEMENT 11/21/2011 S&P A-PLUS        SPREAD 85 BPS        PAY FREQ SEMI-AN,topStory
STPP,iPath US Treasury Steepener ETN,20111116,PROFILE: SIFMA chair takes helm at time of uncertainty ,NEW YORK  Nov 16 Barclays Capital co-head Jerry del Missier has a lot to do before he turns 50.,normal
MU,Micron Technology Inc,20111116,Rambus loses antitrust lawsuit  shares plunge ,SAN FRANCISCO Rambus Inc lost a $4 billion antitrust lawsuit against Micron Technology Inc and Hynix Semiconductor Inc  erasing more than half of the chipmaker's value as investors abandoned its stock.,topStory
MU,Micron Technology Inc,20111116,UPDATE 5-Rambus loses antitrust lawsuit  shares plunge ,* Rambus shares sink 60.6 pct; Micron shares rise 23.4 pct,normal
MU,Micron Technology Inc,20111116,Rambus loses antitrust case vs Micron  Hynix ,SAN FRANCISCO  Nov 16 Rambus lost and was awarded no damages in an antitrust trial where it accused Micron Technology and Hynix Semiconductor of conspiring to prevent Rambus' computer memory technology from becoming the industry standard.,normal
MSFT,Microsoft Corporation,20111116,Newsmaker: "Italian Prussian" Monti sworn in as premier ,ROME Mario Monti  the economist sworn in on Wednesday as Italy's prime minister  brings credentials from a decade as a European commissioner that his technocrat government will need as it faces a financial crisis threatening to spin out of control.,topStory
MSFT,Microsoft Corporation,20111116,NEWSMAKER-"Italian Prussian" Monti sworn in as premier ,ROME  Nov 16 Mario Monti  the economist sworn in on Wednesday as Italy's prime minister  brings credentials from a decade as a European commissioner that his technocrat government will need as it faces a financial crisis threatening to spin out of control.,normal
MSFT,Microsoft Corporation,20111116,Nokia aims to undercut rivals with volume focus ,BARCELONA Nokia plans to undercut its Windows Phone rivals to give its new smartphones a foothold in the market before trying to improve margins  its Chief Executive Stephen Elop said on Wednesday.,normal
MSFT,Microsoft Corporation,20111116,Nokia to launch Windows tablet mid-2012: report ,PARIS Cellphone maker Nokia plans to launch a tablet that runs on Microsoft's Windows operating system in the summer of 2012  the head of Nokia France told Les Echos newspaper in an interview published on Wednesday.,normal
MSFT,Microsoft Corporation,20111116,REFILE-Nokia to launch Windows tablet mid-2012 -report ,PARIS  Nov 16 Cellphone maker Nokia  plans to launch a tablet that runs on Microsoft's  Windows operating system in the summer of 2012  the head of Nokia France told Les Echos newspaper in an interview published on Wednesday.,normal
MORN,Morningstar Inc,20111116,HOW TO PLAY IT: Wading through ratings for the right fund ,THE ISSUE: Morningstar launched a new ratings system designed to factor in more forward-looking factors. But with multiple companies out there rating funds  what factors should investors look at when choosing a fund?,topStory
NTAP,NetApp Inc,20111116,NetApp sees Q3 profit below Street  shares fall ,Data storage equipment maker NetApp Inc  reported a 6 percent dip in fiscal second-quarter profit and forecast lower than expected results for the current quarter as large corporations trim technology spending in a shaky economy.,topStory
NTAP,NetApp Inc,20111116,UPDATE 2-NetApp sees Q3 profit below Street  shares fall ,Nov 16 Data storage equipment maker NetApp Inc reported a 6 percent dip in fiscal second-quarter profit and forecast lower than expected results for the current quarter as large corporations trim technology spending in a shaky economy.,normal
NWS,News Corporation,20111116,UK MPs to press James Murdoch on snooping claims ,LONDON British legislators will write to News International chairman James Murdoch to press him further on claims that his company snooped on them when they were pursuing allegations of phone hacking  a senior parliamentarian told Reuters on Wednesday.,topStory
NWS,News Corporation,20111116,UPDATE 1-UK MPs to press James Murdoch on snooping claims ,LONDON  Nov 16 British legislators will write to News International chairman James Murdoch to press him further on claims that his company snooped on them when they were pursuing allegations of phone hacking  a senior parliamentarian told Reuters on Wednesday.,normal
NWS,News Corporation,20111116,UK MPs to press James Murdoch on snooping claims ,LONDON  Nov 16 British legislators will write to News International chairman James Murdoch to press him further on claims that his company snooped on them when they were pursuing allegations of phone hacking  a senior parliamentarian told Reuters on Wednesday.,normal
NWS,News Corporation,20111116,Big funds bought News Corp as scandal rumbled ,* Childrens Investment  Eton Park  Elliot bought News Corp,normal
NWSA,News Corporation,20111116,UK MPs to press James Murdoch on snooping claims ,LONDON British legislators will write to News International chairman James Murdoch to press him further on claims that his company snooped on them when they were pursuing allegations of phone hacking  a senior parliamentarian told Reuters on Wednesday.,topStory
NWSA,News Corporation,20111116,UPDATE 1-UK MPs to press James Murdoch on snooping claims ,LONDON  Nov 16 British legislators will write to News International chairman James Murdoch to press him further on claims that his company snooped on them when they were pursuing allegations of phone hacking  a senior parliamentarian told Reuters on Wednesday.,normal
NWSA,News Corporation,20111116,UK MPs to press James Murdoch on snooping claims ,LONDON  Nov 16 British legislators will write to News International chairman James Murdoch to press him further on claims that his company snooped on them when they were pursuing allegations of phone hacking  a senior parliamentarian told Reuters on Wednesday.,normal
NWSA,News Corporation,20111116,Big funds bought News Corp as scandal rumbled ,* Childrens Investment  Eton Park  Elliot bought News Corp,normal
QCOM,QUALCOMM Incorporated,20111116,Qualcomm keeps long-term growth target ,Qualcomm Inc on Wednesday affirmed its long-term growth target of at least 10 percent for annual revenue and earnings per share  citing strong demand for smartphones and other wireless devices.,topStory
QCOM,QUALCOMM Incorporated,20111116,Qualcomm keeps long-term growth target ,Nov 16 Qualcomm Inc on Wednesday affirmed its long-term growth target of at least 10 percent for annual revenue and earnings per share  citing strong demand for smartphones and other wireless devices.,normal
RMBS,Rambus Inc,20111116,US STOCKS-Wall Street falls  eyes banking contagion ,NEW YORK  Nov 16 U.S. stocks fell on Wednesday  with selling accelerating late in the session on more warnings about the potential impact of the euro zone's debt crisis on the global economy and the banking system.,topStory
RMBS,Rambus Inc,20111116,Rambus loses antitrust lawsuit  shares plunge ,SAN FRANCISCO Rambus Inc lost a $4 billion antitrust lawsuit against Micron Technology Inc and Hynix Semiconductor Inc  erasing more than half of the chipmaker's value as investors abandoned its stock.,normal
RMBS,Rambus Inc,20111116,UPDATE 5-Rambus loses antitrust lawsuit  shares plunge ,* Rambus shares sink 60.6 pct; Micron shares rise 23.4 pct,normal
SINA,Sina Corporation,20111116,Chatter in China: Multinationals turn to Weibo ,SHANGHAI What do the International Monetary Fund  Louis Vuitton and Unilever have in common?,topStory
SINA,Sina Corporation,20111116,UPDATE 2-Chatter in China: Multinationals turn to Weibo ,* Weibo is now dominant platform for directly reaching Chinese public,normal
ANF,Abercrombie & Fitch Company,20111116,US STOCKS-Wall Street falls  eyes banking contagion ,NEW YORK  Nov 16 U.S. stocks fell on Wednesday  with selling accelerating late in the session on more warnings about the potential impact of the euro zone's debt crisis on the global economy and the banking system.,topStory
ANF,Abercrombie & Fitch Company,20111116,Abercrombie margins to stay weak  keeps Europe plans ,Abercrombie & Fitch  said it sees margins remaining weak in the key holiday season but backed its international expansion plans  spooking investors  who drove the teen retailer's stock down 14 percent Wednesday.,normal
ANF,Abercrombie & Fitch Company,20111116,UPDATE 4-Abercrombie margins to stay weak  keeps Europe plans ,Nov 16 Abercrombie & Fitch said it sees margins remaining weak in the key holiday season but backed its international expansion plans  spooking investors  who drove the teen retailer's stock down 14 percent Wednesday.,normal
ANF,Abercrombie & Fitch Company,20111116,"Situation" sues Abercrombie & Fitch over ad campaign ,"Jersey Shore" star Michael "The Situation" Sorrentino on Tuesday sued retailer Abercrombie & Fitch over what he claims was a publicity stunt to sell clothes using phrases associated with the reality TV actor.,normal
ANF,Abercrombie & Fitch Company,20111116,"Situation" sues Abercrombie & Fitch over ad campaign ,"Jersey Shore" star Michael "The Situation" Sorrentino on Tuesday sued retailer Abercrombie & Fitch over what he claims was a publicity stunt to sell clothes using phrases associated with the reality TV actor.,normal
AET,Aetna Inc,20111116,REFILE-Samsung Elec buys U.S. healthcare equipment maker Nexus ,SEOUL  Nov 16 Samsung Electronics  said late on Tuesday that it had purchased U.S. provider cardiac testing solutions provider Nexus  marking its second healthcare acquisition this year as the technology giant pushes into new growth areas.,topStory
AET,Aetna Inc,20111116,Samsung Elec buys U.S. healthcare equipment maker Nexus ,SEOUL Samsung Electronics  said late on Tuesday that it had purchased U.S. provider cardiac testing solutions provider Nexus  marking its second healthcare acquisition as the technology giant pushes into new growth areas.,normal
AEE,Ameren Corporation,20111116,Ameren in talks to hand over carbon-capture project - report ,Nov 15 Ameren Corp  a utility holding company  is in talks to hand over control of a carbon-capture project  Bloomberg reported  citing people familiar with the talks.,topStory
BAC,Bank of America Corporation,20111116,DIARY-U.S. MEETINGS/WEEK AHEAD ,THOMSON REUTERS  November 16  2011 - Corporate Meetings for US companies for Week ahead.	         S&P 500 Earnings - Weekly           S&P 500 Earnings - Day Ahead   	     Non S&P 500 - Weekly               Non S&P 500 - Day Ahead        	     ConferenceCall/Webcast - Weekly    ConferenceCall/Webcast - Day   	     S&P 500 Earnings - Monthly           Meetings - Day Ahead           	     Economic Indicators                  Dividends                      	     Daily earnings hits & misses    	    ,topStory
BCS,Barclays PLC,20111116,New Issue-BHP Billiton Fin sells $3 bln notes in 3 parts ,Nov 16 BHP Billiton Finance Ltd on Wednesday sold $3 billion of three-part notes  said IFR  a Thomson Reuters service.      Barclays Capital and J.P. Morgan were the joint bookrunning managers for the sale. BORROWER: BHP BILLITON FINANCE LTD TRANCHE 1 AMT $1 BLN        COUPON 1.125 PCT     MATURITY  11/21/2014 TYPE NTS          ISS PRICE 99.645     FIRST PAY  5/21/2012 MOODY'S A1        YIELD 1.246 PCT      SETTLEMENT 11/21/2011 S&P A-PLUS        SPREAD 85 BPS        PAY FREQ SEMI-AN,topStory
BCS,Barclays PLC,20111116,PROFILE: SIFMA chair takes helm at time of uncertainty ,NEW YORK  Nov 16 Barclays Capital co-head Jerry del Missier has a lot to do before he turns 50.,normal
ABX,Barrick Gold Corporation,20111116,UPDATE 1-Novagold shares jump on possible Galore Creek sale ,TORONTO  Nov 16 Shares of Novagold rose 13.4 percent on Wednesday morning after the mining exploration company said it is exploring a possible sale of its 50 percent stake in the big Galore Creek copper/gold project in northwestern British Columbia.,topStory
ABX,Barrick Gold Corporation,20111116,UPDATE 1-Pakistan says no to Antofagasta-Barrick Gold mine ,LONDON  Nov 16 Pakistan's Baluchistan province has rejected a mining lease application from Chilean copper producer Antofagasta and Canada's Barrick Gold   raising questions over the future of their Reko Diq copper-gold project.,normal
BHP,BHP Billiton Limited,20111116,UPDATE 1-BHP Billiton turns more cautious on outlook ,MELBOURNE  Nov 17 BHP Billiton  the world's biggest miner  has turned more wary on the outlook for commodity markets  warning on Thursday that some customers are starting to face tighter access to trade finance and some are cutting production.,topStory
BHP,BHP Billiton Limited,20111116,BHP Billiton wary on commodity price outlook ,MELBOURNE  Nov 17 BHP Billiton  the world's biggest miner  expects heightened volatility and the uncertain economic outlook to weigh on sentiment in commodities markets  with customers being more cautious in managing stocks.,normal
BA,Boeing Company (The),20111116,UPDATE 4-AIRSHOW-UAE says Rafale proposal 'unworkable' ,* French source says talks ongoing  UAE negotiating price,topStory
BA,Boeing Company (The),20111116,Emirates Airline has $4 bln in cash reserves -Sheikh Ahmed ,DUBAI  Nov 16 Emirates  Dubai's flagship carrier  has $4 billion in cash reserves  its Chairman Sheikh Ahmed bin Saeed al-Maktoum told Al-Arabiya television on Wednesday.,normal
BA,Boeing Company (The),20111116,AIRSHOW-WRAPUP 5-Qatar  Airbus make up and sign $6 bln deal ,* Qatar Airways orders 5 Airbus A380s  50 A320neo jetliners,normal
BP,BP plc,20111116,BP Texas City refinery operating normally -sources ,HOUSTON  Nov 16 BP Plc's  406 570 barrel-per-day (bpd) Texas City  Texas  refinery was operating normally on Wednesday as workers attempted to determine the source of odors that triggered complaints from nearby residents  according to sources familiar with refinery operations.,topStory
BP,BP plc,20111116,BP Whiting crude unit  coker back after work -sources ,HOUSTON  Nov 16 BP Plc's  405 000 barrel per day (bpd) Whiting  Indiana  refinery completed returning a crude distillation unit and coking unit to production by Tuesday morning  said sources familiar with refinery operations.,normal
BT,BT Group plc,20111116,BT CEO says may make early pension payment ,BARCELONA  Spain  Nov 16 British telecoms group BT could use strong cash flow to make an early payment into its pension fund once a triennial review starts at the end of the year.,topStory
BT,BT Group plc,20111116,CORRECTED-BT to open access to pole and duct network ,LONDON  Nov 16 Openreach  the infrastructure division of BT  said it would open commercial access to its telegraph poles and ducts to other operators later this month  in a move that could speed up the rollout of superfast broadband across Britain.,normal
CM,Canadian Imperial Bank of Commerce,20111116,New Issue-Canada Housing prices dual tranche deal-Leads ,Underlying govt bond    Over the 3.25 pct June 01  2021 CDOR,topStory
CHK,Chesapeake Energy Corporation,20111116,Chesapeake chief opposes exporting US natural gas ,* Chesapeake has supply agreement to export natgas abroad,topStory
CVX,Chevron Corporation,20111116,Statoil group to spend C$348 mln on Canada acreage ,CALGARY  Alberta  Nov 16 A trio of international oil companies led by Norway's Statoil ASA won bids for exploration rights off Canada's East Coast on Wednesday  pledging to spend a total of C$348 million ($341 million) on two offshore parcels.,topStory
CVX,Chevron Corporation,20111116,Statoil wins exploration rights offshore Canada ,OSLO  Nov 16 Norwegian oil and gas firm Statoil has won exploration rights in two areas of the Flemish Pass Basin offshore Newfoundland and Labrador in Canada  the firm said on Wednesday.,normal
CHL,China Mobile (Hong Kong) Ltd,20111116,Hong Kong shares to open up 0.7 percent ,HONG KONG  Nov 16 Hong Kong shares were set to open higher on Wednesday  with China Mobile Ltd  the biggest boost to the benchmark Hang Seng Index  but turnover could stay weak with the situation in Europe keeping investors on the backfoot.,topStory
C,Citigroup Inc,20111116,Citigroup to cut jobs  total could top 3 000 ,Citigroup In c may cut "slightly more" than 3 000 jobs  becoming the latest U.S. bank to eliminate positions  a source familiar with the matter said.,topStory
C,Citigroup Inc,20111116,FTSE climbs as investors cheer earnings ,* Europe debt concerns see Italian  Spanish yields remain high,normal
C,Citigroup Inc,20111116,UPDATE 2-Woori Bank says to sue Citi  Merrill  RBS over derivatives losses ,* No timeframe given for suit; location could be New York,normal
CDE,Coeur Mining Inc,20111116,Silver price should rise: Coeur CEO ,The prices of silver and gold should continue rising as economic uncertainty persists  according to the chief executive of Coeur d'Alene Mines Corp   the biggest U.S. silver miner.,topStory
CFX,Colfax Corporation,20111116,UPDATE 1-Melrose sales rise on North American demand ,Nov 16 British manufacturing buyout firm Melrose Plc  which recently walked away from a bid for toolmaker Charter International  said its sales for the third quarter rose 12 percent on higher orders.,topStory
COP,ConocoPhillips,20111116,Deals of the day -- mergers and acquisitions ,Nov 16 The following bids  mergers  acquisitions and disposals involving European  U.S. and Asian companies were reported by 2100 GMT on Wednesday:,topStory
DAL,Delta Air Lines Inc,20111116,Delta defeats ex-Northwest attendants' equal pay bid ,* Delta accused of paying more to legacy flight attendants,topStory
DAL,Delta Air Lines Inc,20111116,Delta Air alerts consumers to fraudulent emails ,* Delta says credit cards not charged  no data compromised,normal
DB,Deutsche Bank AG,20111116,New Issue-Statoil ASA sells $1.75 bln of notes in 3 parts ,Nov 16 Statoil ASA on Wednesday sold $1.75 billion of three-part senior unsecured notes  said IFR  a Thomson Reuters service.      Bank of America Merrill Lynch  Deutsche Bank  and JP Morgan were the joint bookrunning managers for the sale. BORROWER: STATOIL ASA TRANCHE 1 AMT $650 MLN      COUPON 1.80 PCT      MATURITY  11/23/2016 TYPE SR NTS       ISS PRICE 99.838     FIRST PAY  5/23/2012 MOODY'S Aa2       YIELD 1.834 PCT      SETTLEMENT 11/23/2011 S&P AA-MINUS      SPREAD 95 BPS   ,topStory
RDY,Dr Reddy&#39;s Laboratories Ltd,20111116,UPDATE 1-Fujifilm  Kyowa Kirin say to tie-up on bio-meds ,* To focus on substances whose original patents have expired   (Recasts on company confirmation  share price),topStory
SSP,EW Scripps Company (The),20111116,ConnecTV strikes deal with 10 broadcast groups ,LOS ANGELES (TheWrap.com) - Start-up company ConnecTV  which will track television viewers' watching habits and connect them to other viewers via social media  has struck a deal with 10 TV station groups that collectively cover 76 million U.S. households.  the company announced Tuesday.,topStory
ENB,Enbridge Inc,20111116,Canada pipeline firms sprint to end U.S. oil glut ,HOUSTON/CALGARY Enbridge Inc and TransCanada Corp have raced forward with new pipeline plans in the fierce battle to unclog a year-long U.S. oil bottleneck  which could quickly end an unprecedented distortion in crude markets.,topStory
ENB,Enbridge Inc,20111116,UPDATE 1-Seaway's goal is to move crude from Cushing ,NEW YORK  Nov 16 The reversal of the Seaway pipeline to carry crude from the well-stocked U.S. Midwest to the Gulf Coast will add volumes that shippers had committed to another project  a spokesman for Enterprise Products said on Wednesday.,normal
ENB,Enbridge Inc,20111116,NYMEX-U.S. crude ends above $102 on pipeline plan ,* Enbridge to reverse Seaway crude pipeline in Q2 2012     * Brent/U.S. crude spread drops below $9/bbl intraday     * Coming up: EIA natgas data 10:30 a.m. EST Thursday     NEW YORK  Nov 16 U.S. crude futures jumped sharply on Wednesday on news of plans to reverse the Seaway crude oil pipeline next year  a move expected to help relieve an oil glut at the Cushing  Oklahoma hub.     Enbridge Inc and Enterprise Products Partners said they plan to reverse their 350 000-barrels-per-day S,normal
ENB,Enbridge Inc,20111116,WRAPUP 4-Canada pipeline firms sprint to end US oil glut ,* Enbridge buys Conoco stake for $1.15 billion     * Brent/WTI spread narrows $3 as traders bet glut to end     * Enbridge will not go forward with Wrangler pipeline      By Anna Driver and Scott Haggett     HOUSTON/CALGARY  Nov 16 Enbridge Inc  and TransCanada Corp have raced forward with new pipeline plans in the fierce battle to unclog a year-long U.S. oil bottleneck  which could quickly end an unprecedented distortion in crude markets.     After purchasing ConocoPhillips' stake i,normal
ENB,Enbridge Inc,20111116,Enterprise  Enbridge look to Port Arthur access ,NEW YORK  Nov 16 Enterprise Partners and Enbridge plan as part of the reversal of the Seaway pipeline project to build an 85-mile (135-km) pipeline from its ECHO terminal in Houston to refineries in Port Arthur  a spokesman for Enterprise said on Wednesday.     The pipeline's open season to garner shipper commitment will happen early in 2012.     "It will allow heavy Canadian crude access to Port Arthur refineries " said Rick Rainey  spokesman for Enterprise.,normal
ENB,Enbridge Inc,20111116,Seaway oil pipe to be reversed after Enbridge deal ,Enbridge Inc  surged past its competitors in the race to send large volumes of oil locked up in the U.S. midcontinent to the giant Gulf Coast refining hub after the $1.15 billion acquisition of ConocoPhillip's  Seaway pipeline.,normal
EPD,Enterprise Products Partners LP,20111116,Seaway can handle crude committed to Wrangler: Enterprise ,NEW YORK  Nov 16 The reversal of the Seaway pipeline to carry crude from the Midwest to the Gulf Coast will allow the line to handle volumes committed to the proposed Wrangler pipeline  a spokesman for Enterprise Products said on Wednesday.,topStory
XOM,Exxon Mobil Corporation,20111116,Deals of the day -- mergers and acquisitions ,Nov 16 The following bids  mergers  acquisitions and disposals involving European  U.S. and Asian companies were reported by 2100 GMT on Wednesday:,topStory
XOM,Exxon Mobil Corporation,20111116,UPDATE 2-Exxon Mobil says HLS pipeline shut indefinitely ,HOUSTON  Nov 16 Exxon Mobil Pipeline Co has shut indefinitely its Southwest System Pipeline  a carrier of Heavy Louisiana Sweet crude oil  after the government refused to ease repair requirements  a spokeswoman said Wednesday.,normal
XOM,Exxon Mobil Corporation,20111116,Workers plan strike at Exxon's Belgium refinery ,BRUSSELS  Nov 16 ExxonMobil will have to start shutting down its Antwerp refinery in Belgium on Friday if it does not reach an agreement with workers over pay  a spokesman said on Wednesday.,normal
XOM,Exxon Mobil Corporation,20111116,Exxon looking at North American LNG exports -exec ,Nov 16 Exxon Mobil Corp is actively assessing options to export liquefied natural gas from North America  where it is a top producer of the fuel.,normal
XOM,Exxon Mobil Corporation,20111116,Azeri oil company buys Exxon Swiss unit ,BAKU  Nov 16 ExxonMobil  has agreed to sell its Swiss fuel supply business  Esso Schweiz  to Azeri national oil company SOCAR  giving the Caspian energy power access to end-users in Europe.,normal
XOM,Exxon Mobil Corporation,20111116,Exxon Mobil says HLS pipeline shut indefinitely ,HOUSTON  Nov 16 Exxon Mobil Pipeline Co has shut its Southwest System Pipeline  carrier of Heavy Louisiana Sweet crude oil  indefinitely  a spokeswoman said Wednesday.     Shutdown of the 12-inch line effective Oct. 31 came after the U.S. government refused a request to modify repair criteria for the segment from South Bend to Krotz Springs  Louisiana  a spokeswoman said by email.     Exxon Mobil made alternative arrangements available to shippers  the spokeswoman said.,normal
XOM,Exxon Mobil Corporation,20111116,UPDATE 2-Iraq says to act against Exxon over Kurd deal ,BAGHDAD  Nov 16 Iraq's government said it would move to end a major contract with Exxon Mobil  after the U.S. oil giant signed a deal with semi-autonomous Kurdistan to explore fields there  which Baghdad on Wednesday called a violation of the law.,normal
GEK,General Electric Capital Corporation,20111116,Newsmaker: "Italian Prussian" Monti sworn in as premier ,ROME Mario Monti  the economist sworn in on Wednesday as Italy's prime minister  brings credentials from a decade as a European commissioner that his technocrat government will need as it faces a financial crisis threatening to spin out of control.,topStory
GEK,General Electric Capital Corporation,20111116,NEWSMAKER-"Italian Prussian" Monti sworn in as premier ,ROME  Nov 16 Mario Monti  the economist sworn in on Wednesday as Italy's prime minister  brings credentials from a decade as a European commissioner that his technocrat government will need as it faces a financial crisis threatening to spin out of control.,normal
GEK,General Electric Capital Corporation,20111116,Israeli water tech firm plans dozen launches ,TEL AVIV  Nov 16 Israeli water technology incubator Kinrot Ventures is looking to use its partnership with General Electric to introduce a dozen innovations into the global market in the coming year  its CEO said on Wednesday.,normal
GE,General Electric Company,20111116,Newsmaker: "Italian Prussian" Monti sworn in as premier ,ROME Mario Monti  the economist sworn in on Wednesday as Italy's prime minister  brings credentials from a decade as a European commissioner that his technocrat government will need as it faces a financial crisis threatening to spin out of control.,topStory
GE,General Electric Company,20111116,NEWSMAKER-"Italian Prussian" Monti sworn in as premier ,ROME  Nov 16 Mario Monti  the economist sworn in on Wednesday as Italy's prime minister  brings credentials from a decade as a European commissioner that his technocrat government will need as it faces a financial crisis threatening to spin out of control.,normal
GE,General Electric Company,20111116,Israeli water tech firm plans dozen launches ,TEL AVIV  Nov 16 Israeli water technology incubator Kinrot Ventures is looking to use its partnership with General Electric to introduce a dozen innovations into the global market in the coming year  its CEO said on Wednesday.,normal
GS,Goldman Sachs Group Inc (The),20111116,Research in Motion shares climb on Goldman upgrade ,TORONTO Shares of Research in Motion rose 2.5 percent in trade before the morning bell on Wednesday  after brokerage firm Goldman Sachs raised its rating on the shares of the BlackBerry maker.,topStory
GS,Goldman Sachs Group Inc (The),20111116,UPDATE 1-Research in Motion shares climb on Goldman upgrade ,TORONTO  Nov 16 Shares of Research in Motion rose 2.5 percent in trade before the morning bell on Wednesday  after brokerage firm Goldman Sachs raised its rating on the shares of the BlackBerry maker.,normal
GS,Goldman Sachs Group Inc (The),20111116,CORRECTED-UPDATE 2-BofA sale highlights end of era for foreign  China banks ,BEIJING/HONG KONG  Nov 15 Bank of America's sale of most of its shares in China Construction Bank earned the U.S. lender a tidy profit  but also underlined that BofA  like other foreign financial groups  found scant strategic gain in the Chinese stake it built.,normal
HLF,Herbalife LTD,20111116,FUNDVIEW-Scout fund bets on US rebound  eyes cyclical stocks ,Nov 16 The U.S. economy will rebound despite recent hiccups and it is a good time to put money in discretionary stocks  but stay away from companies that largely rely on business from Europe  said the lead portfolio manager at Scout Mid Cap Fund.,topStory
HON,Honeywell International Inc,20111116,Newsmaker: "Italian Prussian" Monti sworn in as premier ,ROME Mario Monti  the economist sworn in on Wednesday as Italy's prime minister  brings credentials from a decade as a European commissioner that his technocrat government will need as it faces a financial crisis threatening to spin out of control.,topStory
HON,Honeywell International Inc,20111116,NEWSMAKER-"Italian Prussian" Monti sworn in as premier ,ROME  Nov 16 Mario Monti  the economist sworn in on Wednesday as Italy's prime minister  brings credentials from a decade as a European commissioner that his technocrat government will need as it faces a financial crisis threatening to spin out of control.,normal
HSBC,HSBC Holdings plc,20111116,Forward Calendar - U.S. corporate bond new issues ,Nov 16 The following are lists of upcoming high-grade and high-yield corporate bond offerings in the United States. The information was gathered from Thomson Reuters U.S. new issues team  and other market sources: *Denotes 144a private placement debt offering. HIGH-GRADE BOND SALES EXPECTED FOR WEEK OF 11/14/2011                        COMPANY           AMT       MAT/DEBT  RTGS           MGRS               PRICED Amex Credit       $1.0 bln   5-yr     A2/BBB+/A+     CITI/GS/UBS       ,topStory
HSBC,HSBC Holdings plc,20111116,New Issue-IFC prices $3.0 bln 2016 bond ,Borrower                International Finance Corporation,normal
HSEA,HSBC Holdings plc,20111116,Forward Calendar - U.S. corporate bond new issues ,Nov 16 The following are lists of upcoming high-grade and high-yield corporate bond offerings in the United States. The information was gathered from Thomson Reuters U.S. new issues team  and other market sources: *Denotes 144a private placement debt offering. HIGH-GRADE BOND SALES EXPECTED FOR WEEK OF 11/14/2011                        COMPANY           AMT       MAT/DEBT  RTGS           MGRS               PRICED Amex Credit       $1.0 bln   5-yr     A2/BBB+/A+     CITI/GS/UBS       ,topStory
HSEA,HSBC Holdings plc,20111116,New Issue-IFC prices $3.0 bln 2016 bond ,Borrower                International Finance Corporation,normal
HSEB,HSBC Holdings plc,20111116,Forward Calendar - U.S. corporate bond new issues ,Nov 16 The following are lists of upcoming high-grade and high-yield corporate bond offerings in the United States. The information was gathered from Thomson Reuters U.S. new issues team  and other market sources: *Denotes 144a private placement debt offering. HIGH-GRADE BOND SALES EXPECTED FOR WEEK OF 11/14/2011                        COMPANY           AMT       MAT/DEBT  RTGS           MGRS               PRICED Amex Credit       $1.0 bln   5-yr     A2/BBB+/A+     CITI/GS/UBS       ,topStory
HSEB,HSBC Holdings plc,20111116,New Issue-IFC prices $3.0 bln 2016 bond ,Borrower                International Finance Corporation,normal
JPM,J P Morgan Chase & Co,20111116,New Issue-Statoil ASA sells $1.75 bln of notes in 3 parts ,Nov 16 Statoil ASA on Wednesday sold $1.75 billion of three-part senior unsecured notes  said IFR  a Thomson Reuters service.      Bank of America Merrill Lynch  Deutsche Bank  and JP Morgan were the joint bookrunning managers for the sale. BORROWER: STATOIL ASA TRANCHE 1 AMT $650 MLN      COUPON 1.80 PCT      MATURITY  11/23/2016 TYPE SR NTS       ISS PRICE 99.838     FIRST PAY  5/23/2012 MOODY'S Aa2       YIELD 1.834 PCT      SETTLEMENT 11/23/2011 S&P AA-MINUS      SPREAD 95 BPS   ,topStory
JPM,J P Morgan Chase & Co,20111116,New Issue-BHP Billiton Fin sells $3 bln notes in 3 parts ,Nov 16 BHP Billiton Finance Ltd on Wednesday sold $3 billion of three-part notes  said IFR  a Thomson Reuters service.      Barclays Capital and J.P. Morgan were the joint bookrunning managers for the sale. BORROWER: BHP BILLITON FINANCE LTD TRANCHE 1 AMT $1 BLN        COUPON 1.125 PCT     MATURITY  11/21/2014 TYPE NTS          ISS PRICE 99.645     FIRST PAY  5/21/2012 MOODY'S A1        YIELD 1.246 PCT      SETTLEMENT 11/21/2011 S&P A-PLUS        SPREAD 85 BPS        PAY FREQ SEMI-AN,normal
JPM,J P Morgan Chase & Co,20111116,New Issue-ADCB Islamic Finance prices $500 mln 2016 bond ,Underlying govt bond    Over Mid-swaps  equivalent to 317.9 bp,normal
JPM,J P Morgan Chase & Co,20111116,New Issue-IFC prices $3.0 bln 2016 bond ,Borrower                International Finance Corporation,normal
JPM,J P Morgan Chase & Co,20111116,Gazprom plans dual-tranche dollar bond - source ,Nov 16 (IFR) - Gazprom  the Russian oil and gas firm  has issued guidance level for a planned dual-tranche US dollar deal  according to a source.,normal
JPM,J P Morgan Chase & Co,20111116,JPMorgan may issue mortgage securities backed by bad loans - WSJ ,Nov 16 JPMorgan Chase & Co plans next year to issue U.S. commercial mortgage securities backed by defaulted loans  the Wall Street Journal said  citing people familiar with the matter.,normal
JPM,J P Morgan Chase & Co,20111116,UPDATE 1-Clovis Oncology IPO prices at bottom of range ,* Sells 10 mln units vs 9.3 mln offered in Oct -underwriter,normal
JNJ,Johnson & Johnson,20111116,Quick review of Eliquis could lift Bristol  Pfizer ,* Analysts: good chance for speedy FDA review of clot drug,topStory
PHG,Koninklijke Philips NV,20111116,French and Benelux stocks-Factors to watch on Nov 16 ,PARIS  Nov 16 Below are company-related news and stories from French and Benelux media which could have an impact on the region's markets or individual stocks.,topStory
PHG,Koninklijke Philips NV,20111116,Philips TV sale to TPV can be cancelled-paper ,AMSTERDAM  Nov 16 Philips Electronics'  planned sale of its loss-making television business to a joint venture with Hong Kong-listed TPV Technology Ltd may be cancelled if the operations' performance "materially" worsens  a Dutch newspaper said on Wednesday.,normal
LAZ,Lazard Ltd,20111116,DIARY-U.S. MEETINGS/WEEK AHEAD ,THOMSON REUTERS  November 16  2011 - Corporate Meetings for US companies for Week ahead.	         S&P 500 Earnings - Weekly           S&P 500 Earnings - Day Ahead   	     Non S&P 500 - Weekly               Non S&P 500 - Day Ahead        	     ConferenceCall/Webcast - Weekly    ConferenceCall/Webcast - Day   	     S&P 500 Earnings - Monthly           Meetings - Day Ahead           	     Economic Indicators                  Dividends                      	     Daily earnings hits & misses    	    ,topStory
LMT,Lockheed Martin Corporation,20111116,Canada worried by reports of F-35 fighter delays ,OTTAWA  Nov 16 Canada is worried by reports that delivery of Lockheed Martin Corp's F-35 fighter jets could be delayed and is talking to the manufacturer  Defence Minister Peter MacKay said on Wednesday.,topStory
MDP,Meredith Corporation,20111116,ConnecTV strikes deal with 10 broadcast groups ,LOS ANGELES (TheWrap.com) - Start-up company ConnecTV  which will track television viewers' watching habits and connect them to other viewers via social media  has struck a deal with 10 TV station groups that collectively cover 76 million U.S. households.  the company announced Tuesday.,topStory
MCO,Moody&#39;s Corporation,20111116,New Issue-ADCB Islamic Finance prices $500 mln 2016 bond ,Underlying govt bond    Over Mid-swaps  equivalent to 317.9 bp,topStory
MCO,Moody&#39;s Corporation,20111116,New Issue-African Dev Bank adds $250 mln in notes ,Nov 16 African Development Bank on Wednesday added $250 million of global notes  said IFR  a Thomson Reuters service.     Credit Suisse was the sole bookrunning manager for the sale. BORROWER: AFRICAN DEVELOPMENT BANK TRANCHE 1 AMT $250 MLN      COUPON 1.25 PCT      MATURITY    9/2/2016 TYPE NTS          ISS PRICE 100.54     FIRST PAY   3/2/2012 MOODY'S Aaa       YIELD 1.134 PCT      SETTLEMENT 11/17/2011 S&P TRIPLE-A      SPREAD MS-11 BPS     PAY FREQ SEMI-ANNUAL FITCH TRIPLE-A     ,normal
MCO,Moody&#39;s Corporation,20111116,New Issue-IFC prices $3.0 bln 2016 bond ,Borrower                International Finance Corporation,normal
MCO,Moody&#39;s Corporation,20111116,New Issue-Canada Housing prices dual tranche deal-Leads ,Underlying govt bond    Over the 3.25 pct June 01  2021 CDOR,normal
MCO,Moody&#39;s Corporation,20111116,BRIEF-Moody's comments on Hynix pricing guidance and impact on SKT's ratings ,* Moody's comments on Hynix pricing guidance and impact on SKT's ratings,normal
MCO,Moody&#39;s Corporation,20111116,BRIEF-Moody's rates CFE's proposed local notes ,Nov 16 CFE: * Moody's rates CFE's proposed local notes ,normal
MCO,Moody&#39;s Corporation,20111116,BRIEF-Moody's assigns first-time Ba3 / A3.mx ratings to Financiera Bepensa ,* Moody's assigns first-time Ba3 / A3.mx ratings to Financiera Bepensa,normal
MS,Morgan Stanley,20111116,ON THE MOVE: Robert Baird hires advisers in western U.S. ,Nov 16 Robert W. Baird & Co said on Wednesday it hired seven new advisers to help expand its presence in states including Colorado and California.,topStory
MS,Morgan Stanley,20111116,UPDATE 3-Morgan Stanley paying $3.3 mln to settle fee case ,* SEC accused MS of arranging advice that was not provided,normal
MS,Morgan Stanley,20111116,Telefonica CFO says does not plan to cut dividend ,BARCELONA  Spain  Nov 16 Spanish mobile phone giant Telefonica is working to cut costs and stabilise the business in its domestic market in a bid to protect free cash flow and maintain its dividend  its finance director said on Wednesday.,normal
MS,Morgan Stanley,20111116,Peru Volcan shares up 9 pct on inclusion in index ,LIMA  Nov 16 Shares of Peruvian miner Volcan  rose more than 9 percent to 3.01 soles on Wednesday after Morgan Stanley decided to include the stock in its MSCI Peru index at the end of this month.   ($1 = 2.7 soles)   (Reporting by Ursula Scollot),normal
MS,Morgan Stanley,20111116,DIARY-U.S. MEETINGS/WEEK AHEAD ,THOMSON REUTERS  November 16  2011 - Corporate Meetings for US companies for Week ahead.	         S&P 500 Earnings - Weekly           S&P 500 Earnings - Day Ahead   	     Non S&P 500 - Weekly               Non S&P 500 - Day Ahead        	     ConferenceCall/Webcast - Weekly    ConferenceCall/Webcast - Day   	     S&P 500 Earnings - Monthly           Meetings - Day Ahead           	     Economic Indicators                  Dividends                      	     Daily earnings hits & misses    	    ,normal
NMR,Nomura Holdings Inc ADR,20111116,Nomura starts European jobs cull -sources ,LONDON  Nov 16 Japan's Nomura Holdings  has started to axe bankers in Europe as part of its plan to save $1.2 billion in annual costs  which is expected to see 700 jobs go.,topStory
JWN,Nordstrom Inc,20111116,Hugo Boss confident about holidays  eyes U.S. stores ,NEW YORK German fashion house Hugo Boss AG  expects good business in the United States and Europe this holiday season  despite lingering U.S. economic uncertainty and a eurozone crisis that is sapping consumer confidence.,topStory
JWN,Nordstrom Inc,20111116,UPDATE 2-Hugo Boss confident about holidays  eyes US stores ,NEW YORK  Nov 16 German fashion house Hugo Boss AG expects good business in the United States and Europe this holiday season  despite lingering U.S. economic uncertainty and a eurozone crisis that is sapping consumer confidence.,normal
BTU,Peabody Energy Corporation,20111116,Deals of the day -- mergers and acquisitions ,Nov 16 The following bids  mergers  acquisitions and disposals involving European  U.S. and Asian companies were reported by 2100 GMT on Wednesday:,topStory
BTU,Peabody Energy Corporation,20111116,Peabody to take full control of Australia's Macarthur Coal ,MELBOURNE Peabody Energy  has acquired 90 percent of its Australian takeover target  Macarthur Coal   allowing the U.S. coal miner to compulsorily buy the remaining shares and increase its offer to A$4.9 billion ($4.98 billion).,normal
BTU,Peabody Energy Corporation,20111116,UPDATE 1-Peabody to take full control of Australia's Macarthur Coal ,MELBOURNE  Nov 16 Peabody Energy  has acquired 90 percent of its Australian takeover target  Macarthur Coal  allowing the U.S. coal miner to compulsorily buy the remaining shares and increase its offer to A$4.9 billion ($4.98 billion).,normal
BTU,Peabody Energy Corporation,20111116,Peabody to take full control of Australia's Macarthur Coal ,MELBOURNE  Nov 16 Peabody Energy  has acquired 90 percent of its Australian takeover target  Macarthur Coal  clearing the way for the U.S. coal miner to compulsorily buy the remaining shares and increase its offer to A$4.9 billion ($4.98 billion).,normal
PFE,Pfizer Inc,20111116,FDA panel backs Pfizer vaccine for adults ,SILVER SPRING  Maryland Pfizer Inc won expert backing for using its blockbuster vaccine in adults to fight pneumonia  meningitis and other diseases caused by pneumococcus bacteria.,topStory
PFE,Pfizer Inc,20111116,UPDATE 2-U.S. FDA panel backs Pfizer's vaccine for adults ,SILVER SPRING  Md.  Nov 16 Pfizer Inc  won expert backing for using its blockbuster vaccine in adults to fight pneumonia  meningitis and other diseases caused by pneumococcus bacteria.,normal
PFE,Pfizer Inc,20111116,Quick review of Eliquis could lift Bristol  Pfizer ,* Analysts: good chance for speedy FDA review of clot drug,normal
PKX,POSCO,20111116,Peabody to take full control of Australia's Macarthur Coal ,MELBOURNE Peabody Energy  has acquired 90 percent of its Australian takeover target  Macarthur Coal   allowing the U.S. coal miner to compulsorily buy the remaining shares and increase its offer to A$4.9 billion ($4.98 billion).,topStory
PKX,POSCO,20111116,UPDATE 1-Peabody to take full control of Australia's Macarthur Coal ,MELBOURNE  Nov 16 Peabody Energy  has acquired 90 percent of its Australian takeover target  Macarthur Coal  allowing the U.S. coal miner to compulsorily buy the remaining shares and increase its offer to A$4.9 billion ($4.98 billion).,normal
RBS,Royal Bank Scotland plc (The),20111116,MF Global customers report offers for frozen cash ,CHICAGO  Nov 16 The bankruptcy of MF Global Holdings Ltd. has spawned a new market for companies looking to buy the claims of farmers and investors whose cash has been frozen at the commodities brokerage for more than two weeks.,topStory
RBS,Royal Bank Scotland plc (The),20111116,MOVES-Citigroup  Markel International ,Nov 16 The following financial service industry appointments were announced on Wednesday. To inform us of other job changes  email to moves@thomsonreuters.com.,normal
RBS,Royal Bank Scotland plc (The),20111116,UPDATE 2-Woori Bank says to sue Citi  Merrill  RBS over derivatives losses ,* No timeframe given for suit; location could be New York,normal
RBS,Royal Bank Scotland plc (The),20111116,Woori Bank says preparing to sue Citi  Merrill  RBS over investment ,SEOUL  Nov 16 South Korea's Woori Bank is planning to lodge a lawsuit against Citigroup  Bank of America Merrill Lynch and Royal Bank of Scotland  related to over 1 trillion won ($888 million) in losses on its 2005 derivatives investments  a company spokesman said.,normal
SBH,Sally Beauty Holdings Inc,20111116,UPDATE 1-Sally Beauty Q4 beats estimates ,Nov 16 Sally Beauty Holdings Inc  posted a quarterly profit that beat Wall Street expectations for the seventh straight quarter  helped by improved gross margins and better sales at its Beauty Systems business.	     The company distributes professional beauty supplies to retail consumers and salon professionals under two segments -- Sally Beauty Supply and Beauty Systems.	 	  KEY POINTS:     Q4 2011      I/B/E/S         Q4 2010      Revenue     $837.2 mln   $826.5 mln      $747.8 mln,topStory
SEMG,Semgroup Corporation,20111116,Plains All American urges SemGroup to defer unit IPO ,Plains All American   which made an unsolicited $1 billion bid for rival SemGroup  last month  urged Semgroup to defer the IPO of a master limited partnership unit.,topStory
SEMG,Semgroup Corporation,20111116,UPDATE 2-Plains All American urges SemGroup to defer unit IPO ,* Says planned IPO may reduce SemGroup shareholders' value,normal
SKM,SK Telecom Co Ltd,20111116,BRIEF-Moody's comments on Hynix pricing guidance and impact on SKT's ratings ,* Moody's comments on Hynix pricing guidance and impact on SKT's ratings,topStory
SNE,Sony Corp Ord,20111116,Google to unveil online music download store: report ,Google Inc is expected to unveil on Wednesday an online music download store featuring songs from three major music companies  the Wall Street Journal reported  citing people familiar with the matter.,topStory
LUV,Southwest Airlines Company,20111116,TLC to launch reality show focused on Southwest Airlines ,LOS ANGELES (TheWrap.com) - Tossing off lesbian kissers  loose-trousered rock stars and corpulent movie directors from its jet planes recently  Southwest Airlines has hardly shied away from publicity.,topStory
STO,Statoil ASA,20111116,New Issue-Statoil ASA sells $1.75 bln of notes in 3 parts ,Nov 16 Statoil ASA on Wednesday sold $1.75 billion of three-part senior unsecured notes  said IFR  a Thomson Reuters service.      Bank of America Merrill Lynch  Deutsche Bank  and JP Morgan were the joint bookrunning managers for the sale. BORROWER: STATOIL ASA TRANCHE 1 AMT $650 MLN      COUPON 1.80 PCT      MATURITY  11/23/2016 TYPE SR NTS       ISS PRICE 99.838     FIRST PAY  5/23/2012 MOODY'S Aa2       YIELD 1.834 PCT      SETTLEMENT 11/23/2011 S&P AA-MINUS      SPREAD 95 BPS   ,topStory
STO,Statoil ASA,20111116,Statoil group to spend C$348 mln on Canada acreage ,CALGARY  Alberta  Nov 16 A trio of international oil companies led by Norway's Statoil ASA won bids for exploration rights off Canada's East Coast on Wednesday  pledging to spend a total of C$348 million ($341 million) on two offshore parcels.,normal
STO,Statoil ASA,20111116,Statoil wins exploration rights offshore Canada ,OSLO  Nov 16 Norwegian oil and gas firm Statoil has won exploration rights in two areas of the Flemish Pass Basin offshore Newfoundland and Labrador in Canada  the firm said on Wednesday.,normal
STI,SunTrust Banks Inc,20111116,UPDATE 1-SunTrust names new consumer bank chief ,Nov 16 SunTrust Banks Inc on Wednesday named Brad Dinsmore to oversee its consumer bank operations  replacing the current head who plans to retire early next year.,topStory
TGT,Target Corporation,20111116,Target blames Walmart layaway for toy sales slump ,Target Corp's  toy business took a big hit from Wal-Mart Stores Inc  early in the U.S. holiday shopping season  as Walmart's return to offering layaway seems to be gaining momentum even before Thanksgiving.,topStory
TGT,Target Corporation,20111116,UPDATE 5-Target blames Walmart layaway for toy sales slump ,Nov 16 Target Corp's toy business took a big hit from Wal-Mart Stores Inc early in the U.S. holiday shopping season  as Walmart's return to offering layaway seems to be gaining momentum even before Thanksgiving.,normal
TEF,Telefonica SA,20111116,Telefonica CFO says does not plan to cut dividend ,BARCELONA  Spain  Nov 16 Spanish mobile phone giant Telefonica is working to cut costs and stabilise the business in its domestic market in a bid to protect free cash flow and maintain its dividend  its finance director said on Wednesday.,topStory
TEF,Telefonica SA,20111116,KPN CEO says merger with O2 in Germany makes sense ,BARCELONA  Spain  Nov 16 Dutch telecoms firm KPN  struggling in its domestic market  said it would make sense to merge in Germany with Telefonica's  O2  in what could signal the start of a long-awaited wave of consolidation in mature markets.,normal
TX,Ternium SA,20111116,Ternium bids for stake in Brazil's Usiminas -report ,SAO PAULO  Nov 16 Ternium   the second largest Latin American steel group  offered to buy a 26 percent voting stake in former shareholder Usiminas  one of Brazil's biggest steelmakers  Exame magazine said on Wednesday  citing a source familiar with the deal.,topStory
BX,The Blackstone Group LP,20111116,Australia's Spotless rejects $709 million bid proposal ,SYDNEY Australian services firm Spotless Group  on Thursday rejected a second takeover offer since May  saying the A$698 million ($709 million) bid from buyout firm Pacific Equity Partners was too low.,topStory
BX,The Blackstone Group LP,20111116,UPDATE 1-Australia's Spotless rejects $709 mln bid proposal ,* Spotless directors intend to take no further action on proposal,normal
TOT,Total SA,20111116,Total Kenya nine-month profit tumbles 67 percent ,NAIROBI  Nov 16 Kenyan oil marketer Total  posted a 67 percent plunge in nine-month pretax profit on Wednesday after government price-capping squeezed margins  sales costs rose and volumes slipped in a tough environment.,topStory
TRP,TransCanada Corporation,20111116,Canada pipeline firms sprint to end U.S. oil glut ,HOUSTON/CALGARY Enbridge Inc and TransCanada Corp have raced forward with new pipeline plans in the fierce battle to unclog a year-long U.S. oil bottleneck  which could quickly end an unprecedented distortion in crude markets.,topStory
TRP,TransCanada Corporation,20111116,TransCanada may go ahead with Cushing to Gulf link ,CALGARY  Alberta TransCanada Corp said on Wednesday it could start building the portion of the Keystone XL pipeline plan that runs from Cushing  Oklahoma  to the Gulf of Mexico  even as it awaits U.S. approval for the project as a whole.,normal
TRP,TransCanada Corporation,20111116,Nebraska lawmakers vote to reroute oil pipeline ,LINCOLN  Neb The Nebraska legislature on Wednesday voted unanimously to advance a proposed law that would reroute the controversial TransCanada Keystone XL pipeline to avoid the sensitive Sandhills and Ogallala aquifer.,normal
TRP,TransCanada Corporation,20111116,UPDATE 2-TransCanada may go ahead with Cushing-Gulf line ,CALGARY  Alberta  Nov 16 TransCanada Corp said on Wednesday it could start building the portion of its planned Keystone XL pipeline that runs from Cushing  Oklahoma  to the Gulf of Mexico  even as it awaits U.S. approval for the project as a whole.,normal
TRP,TransCanada Corporation,20111116,TransCanada may go ahead with Cushing-Gulf link ,CALGARY  Alberta  Nov 16 TransCanada Corp could begin construction of the Cushing  Oklahoma  to the Gulf Coast portion of the Keystone XL pipeline early next year but will consult with the U.S. State Department before proceeding  a company executive said on Wednesday.,normal
UL,Unilever PLC,20111116,Chatter in China: Multinationals turn to Weibo ,SHANGHAI What do the International Monetary Fund  Louis Vuitton and Unilever have in common?,topStory
UL,Unilever PLC,20111116,UPDATE 2-Chatter in China: Multinationals turn to Weibo ,* Weibo is now dominant platform for directly reaching Chinese public,normal
UL,Unilever PLC,20111116,Foreign institutions flock to China's social network ,* Weibo is now dominant platform for directly reaching Chinese public,normal
VNO,Vornado Realty Trust,20111116,Equity Residential emerges as lead bidder for Archstone - WSJ ,Nov 16 Apartment landlord Equity Residential has emerged as the lead bidder to buy a 53 percent stake in rival Archstone and has offered more than $2.5 billion in cash and stock for the deal  the Wall Street Journal said  citing people familiar with the situation.,topStory
WMT,Wal-Mart Stores Inc,20111116,UPDATE 5-Target blames Walmart layaway for toy sales slump ,Nov 16 Target Corp's toy business took a big hit from Wal-Mart Stores Inc early in the U.S. holiday shopping season  as Walmart's return to offering layaway seems to be gaining momentum even before Thanksgiving.,topStory
DIS,Walt Disney Company (The),20111116,Apple  with eye on media  names Disney's Iger to board ,Apple Inc moved to shore up its board after the death of Silicon Valley legend Steve Jobs  appointing Walt Disney Co chief executive Bob Iger to its board to propel its media ambitions.,topStory
DIS,Walt Disney Company (The),20111116,UPDATE 3-Disney CEO Iger on Apple board  Levinson chairman ,* Post-Jobs appointments come amid rising media ambitions,normal
WFC,Wells Fargo & Company,20111116,New Issue-Atlas Pipeline Partners LP adds $150 mln notes ,Nov 16 Atlas Pipeline Partners LP/Finance Corp on Wednesday added $150 million of senior unsecured notes in the 144a private placement market  said IFR  a Thomson Reuters service.      Wells Fargo and Bank of America Merrill Lynch were the joint bookrunning managers for the sale. BORROWER: ATLAS PIPELINE PARTNERS LP/FINANCE CORP TRANCHE 1 AMT $150 MLN      COUPON 8.75 PCT      MATURITY   6/15/2018 TYPE SR NTS       ISS PRICE 103.5      FIRST PAY 12/15/2011 MOODY'S B3        YIELD 7.8,topStory
WFC,Wells Fargo & Company,20111116,ON THE MOVE: Robert Baird hires advisers in western U.S. ,Nov 16 Robert W. Baird & Co said on Wednesday it hired seven new advisers to help expand its presence in states including Colorado and California.,normal
WIA,Western Asset/Claymore US Treasury Inflation Prot Secs Fd,20111116,RPT-US breakeven rates hold at lower levels after CPI ,NEW YORK  Nov 16 U.S. TIPS breakeven rates  which gauge investors' inflation expectations  held steady at lower levels on Wednesday after data on consumer prices showed inflationary pressure remains tame.,topStory
WIA,Western Asset/Claymore US Treasury Inflation Prot Secs Fd,20111116,US breakeven rates hold at lower levels after CPI ,NEW YORK  Nov 16 U.S. TIPS breakeven rates  which gauge investors' inflation expectations  held steady at lower levels on Wednesday after data on consumer prices showed inflationary pressure remains tame.,normal
NG,Novagold Resources Inc,20111116,UPDATE 1-Novagold shares jump on possible Galore Creek sale ,TORONTO  Nov 16 Shares of Novagold rose 13.4 percent on Wednesday morning after the mining exploration company said it is exploring a possible sale of its 50 percent stake in the big Galore Creek copper/gold project in northwestern British Columbia.,topStory
