AMZN,Amazoncom Inc,20111213,Amazon extends Christmas shipping deadline ,Amazon.com Inc said it has extended the order deadline on one of its Christmas shipping options as it seeks to stay competitive in a holiday season that has seen more retailers offer free shipping.,topStory
AAPL,Apple Inc,20111213,Apple founding contract fetches $1.5 million at auction ,NEW YORK The contract that established Apple as a corporate entity in 1976 sold at auction on Tuesday for $1.59 million  10 times its estimated price  two months after the death of high-profile co-founder Steve Jobs.,topStory
AAPL,Apple Inc,20111213,Apple in talks to buy Anobit for $400-$500 million: report ,JERUSALEM Apple Inc is in talks to buy Israel's Anobit  a maker of flash storage technology  for as much as $500 million  according to a report published on Tuesday.,normal
AAPL,Apple Inc,20111213,Apple in talks to buy Anobit for $400-$500mln-report ,JERUSALEM  Dec 13 Apple Inc is in talks to buy Israel's Anobit  a maker of flash storage technology  for as much as $500 million  according to a report published on Tuesday.,normal
AAPL,Apple Inc,20111213,UPDATE 2-HTC sues Citi in Taiwan after share price fall ,TAIPEI  Dec 13 HTC Corp  the world's No.4 smartphone maker  has filed a criminal complaint against Citigroup Inc's Taiwan unit  a Taiwan prosecutor said on Tuesday  alleging the broker's research contributed to a fall in HTC's share price.,normal
CME,CME Group Inc,20111213,CME wins tax break as traders protest job threat ,CHICAGO CME Group won a key tax break from the state of Illinois on Tuesday as traders on its Chicago floor objected to a new exchange rule they say threatens the very jobs the tax break is designed to save.,topStory
CME,CME Group Inc,20111213,CME says MF's Corzine knew of customer-backed loans ,WASHINGTON An auditor with CME Group was told that former MF Global chief Jon Corzine knew about loans backed by customer segregated accounts that were made to a European affiliate of the firm  a CME executive said on Tuesday.,normal
DISH,DISH Network Corporation,20111213,Dish eyes T-Mobile if AT&T bid fails ,NEW YORK Dish Network Corp is considering a partnership with T-Mobile USA if AT&T is unable to fulfill its bid to take over the fourth U.S. wireless network  Dish Chief Executive Joe Clayton said on Monday.,topStory
FORM,FormFactor Inc,20111213,FormFactor cuts Q4 revenue outlook  shares fall ,FormFactor Inc  lowered its fourth-quarter sales forecast citing a weak pricing environment for memory chips  sending its shares down 8 percent in after-market trade.,topStory
FORM,FormFactor Inc,20111213,UPDATE 1-FormFactor cuts Q4 revenue outlook  shares fall ,* Lower-than-expected Q4 rev due to DRAM pricing environment,normal
LBTYA,Liberty Global plc,20111213,UPDATE 1-Watchdog set to clear Liberty's Kabel BW deal-letter ,FRANKFURT  Dec 13 German antitrust regulators are prepared to approve the contested merger of German cable firms Unitymedia and Kabel BW after certain concessions were agreed  according to a letter obtained by Reuters.,topStory
LBTYB,Liberty Global plc,20111213,UPDATE 1-Watchdog set to clear Liberty's Kabel BW deal-letter ,FRANKFURT  Dec 13 German antitrust regulators are prepared to approve the contested merger of German cable firms Unitymedia and Kabel BW after certain concessions were agreed  according to a letter obtained by Reuters.,topStory
LBTYK,Liberty Global plc,20111213,UPDATE 1-Watchdog set to clear Liberty's Kabel BW deal-letter ,FRANKFURT  Dec 13 German antitrust regulators are prepared to approve the contested merger of German cable firms Unitymedia and Kabel BW after certain concessions were agreed  according to a letter obtained by Reuters.,topStory
MGLN,Magellan Health Inc,20111213,Magellan Health forecasts 2012 profit below estimates ,Magellan Health Services Inc  on Tuesday forecast a profit for the next year that came in below market estimates.,topStory
MGLN,Magellan Health Inc,20111213,UPDATE 1-Magellan Health forecasts 2012 profit below estimates ,Dec 13 Magellan Health Services Inc  on Tuesday forecast a profit for the next year that came in below market estimates.,normal
MSFT,Microsoft Corporation,20111213,Microsoft co-founder Allen launches space project ,SEATTLE Microsoft Corp co-founder Paul Allen is planning to build a spaceship that could replace the Space Shuttle and put paying passengers into orbit this decade.,topStory
QCOM,QUALCOMM Incorporated,20111213,UPDATE 2-Imagination Technologies boosted by new licensees ,LONDON  Dec 13 British graphics chip designer Imagination Technologies posted a jump in first-half profit  boosted by strong sales of smartphones like Apple's iPhone and wider licensing of its technology  including to new customer Qualcomm.,topStory
ADS,Alliance Data Systems Corporation,20111213,REFILE-UPDATE 1-Nomura starts Visa  MasterCard with buy ,Dec 13 Nomura began coverage of payment processing companies Visa  MasterCard and Global Payments with its highest rating  saying payment volumes continue to grow despite macroeconomic challenges.	     The brokerage said global spending trends have remained positive since rebounding from the 2009 recession even in the face of a weak housing and jobs environment in the United States and debt crisis in Europe.Visa  MasterCard and Global Payments. 	     "We are particularly drawn to the,topStory
T,AT&T Inc,20111213,AT&T  rivals delay legal fights over T-Mobile ,AT&T Inc and Sprint Nextel Corp asked a U.S. court on Tuesday to delay hearings in their private litigation over whether the telecommunications giant can buy T-Mobile USA  and the judge promptly agreed.,topStory
AVP,Avon Products Inc,20111213,Avon to replace CEO Jung ,Avon Products Inc  is looking for a new chief executive to replace Andrea Jung  who has lost the confidence of Wall Street after a myriad of problems  including a federal bribery probe and weak sales in key international markets.,topStory
AVP,Avon Products Inc,20111213,UPDATE 2-Avon's Jung loses CEO title ,Dec 13 Avon Products Inc   on Tuesday said that it was replacing Andrea Jung as chief executive  a move that comes as the cosmetics company tries to recover from a myriad of problems  including a federal bribery probe and weak sales in key international markets.,normal
BAX,Baxter International Inc,20111213,CORRECTED-BRIEF-Synovis sets termination fee of $9.75 mln for Baxter deal ,Dec 13    Synovis Life Technologies Inc :   * Says on termination of deal under certain specified circumstances  company to pay Baxter termination fee of $9.75 million - SEC filing,topStory
BAX,Baxter International Inc,20111213,Baxter to acquire Synovis for $28 per share ,Baxter International Inc  will acquire Synovis Life Technologies Inc  for $28 per share  expanding its regenerative medicine and biosurgery franchise  the companies said on Tuesday.,normal
BBY,Best Buy Co Inc,20111213,Early holiday discounts hurt Best Buy's profit ,Best Buy Co's  quarterly profit missed Wall Street estimates as bigger discounts at the start of the key holiday selling season ate into profit at the world's largest electronics chain.,topStory
BA,Boeing Company (The),20111213,Boeing guns for more MAX orders next year: executive ,Boeing Co  vowed to turn the tables on Airbus next year by winning well over 1 000 orders for its narrowbody 737 jets  following the first landmark order from Southwest Airlines  on Tuesday. | Video ,topStory
BA,Boeing Company (The),20111213,Boeing logs big order from Southwest ,Boeing Co  bagged its first firm order for the new 737 MAX fuel-efficient  narrowbody plane  as part of a $19 billion deal with Southwest Airlines  that the jet maker calls its largest order ever. | Video ,normal
BA,Boeing Company (The),20111213,Boeing sets prices for revamped 737 MAX ,Dec 13 Boeing announced inaugural list prices for its re-engined narrowbody 737 MAX aircraft on Tuesday  shortly after announcing a firm deal for 150 aircraft with Southwest Airlines.,normal
BA,Boeing Company (The),20111213,UPDATE 1-Boeing lands $19 billion Southwest order ,Dec 13 Boeing Co won a $19 billion deal to sell 150 737 MAX aircraft to Dallas-based carrier Southwest Airlines  in what it called its biggest ever order.,normal
BP,BP plc,20111213,BP  CNPC get 3rd Iraq Rumaila crude payments-source ,BAGHDAD  Dec 13 BP Plc received a third payment for its investment in Iraq's supergiant Rumaila oilfield when a tanker loaded 2 million barrels of light crude at the southern oil hub of Basra on Tuesday  a shipping source said.,topStory
BP,BP plc,20111213,CORRECTED-UPDATE 2-Svanberg to straddle BP  Volvo chairmanships ,* Global growth concerns have soured outlook for truckmakers,normal
CAT,Caterpillar Inc,20111213,Economic turmoil delays Caterpillar's logistics sale ,NEW YORK Caterpillar Inc  said on Tuesday it remained in talks with interested parties over a potential sale of its third-party logistics business but several factors including the global economic environment have caused delays in reaching a deal.,topStory
CTL,CenturyLink Inc,20111213,Seahawks punish Rams 30-13 to continue season ,An inspired defensive effort guided the Seattle Seahawks to a decisive 30-13 victory over the St. Louis Rams Monday that continued their strong second half to the season.,topStory
CHL,China Mobile (Hong Kong) Ltd,20111213,Far EasTone hopes China Mobile will buy stake in 2012 ,HONG KONG  Dec 13 Far EasTone Telecommunications Co Ltd hopes that China Mobile Ltd's plan to buy a stake will materialise next year  after Taiwan elects a new president in January  its chairman said on Tuesday.,topStory
SNP,China Petroleum & Chemical Corporation,20111213,Sinopec  ENN offer to buy China Gas for $2.2 billion ,HONG KONG Sinopec  and ENN Energy Holdings  are offering up to $2.2 billion cash for control of privately run natural gas distributor China Gas Holdings   in what could become a rare hostile takeover for a mainland company.,topStory
SNP,China Petroleum & Chemical Corporation,20111213,Sinopec  ENN offer to buy China Gas for $2.2 billion ,HONG KONG Sinopec  and ENN Energy Holdings  are offering up to $2.2 billion cash for control of privately run natural gas distributor China Gas Holdings   in what could become a rare hostile takeover for a mainland company.,normal
SNP,China Petroleum & Chemical Corporation,20111213,UPDATE 4-Sinopec  ENN offer to buy China Gas for $2.2 bln , ,normal
SNP,China Petroleum & Chemical Corporation,20111213,Factbox: China's liquefied natural gas import deals ,BEIJING China's Sinopec Group  parent of Sinopec Corp   agreed on Monday to raise its stake in the $20 billion Australia Pacific LNG joint venture to 25 percent and to buy an additional 3.3 million tonnes of gas a year from the project  companies said.,normal
C,Citigroup Inc,20111213,Citigroup to raise $180.5 million from Primerica stake sale ,Primerica Inc  said Citigroup  priced a public offering to sell its remaining stake of about 8.1 million shares in the insurer  in a move that would raise proceeds of about $180.5 million for the U.S. bank.,topStory
C,Citigroup Inc,20111213,UPDATE 2-Citigroup to raise $180.5 mln from Primerica stake sale ,Dec 13 Primerica Inc said Citigroup priced a public offering to sell its remaining stake of about 8.1 million shares in the insurer  in a move that would raise proceeds of about $180.5 million for the U.S. bank.,normal
C,Citigroup Inc,20111213,Citigroup to sell remaining stake in Primerica ,Primerica Inc  said Citigroup  had begun a public offering of its remaining stake in the life insurer  a little over a year after the company was spun-off from the bank through a public listing.,normal
CB,D/B/A Chubb Limited New,20111213,Appeals court tosses JPMorgan lawsuit vs insurers ,* Pact between Bear Stearns and SEC not covered by insurers,topStory
DHR,Danaher Corporation,20111213,L-3 to buy Danaher's defense unit for $210 million ,L-3 Communications  said it would buy Danaher Corp's  defense unit for $210 million in cash  to expand its surveillance and image sensing product offerings  a key growth area for the defense contractor.,topStory
DHR,Danaher Corporation,20111213,UPDATE 2-L-3 to buy Danaher's defense unit for $210 mln ,Dec 13 L-3 Communications said it would buy Danaher Corp's defense unit for $210 million in cash  to expand its surveillance and image sensing product offerings  a key growth area for the defense contractor.,normal
EXK,Endeavour Silver Corporation,20111213,UPDATE 1-Endeavour Silver finds high-grade zones at Mexico mine ,Dec 13 Canadian miner Endeavour Silver Corp said it has discovered two high-grade silver-gold zones at its Guanajuato mine in Mexico and expects a substantial increase in reserves and resources at the mine at the year-end.,topStory
XOM,Exxon Mobil Corporation,20111213,Oil jumps 2 percent on Iran jitters  OPEC meeting eyed ,NEW YORK Oil prices rose 2 percent on Tuesday as geopolitical jitters about Iran combined with threats to supply and key shipping lanes sent U.S. crude above $100 a barrel. | Video ,topStory
FDS,FactSet Research Systems Inc,20111213,UPDATE 1-FactSet Research Q1 profit beats estimates ,Dec 13 Financial information provider FactSet Research Systems Inc posted a better-than-expected quarterly profit as revenue from its U.S.-based customers jumped 14 percent  and forecast a strong second quarter.,topStory
FLT,FleetCor Technologies Inc,20111213,UPDATE 1-FleetCor buys UK fuel card co for $304 mln ,Dec 13 FleetCor Technologies Inc  which sells fuel payment cards and services  bought AllStar Business Solutions Ltd from fleet management company Arval Group for about $304 million  to expand its operations in the United Kingdom.,topStory
FCX,Freeport-McMoran Inc,20111213,Exclusive: Freeport Indonesia union to sign deal to end ,JAKARTA Freeport McMoRan Copper & Gold Inc  and its Indonesian workers' union expect to sign a pay deal on Tuesday to end a three-month strike that has crippled production at the world's second-biggest copper mine  two sources told Reuters.,topStory
GEK,General Electric Capital Corporation,20111213,GE sees 2012 profit up by double-digits ,NEW YORK General Electric Co  expects to record double-digit percentage earnings growth next year  helped by strong demand in the United States and Asia  but is bracing for a slowdown in Europe.,topStory
GE,General Electric Company,20111213,GE sees 2012 profit up by double-digits ,NEW YORK General Electric Co  expects to record double-digit percentage earnings growth next year  helped by strong demand in the United States and Asia  but is bracing for a slowdown in Europe.,topStory
GM,General Motors Company,20111213,Renault boosts 1.6L diesel production for partners ,BOULOGNE-BILLANCOURT  France  Dec 13 (Reuters) -  Renault SA said it plans to double annual output of its 1.6 litre diesel engines to 300 000 units by 2015 to meet demand from partners Nissan  Daimler and General Motors.,topStory
GM,General Motors Company,20111213,TIMELINE-Saab gets payment lifeline ,Dec 13 Ailing carmaker Saab has received a first payment from China's Zhejiang Youngman Lotus Automobile as it struggles to stay in business and faces a crucial court hearing on its future this week.,normal
GS,Goldman Sachs Group Inc (The),20111213,UPDATE 1-Tumi Holdings files for IPO of up to $300 mln ,Dec 13 Tumi Holdings Inc  a maker of luxury baggage and accessories  filed with U.S. regulators on Tuesday to raise up to $300 million in an initial public offering of its common stock.,topStory
GS,Goldman Sachs Group Inc (The),20111213,Goldman invests in tech firm for trading speed ,LONDON  Dec 13 Goldman Sachs and BNP Paribas have invested in U.S. trading technology firm Broadway Technology as big banks look to grab a trading advantage while profits and costs get squeezed.,normal
HUN,Huntsman Corporation,20111213,Gloves stay on in Gingrich-Huntsman N.H. debate ,MANCHESTER  New Hampshire The gloves didn't have to come off on Monday night in a Lincoln-Douglas style debate between Republican rivals Newt Gingrich and Jon Huntsman  who found more agreement than strife on foreign policy issues. | Video ,topStory
JPM,J P Morgan Chase & Co,20111213,Appeals court tosses JPMorgan lawsuit vs insurers ,* Pact between Bear Stearns and SEC not covered by insurers,topStory
LLL,L3 Technologies Inc,20111213,L-3 to buy Danaher's defense unit for $210 million ,L-3 Communications  said it would buy Danaher Corp's  defense unit for $210 million in cash  to expand its surveillance and image sensing product offerings  a key growth area for the defense contractor.,topStory
LLL,L3 Technologies Inc,20111213,UPDATE 2-L-3 to buy Danaher's defense unit for $210 mln ,Dec 13 L-3 Communications said it would buy Danaher Corp's defense unit for $210 million in cash  to expand its surveillance and image sensing product offerings  a key growth area for the defense contractor.,normal
LM,Legg Mason Inc,20111213,BRIEF: Moody's revises Legg Mason Inc rating outlook to negative from stable ,* Moody's revises Legg Mason Inc rating outlook to negative from stable,topStory
LMHA,Legg Mason Inc,20111213,BRIEF: Moody's revises Legg Mason Inc rating outlook to negative from stable ,* Moody's revises Legg Mason Inc rating outlook to negative from stable,topStory
LMHB,Legg Mason Inc,20111213,BRIEF: Moody's revises Legg Mason Inc rating outlook to negative from stable ,* Moody's revises Legg Mason Inc rating outlook to negative from stable,topStory
LYG,Lloyds Banking Group Plc,20111213,Lloyds may decide on CEO this week-sources ,* May decide on CEO  branch sale at Dec 15 meeting-sources,topStory
LMT,Lockheed Martin Corporation,20111213,UPDATE 5-Japan "likely to pick F-35 fighter" this week ,TOKYO  Dec 13 Japan will likely pick Lockheed Martin's F-35 jet as its next frontline fighter  media reported on Tuesday  which may help end six decades of isolation for the country's defence contractors and bolster its military against growing Chinese might.,topStory
LMT,Lockheed Martin Corporation,20111213,U.S. law would require fixed-price F-35 contracts ,WASHINGTON  Dec 12 Future Pentagon purchases of the F-35 Joint Strike Fighter from Lockheed Martin will have to be based on fixed-price contracts under a defense authorization measure approved on Monday by a joint congressional panel.,normal
LMT,Lockheed Martin Corporation,20111213,U.S. to mothball gear to build top F-22 fighter ,WASHINGTON Even as the last F-22 fighter jet rolls out of flag-draped doors at a Lockheed Martin Corp  assembly plant on Tuesday  the Air Force has taken steps that leave open an option to restart the premier plane's production relatively cheaply.,normal
LOW,Lowe&#39;s Companies Inc,20111213,Lowe's defends pulling ads from Muslim TV show ,NEW YORK U.S. home improvement chain Lowe's Monday defended its decision to pull advertising from reality TV show "All-American Muslim" amid charges the company had given in to bigotry.,topStory
LOW,Lowe&#39;s Companies Inc,20111213,Lowe's defends pulling ads from US Muslim TV show ,NEW YORK  Dec 12 U.S. home improvement chain Lowe's defended on Monday its decision to pull advertising from reality show "All-American Muslim" amid charges the company had given in to bigotry.,normal
M,Macy&#39;s Inc,20111213,Retail sales growth weak in November ,WASHINGTON Retail sales grew at their slowest pace in five months in November  tempering expectations for a strong holiday shopping season. | Video ,topStory
MGA,Magna International Inc,20111213,UPDATE 1-Magna to open new solar component facility in Arizona ,Dec 13 Magna International Inc  one of the world's biggest auto parts maker  said its unit will open a new facility in Phoenix to produce components for the solar market by year end.,topStory
MAN,ManpowerGroup,20111213,RPT-China hiring outlook cools as firms turn cautious ,BEIJING  Dec 13 Companies have turned more cautious about plans to hire in China  especially in the lower-wage inland regions  a survey showed on Tuesday  even as workers engaged in strikes over possible job losses at a string of coastal factories.,topStory
MA,Mastercard Incorporated,20111213,REFILE-UPDATE 1-Nomura starts Visa  MasterCard with buy ,Dec 13 Nomura began coverage of payment processing companies Visa  MasterCard and Global Payments with its highest rating  saying payment volumes continue to grow despite macroeconomic challenges.	     The brokerage said global spending trends have remained positive since rebounding from the 2009 recession even in the face of a weak housing and jobs environment in the United States and debt crisis in Europe.Visa  MasterCard and Global Payments. 	     "We are particularly drawn to the,topStory
MBI,MBIA Inc,20111213,Morgan Stanley settles with MBIA  sets $1.8 billion charge ,Morgan Stanley  agreed to give up insurance claims against MBIA Inc  in exchange for a $1.1 billion payment from the ailing insurer  ending a two-year legal fight over guarantees on mortgage bonds. | Video ,topStory
MDT,Medtronic plc,20111213,Medtronic settles U.S. probe over doctor kickbacks ,WASHINGTON Medtronic Inc has agreed to pay $23.5 million to settle allegations that it paid kickbacks to doctors to encourage them to use its pacemakers and defibrillators  the U.S. Justice Department said on Monday.,topStory
MDT,Medtronic plc,20111213,Medtronic settles U.S. probe over doctor kickbacks ,WASHINGTON Medtronic Inc has agreed to pay $23.5 million to settle allegations that it paid kickbacks to doctors to encourage them to use its pacemakers and defibrillators  the U.S. Justice Department said on Monday.,normal
MRK,Merck & Company Inc,20111213,Merck CEO defends hefty research spending ,NEW YORK The chief executive of Merck & Co  on Tuesday defended his refusal to slash the drugmaker's $8 billion research budget and warned that global price constraints threaten the pharmaceutical industry's ability to innovate.,topStory
MRK,Merck & Company Inc,20111213,Head of Penn State probe hopes it will finish in spring ,NEW YORK - The head of the special committee set up by Penn State University to investigate the child sex abuse scandal said on Tuesday he hoped the inquiry could be completed in the current academic year.,normal
MRK,Merck & Company Inc,20111213,Head of Penn State probe hopes it will finish in spring ,NEW YORK The head of the special committee set up by Penn State University to investigate the child sex abuse scandal said on Tuesday he hoped the inquiry could be completed in the current academic year.,normal
MRK,Merck & Company Inc,20111213,Merck to gain rights to Mochida diabetes drug ,TOKYO  Dec 13 U.S. drugmaker Merck & Co  will buy the global rights to develop and sell a Mochida Pharmaceutical Co's experimental medicine to treat Type-2 diabetes  the Japanese drugmaker said Tuesday.,normal
MCO,Moody&#39;s Corporation,20111213,BRIEF: Moody's revises Legg Mason Inc rating outlook to negative from stable ,* Moody's revises Legg Mason Inc rating outlook to negative from stable,topStory
MCO,Moody&#39;s Corporation,20111213,BRIEF-Moody's revises otlk to neg for global refining & marketing sector ,Dec 13 Global refining and marketing (R&M) sector,normal
MCO,Moody&#39;s Corporation,20111213,BRIEF-Moody's places all classes of UK ground-rent backed Fairhold Securitisation Limited on review ,* Moody's places all classes of UK ground-rent backed Fairhold Securitisation Limited on review for possible downgrade due to heightened refinancing risk,normal
MCO,Moody&#39;s Corporation,20111213,BRIEF: Moody's: Australian mortgage insurance industry outlook negative ,* Moody's: Australian mortgage insurance industry outlook negative,normal
MS,Morgan Stanley,20111213,Morgan Stanley settles with MBIA  sets $1.8 billion charge ,Morgan Stanley  agreed to give up insurance claims against MBIA Inc  in exchange for a $1.1 billion payment from the ailing insurer  ending a two-year legal fight over guarantees on mortgage bonds. | Video ,topStory
MS,Morgan Stanley,20111213,Morgan Keegan loses 3 brokers as auction drags ,* Recruiters say 20 Morgan Keegan advisers left since June,normal
MSCI,MSCI Inc,20111213,Volumes  foreign limits may deny UAE  Qatar MSCI upgrade ,DUBAI  Dec 13 Low market liquidity in the United Arab Emirates and Qatar's failure to raise foreign ownership limits threaten to deny MSCI emerging market status to the Gulf neighbours for a third time on Wednesday.,topStory
OXY,Occidental Petroleum Corporation,20111213,BP  CNPC get 3rd Iraq Rumaila crude payments-source ,BAGHDAD  Dec 13 BP Plc received a third payment for its investment in Iraq's supergiant Rumaila oilfield when a tanker loaded 2 million barrels of light crude at the southern oil hub of Basra on Tuesday  a shipping source said.,topStory
OXY,Occidental Petroleum Corporation,20111213,KOGAS says to sell 1 mln bbls Iraqi crude with Occidental ,SEOUL  Dec 13 South Korea's state-run Korea Gas Corp and Occidental Petroleum Corp  will sell a combined 1 million barrels of crude from Iraq's Zubair oilfield to international markets  KOGAS said in a statement on Tuesday.,normal
PCG,Pacific Gas & Electric Co,20111213,UPDATE 1-Tauron CFO sees 2012 investment rising ,* 2011 net profit at 1.2 bln zlotys seems 'very realistic',topStory
PCG,Pacific Gas & Electric Co,20111213,Tauron eyes nuclear plant construction with PGE ,WARSAW  Dec 13 Poland's No.2 utility Tauron may cooperate with its larger local rival PGE  in the construction of a nuclear power plant  Tauron's chief executive said on Tuesday.,normal
PFE,Pfizer Inc,20111213,Pfizer names Read chairman  OKs $10 billion in buybacks ,NEW YORK Pfizer Inc   the world's biggest drugmaker  named Chief Executive Ian Read to the additional post of chairman and authorized buying back company stock for up to $10 billion.,topStory
PRI,Primerica Inc,20111213,Citigroup to raise $180.5 million from Primerica stake sale ,Primerica Inc  said Citigroup  priced a public offering to sell its remaining stake of about 8.1 million shares in the insurer  in a move that would raise proceeds of about $180.5 million for the U.S. bank.,topStory
PRI,Primerica Inc,20111213,UPDATE 2-Citigroup to raise $180.5 mln from Primerica stake sale ,Dec 13 Primerica Inc said Citigroup priced a public offering to sell its remaining stake of about 8.1 million shares in the insurer  in a move that would raise proceeds of about $180.5 million for the U.S. bank.,normal
PRI,Primerica Inc,20111213,Citigroup to sell remaining stake in Primerica ,Primerica Inc  said Citigroup  had begun a public offering of its remaining stake in the life insurer  a little over a year after the company was spun-off from the bank through a public listing.,normal
RJF,Raymond James Financial Inc,20111213,DIARY-U.S. MEETINGS/WEEK AHEAD ,THOMSON REUTERS  December 13  2011 - Corporate Meetings for US companies for Week ahead.	         S&P 500 Earnings - Weekly           S&P 500 Earnings - Day Ahead   	     Non S&P 500 - Weekly               Non S&P 500 - Day Ahead        	     ConferenceCall/Webcast - Weekly    ConferenceCall/Webcast - Day   	     S&P 500 Earnings - Monthly           Meetings - Day Ahead           	     Economic Indicators                  Dividends                      	     Daily earnings hits & misses    	    ,topStory
RIO,Rio Tinto Plc,20111213,Rio Tinto wins fight against Ivanhoe poison pill ,MELBOURNE An independent arbitrator cleared the way on Tuesday for mining group Rio Tinto Plc  to take over Ivanhoe Mines Ltd   saying the $16 billion Canadian company's "poison pill" defense was not valid.,topStory
RIO,Rio Tinto Plc,20111213,UPDATE 5-Rio Tinto wins fight against Ivanhoe poison pill ,* Prize is majority stake in massive Mongolian copper mine,normal
RIO,Rio Tinto Plc,20111213,Rio says no current intention to bid for Ivanhoe ,LONDON  Dec 13 Anglo-Australian miner Rio Tinto confirmed on Tuesday that an independent arbitrator had cleared the way for it to bid for Canada's Ivanhoe Mines but said it had no current intention of making an offer.,normal
RIO,Rio Tinto Plc,20111213,UPDATE 1-Ivanhoe receives ruling in Rio dispute ,Dec 13 Ivanhoe Mines Ltd said it received a ruling on an  arbitration dispute with Rio Tinto   its largest shareholder  which will allow it to keep a shareholders' rights plan in place until 2013.,normal
COL,Rockwell Collins Inc,20111213,Rockwell Collins not for sale ,NEW YORK  Dec 12 Rockwell Collins Inc  is not for sale right now  but the company would be fiscally responsible if a potential buyer were willing to pay a high price for the supplier of flight controls and other electronics for airplanes  its chief executive said on Monday.,topStory
RBS,Royal Bank Scotland plc (The),20111213,Boutique banks to cash in on UK call for M&A advice ,LONDON Smaller investment banks are hoping to earn more fees at the expense of larger rivals after Britain's financial watchdog called for independent advice on takeovers in its report into the near-collapse of Royal Bank of Scotland .,topStory
RBS,Royal Bank Scotland plc (The),20111213,Boutique banks to cash in on UK call for M&A advice ,LONDON  Dec 13 Smaller investment banks are hoping to earn more fees at the expense of larger rivals after Britain's financial watchdog called for independent advice on takeovers in its report into the near-collapse of Royal Bank of Scotland.,normal
RBS,Royal Bank Scotland plc (The),20111213,PRESS DIGEST - British business - Dec 13 ,The London Stock Exchange is paying 450 million pounds to take full control of FTSE International in a deal that means Britain's blue-chip stock market index will sever its historic ties to the Financial Times newspaper,normal
SAP,SAP SE,20111213,Cloud tech firm CloudShare sees 2012 sales surge ,TEL AVIV  Dec 13 U.S.-Israeli start-up CloudShare  whose technology enables Web-based development and testing of software applications  expects to as much as triple sales in 2012 as its benefits from the rapidly growing cloud computing market.,topStory
STT,State Street Corporation,20111213,MOVES-State Street  GAM  Dexia Asset Management ,Dec 13 The following financial service industry appointments were announced on Tuesday. To inform us of other job changes  email to moves@thomsonreuters.com.,topStory
STO,Statoil ASA,20111213,UPDATE 2-Statoil's Luva field development to cost $5.84 bln ,* Recoverable reserves 47 billion standard cubic metres of gas   (Adds company comment),topStory
VLO,Valero Energy Corporation,20111213,UPDATE 1-Valero reports power outage at Port Arthur refinery ,Dec 13 Valero Energy Corp reported a brief power outage on Monday at its 287 000 barrel-per-day refinery in Port Arthur  Texas  according to a filing with the U.S. National Response.,topStory
VLO,Valero Energy Corporation,20111213,Valero reports power outage at Port Arthur refinery ,Dec 13 Valero Energy Corp reported a brief power outage on Monday at its 287 000 barrel-per-day refinery in Port Arthur  Texas  in a filing with the U.S. National Response.,normal
V,Visa Inc,20111213,REFILE-UPDATE 1-Nomura starts Visa  MasterCard with buy ,Dec 13 Nomura began coverage of payment processing companies Visa  MasterCard and Global Payments with its highest rating  saying payment volumes continue to grow despite macroeconomic challenges.	     The brokerage said global spending trends have remained positive since rebounding from the 2009 recession even in the face of a weak housing and jobs environment in the United States and debt crisis in Europe.Visa  MasterCard and Global Payments. 	     "We are particularly drawn to the,topStory
WFC,Wells Fargo & Company,20111213,Wells Fargo to Pay 'Defamed' Broker $500 000 ,Dec 13 A unit of Wells Fargo & Co must pay $500 000 to a broker who alleged the firm made defamatory statements about him in a regulatory filing  according to a ruling by a Financial Industry Regulatory Authority arbitration panel.,topStory
WBK,Westpac Banking Corporation,20111213,How to afford an investment adviser without breaking the bank ,A few months ago Yves Colon and his wife Melissa had a number of retirement accounts from previous jobs scattered among different financial institutions  and only a vague idea of what to do with them.,topStory
