AMZN,Amazoncom Inc,20111202,Publishers warm to e-books on their own terms ,PARIS Book publishers have survived the first stage of a digital revolution in better shape than the music industry and are now embracing the shift to e-books in their search for new revenue streams and lower costs.,topStory
AMZN,Amazoncom Inc,20111202,UPDATE 1-Google in talks to take on Amazon in retail-WSJ ,Dec 1 Google Inc is pondering an Internet service to help consumers shop online and take advantage of same-day delivery  hoping to stanch the loss of Web traffic to Amazon.com Inc   the Wall Street Journal reported on Thursday.,normal
AAPL,Apple Inc,20111202,Publishers warm to e-books on their own terms ,PARIS Book publishers have survived the first stage of a digital revolution in better shape than the music industry and are now embracing the shift to e-books in their search for new revenue streams and lower costs.,topStory
AAPL,Apple Inc,20111202,Insight: Apple vs Samsung lawsuit full of secret combat ,The biggest legal battle for the technology industry is playing out in a federal court in Silicon Valley  where Apple is trying to stop Samsung from selling Galaxy phones and tablets in the United States.,normal
AAPL,Apple Inc,20111202,RPT-INSIGHT-UPDATE 2-Apple vs Samsung suit full of secret combat ,Dec 1 The biggest legal battle for the technology industry is playing out in a federal court in Silicon Valley  where Apple is trying to stop Samsung from selling Galaxy phones and tablets in the United States.,normal
AAPL,Apple Inc,20111202,Australia court extends Samsung Galaxy Tab sales ban ,SYDNEY An Australian court on Friday extended a ban on sales of Samsung Electronics' latest Galaxy tablet in the country by at least a week  further delaying the South Korean technology firm's attempt to sell the device to Christmas shoppers.,normal
AAPL,Apple Inc,20111202,UPDATE 1-Australia court extends Samsung Galaxy Tab sales ban ,* Ban on Samsung Galaxy tablet sales extended by at least a week,normal
AAPL,Apple Inc,20111202,INSIGHT-UPDATE 2-Apple vs Samsung lawsuit full of secret combat ,Dec 1 The biggest legal battle for the technology industry is playing out in a federal court in Silicon Valley  where Apple is trying to stop Samsung from selling Galaxy phones and tablets in the United States.,normal
TAPR,Barclays Inverse US Treasury Composite ETN,20111202,Barclays faces $110 mln lawsuit-FT ,LONDON  Dec 2 Barclays Plc faces an 82 million euro ($110 million) lawsuit in London as CF Partners claims the bank misused confidential information from a potential client to clinch the takeover of a Swedish carbon trading company in 2010  the Financial Times reported on Friday.,topStory
DLBL,Barclays PLC,20111202,Barclays faces $110 mln lawsuit-FT ,LONDON  Dec 2 Barclays Plc faces an 82 million euro ($110 million) lawsuit in London as CF Partners claims the bank misused confidential information from a potential client to clinch the takeover of a Swedish carbon trading company in 2010  the Financial Times reported on Friday.,topStory
DTYL,Barclays PLC,20111202,Barclays faces $110 mln lawsuit-FT ,LONDON  Dec 2 Barclays Plc faces an 82 million euro ($110 million) lawsuit in London as CF Partners claims the bank misused confidential information from a potential client to clinch the takeover of a Swedish carbon trading company in 2010  the Financial Times reported on Friday.,topStory
CSCO,Cisco Systems Inc,20111202,Analysis: Cisco set on proving it can succeed in tablet market ,Cisco Systems Inc is stepping up its push to sell its Cius tablet computers to corporate customers  defying skeptics who say the product is short of the sex appeal and brand recognition it would need to win over the workforce.,topStory
CMCSA,Comcast Corporation,20111202,Verizon to buy cable spectrum  pressuring rivals ,Verizon Wireless will pay top U.S. cable providers $3.6 billion for wireless airwaves and let them resell its mobile service  heating up competition with the wireless company's chief rivals.,topStory
CMCSA,Comcast Corporation,20111202,UPDATE 4-Verizon to buy cable spectrum  pressuring rivals ,* Deal comes as AT&T struggles to close T-Mobile USA deal,normal
ERIC,Ericsson,20111202,Sweden keeps Syrian telecoms firms off EU sanctions list ,BRUSSELS/STOCKHOLM Sweden blocked an effort by other EU states to add two telecoms firms in Syria with commercial links to Swedish firm Ericsson to an EU sanctions list this week  EU diplomats said.,topStory
ERIC,Ericsson,20111202,Sweden keeps Syrian telecoms firms off EU sanctions list ,* All other EU states wanted to add telecoms firms to list,normal
ERIC,Ericsson,20111202,BUY OR SELL-Ericsson a long-term winner with short-term issues ,STOCKHOLM  Dec 2 Ericsson  the world's top supplier of mobile phone network infrastructure  is seen enhancing its competitive advantage over rivals  but the global downturn and pressure on the gross margin will leave the share vulnerable to setbacks.,normal
DTYS,iPath US Treasury 10-year Bear ETN,20111202,Barclays faces $110 mln lawsuit-FT ,LONDON  Dec 2 Barclays Plc faces an 82 million euro ($110 million) lawsuit in London as CF Partners claims the bank misused confidential information from a potential client to clinch the takeover of a Swedish carbon trading company in 2010  the Financial Times reported on Friday.,topStory
DTUS,iPath US Treasury 2-year Bear ETN,20111202,Barclays faces $110 mln lawsuit-FT ,LONDON  Dec 2 Barclays Plc faces an 82 million euro ($110 million) lawsuit in London as CF Partners claims the bank misused confidential information from a potential client to clinch the takeover of a Swedish carbon trading company in 2010  the Financial Times reported on Friday.,topStory
DTUL,iPath US Treasury 2-year Bull ETN,20111202,Barclays faces $110 mln lawsuit-FT ,LONDON  Dec 2 Barclays Plc faces an 82 million euro ($110 million) lawsuit in London as CF Partners claims the bank misused confidential information from a potential client to clinch the takeover of a Swedish carbon trading company in 2010  the Financial Times reported on Friday.,topStory
DFVS,iPath US Treasury 5-year Bear ETN,20111202,Barclays faces $110 mln lawsuit-FT ,LONDON  Dec 2 Barclays Plc faces an 82 million euro ($110 million) lawsuit in London as CF Partners claims the bank misused confidential information from a potential client to clinch the takeover of a Swedish carbon trading company in 2010  the Financial Times reported on Friday.,topStory
DFVL,iPath US Treasury 5-year Bull ETN,20111202,Barclays faces $110 mln lawsuit-FT ,LONDON  Dec 2 Barclays Plc faces an 82 million euro ($110 million) lawsuit in London as CF Partners claims the bank misused confidential information from a potential client to clinch the takeover of a Swedish carbon trading company in 2010  the Financial Times reported on Friday.,topStory
FLAT,iPath US Treasury Flattener ETN,20111202,Barclays faces $110 mln lawsuit-FT ,LONDON  Dec 2 Barclays Plc faces an 82 million euro ($110 million) lawsuit in London as CF Partners claims the bank misused confidential information from a potential client to clinch the takeover of a Swedish carbon trading company in 2010  the Financial Times reported on Friday.,topStory
DLBS,iPath US Treasury Long Bond Bear ETN,20111202,Barclays faces $110 mln lawsuit-FT ,LONDON  Dec 2 Barclays Plc faces an 82 million euro ($110 million) lawsuit in London as CF Partners claims the bank misused confidential information from a potential client to clinch the takeover of a Swedish carbon trading company in 2010  the Financial Times reported on Friday.,topStory
STPP,iPath US Treasury Steepener ETN,20111202,Barclays faces $110 mln lawsuit-FT ,LONDON  Dec 2 Barclays Plc faces an 82 million euro ($110 million) lawsuit in London as CF Partners claims the bank misused confidential information from a potential client to clinch the takeover of a Swedish carbon trading company in 2010  the Financial Times reported on Friday.,topStory
STX,Seagate Technology PLC,20111202,Western Digital could regain market share quickly ,Hard disk drive maker Western Digital Corp  the worst hit by the Thai floods  could recover the market share it has lost to smaller rival Seagate Technology faster-than-anticipated  analysts said.,topStory
STX,Seagate Technology PLC,20111202,Western Digital could regain market share ,Hard disk drive maker Western Digital Corp   the worst hit by the Thai floods  could recover the market share it has lost to smaller rival Seagate Technology  faster-than-anticipated  analysts said.,normal
STX,Seagate Technology PLC,20111202,UPDATE 3-Western Digital partly resumes Thai output;Toshiba continues cleanup ,* Sees Oct-Dec revenue of at least $1.8 bln vs $1.2 bln consensus,normal
ZUMZ,Zumiez Inc,20111202,Zumiez shares jump on Q3 results  strong November sales ,Shares of teen retailer Zumiez Inc  jumped as much as 20 percent on Friday  a day after the company topped quarterly earnings expectations yet again and posted higher-than-expected sales in November.,topStory
T,AT&T Inc,20111202,Verizon to buy cable spectrum  pressuring rivals ,Verizon Wireless will pay top U.S. cable providers $3.6 billion for wireless airwaves and let them resell its mobile service  heating up competition with the wireless company's chief rivals.,topStory
T,AT&T Inc,20111202,UPDATE 4-Verizon to buy cable spectrum  pressuring rivals ,* Deal comes as AT&T struggles to close T-Mobile USA deal,normal
SAN,Banco Santander SA,20111202,UPDATE 2-Santander and Sabadell boost capital ratios ,* Santander  Sabadell to exchange preference shares for new shares,topStory
BAC,Bank of America Corporation,20111202,Analysis: BofA is close to its limit for share issuance ,Bank of America Corp  has issued nearly all the shares authorized by its shareholders  and if the bank needed to sell new stock  it would likely have to seek permission from its investors.,topStory
BAC,Bank of America Corporation,20111202,BofA spends another $1.1 billion on share exchange ,Bank of America Corp  has issued about $1.1 billion in common stock and senior notes as it continues a previously announced swap for outstanding securities held by institutional investors  according to a filing Friday.,normal
BAC,Bank of America Corporation,20111202,BofA CEO faces investors  shares plumb lows ,Bank of America Chief Executive Officer Brian Moynihan will have his work cut out for him next week when he speaks at an investor conference in New York  despite a recent uptick in his bank's stock price.,normal
BAC,Bank of America Corporation,20111202,BofA CEO faces investors  shares plumb lows ,* Bank also makes CFO  co-COO available to some investors,normal
BAC,Bank of America Corporation,20111202,DIARY-U.S. MEETINGS/WEEK AHEAD ,THOMSON REUTERS  December 2  2011 - Corporate Meetings for US companies for Week ahead.	         S&P 500 Earnings - Weekly           S&P 500 Earnings - Day Ahead   	     Non S&P 500 - Weekly               Non S&P 500 - Day Ahead        	     ConferenceCall/Webcast - Weekly    ConferenceCall/Webcast - Day   	     S&P 500 Earnings - Monthly           Meetings - Day Ahead           	     Economic Indicators                  Dividends                      	     Daily earnings hits & misses    	     ,normal
BNS,Bank of Nova Scotia (The),20111202,RBC  Scotiabank top estimates on loans  wealth management ,TORONTO Royal Bank of Canada's  shares jumped nearly 4 percent on stronger-than-expected fourth-quarter earnings  while Bank of Nova Scotia  came under pressure despite also topping analysts' estimates.,topStory
BCS,Barclays PLC,20111202,Barclays faces $110 mln lawsuit-FT ,LONDON  Dec 2 Barclays Plc faces an 82 million euro ($110 million) lawsuit in London as CF Partners claims the bank misused confidential information from a potential client to clinch the takeover of a Swedish carbon trading company in 2010  the Financial Times reported on Friday.,topStory
BIG,Big Lots Inc,20111202,Big Lots cautions on Christmas sales; shares fall ,Close-out retailer Big Lots Inc  raised its full-year earnings outlook but expressed concerns about consumer demand trends for the key December selling season  sending shares down 8 percent on Friday morning.,topStory
BA,Boeing Company (The),20111202,Airbus alleges U.S. interference in $22 billion Boeing deal ,Europe's Airbus accused the White House of derailing open competition by helping Boeing Co  win a record aircraft deal in Indonesia as details emerged of a behind-the-scenes struggle over jobs and airplane sales worth almost $22 billion.,topStory
BA,Boeing Company (The),20111202,Airbus alleges U.S. interference in $22 billion Boeing deal ,Europe's Airbus accused the White House of derailing open competition by helping Boeing Co  win a record aircraft deal in Indonesia as details emerged of a behind-the-scenes struggle over jobs and airplane sales worth almost $22 billion.,normal
BA,Boeing Company (The),20111202,Airbus alleges U.S. interference in $22 billion Boeing deal ,Dec 2 Europe's Airbus accused the White House of derailing open competition by helping Boeing Co  win a record aircraft deal in Indonesia as details emerged of a behind-the-scenes struggle over jobs and airplane sales worth almost $22 billion.,normal
BP,BP plc,20111202,UPDATE 1-BP chairman Svanberg to stay in role-source ,LONDON  Dec 2 BP Chairman Carl-Henric Svanberg plans to remain in his role at the oil major even if he takes up the same position at Swedish truck maker Volvo  a source told Reuters.,topStory
BP,BP plc,20111202,UPDATE 2-NORDIC STOCKS - Factors to watch on Dec 2 ,HELSINKI  Dec 2 The following stocks may be affected by newspaper reports and other factors on Friday:,normal
BMY,Bristol-Myers Squibb Company,20111202,Bristol-Myers  J&J team up against hepatitis C ,NEW YORK Bristol-Myers Squibb Co and Johnson & Johnson plan to jointly develop experimental treatments for hepatitis C in a market worth billions of dollars.,topStory
CVX,Chevron Corporation,20111202,UPDATE 1-Chevron reports flaring at El Segundo refinery ,Dec 2 Chevron reported unplanned flaring at its 265 500 barrel-per-day refinery in El Segundo  California  in a filing with state pollution regulators.,topStory
CVX,Chevron Corporation,20111202,Chevron reports flaring at El Segundo refinery ,Dec 2 Chevron reported unplanned flaring at its 265 500 barrel-per-day refinery in El Segundo  California on Friday in a filing with state pollution regulators.,normal
CVX,Chevron Corporation,20111202,Pacesetting Choi stands tall in strong Sherwood winds ,THOUSAND OAKS  California South Korean KJ Choi  who regularly practises in strong winds at his U.S. base in Dallas  was seemingly unflappable in 35 miles per hour (56 km/h) gusts during Thursday's first round at the Chevron World Challenge.,normal
SNP,China Petroleum & Chemical Corporation,20111202,Sinopec  SK to further discuss ethylene JV ,BEIJING  Dec 2 Asia's top refiner China Petroleum & Chemical Corp (Sinopec)    and Korea's SK Group signed a Memorandum of Understanding on strategic cooperation on Friday  including a joint investment on an 800 000 tonne-per-year ethylene project in central China.,topStory
C,Citigroup Inc,20111202,MOVES-JP Morgan Chase  Citigroup  Credit Suisse ,Dec 2 The following financial service industry appointments were announced on Friday. To inform us of other job changes  email to moves@thomsonreuters.com.,topStory
CMC,Commercial Metals Company,20111202,Icahn gives deadline to Commercial Metals on buyout ,Billionaire investor Carl Icahn set a deadline of Monday morning for Commercial Metals  to respond to his offer to buy out the metals recycler.,topStory
CMC,Commercial Metals Company,20111202,UPDATE 1-Icahn gives deadline to Commercial Metals on buyout offer ,Dec 2 Billionaire investor Carl Icahn set a deadline of Monday morning for Commercial Metals to respond to his offer to buy out the metals recycler.,normal
EV,Eaton Vance Corporation,20111202,Funds move away from star managers  favor teams ,(Reuters) -- Mutual fund star managers have gone the way of the vinyl record: They're cool to have  expensive to get  and sometimes  not the best quality.,topStory
EV,Eaton Vance Corporation,20111202,Funds move away from star managers  favor teams ,* Market swings make it harder than ever for star managers,normal
ENB,Enbridge Inc,20111202,Enbridge sees native support for Gateway pipeline ,TORONTO Enbridge Inc expects to win support for its C$5.5 billion ($5.4 billion) Northern Gateway oil pipeline from a majority of native communities along the proposed route based on current negotiations  an executive said on Friday.,topStory
E,ENI SpA,20111202,EU mergers and takeovers (Dec 2) ,BRUSSELS  Dec 2 The following are mergers under review by the European Commission and a brief guide to the EU merger process:,topStory
FII,Federated Investors Inc,20111202,Funds move away from star managers  favor teams ,(Reuters) -- Mutual fund star managers have gone the way of the vinyl record: They're cool to have  expensive to get  and sometimes  not the best quality.,topStory
FII,Federated Investors Inc,20111202,Funds move away from star managers  favor teams ,* Market swings make it harder than ever for star managers,normal
FDX,FedEx Corporation,20111202,UPDATE 2-FedEx raising some shipping rates by 4.9 pct ,Dec 2 FedEx Corp said it will raise rates for FedEx Ground and FedEx Home Delivery by a net average 4.9 percent next year  matching the 2011 increase.,topStory
FCF,First Commonwealth Financial Corporation,20111202,Text-Fitch affirms First Commonwealth Financial IDR ,CHICAGO  December 02 (Fitch) Fitch Ratings has affirmed the long-term Issuer Default Ratings (IDR) of First Commonwealth Financial Corp. (FCF) and its lead bank subsidiary  First Commonwealth Financial Bank  at 'BBB'. The Rating Outlook is Stable. A complete list of ratings is provided at the end of this release. The affirmation of FCF's ratings reflects its prudent capital management and the continued improvements in the risk profile of its asset mix. Performance and asset quality lag the rated,topStory
GEK,General Electric Capital Corporation,20111202,GE  Rolls drop push to build F-35 engines ,General Electric Co and Rolls Royce dropped their drive to build an alternate engine for Lockheed Martin Corp's F-35 joint strike fighter  giving up on what they had said could be a $100 billion market.,topStory
GEK,General Electric Capital Corporation,20111202,UPDATE 3-GE  Rolls drop push to build F-35 engines ,Dec 2 General Electric Co and Rolls Royce dropped their drive to build an alternate engine for Lockheed Martin Corp's F-35 joint strike fighter  giving up on what they had said could be a $100 billion market.,normal
GEK,General Electric Capital Corporation,20111202,GE  Rolls Royce drop effort to build F35 engines ,Dec 2 General Electric Co and Rolls Royce are dropping their effort to build an alternate engine for Lockheed Martin Corp's F-35 joint strike fighter  giving up on what they said could be a $100 billion market.,normal
GE,General Electric Company,20111202,GE  Rolls drop push to build F-35 engines ,General Electric Co and Rolls Royce dropped their drive to build an alternate engine for Lockheed Martin Corp's F-35 joint strike fighter  giving up on what they had said could be a $100 billion market.,topStory
GE,General Electric Company,20111202,UPDATE 3-GE  Rolls drop push to build F-35 engines ,Dec 2 General Electric Co and Rolls Royce dropped their drive to build an alternate engine for Lockheed Martin Corp's F-35 joint strike fighter  giving up on what they had said could be a $100 billion market.,normal
GE,General Electric Company,20111202,GE  Rolls Royce drop effort to build F35 engines ,Dec 2 General Electric Co and Rolls Royce are dropping their effort to build an alternate engine for Lockheed Martin Corp's F-35 joint strike fighter  giving up on what they said could be a $100 billion market.,normal
GM,General Motors Company,20111202,GM explores Volt battery design changes ,December 2 - General Motors Co  is exploring design changes to the Chevrolet Volt battery to address issues raised after federal safety officials opened a probe into the plug-in electric car  a top executive said on Friday. | Video ,topStory
GS,Goldman Sachs Group Inc (The),20111202,Goldman Sachs veteran Forst to retire ,Goldman Sachs Group's  co-head of investment management  Edward Forst  will retire at the end of the year after 16 years with the company  according to a memo sent to employees on Friday.,topStory
GS,Goldman Sachs Group Inc (The),20111202,UPDATE 2-Goldman Sachs veteran Forst to retire ,Dec 2 Goldman Sachs Group's  co-head of investment management  Edward Forst  will retire at the end of the year after 16 years with the company  according to a memo sent to employees on Friday.,normal
GS,Goldman Sachs Group Inc (The),20111202,DIARY-U.S. MEETINGS/WEEK AHEAD ,THOMSON REUTERS  December 2  2011 - Corporate Meetings for US companies for Week ahead.	         S&P 500 Earnings - Weekly           S&P 500 Earnings - Day Ahead   	     Non S&P 500 - Weekly               Non S&P 500 - Day Ahead        	     ConferenceCall/Webcast - Weekly    ConferenceCall/Webcast - Day   	     S&P 500 Earnings - Monthly           Meetings - Day Ahead           	     Economic Indicators                  Dividends                      	     Daily earnings hits & misses    	     ,normal
GS,Goldman Sachs Group Inc (The),20111202,RPT-Khazanah's unit adds three more banks for IPO-sources ,SINGAPORE  Dec 2 Malaysian state investor Khazanah's healthcare unit has added Goldman Sachs  DBS  and Credit Suisse as joint bookrunners for a planned $1.5 billion initial public offering next year  two sources with knowledge of the deal said on Friday.,normal
GS,Goldman Sachs Group Inc (The),20111202,Khazanah's unit adds three more banks for IPO-sources ,SINGAPORE  Dec 2 Malaysian state investor Khazanah's healthcare unit has added Goldman Sachs  DBS  and Credit Suisse as joint bookrunners for a planned $1.5 billion initial public offering next year  two sources with knowledge of the deal said on Friday.,normal
TV,Grupo Televisa SA,20111202,Mexico tycoon Salinas beefs up smartphone offer ,MEXICO CITY  Dec 2 Media and retail mogul Ricardo Salinas is adding China's Huawei Technologies to a growing roster of handset providers in a bid to grow his presence in Mexico's smartphone market.,topStory
HRB,H&R Block Inc,20111202,H&R Block shares fall on wider Q2 loss ,H&R Block's  shares tumbled as much as 10 percent  a day after the largest U.S. tax preparer reported a wider second-quarter loss due to one-time charges.,topStory
HMC,Honda Motor Company Ltd,20111202,Honda recalls 304 035 cars globally for air bag defect ,TOKYO Honda Motor Co on Friday recalled 304 035 cars worldwide for faulty air bags that could burst due to defective inflators  marking the sixth recall in three years for a problem it said has caused 20 injuries.,topStory
HMC,Honda Motor Company Ltd,20111202,UPDATE 1-Honda recalls 304 035 cars globally for air bag defect ,* Latest recall is sixth in 3 years over faulty air bag inflators,normal
HMC,Honda Motor Company Ltd,20111202,Honda recalls 304 035 cars globally due to faulty air bag ,TOKYO  Dec 2 Honda Motor Co said on Friday that it is recalling 304 035 cars globally after finding the models were equipped with air bags that could burst due to faulty inflators.,normal
HSBC,HSBC Holdings plc,20111202,New Issue-Rentenbank adds 100 mln NOK to  2018 bond ,Notes                   Launched under issuer's EMTN programme,topStory
HSBC,HSBC Holdings plc,20111202,'Axe sheets' grow as Credit Agricole  others dump Asia loans ,HONG KONG  Dec 2 Under pressure from a spiralling debt crisis at home  Credit Agricole and other European banks are offloading more of the loans they hold in Asia  squeezing up lending rates and making it tougher for small and mid-sized companies to borrow.,normal
HSEA,HSBC Holdings plc,20111202,New Issue-Rentenbank adds 100 mln NOK to  2018 bond ,Notes                   Launched under issuer's EMTN programme,topStory
HSEA,HSBC Holdings plc,20111202,'Axe sheets' grow as Credit Agricole  others dump Asia loans ,HONG KONG  Dec 2 Under pressure from a spiralling debt crisis at home  Credit Agricole and other European banks are offloading more of the loans they hold in Asia  squeezing up lending rates and making it tougher for small and mid-sized companies to borrow.,normal
HSEB,HSBC Holdings plc,20111202,New Issue-Rentenbank adds 100 mln NOK to  2018 bond ,Notes                   Launched under issuer's EMTN programme,topStory
HSEB,HSBC Holdings plc,20111202,'Axe sheets' grow as Credit Agricole  others dump Asia loans ,HONG KONG  Dec 2 Under pressure from a spiralling debt crisis at home  Credit Agricole and other European banks are offloading more of the loans they hold in Asia  squeezing up lending rates and making it tougher for small and mid-sized companies to borrow.,normal
JPM,J P Morgan Chase & Co,20111202,MOVES-JP Morgan Chase  Citigroup  Credit Suisse ,Dec 2 The following financial service industry appointments were announced on Friday. To inform us of other job changes  email to moves@thomsonreuters.com.,topStory
JPM,J P Morgan Chase & Co,20111202,JP Morgan hires Hounslow as Asia Pac prime broking head ,HONG KONG JP Morgan Chase & Co  has hired former Credit Suisse Group AG  executive Neil Hounslow as head of its prime brokerage in Asia-Pacific as the Wall Street bank looks to service hedge funds investing in the region.,normal
JPM,J P Morgan Chase & Co,20111202,UPDATE 1-JP Morgan hires Hounslow as Asia Pac prime broking head ,HONG KONG  Dec 2 JP Morgan Chase & Co  has hired former Credit Suisse Group AG  executive Neil Hounslow as head of its prime brokerage in Asia-Pacific as the Wall Street bank looks to service hedge funds investing in the region.,normal
JPM,J P Morgan Chase & Co,20111202,JP Morgan hires Hounslow as Asia Pac prime broking head ,HONG KONG  Dec 2 JP Morgan Chase & Co  has hired former Credit Suisse Group AG  executive Neil Hounslow as head of its prime brokerage in Asia-Pacific as the Wall Street bank looks to service hedge funds investing in the region.,normal
JPM,J P Morgan Chase & Co,20111202,Madoff trustee can appeal JPMorgan $19 bln loss ,Dec 1 The trustee seeking money for Bernard Madoff's victims won the right to immediately appeal a ruling that took away more than $19 billion of his claims against JPMorgan Chase & Co   Madoff's main bank for two decades.,normal
JNJ,Johnson & Johnson,20111202,Bristol-Myers  J&J team up against hepatitis C ,NEW YORK Bristol-Myers Squibb Co and Johnson & Johnson plan to jointly develop experimental treatments for hepatitis C in a market worth billions of dollars.,topStory
LPL,LG Display Co Ltd,20111202,Flat-screen firm LG Display names TV chief as new CEO ,SEOUL South Korea's LG Display Co Ltd said on Friday that its head of TV business will take over as chief executive in 2012 in a surprise announcement as the flat-screen maker struggles with mounting losses and weak demand.,topStory
LMT,Lockheed Martin Corporation,20111202,CORRECTED - US official: Lockheed F-35 production should slow ,WASHINGTON  Dec 2 Production of Lockheed Martin Corp's F-35 joint strike fighter  the costliest arms purchase in history  should be slowed because of the potential number of cracks and "hot spots" turning up in fatigue testing and analysis  the Pentagon F-35 program director said.,topStory
LMT,Lockheed Martin Corporation,20111202,CORRECTED - UPDATE 1-US official: Lockheed F-35 production should slow ,WASHINGTON  Dec 2 Production of Lockheed Martin Corp's F-35 joint strike fighter  the costliest arms purchase in history  should be slowed because of the potential number of cracks and "hot spots" turning up in fatigue testing and analysis  the Pentagon F-35 program director said.,normal
LMT,Lockheed Martin Corporation,20111202,GE  Rolls Royce drop effort to build F35 engines ,Dec 2 General Electric Co and Rolls Royce are dropping their effort to build an alternate engine for Lockheed Martin Corp's F-35 joint strike fighter  giving up on what they said could be a $100 billion market.,normal
LMT,Lockheed Martin Corporation,20111202,U.S. official: Lockheed F-35 production should slow ,WASHINGTON Production of Lockheed Martin Corp's F-35 joint strike fighter  the costliest arms purchase in history  should be slowed because of the potential number of cracks and "hot spots" turning up in fatigue testing and analysis  the Pentagon F-35 program director said.,normal
LMT,Lockheed Martin Corporation,20111202,Pentagon F-35 chief calls for slower production ,WASHINGTON The Navy admiral who runs the Pentagon's biggest weapons program is calling for slower production of the radar-evading F-35 Joint Strike Fighter built by Lockheed Martin Corp until a surprising number of problems with the airframe can be fixed.,normal
LMT,Lockheed Martin Corporation,20111202,Pentagon F-35 chief calls for slower production ,* Plan to build planes while testing was mistake - admiral,normal
MON,Monsanto Company,20111202,EPA says Monsanto corn may be losing effectiveness ,Dec 1 Global agribusiness Monsanto Co's  corn that is engineered to kill insects may be losing its effectiveness against rootworms in four states as the worms are developing resistance to the insecticide  the U.S. Environmental Protection Agency said.,topStory
MCO,Moody&#39;s Corporation,20111202,BRIEF-Moody's places a CLN of UBS AG on review ,*Moody's places a CLN of UBS AG on review for possible downgrade,topStory
MCO,Moody&#39;s Corporation,20111202,New Issue-Rentenbank adds 100 mln NOK to  2018 bond ,Notes                   Launched under issuer's EMTN programme,normal
MCO,Moody&#39;s Corporation,20111202,BRIEF-Moody's changes otlk on DBK Leasing's Ba3 rating to negative ,*Moody's changes outlook on DBK Leasing's Ba3 rating to negative  from stable,normal
MS,Morgan Stanley,20111202,Backers mull extension for Morgan Stanley megafund ,HONG KONG  Dec 2 Morgan Stanley is asking investors in a $4.7 billion real-estate megafund to extend the investment vehicle's life because it has yet to put the majority of the money to work  a source familiar with the discussions said on Friday.,topStory
RJF,Raymond James Financial Inc,20111202,UPDATE 1-Mid-Con Energy Partners sets IPO price range ,* Adds Raymond James  Wells Fargo  Oppenheimer and Baird to list of underwriters,topStory
RBS,Royal Bank Scotland plc (The),20111202,RBS sells 918 UK pubs to Heineken for $662 million ,LONDON/BRUSSELS Royal Bank of Scotland  has sold its 918 tenanted pubs in Britain to Dutch brewer Heineken  for 422 million pounds ($662 million)  another step in its exit from non-core businesses following a government bailout.,topStory
RBS,Royal Bank Scotland plc (The),20111202,UPDATE 3-RBS sells 918 UK pubs to Heineken for $662 mln ,LONDON/BRUSSELS  Dec 2 Royal Bank of Scotland has sold its 918 tenanted pubs in Britain to Dutch brewer Heineken for 422 million pounds ($662 million)  another step in its exit from non-core businesses following a government bailout.,normal
RBS,Royal Bank Scotland plc (The),20111202,UPDATE 2-RBS sells UK pub business to Heineken for $662 mln ,BRUSSELS/LONDON  Dec 2 Royal Bank of Scotland has sold its UK tenanted pub business to Heineken  the world's third-largest brewer  for 422 million pounds ($661.8 million) to further its exit from non-core businesses following its state rescue.,normal
R,Ryder System Inc,20111202,Wilson  Fasth and Dougherty lose tour cards ,HONG KONG Former Ryder Cup players Oliver Wilson and Niclas Fasth and triple European Tour winner Nick Dougherty have lost their playing privileges for 2012.,topStory
SON,Sonoco Products Company,20111202,UPDATE 1-Sonoco Products sees 2012 sales above expectations ,* Expects 2012 sales to grow to about $5 bln vs est $4.57 bln,topStory
S,Sprint Corporation,20111202,Verizon to buy cable spectrum  pressuring rivals ,Verizon Wireless will pay top U.S. cable providers $3.6 billion for wireless airwaves and let them resell its mobile service  heating up competition with the wireless company's chief rivals.,topStory
S,Sprint Corporation,20111202,UPDATE 4-Verizon to buy cable spectrum  pressuring rivals ,* Deal comes as AT&T struggles to close T-Mobile USA deal,normal
S,Sprint Corporation,20111202,Sprint offers Clearwire $1.6 billion "lifeline" ,NEW YORK Sprint Nextel Corp  the No. 3 U.S. mobile provider  agreed to pay up to $1.6 billion to Clearwire Corp in the next four years  easing concerns about a liquidity crisis at Clearwire.,normal
SUN,Sunoco LP,20111202,Sunoco's Philadelphia isomerization on circulation-filing ,Dec 2 Sunoco Inc on Friday said it was putting isomerization unit on circulation at the Girard Point section of its 335 000 barrel-per-day refinery in Philadelphia  according to a notice filed with Philadelphia pollution regulators.,topStory
TM,Toyota Motor Corp Ltd Ord,20111202,Toyota to continue reduced Thai  S.Africa output next week ,TOKYO  Dec 2 Toyota Motor Corp  said on Friday that it will continue reduced production at its Thai and South African plants next week although its other plants will operate near normal levels as the company recovers from the impact of Thai flooding that has disrupted parts supplies.,topStory
TM,Toyota Motor Corp Ltd Ord,20111202,Judge dismisses non-U.S. claims against Toyota ,LOS ANGELES Toyota Motor Corp has won the dismissal of a U.S. lawsuit brought by vehicle owners in 14 other countries who said their Toyotas lost value because of the Japanese automaker's mishandling of alleged unintended acceleration problems.,normal
TM,Toyota Motor Corp Ltd Ord,20111202,US judge dismisses non-U.S. claims against Toyota ,LOS ANGELES   Dec 1 Toyota Motor Corp has won the dismissal of a U.S. lawsuit brought by vehicle owners in 14 other countries who said their Toyotas lost value because of the Japanese automaker's mishandling of alleged unintended acceleration problems.,normal
WFC,Wells Fargo & Company,20111202,Wells Fargo sues U.S. on $350 mln in tax payments ,WASHINGTON  Dec 1 Wells Fargo & Co on Thursday sued the United States claiming the San Francisco-based banking group was owed $350.4 million in tax overpayments going back more than a decade.,topStory
