AKAM,Akamai Technologies Inc,20111012,UPDATE 1-Akamai shares surge on Google deal report ,* Akamai a long-running subject of takeover rumors-analyst,topStory
AMGN,Amgen Inc,20111012,UPDATE 2-Amgen signals R&D changes to employees ,Oct 12 Amgen Inc   the world's largest biotechnology company  has told its research and development staff it is evaluating changes in its R&D programs  a company spokeswoman said on Wednesday.,topStory
AAPL,Apple Inc,20111012,RIM scrambles to end global BlackBerry outage ,TORONTO/LONDON The company that makes the BlackBerry smartphone is working frantically to end a three-day global service disruption that has frustrated millions of its customers and pumped up pressure on its management to make sweeping changes. | Video ,topStory
AAPL,Apple Inc,20111012,PREVIEW-After iPhone's debut  Cook must reposition Apple brand ,Oct 12 Apple Inc  debuts its fifth generation iPhone this week minus its visionary leader for the first time. But CEO Tim Cook may already be thinking ahead to his greatest challenge: repositioning the company's fabled marketing apparatus to safeguard the brand.,normal
AAPL,Apple Inc,20111012,Bullish Apple investors start calling for dividend ,Apple Inc is starting to hear a common refrain from investors: Show us the money.,normal
AAPL,Apple Inc,20111012,After iPhone's debut  Cook must reposition Apple brand ,Apple Inc debuts its fifth generation iPhone this week minus its visionary leader for the first time. But CEO Tim Cook may already be thinking ahead to his greatest challenge: repositioning the company's fabled marketing apparatus to safeguard the brand.,normal
AAPL,Apple Inc,20111012,PREVIEW-After iPhone's debut  Cook must reposition Apple brand ,Oct 12 Apple Inc debuts its fifth generation iPhone this week minus its visionary leader for the first time. But CEO Tim Cook may already be thinking ahead to his greatest challenge: repositioning the company's fabled marketing apparatus to safeguard the brand.,normal
AAPL,Apple Inc,20111012,Punishing China no boon for U.S. manufacturing jobs ,LONDON For every Apple iPad sold in the United States  the U.S. trade deficit with China increases by about $275.,normal
AAPL,Apple Inc,20111012,Bullish Apple investors start calling for dividend ,Oct 12 Apple Inc is starting to hear a common refrain from investors: Show us the money.,normal
AAPL,Apple Inc,20111012,UPDATE 3-BlackBerry outages spread to North America ,* Shares down 1.75 pct in Toronto  down 0.5 pct on Nasdaq,normal
AAPL,Apple Inc,20111012,Millions of BlackBerry users cut off for third day ,LONDON  Oct 12 Millions of BlackBerry users around the world were left without text communication services for a third day on Wednesday as Research in Motion  struggled to fix what it said was a switching failure in its private network.,normal
AAPL,Apple Inc,20111012,Samsung says upgrades smartphones to avoid Dutch sales ban ,SEOUL  Oct 12 Samsung Electronics Co  said on Wednesday it will soon release upgraded versions of three Galaxy smartphones in Europe to get around temporary sales bans on earlier versions of products that violated an Apple  patent.,normal
ASML,ASML Holding NV,20111012,UPDATE 4-ASML sees slowdown in chip sector ,* Q3 net profit 355 mln euros  above forecast 329.9 mln euros,topStory
BIDU,Baidu Inc,20111012,REFILE-DEALTALK-China's US companies mull restructuring as crackdown looms ,* VIEs used to circumvent China restrictions on foreigners,topStory
BMLP,Bank Of Montreal,20111012,AltaGas sells C$200 mln note - term sheet ,Oct 12 AltaGas Ltd on Wednesday sold C$200 million ($196 million) of notes due Jan. 17  2019  according to a term sheet seen by Reuters.,topStory
CME,CME Group Inc,20111012,Europe highlights urgency for new U.S. swaps rules ,CHICAGO Europe's debt problems are increasing anxiety about the vulnerability of global markets as too many new U.S. derivatives rules intended to prevent a repeat of the 2008 crisis have yet to be defined.,topStory
CME,CME Group Inc,20111012,Europe highlights urgency for new U.S. swaps rules ,* Many U.S. rules for derivatives market yet to be defined,normal
CMCSA,Comcast Corporation,20111012,Universal abandons "Tower Heist" early video on demand ,LOS ANGELES (TheWrap) - Universal cried uncle on Wednesday.,topStory
DISCA,Discovery Communications Inc,20111012,Exclusive: Ten high-risk U.S. companies named by governance firm ,NEW YORK News Corp  and Discovery Communications  have been flagged as two of the top 10 riskiest American companies based on a new gauge that looks at weak corporate governance  accounting red flags and high leverage.,topStory
DISCB,Discovery Communications Inc,20111012,Exclusive: Ten high-risk U.S. companies named by governance firm ,NEW YORK News Corp  and Discovery Communications  have been flagged as two of the top 10 riskiest American companies based on a new gauge that looks at weak corporate governance  accounting red flags and high leverage.,topStory
DISCK,Discovery Communications Inc,20111012,Exclusive: Ten high-risk U.S. companies named by governance firm ,NEW YORK News Corp  and Discovery Communications  have been flagged as two of the top 10 riskiest American companies based on a new gauge that looks at weak corporate governance  accounting red flags and high leverage.,topStory
EBAY,eBay Inc,20111012,eBay and Facebook unveil e-commerce partnership ,SAN FRANCISCO Facebook executive and eBay Inc board member Katie Mitic unveiled a partnership between the two companies designed to create a new crop of e-commerce applications with social networking features.,topStory
EBAY,eBay Inc,20111012,UPDATE 1-EBay CEO positive in face of weak economy ,SAN FRANCISCO  Oct 12 EBay Inc Chief Executive John Donahoe gave a positive outlook on Tuesday in the face of slowing economic growth and early signs of a weak holiday shopping season.,normal
EBAY,eBay Inc,20111012,Facebook and eBay unveil e-commerce partnership ,SAN FRANCISCO Facebook executive and eBay Inc  board member Katie Mitic unveiled a partnership between the two companies designed to create a new crop of e-commerce applications with social networking features.,normal
EBAY,eBay Inc,20111012,eBay and Facebook unveil e-commerce partnership ,SAN FRANCISCO  Oct 12 Facebook executive and eBay Inc board member Katie Mitic unveiled a partnership between the two companies designed to create a new crop of e-commerce applications with social networking features.,normal
EBAY,eBay Inc,20111012,RPT-EBay to deepen Facebook relationship ,SAN FRANCISCO  Oct 11 EBay Inc is set to deepen its relationship with social network leader Facebook at a developer conference this week  a person familiar with the e-commerce company said on Tuesday.,normal
EBAYL,eBay Inc,20111012,eBay and Facebook unveil e-commerce partnership ,SAN FRANCISCO Facebook executive and eBay Inc board member Katie Mitic unveiled a partnership between the two companies designed to create a new crop of e-commerce applications with social networking features.,topStory
EBAYL,eBay Inc,20111012,UPDATE 1-EBay CEO positive in face of weak economy ,SAN FRANCISCO  Oct 12 EBay Inc Chief Executive John Donahoe gave a positive outlook on Tuesday in the face of slowing economic growth and early signs of a weak holiday shopping season.,normal
EBAYL,eBay Inc,20111012,Facebook and eBay unveil e-commerce partnership ,SAN FRANCISCO Facebook executive and eBay Inc  board member Katie Mitic unveiled a partnership between the two companies designed to create a new crop of e-commerce applications with social networking features.,normal
EBAYL,eBay Inc,20111012,eBay and Facebook unveil e-commerce partnership ,SAN FRANCISCO  Oct 12 Facebook executive and eBay Inc board member Katie Mitic unveiled a partnership between the two companies designed to create a new crop of e-commerce applications with social networking features.,normal
EBAYL,eBay Inc,20111012,RPT-EBay to deepen Facebook relationship ,SAN FRANCISCO  Oct 11 EBay Inc is set to deepen its relationship with social network leader Facebook at a developer conference this week  a person familiar with the e-commerce company said on Tuesday.,normal
FFBC,First Financial Bancorp,20111012,UPDATE 1-First Fin expects Aviva to sell JV stake from end-2011 ,TAIPEI  Oct 12 Aviva's Taiwan partner expects the British insurer to offload its stake in their tie-up in phases beginning as early as the end of 2011  but approval from Taiwan regulators is the key factor for the planned sale  an executive said on Tuesday.,topStory
INTC,Intel Corporation,20111012,UPDATE 4-ASML sees slowdown in chip sector ,* Q3 net profit 355 mln euros  above forecast 329.9 mln euros,topStory
MU,Micron Technology Inc,20111012,Rambus jury in fourth week of deliberation ,SAN FRANCISCO  Oct 12 In its fourth week of deliberations  the jury in Rambus Inc's $4 billion antitrust lawsuit against Micron and Hynix  has yet to reach a verdict -- and is reviewing more testimony from the trial.,topStory
NDAQ,Nasdaq Inc,20111012,UPDATE 1-Nasdaq approves $300 mln share buyback ,Oct 12 Nasdaq OMX Group said its board has approved a $300 million share repurchase program  as it looks to return excess capital to its shareholders.,topStory
NWS,News Corporation,20111012,Exclusive: Ten high-risk U.S. companies named by governance firm ,NEW YORK News Corp  and Discovery Communications  have been flagged as two of the top 10 riskiest American companies based on a new gauge that looks at weak corporate governance  accounting red flags and high leverage.,topStory
NWS,News Corporation,20111012,BSkyB investors voice doubts over James Murdoch-FT ,Oct 11 A leading shareholder at British Sky Broadcasting has called for James Murdoch to resign as its chairman as investor concerns increase in the wake of the phone-hacking scandal at News International  the Financial Times reported.,normal
NWSA,News Corporation,20111012,Exclusive: Ten high-risk U.S. companies named by governance firm ,NEW YORK News Corp  and Discovery Communications  have been flagged as two of the top 10 riskiest American companies based on a new gauge that looks at weak corporate governance  accounting red flags and high leverage.,topStory
NWSA,News Corporation,20111012,BSkyB investors voice doubts over James Murdoch-FT ,Oct 11 A leading shareholder at British Sky Broadcasting has called for James Murdoch to resign as its chairman as investor concerns increase in the wake of the phone-hacking scandal at News International  the Financial Times reported.,normal
PDCO,Patterson Companies Inc,20111012,UPDATE 1-Patterson-UTI sees Q3 revenue above estimates ,Oct 12 Onshore driller Patterson-UTI Energy Inc  expects its third-quarter revenue to top analyst estimates  helped mainly by its drilling segment.,topStory
PTEN,Patterson-UTI Energy Inc,20111012,UPDATE 1-Patterson-UTI sees Q3 revenue above estimates ,Oct 12 Onshore driller Patterson-UTI Energy Inc  expects its third-quarter revenue to top analyst estimates  helped mainly by its drilling segment.,topStory
RMBS,Rambus Inc,20111012,Rambus jury in fourth week of deliberation ,SAN FRANCISCO  Oct 12 In its fourth week of deliberations  the jury in Rambus Inc's $4 billion antitrust lawsuit against Micron and Hynix  has yet to reach a verdict -- and is reviewing more testimony from the trial.,topStory
SINA,Sina Corporation,20111012,REFILE-DEALTALK-China's US companies mull restructuring as crackdown looms ,* VIEs used to circumvent China restrictions on foreigners,topStory
USAT,USA Technologies Inc,20111012,UPDATE 1-USA Technologies suspends CEO ,* Suspends George Jensen pending probe into Internet posts,topStory
USATP,USA Technologies Inc,20111012,UPDATE 1-USA Technologies suspends CEO ,* Suspends George Jensen pending probe into Internet posts,topStory
AFL,Aflac Incorporated,20111012,UPDATE 1-Two life insurers meet systemic criteria-analyst ,Oct 12 Only two life insurers -- MetLife Inc and Prudential Financial Inc -- meet new requirements to be considered "systemic" and regulated as such  KBW analysts said on Wednesday.,topStory
AA,Alcoa Corporation,20111012,US STOCKS-Wall St extends gains on euro-fund optimism ,NEW YORK  Oct 12 U.S. stocks rose on Wednesday as Europe's progress toward bolstering its financial rescue fund brought more battle-weary investors back into the market.,topStory
AA,Alcoa Corporation,20111012,US STOCKS-Wall St gains on euro-fund optimism  Dow up on year ,NEW YORK  Oct 12 U.S. stocks jumped 1 percent on Wednesday  pushimg the Dow into positive territory for the year  as the euro-zone rescue fund was set to get approval from all EU members.,normal
AA,Alcoa Corporation,20111012,Alcoa profit hurt by slowdown  recession fears ,Alcoa Inc   the largest U.S. aluminum producer  said an economic slowdown hurt demand and knocked prices for the metal lower  denting its third-quarter profit and sending its shares down in after-hours trading. | Video ,normal
AA,Alcoa Corporation,20111012,Data and Slovak bailout backing lift European shares ,LONDON European shares hit a nine-week closing high on Wednesday after stronger euro zone economic data and news that Slovakia is set to sign off on a plan to expand the region's sovereign bailout fund helped spur demand for cyclical stocks.,normal
AA,Alcoa Corporation,20111012,US STOCKS-Futures rise on hopes for Slovakia deal on rescue ,NEW YORK  Oct 12 U.S. stock index futures rose on Wednesday  putting the benchmark S&P 500 on track for its sixth day of gains in the past seven  as Slovakia moved to reach a deal on expanding the euro zone rescue fund.,normal
AA,Alcoa Corporation,20111012,FTSE falls on euro zone bailout woes  growth concerns ,LONDON  Oct 12 Britain's top share index fell early on Wednesday  as Slovak lawmakers rejected a plan to expand the euro zone rescue fund and growth worries continued to stifle momentum after Alcoa kicked off the earnings season in the U.S. with whimper.,normal
AA,Alcoa Corporation,20111012,European shares fall on Slovak vote  Alcoa results ,LONDON  Oct 12 European shares fell on Wednesday as miners dropped following weaker-than-expected results from U.S. aluminum giant Alcoa on tough economic conditions  and as the Slovak parliament rejected a plan to expand the euro zone rescue fund.,normal
AA,Alcoa Corporation,20111012,Europe Factors-Stocks set to dip as Slovakia stalls EFSF ,By Blaise Robinson	     PARIS  Oct 12 European stock index futures dipped on Wednesday  with investors set to use the rejection by Slovak lawmakers of a plan to expand the euro zone rescue fund as an excuse to book a portion of recent lofty gains  while shares of metal groups could feel the pinch of Alcoa's  disappointing results.	     The top U.S. aluminum maker blamed the economic slowdown that hurt demand and pushed metal prices lower for its forecast-missing net profit  and the f,normal
AA,Alcoa Corporation,20111012,Nikkei snaps 3-day rally on Thai flood damage  Alcoa ,TOKYO  Oct 12 The Nikkei average snapped a three-session winning streak on Wednesday  with stocks including Honda Motor sliding on flood-damage to their Thai factories  and after Alcoa's results suggested Europe's debt crisis would weigh on corporate earnings.	     The Nikkei benchmark fell 0.4 percent to 8 738.90  though it trimmed losses a tad on a rebound in Chinese shares and stayed above the 25-day moving average around 8 637.	     The broader Topix index fell 0.2 percent to 753,normal
AA,Alcoa Corporation,20111012,UK Stocks-Factors to watch on Wednesday Oct 12 ,LONDON  Oct 12 Britain's FTSE 100 index is seen opening down 24-31 points  or 0.6 percent on Wednesday  according to financial bookmakers  after Slovak lawmakers rejected a plan to expand the euro zone rescue fund  and as Alcoa started the third-quarter earnings season with weaker-than-expected results.,normal
ADM,Archer-Daniels-Midland Company,20111012,Pace of global farm productivity must increase-Ag group ,DES MOINES  Iowa  Oct 12 Global agricultural productivity is rising but more effort is needed to meet the world's long-term food needs  a group of agribusiness leaders advised on Wednesday.,topStory
BAC,Bank of America Corporation,20111012,Chicago police arrest 21 protesters for trespassing ,CHICAGO  Oct 11 Chicago police arrested 21 people protesting against economic inequality on Tuesday at two rallies  charging them with trespassing  a Chicago Police spokesman said.,topStory
BAC,Bank of America Corporation,20111012,Chicago police arrest 21 protesters for trespassing ,CHICAGO Chicago police arrested 21 people protesting against economic inequality on Tuesday at two rallies  charging them with trespassing  a Chicago Police spokesman said.,normal
BAC,Bank of America Corporation,20111012,Massachusetts asks banks for recruiting details: report ,The top financial regulator in Massachusetts has asked many of Wall Street's biggest banks for more information on their hedge fund recruiting services  the New York Times said on Tuesday.,normal
BAC,Bank of America Corporation,20111012,Massachusetts asks banks for recruiting details-report ,Oct 12 The top financial regulator in Massachusetts has asked many of Wall Street's biggest banks for more information on their hedge fund recruiting services  the New York Times said on Tuesday.,normal
BMO,Bank Of Montreal,20111012,AltaGas sells C$200 mln note - term sheet ,Oct 12 AltaGas Ltd on Wednesday sold C$200 million ($196 million) of notes due Jan. 17  2019  according to a term sheet seen by Reuters.,topStory
BHP,BHP Billiton Limited,20111012,UPDATE 2-BHP Billiton approves $1.2 bln to start work on giant copper and uranium mine ,* BHP earmarks $1.2 bln to start Olympic Dam copper mine expansion,topStory
BHP,BHP Billiton Limited,20111012,BHP agrees royalty on Olympic Dam copper/uranium mine expansion ,MELBOURNE  Oct 12 BHP Billiton cleared another hurdle for a giant expansion of its Olympic Dam copper and uranium mine on Wednesday  further clearing the way for its board give a final go-ahead by June 2012.,normal
BHP,BHP Billiton Limited,20111012,BHP Billiton approves $1.2 bln to start Olympic Dam mine work ,SYDNEY  Oct 12 Global miner BHP Billiton   on Wednesday approved $1.2 billion in pre-commitment capital to start expansion work on its Olympic Dam copper and uranium mine.,normal
BA,Boeing Company (The),20111012,UPDATE 2-Cargolux accepts first Boeing 747-8 delivery ,Oct 12 Cargolux Airlines Internationalon Wednesday took delivery of Boeing Co's  first 747-8 Freighter after resolving a contractual spat that caused the freight carrier to abruptly refuse delivery last month.,topStory
BA,Boeing Company (The),20111012,UPDATE 2-United Continental sales show no recession signs ,CHICAGO  Oct 12 United Continental Holdings is not seeing signs of an imminent recession in its travel bookings even as the United States and other major economies grapple with a troubling economic outlook  the airline's chief executive said on Wednesday.,normal
BA,Boeing Company (The),20111012,Cargolux accepts Boeing delivery as dispute settled ,BRUSSELS  Oct 12 Freight carrier Cargolux Airlines International said on Wednesday that it had resolved contractual issues over its delivery of Boeing Co's  747-8 freighters and that it would receive its first two planes on Wednesday and Thursday.,normal
BA,Boeing Company (The),20111012,Air New Zealand says more Dreamliner delays possible ,SINGAPORE The CEO of Air New Zealand  said on Wednesday that further delays are possible in the delivery of Boeing  787 Dreamliners it has ordered and the carrier is negotiating with Boeing to be compensated.,normal
BA,Boeing Company (The),20111012,UPDATE 1-Air New Zealand says more Dreamliner delays possible ,SINGAPORE  Oct 12 The CEO of Air New Zealand  said on Wednesday that further delays are possible in the delivery of Boeing 787 Dreamliners it has ordered and the carrier is negotiating with Boeing to be compensated.,normal
BP,BP plc,20111012,U.S. sanctions BP  contractors for Gulf oil spill ,WASHINGTON The U.S. offshore drilling regulator on Wednesday formally issued sanctions against BP and the major contractors involved in the 2010 explosion on the Deepwater Horizon rig that killed 11 workers and spewed more than 4 million barrels of oil into the Gulf of Mexico.,topStory
BP,BP plc,20111012,UPDATE 2-U.S. sanctions BP  contractors for Gulf oil spill ,WASHINGTON  Oct 12 The U.S. offshore drilling regulator on Wednesday formally issued sanctions against BP and the major contractors involved in the 2010 explosion on the Deepwater Horizon rig that killed 11 workers and spewed more than 4 million barrels of oil into the Gulf of Mexico.,normal
BP,BP plc,20111012,U.S. sanctions BP  contractors for Gulf oil spill ,WASHINGTON  Oct 12 The U.S. offshore drilling regulator on Wednesday formally issued sanctions against BP   Transocean and Halliburton for their roles in last year's massive Gulf oil spill.,normal
BP,BP plc,20111012,Deepwater Horizon rig not leaking oil: probe ,HOUSTON No oil is leaking from the sunken Deepwater Horizon drilling rig or pipe around the vessel  its owner Transocean said on Wednesday.,normal
BP,BP plc,20111012,UPDATE 1-BP gets upper hand in Russian director suit ,MOSCOW  Oct 12 A Russian court is likely to throw out a $2.8 billion lawsuit against two BP  executives on the board of the British major's Russian joint venture  TNK-BP   after a judge denied plaintiffs more time to secure the necessary shareholder support.,normal
CAJ,Canon Inc,20111012,UPDATE 1-Canon eyes $3.8 bln in cost cuts through automation - Nikkei ,Oct 13 Canon Inc will cut about 300 billion yen ($3.88 billion) in costs by 2015 by automating plants to cope with a strong yen and fierce competition  Japanese business daily Nikkei said.,topStory
CAJ,Canon Inc,20111012,Canon seeing no sales downturn  eyes year-end ,TOKYO Canon has so far seen no downturn in sales sparked by the European financial crisis  but cannot predict its effect on the year-end shopping season  the company's chief financial officer told Reuters on Wednesday.,normal
CAJ,Canon Inc,20111012,UPDATE 2-Honda's Thai factory shut as floods hit Japan firms ,* Honda worst hit of Japan automakers  unsure when it can reopen,normal
CHK,Chesapeake Energy Corporation,20111012,FACTBOX-Companies drilling in Ohio's Utica shale ,Oct 12 Oil companies are scrambling to drill in the Utica shale  a new  unconventional oil hub in eastern Ohio that some say has more potential than other U.S. shale plays.     Eight companies have started seeking cheap  domestic oil in the Buckeye state and secured drilling permits for more than 80 oil and gas wells since December 2009  data from the Ohio Department of Natural Resources shows.     The companies will likely use hydraulic fracturing technology  which has unlocked huge,topStory
C,Citigroup Inc,20111012,New Issue- Toronto-Dominion Bank sells $1.5 bln notes ,Oct 12 Toronto-Dominion Bank   on Wednesday sold $1.5 billion of senior unsecured notes  said IFR  a Thomson Reuters service.       Citigroup  Goldman Sachs  JP Morgan  and TD Bank were the joint bookrunning managers for the sale. BORROWER: THE TORONTO-DOMINION BANK AMT $1.5 BLN      COUPON 2.375 PCT    MATURITY 10/19/2016 TYPE SR NTS       ISS PRICE 99.444    FIRST PAY 4/19/2012 MOODY'S Aaa       YIELD 2.494 PCT     SETTLEMENT 10/19/2011 S&P AA-MINUS      SPREAD 135 BPS      PAY FRE,topStory
COO,Cooper Companies Inc (The),20111012,UPDATE 1-Cooper Cos gets new complaints on Avaira contact lenses ,Oct 12 Cooper Cos unit CooperVision said it was continuing to work with U.S. health regulators to complete a recall of about 600 000 Avaira Toric contact lenses  saying it received new complaints of severe eye pain associated with the use of the lenses.,topStory
DRI,Darden Restaurants Inc,20111012,UPDATE 1-Darden buys two seafood chains ,* Buys Eddie V's Prime Seafood and Wildfish Seafood Grille,topStory
DB,Deutsche Bank AG,20111012,DIARY-U.S. MEETINGS/WEEK AHEAD ,THOMSON REUTERS  October 12  2011 - Corporate Meetings for US companies for Week ahead.	         S&P 500 Earnings - Weekly           S&P 500 Earnings - Day Ahead   	     Non S&P 500 - Weekly               Non S&P 500 - Day Ahead        	     ConferenceCall/Webcast - Weekly    ConferenceCall/Webcast - Day   	     S&P 500 Earnings - Monthly           Meetings - Day Ahead           	     Economic Indicators                  Dividends                      	     Daily earnings hits & misses    	     ,topStory
DB,Deutsche Bank AG,20111012,Massachusetts asks banks for recruiting details: report ,The top financial regulator in Massachusetts has asked many of Wall Street's biggest banks for more information on their hedge fund recruiting services  the New York Times said on Tuesday.,normal
DB,Deutsche Bank AG,20111012,Massachusetts asks banks for recruiting details-report ,Oct 12 The top financial regulator in Massachusetts has asked many of Wall Street's biggest banks for more information on their hedge fund recruiting services  the New York Times said on Tuesday.,normal
EIX,Edison International,20111012,Edison's Italian investors undecided on revamp terms ,ROME/MILAN Italian investors in Edison  still need to sort out a final agreement to present to EDF  for a reorganization of the Italian company that could give majority control to the French utility and trigger a bid on minorities.,topStory
EIX,Edison International,20111012,UPDATE 3-Edison's Italian investors undecided on revamp terms ,* Edison deal possible by end-October deadline -shareholder,normal
EGO,Eldorado Gold Corporation,20111012,UPDATE 2-Eldorado sees record production in Q3  delays mine ,* Construction delay at Eastern Dragon on weather  permits,topStory
ERJ,Embraer-Empresa Brasileira de Aeronautica,20111012,Garuda in talks with Embraer  Bombardier for 18 planes ,JAKARTA  Oct 12 Indonesian flag carrier PT Garuda Indonesia said on Wednesday it is in talks with Canada's Bombardier Inc and Brazil's Embraer  to buy 18 small-sized planes worth up to $720 million.,topStory
F,Ford Motor Company,20111012,Chrysler  UAW reach tentative labor pact ,DETROIT The United Auto Workers and Chrysler Group LLC have reached a tentative agreement on a four-year labor contract that would pay workers smaller bonuses than unionized workers at General Motors Co and Ford Motor Co.,topStory
F,Ford Motor Company,20111012,UPDATE 7-Chrysler  UAW reach tentative labor pact ,* UAW says Chrysler to invest $4.5 bln in U.S. production,normal
FCX,Freeport-McMoran Inc,20111012,Freeport Indonesia union may slash miner pay demand ,JAKARTA  Oct 12 Freeport Indonesia's union is considering lowering its pay demand for striking copper miners to $7.50 per hour from a previous demand of at least $12.50 per hour  union official Juli Parorrongan told Reuters on Wednesday.,topStory
FCX,Freeport-McMoran Inc,20111012,Freeport says Grasberg copper output over 4 000/T day ,TIMIKA  Indonesia  Oct 12 Copper concentrate production at Freeport McMoRan Copper & Gold Inc's  Grasberg mine in Indonesia has risen to over 4 000 tonnes per day in October  compared to only 54 tonnes on Sept 18 after the start of a worker strike  the firm said in a statement on Wednesday.,normal
FCX,Freeport-McMoran Inc,20111012,Freeport Indonesia to ship 78 921 T concentrate this wk ,TIMIKA  Indonesia  Oct 12 Freeport McMoRan Copper & Gold Inc will ship 78 921 tonnes of copper concentrate from its strike-hit Grasberg mine in Indonesia this week  the company said on Wednesday.,normal
GPS,Gap Inc (The),20111012,REFILE-UPDATE 1-Gap to enter South America  eyes more stores abroad ,* First store in South America to open in Chile this month,topStory
IT,Gartner Inc,20111012,HP expands PC lead  Lenovo No. 2 for 1st time ,Hewlett-Packard Co's personal computer shipments grew 5.3 percent in the third quarter  while China's Lenovo overtook Dell to become the world's No. 2 PC maker for the first time  according to data from two influential research firms.,topStory
IT,Gartner Inc,20111012,UPDATE 1-HP expands PC lead  Lenovo No. 2 for 1st time ,Oct 12 Hewlett-Packard Co's personal computer shipments grew 5.3 percent in the third quarter  while China's Lenovo overtook Dell to become the world's No. 2 PC maker for the first time  according to data from two influential research firms.,normal
IT,Gartner Inc,20111012,HP expands PC sales lead  Lenovo No. 2 -Gartner ,Oct 12 Hewlett-Packard Co's personal computer shipments grew 5.3 percent in the third quarter  while China's Lenovo overtook Dell to become the world's No. 2 PC maker for the first time  Gartner data showed.,normal
GEK,General Electric Capital Corporation,20111012,Cargolux accepts Boeing delivery as dispute settled ,BRUSSELS  Oct 12 Freight carrier Cargolux Airlines International said on Wednesday that it had resolved contractual issues over its delivery of Boeing Co's  747-8 freighters and that it would receive its first two planes on Wednesday and Thursday.,topStory
GEK,General Electric Capital Corporation,20111012,GE sees 10-15 pct revenue growth from Africa ,NAIROBI  Oct 12 General Electric Co   the largest U.S. conglomerate  expects to continue to grow its revenue from Africa in double digits in the next few years as the continent ramps up infrastructure  its head for Africa said on Wednesday.,normal
GE,General Electric Company,20111012,Cargolux accepts Boeing delivery as dispute settled ,BRUSSELS  Oct 12 Freight carrier Cargolux Airlines International said on Wednesday that it had resolved contractual issues over its delivery of Boeing Co's  747-8 freighters and that it would receive its first two planes on Wednesday and Thursday.,topStory
GE,General Electric Company,20111012,GE sees 10-15 pct revenue growth from Africa ,NAIROBI  Oct 12 General Electric Co   the largest U.S. conglomerate  expects to continue to grow its revenue from Africa in double digits in the next few years as the continent ramps up infrastructure  its head for Africa said on Wednesday.,normal
GM,General Motors Company,20111012,Chrysler  UAW reach tentative labor pact ,DETROIT The United Auto Workers and Chrysler Group LLC have reached a tentative agreement on a four-year labor contract that would pay workers smaller bonuses than unionized workers at General Motors Co and Ford Motor Co.,topStory
GM,General Motors Company,20111012,UPDATE 7-Chrysler  UAW reach tentative labor pact ,* UAW says Chrysler to invest $4.5 bln in U.S. production,normal
GM,General Motors Company,20111012,GM to produce all-electric Chevy Spark ,DETROIT General Motors Co confirmed it will make its first all-electric vehicle  a version of the Chevrolet Spark minicar that will debut in 2013 and take aim at Nissan Motor Co Ltd's Leaf.,normal
GM,General Motors Company,20111012,UPDATE 3-GM to produce all-electric Chevy Spark ,DETROIT  Oct 12 General Motors Co  confirmed it will make its first all-electric vehicle  a version of the Chevrolet Spark minicar that will debut in 2013 and take aim at Nissan Motor Co Ltd's Leaf.,normal
GS,Goldman Sachs Group Inc (The),20111012,New Issue- Toronto-Dominion Bank sells $1.5 bln notes ,Oct 12 Toronto-Dominion Bank   on Wednesday sold $1.5 billion of senior unsecured notes  said IFR  a Thomson Reuters service.       Citigroup  Goldman Sachs  JP Morgan  and TD Bank were the joint bookrunning managers for the sale. BORROWER: THE TORONTO-DOMINION BANK AMT $1.5 BLN      COUPON 2.375 PCT    MATURITY 10/19/2016 TYPE SR NTS       ISS PRICE 99.444    FIRST PAY 4/19/2012 MOODY'S Aaa       YIELD 2.494 PCT     SETTLEMENT 10/19/2011 S&P AA-MINUS      SPREAD 135 BPS      PAY FRE,topStory
GS,Goldman Sachs Group Inc (The),20111012,Massachusetts asks banks for recruiting details: report ,The top financial regulator in Massachusetts has asked many of Wall Street's biggest banks for more information on their hedge fund recruiting services  the New York Times said on Tuesday.,normal
GS,Goldman Sachs Group Inc (The),20111012,Massachusetts asks banks for recruiting details-report ,Oct 12 The top financial regulator in Massachusetts has asked many of Wall Street's biggest banks for more information on their hedge fund recruiting services  the New York Times said on Tuesday.,normal
GPK,Graphic Packaging Holding Company,20111012,UPDATE 1-Graphic Packaging to close Indiana plant  cut jobs ,Oct 12 Graphic Packaging Holding Co said one of its units will close its carton facility in La Porte  Indiana and cut about 200-220 jobs  due to weak economic conditions.,topStory
HRB,H&R Block Inc,20111012,Tax preparers fret over first U.S. IRS fees  rules ,WASHINGTON Tax preparers are chewing their pencils as the U.S. Internal Revenue Service gets ready to impose the first comprehensive program of fees and rules on the industry's 730 000 practitioners.,topStory
HRB,H&R Block Inc,20111012,Tax preparers fret over first U.S. IRS fees  rules ,WASHINGTON  Oct 12 Tax preparers are chewing their pencils as the U.S. Internal Revenue Service gets ready to impose the first comprehensive program of fees and rules on the industry's 730 000 practitioners.,normal
HAL,Halliburton Company,20111012,UPDATE 2-U.S. sanctions BP  contractors for Gulf oil spill ,WASHINGTON  Oct 12 The U.S. offshore drilling regulator on Wednesday formally issued sanctions against BP and the major contractors involved in the 2010 explosion on the Deepwater Horizon rig that killed 11 workers and spewed more than 4 million barrels of oil into the Gulf of Mexico.,topStory
HAL,Halliburton Company,20111012,U.S. sanctions BP  contractors for Gulf oil spill ,WASHINGTON  Oct 12 The U.S. offshore drilling regulator on Wednesday formally issued sanctions against BP   Transocean and Halliburton for their roles in last year's massive Gulf oil spill.,normal
HMC,Honda Motor Company Ltd,20111012,UPDATE 2-Honda's Thai factory shut as floods hit Japan firms ,* Honda worst hit of Japan automakers  unsure when it can reopen,topStory
HMC,Honda Motor Company Ltd,20111012,Nikkei snaps 3-day rally  Thai flood damage hurts autos ,TOKYO The Nikkei average snapped a three-session winning streak on Wednesday on lingering worries over the global economy and as floods in Thailand shut factories run by Honda and many other Japanese manufacturers.,normal
HMC,Honda Motor Company Ltd,20111012,Nikkei snaps 3-day rally  Thai flood damage hurts autos ,* Honda  Nikon  Pioneer  insurers slide on Thai flooding     * Benchmark remains above 25-day moving average     * Alcoa earnings raise concerns on debt crisis impact     * Shippers jump on buyback  rise in Baltic Index      By Hideyuki Sano	     TOKYO  Oct 12 The Nikkei average snapped a three-session winning streak on Wednesday on lingering worries over the global economy and as floods in Thailand shut factories run by Honda and many other Japanese manufacturers.	     Although spec,normal
HMC,Honda Motor Company Ltd,20111012,Nikkei snaps 3-day rally on Thai flood damage  Alcoa ,TOKYO  Oct 12 The Nikkei average snapped a three-session winning streak on Wednesday  with stocks including Honda Motor sliding on flood-damage to their Thai factories  and after Alcoa's results suggested Europe's debt crisis would weigh on corporate earnings.	     The Nikkei benchmark fell 0.4 percent to 8 738.90  though it trimmed losses a tad on a rebound in Chinese shares and stayed above the 25-day moving average around 8 637.	     The broader Topix index fell 0.2 percent to 753,normal
HMC,Honda Motor Company Ltd,20111012,Nikkei trims losses but sentiment remains frail ,* Benchmark remains above its 25-day moving average     * Honda  Nikon  Pioneer slide on Thai flooding     * Alcoa earning raises concerns on debt crisis impact      By Lisa Twaronite and Hideyuki Sano	     TOKYO  Oct 12 The Nikkei average trimmed losses in afternoon trade on Wednesday on buying in futures but looked likely to snap a three-session winning streak after Alcoa's results suggested Europe's debt crisis would weigh on corporate earnings.	     Shares of Honda Motor and othe,normal
HMC,Honda Motor Company Ltd,20111012,REFILE-Nikkei slips on Thai flood damage  Alcoa results ,* Benchmark remains above its 25-day moving average     * Honda  Nikon  Pioneer slide on Thai flooding     * Investors await Slovak approval of Europe fund expansion      By Lisa Twaronite	     TOKYO  Oct 12 The Nikkei average was set to snap a three-session winning streak on Wednesday  with stocks like Honda Motor   sliding on flood-damage to their Thai factories and after Alcoa's results suggested Europe's debt crisis would weigh on corporate earnings.	     With memories of the sup,normal
HPQ,HP Inc,20111012,HP expands PC lead  Lenovo No. 2 for 1st time ,Hewlett-Packard Co's personal computer shipments grew 5.3 percent in the third quarter  while China's Lenovo overtook Dell to become the world's No. 2 PC maker for the first time  according to data from two influential research firms.,topStory
HPQ,HP Inc,20111012,UPDATE 1-HP expands PC lead  Lenovo No. 2 for 1st time ,Oct 12 Hewlett-Packard Co's personal computer shipments grew 5.3 percent in the third quarter  while China's Lenovo overtook Dell to become the world's No. 2 PC maker for the first time  according to data from two influential research firms.,normal
HPQ,HP Inc,20111012,HP expands PC sales lead  Lenovo No. 2 -Gartner ,Oct 12 Hewlett-Packard Co's personal computer shipments grew 5.3 percent in the third quarter  while China's Lenovo overtook Dell to become the world's No. 2 PC maker for the first time  Gartner data showed.,normal
INFY,Infosys Limited,20111012,UPDATE 4-Infosys Q2 profit up  outlook eases market worries ,* Q2 profit 19.06 bln rupees vs 18.91 bln rupees in Reuters poll,topStory
INFY,Infosys Limited,20111012,Indian shares jump on Infosys results; IT  banks lead ,* Sensex ends at three-week closing high     * Infosys closes up 7 pct  leads IT stock gains     * Market shrugs off poor industrial growth data   (Updates to close)	     By Henry Foy	     MUMBAI  Oct 12 Indian shares ended up 2.6 percent on Wednesday to their highest close in over three weeks as investors cheered results from IT industry bellwether Infosys  and shrugged off data suggesting growth in Asia's third-largest economy was losing steam.	     Strong revenue growth from India,normal
INFY,Infosys Limited,20111012,Infosys CFO: Europe's sovereign debt crisis a big issue ,BANGALORE  Oct 12 Infosys Ltd's chief financial officer said on Wednesday a slowdown in the United States and European economies can affect client spending and the sovereign debt crisis in Europe is a "big issue".,normal
INFY,Infosys Limited,20111012,CORRECTED-Infosys shares up 3.6 pct in preopen after results ,MUMBAI  Oct 12 Shares in Infosys Ltd   India's No. 2 software services exporter  rose 3.6 percent to 2 595 rupees in preopen trade after the software bellwether reported a 9.7 percent rise in quarterly profit  roughly in line with expectations.,normal
INFY,Infosys Limited,20111012,CORRECTED-Infosys Q2 net rises 9.7 pct  roughly in line with f'cast ,BANGALORE  Oct 12 Infosys Ltd   India's No. 2 software services exporter  reported a 9.7 percent   rise in quarterly profit  roughly in line with expectations  as a weak rupee boosted margins  .,normal
INFY,Infosys Limited,20111012,Indian shares rise 0.8 pct early  Infosys leads ,MUMBAI  Oct 12 Indian shares rose 0.8 percent in early trade on Wednesday  lead by software services giant Infosys   after the industry bellwether reported a rise in profit roughly in line with market expectations to kick off India's quarterly earnings season.,normal
JPM,J P Morgan Chase & Co,20111012,Relativity studio boss faces dilemma with "Immortals" ,LOS ANGELES (TheWrap.com) - Whatever happened to Ryan Kavanaugh?,topStory
JPM,J P Morgan Chase & Co,20111012,New Issue- Toronto-Dominion Bank sells $1.5 bln notes ,Oct 12 Toronto-Dominion Bank   on Wednesday sold $1.5 billion of senior unsecured notes  said IFR  a Thomson Reuters service.       Citigroup  Goldman Sachs  JP Morgan  and TD Bank were the joint bookrunning managers for the sale. BORROWER: THE TORONTO-DOMINION BANK AMT $1.5 BLN      COUPON 2.375 PCT    MATURITY 10/19/2016 TYPE SR NTS       ISS PRICE 99.444    FIRST PAY 4/19/2012 MOODY'S Aaa       YIELD 2.494 PCT     SETTLEMENT 10/19/2011 S&P AA-MINUS      SPREAD 135 BPS      PAY FRE,normal
JPM,J P Morgan Chase & Co,20111012,UPDATE 1-Wall St. office cleaners join march for better jobs ,NEW YORK  Oct 12 Hundreds of office cleaners and guards marched on Wednesday near Wall Street demanding good jobs and protesting economic inequality  while a smaller group of demonstrators rallied at JPMorgan Chase's skyscraper.,normal
JPM,J P Morgan Chase & Co,20111012,Anti-Wall St. protesters focus on JPMorgan Chase ,* Global Occupy Wall Street-inspired protests on Saturday,normal
JCP,JC Penney Company Inc Holding Company,20111012,Claiborne sheds brands to cut debt; shares soar ,Liz Claiborne Inc  plans to sell its namesake brand and other lines and slash its debt by nearly two-thirds  sending it shares up as much as 42 percent on Wednesday by calming investor concerns about its debt load.,topStory
JCP,JC Penney Company Inc Holding Company,20111012,UPDATE 4-Claiborne sheds brands to cut debt; shares soar ,Oct 12 Liz Claiborne Inc plans to sell its namesake brand and other lines and slash its debt by nearly two-thirds  sending it shares up as much as 42 percent on Wednesday by calming investor concerns about its debt load.,normal
JCI,Johnson Controls International plc,20111012,UPDATE 4-Johnson Controls sees profits up by 20 pct in 2012 ,NEW YORK  Oct 12 Johnson Controls Inc  said on Wednesday it expected profits to increase by 20 percent in its 2012 fiscal year despite weaker-than-expected economic growth and auto production  and its shares rose about 5.8 percent.,topStory
KB,KB Financial Group Inc,20111012,Seoul shares open slightly lower; banks slip ,SEOUL  Oct 12 Seoul shares edged down on Wednesday after four consecutive sessions of gains and as investors remained tuned to news from the euro zone.,topStory
KSS,Kohl&#39;s Corporation,20111012,New Issue-Kohl's sells $650 mln in notes ,Oct 12 Kohl's Corp on Wednesday sold $650 million of senior unsecured notes  said IFR  a Thomson Reuters service.       Bank of America Merrill Lynch  Morgan Stanley and Wells Fargo were the joint bookrunning managers for the sale. BORROWER: KOHLS CORPORATION AMT $650 MLN      COUPON 4.00 PCT     MATURITY 11/01/2021 TYPE SR NTS       ISS PRICE 99.451    FIRST PAY 5/01/2012 MOODY'S Baa1      YIELD 4.067         SETTLEMENT 10/17/2011 S&P BBB-PLUS      SPREAD 183 BPS      PAY FREQ SEMI-,topStory
MA,Mastercard Incorporated,20111012,ATM group sues Visa  MasterCard over price fixing ,Oct 12 A group representing operators of automated teller machines filed a lawsuit against Visa  and MasterCard alleging that the credit and debit card issuers violated antitrust laws by fixing the price of ATM access fees.,topStory
MRK,Merck & Company Inc,20111012,Australian court backs Merck's Vioxx case on appeal ,MELBOURNE  Oct 12 The Australian arm of Merck & Co won its appeal against compensation awarded to a user of its recalled drug Vioxx  though lawyers for the plaintiff said the ruling did not shut the door on action by other class members.,topStory
MET,MetLife Inc,20111012,UPDATE 2-MetLife considers selling mortgage business ,Oct 12 MetLife Inc   the largest U.S. life insurance company  said on Wednesday it might sell its traditional mortgage lending business.,topStory
MET,MetLife Inc,20111012,UPDATE 1-Two life insurers meet systemic criteria-analyst ,Oct 12 Only two life insurers -- MetLife Inc and Prudential Financial Inc -- meet new requirements to be considered "systemic" and regulated as such  KBW analysts said on Wednesday.,normal
MCO,Moody&#39;s Corporation,20111012,New Issue- Toronto-Dominion Bank sells $1.5 bln notes ,Oct 12 Toronto-Dominion Bank   on Wednesday sold $1.5 billion of senior unsecured notes  said IFR  a Thomson Reuters service.       Citigroup  Goldman Sachs  JP Morgan  and TD Bank were the joint bookrunning managers for the sale. BORROWER: THE TORONTO-DOMINION BANK AMT $1.5 BLN      COUPON 2.375 PCT    MATURITY 10/19/2016 TYPE SR NTS       ISS PRICE 99.444    FIRST PAY 4/19/2012 MOODY'S Aaa       YIELD 2.494 PCT     SETTLEMENT 10/19/2011 S&P AA-MINUS      SPREAD 135 BPS      PAY FRE,topStory
MCO,Moody&#39;s Corporation,20111012,New Issue-EIB adds 50 mln stg to 2044 bond ,Underlying govt bond    over the 4.25 pct December 2046 UKT,normal
MCO,Moody&#39;s Corporation,20111012,New Issue-BNG adds 75 mln stg to 2013 bond ,Underlying govt bond    Over the 4.50 pct March 2013 Gilt,normal
MCO,Moody&#39;s Corporation,20111012,New Issue-EIB adds 750 mln NOK to 2017 bond ,Full fees               1.875 pct ( 0.275 pct M&U  1.6 pct Selling),normal
MS,Morgan Stanley,20111012,New Issue-Kohl's sells $650 mln in notes ,Oct 12 Kohl's Corp on Wednesday sold $650 million of senior unsecured notes  said IFR  a Thomson Reuters service.       Bank of America Merrill Lynch  Morgan Stanley and Wells Fargo were the joint bookrunning managers for the sale. BORROWER: KOHLS CORPORATION AMT $650 MLN      COUPON 4.00 PCT     MATURITY 11/01/2021 TYPE SR NTS       ISS PRICE 99.451    FIRST PAY 5/01/2012 MOODY'S Baa1      YIELD 4.067         SETTLEMENT 10/17/2011 S&P BBB-PLUS      SPREAD 183 BPS      PAY FREQ SEMI-,topStory
MS,Morgan Stanley,20111012,Massachusetts asks banks for recruiting details: report ,The top financial regulator in Massachusetts has asked many of Wall Street's biggest banks for more information on their hedge fund recruiting services  the New York Times said on Tuesday.,normal
MS,Morgan Stanley,20111012,Massachusetts asks banks for recruiting details-report ,Oct 12 The top financial regulator in Massachusetts has asked many of Wall Street's biggest banks for more information on their hedge fund recruiting services  the New York Times said on Tuesday.,normal
MSI,Motorola Solutions Inc,20111012,Robert Galvin  long-time CEO of Motorola  dies ,Oct 12 Robert Galvin  89 -- a long-time chief executive of Motorola  the telecommunications company that created the first cellphone -- has died.,topStory
NYT,New York Times Company (The),20111012,Abramson embraces top NY Times role - and her puppy ,NEW YORK As the first female executive editor of The New York Times in the newspaper's 160-year history  Jill Abramson is at the pinnacle of the media world.,topStory
NMR,Nomura Holdings Inc ADR,20111012,Bain to buy Japan restaurant chain for $3.4 billion: source ,TOKYO U.S. private equity firm Bain Capital is close to finalizing a $3.4 billion deal to buy restaurant chain Skylark from a unit of Nomura Holdings   a source with knowledge of the matter said  in the largest buyout in Japan since the financial crisis.,topStory
NMR,Nomura Holdings Inc ADR,20111012,UPDATE 2-Bain to buy Japan restaurant chain for $3.4 bln -source ,* Bain in talks with Nomura Principal to close deal this month,normal
PJH,Prudential Financial Inc,20111012,UPDATE 1-Two life insurers meet systemic criteria-analyst ,Oct 12 Only two life insurers -- MetLife Inc and Prudential Financial Inc -- meet new requirements to be considered "systemic" and regulated as such  KBW analysts said on Wednesday.,topStory
PRH,Prudential Financial Inc,20111012,UPDATE 1-Two life insurers meet systemic criteria-analyst ,Oct 12 Only two life insurers -- MetLife Inc and Prudential Financial Inc -- meet new requirements to be considered "systemic" and regulated as such  KBW analysts said on Wednesday.,topStory
PRU,Prudential Financial Inc,20111012,UPDATE 1-Two life insurers meet systemic criteria-analyst ,Oct 12 Only two life insurers -- MetLife Inc and Prudential Financial Inc -- meet new requirements to be considered "systemic" and regulated as such  KBW analysts said on Wednesday.,topStory
RJF,Raymond James Financial Inc,20111012,UPDATE 1-Armstrong Energy files for IPO of up to $69 mln ,Oct 12 Armstrong Energy Inc filed with U.S. regulators on Wednesday to raise up to $69 million in an initial public offering of common stock.,topStory
RY,Royal Bank Of Canada,20111012,New Issue-BNG adds 75 mln stg to 2013 bond ,Underlying govt bond    Over the 4.50 pct March 2013 Gilt,topStory
CRM,Salesforcecom Inc,20111012,Salesforce "cloud" veteran heads to Benchmark Capital ,Venture capital firm Benchmark Capital has selected Salesforce.com's Craig Weissman as its new entrepreneur-in-residence  demonstrating a continuing interest in technology surrounding big data and the "cloud.",topStory
CRM,Salesforcecom Inc,20111012,Salesforce 'cloud' veteran heads to Benchmark Capital ,Oct 12 Venture capital firm Benchmark Capital has selected Salesforce.com's Craig Weissman as its new entrepreneur-in-residence  demonstrating a continuing interest in technology surrounding big data and the "cloud.",normal
SLG,SL Green Realty Corporation,20111012,Exclusive: Y&R may be big tenant at 3 Columbus Circle ,Advertising company Young & Rubicam has reached a preliminary agreement to lease 300 000 square feet to become the major tenant at New York's 3 Columbus Circle in one of the city's biggest leasing deals this year  according to a source familiar with the situation.,topStory
SNE,Sony Corp Ord,20111012,After reviewing bids  Citi looks to sell EMI in pieces - sources ,* KKR/BMG consortium  Sony vie for EMI publishing business,topStory
SNE,Sony Corp Ord,20111012,Sony TV unit suffers fresh blow with faulty sets ,TOKYO Electronics giant Sony Corp suffered a fresh blow on Wednesday after several of its Bravia LCD televisions sets emitted smoke or parts began to melt  a company official said on Wednesday.,normal
SNE,Sony Corp Ord,20111012,UPDATE 2-Sony TV unit suffers fresh blow with faulty sets ,* Bravia sets to be inspected were sold mostly in Europe  U.S.,normal
SNE,Sony Corp Ord,20111012,Sony says to recall 1.6 mln LCD TVs globally ,TOKYO  Oct 12 Sony Corp will recall 1.6 million LCD televisions worldwide after several incidents of TV sets emitting smoke  a company official said on Wednesday.,normal
SNE,Sony Corp Ord,20111012,CORRECTED-Sony says to recall 1.6 mln LCD TVs globally ,TOKYO  Oct 12 Sony Corp will recall 1.6 million LCD televisions worldwide after several incidents of TV sets emitting smoke and parts melting  a company official said on Wednesday.,normal
SNE,Sony Corp Ord,20111012,Sony: third party tried to access 93 000 online accounts ,TOKYO Sony said on Wednesday that a third party had tried to sign in to 93 000 active accounts on its PlayStation and other networks this month.,normal
SF,Stifel Financial Corporation,20111012,UPDATE 1-Cempra Holdings files for IPO of up to $86 mln ,* Stifel  Leerink  Cowen  Needham underwriters to offering,topStory
TSM,Taiwan Semiconductor Manufacturing Company Ltd,20111012,TSMC sees weak global economic growth over next year ,TAIPEI  Oct 12 TSMC   the world's top contract chip maker  expects weak growth in the global economy over the next 12 months  its chairman said on Wednesday.,topStory
TGP,Teekay LNG Partners LP,20111012,UPDATE 2-Maersk sells LNG unit to Teekay and Marubeni ,COPENHAGEN/BANGALORE  Oct 12 Global maritime transport group Teekay LNG and Japanese trading company Marubeni Corp have agreed to buy Danish shipping group A.P. Moller-Maersk's liquefied natural gas (LNG) shipping unit.,topStory
THG,The Hanover Insurance Group Inc,20111012,UPDATE 1-Hanover Insurance sees Q3 loss ,* Expects Q3 catastrophe losses of $110-$115 million before taxes,topStory
THGA,The Hanover Insurance Group Inc,20111012,UPDATE 1-Hanover Insurance sees Q3 loss ,* Expects Q3 catastrophe losses of $110-$115 million before taxes,topStory
TD,Toronto Dominion Bank (The),20111012,New Issue- Toronto-Dominion Bank sells $1.5 bln notes ,Oct 12 Toronto-Dominion Bank   on Wednesday sold $1.5 billion of senior unsecured notes  said IFR  a Thomson Reuters service.       Citigroup  Goldman Sachs  JP Morgan  and TD Bank were the joint bookrunning managers for the sale. BORROWER: THE TORONTO-DOMINION BANK AMT $1.5 BLN      COUPON 2.375 PCT    MATURITY 10/19/2016 TYPE SR NTS       ISS PRICE 99.444    FIRST PAY 4/19/2012 MOODY'S Aaa       YIELD 2.494 PCT     SETTLEMENT 10/19/2011 S&P AA-MINUS      SPREAD 135 BPS      PAY FRE,topStory
TD,Toronto Dominion Bank (The),20111012,AltaGas sells C$200 mln note - term sheet ,Oct 12 AltaGas Ltd on Wednesday sold C$200 million ($196 million) of notes due Jan. 17  2019  according to a term sheet seen by Reuters.,normal
TM,Toyota Motor Corp Ltd Ord,20111012,UPDATE 2-Honda's Thai factory shut as floods hit Japan firms ,* Honda worst hit of Japan automakers  unsure when it can reopen,topStory
TM,Toyota Motor Corp Ltd Ord,20111012,Toyota says to halt Thai plants through Oct 15 ,TOKYO  Oct 12 Toyota Motor Corp said on Wednesday it would halt production at all three of its assembly plants in Thailand at least until Oct. 15 due to a disruption to the supply of parts from the deadly floods.,normal
RIG,Transocean Ltd,20111012,UPDATE 2-U.S. sanctions BP  contractors for Gulf oil spill ,WASHINGTON  Oct 12 The U.S. offshore drilling regulator on Wednesday formally issued sanctions against BP and the major contractors involved in the 2010 explosion on the Deepwater Horizon rig that killed 11 workers and spewed more than 4 million barrels of oil into the Gulf of Mexico.,topStory
RIG,Transocean Ltd,20111012,U.S. sanctions BP  contractors for Gulf oil spill ,WASHINGTON  Oct 12 The U.S. offshore drilling regulator on Wednesday formally issued sanctions against BP   Transocean and Halliburton for their roles in last year's massive Gulf oil spill.,normal
RIG,Transocean Ltd,20111012,Deepwater Horizon rig not leaking oil: probe ,HOUSTON No oil is leaking from the sunken Deepwater Horizon drilling rig or pipe around the vessel  its owner Transocean said on Wednesday.,normal
TKC,Turkcell Iletisim Hizmetleri AS,20111012,Turkcell EGM not to vote on board changes-assn ,ISTANBUL  Oct 12 An extraordinary general meeting of Turkcell   Turkey's biggest cell network operator  will not vote on proposed changes in its management board on Wednesday  Turkish Shareholders Association (BORYAD) Chairman Ali Bahcuvan told reporters at the meeting.,topStory
TKC,Turkcell Iletisim Hizmetleri AS,20111012,Teliasonera welcomes Turkish board member decision ,ISTANBUL  Oct 12 The Turkish Capital Markets Board decision to raise the number of independent members on company boards as positive for Turkcell   Teliasonera  senior vice president and head of group communications Cecilia Edstrom told Reuters.,normal
UAL,United Continental Holdings Inc,20111012,UPDATE 2-United Continental sales show no recession signs ,CHICAGO  Oct 12 United Continental Holdings is not seeing signs of an imminent recession in its travel bookings even as the United States and other major economies grapple with a troubling economic outlook  the airline's chief executive said on Wednesday.,topStory
V,Visa Inc,20111012,ATM group sues Visa  MasterCard over price fixing ,Oct 12 A group representing operators of automated teller machines filed a lawsuit against Visa  and MasterCard alleging that the credit and debit card issuers violated antitrust laws by fixing the price of ATM access fees.,topStory
WMT,Wal-Mart Stores Inc,20111012,UPDATE 1-S.Africa's Woolworths sets up shop in Nigeria ,JOHANNESBURG  Oct 12 High-end South African supermarket chain Woolworths is to open three stores in Nigeria in December  its first foray into Africa's most populous nation as it counters a move into the poorest continent by the world's biggest retailer  Wal-Mart.,topStory
WFC,Wells Fargo & Company,20111012,UPDATE 1-Wells Fargo gives staff tough healthcare choices ,Oct 12 Wells Fargo & Co   one of the largest U.S. employers  plans to cut costs by moving its workers into insurance plans that encourage them to spend less on healthcare.,topStory
WFC,Wells Fargo & Company,20111012,Eleven arrested in San Francisco protest ,SAN FRANCISCO Police arrested 11 demonstrators for blocking access to Wells Fargo's corporate headquarters in San Francisco on Wednesday  and the city's famed cable cars were halted for two hours during protests against economic inequality  officials said.,normal
WFC,Wells Fargo & Company,20111012,Eleven arrested in San Francisco protest ,SAN FRANCISCO Police arrested 11 demonstrators for blocking access to Wells Fargo's corporate headquarters in San Francisco on Wednesday  and the city's famed cable cars were halted for two hours during protests against economic inequality  officials said.,normal
WFC,Wells Fargo & Company,20111012,11 arrested in San Francisco protest  organizers say ,SAN FRANCISCO Eleven protesters were arrested on Wednesday in San Francisco after shutting down all entrances to the Wells Fargo corporate headquarters downtown during a march against economic inequality  an organizer on the scene said.,normal
WFC,Wells Fargo & Company,20111012,Wells Fargo gives staff tough choices for healthcare ,Wells Fargo & Co  one of the largest U.S. employers  plans to cut costs by moving its workers into insurance plans that encourage them to spend less on healthcare.,normal
WFC,Wells Fargo & Company,20111012,New Issue-Kohl's sells $650 mln in notes ,Oct 12 Kohl's Corp on Wednesday sold $650 million of senior unsecured notes  said IFR  a Thomson Reuters service.       Bank of America Merrill Lynch  Morgan Stanley and Wells Fargo were the joint bookrunning managers for the sale. BORROWER: KOHLS CORPORATION AMT $650 MLN      COUPON 4.00 PCT     MATURITY 11/01/2021 TYPE SR NTS       ISS PRICE 99.451    FIRST PAY 5/01/2012 MOODY'S Baa1      YIELD 4.067         SETTLEMENT 10/17/2011 S&P BBB-PLUS      SPREAD 183 BPS      PAY FREQ SEMI-,normal
WFC,Wells Fargo & Company,20111012,Wells Fargo gives staff tough choices for healthcare ,* Staff to use employee-controlled accounts for healthcare,normal
WFC,Wells Fargo & Company,20111012,RPT-UPDATE 1-Wall St went bearish...just before stocks rebound ,* Biggest shift for Morgan Stanley Smith Barney since 2009,normal
WBK,Westpac Banking Corporation,20111012,TEXT: S&P Assigns Ratings To Series 2011-3 WST Trust Prime RMBS ,-- Series 2011-3 WST Trust is a securitization of prime residential mortgages originated by Westpac Banking Corp. (Westpac; AA/Stable/A-1+).,topStory
