ALXN,Alexion Pharmaceuticals Inc,20111228,Alexion to buy Enobia Pharma ,Biopharmaceutical company Alexion Pharmaceuticals Inc  agreed to buy Enobia Pharma Corp in an all-cash deal to gain access to the privately owned firm's key therapy for treating a rare and fatal metabolic bone disease.,topStory
KNDI,Kandi Technologies Group Inc,20111228,DIARY-U.S. MEETINGS/WEEK AHEAD ,THOMSON REUTERS  December 28  2011 - Corporate Meetings for US companies for Week ahead.	         S&P 500 Earnings - Weekly           S&P 500 Earnings - Day Ahead   	     Non S&P 500 - Weekly               Non S&P 500 - Day Ahead        	     ConferenceCall/Webcast - Weekly    ConferenceCall/Webcast - Day   	     S&P 500 Earnings - Monthly           Meetings - Day Ahead           	     Economic Indicators                  Dividends                      	     Daily earnings hits & misses    	    ,topStory
NFLX,Netflix Inc,20111228,Netflix  Gap lag in customer satisfaction online ,Netflix Inc and Gap Inc were among the worst performers in customer satisfaction among the largest online retailers this holiday season  according to a survey released on Wednesday. | Video ,topStory
SHLD,Sears Holdings Corporation,20111228,TEXT-S&P puts Sears on negative watch ,-- Hoffman Estates  Ill.-based Sears Holding Corp. announced that EBITDA will be less than half of its prior year's amount.,topStory
SHLD,Sears Holdings Corporation,20111228,Sears closing up to 120 stores as sales slide ,Sears Holdings Corp  will close as many as 120 of its Kmart and Sears discount and department stores after its holiday sales slumped  sending its shares sliding more than 27 percent to their lowest level in three years. | Video ,normal
AIG,American International Group Inc,20111228,Court OKs AIG's $450 million workers comp settlement ,A federal judge has approved American International Group Inc's  $450 million settlement with rival insurers to end litigation accusing AIG of underreporting premiums on workers' compensation policies.,topStory
BK,Bank Of New York Mellon Corporation (The),20111228,Whistleblower documents illuminate case against BNY Mellon ,NEW YORK Confidential whistleblower documents that helped spark a massive state and federal investigation into how Bank of New York Mellon Corp charged pension funds for currency exchange  provide a rare window into how a bank insider aided a lawsuit against the bank.,topStory
BDC,Belden Inc,20111228,UPDATE 1-RuggedCom adopts poison pill in wake of Belden bid ,Dec 28 Canada's RuggedCom Inc  said it adopted a shareholder rights plan in response to U.S. cable manufacturer Belden Inc's C$280 million unsolicited bid.,topStory
CHK,Chesapeake Energy Corporation,20111228,Special Report: Energy giant hid behind shells in "land grab" ,Articles in this series explore the extent and impact of corporate secrecy in the United States.,topStory
CHK,Chesapeake Energy Corporation,20111228,Chesapeake raises $865 million in partnership deal ,Chesapeake Energy Corp said on Wednesday it sold natural gas pipeline and processing assets in the Marcellus Shale to its partnership  Chesapeake Midstream Partners for $865 million.,normal
CHK,Chesapeake Energy Corporation,20111228,Energy giant hid behind shells in "land grab" ,TRAVERSE CITY  Michigan Late in the summer of 2010  hundreds of farmers in northern Michigan were fuming.,normal
SNP,China Petroleum & Chemical Corporation,20111228,Market Chatter -- Corporate finance press digest ,Dec 28 The following corporate finance-related stories were reported by media on Wednesday:,topStory
SNP,China Petroleum & Chemical Corporation,20111228,UPDATE 1-PetroChina  Sinopec to invest $22 bln in east Zhejiang - media ,* Top project: PetroChina/Shell/Qatar refinery  petchem complex,normal
SNP,China Petroleum & Chemical Corporation,20111228,PetroChina  Sinopec to invest $22 bln in petrochem projects - report ,SHANGHAI  Dec 28 PetroChina Co Ltd  and China Petroleum & Chemical Corp (Sinopec)  have signed an agreement with the Zhejiang government on six petrochemical projects worth 139.1 billion yuan ($22 billion)  the official China Securities Journal reported on Wednesday.,normal
C,Citigroup Inc,20111228,Deals of the day -- mergers and acquisitions ,Dec 28 The following bids  mergers  acquisitions and disposals involving European  U.S. and Asian companies were reported by 2115 GMT on Wednesday.,topStory
C,Citigroup Inc,20111228,Citigroup to sell Belgian retail business to CMNE ,BRUSSELS Citigroup  has agreed to sell its retail business in Belgium to Credit Mutuel Nord Europe (CMNE)  the French firm said in a statement on Wednesday.,normal
C,Citigroup Inc,20111228,UPDATE 1-Citigroup to sell Belgian retail business to CMNE ,BRUSSELS  Dec 28 Citigroup has agreed to sell its retail business in Belgium to Credit Mutuel Nord Europe (CMNE)  the French firm said in a statement on Wednesday.,normal
C,Citigroup Inc,20111228,Citigroup to sell Belgian retail business to CMNE ,BRUSSELS  Dec 28 Citigroup has agreed to sell its retail business in Belgium to Credit Mutuel Nord Europe (CMNE)  the French firm said in a statement on Wednesday.,normal
DEO,Diageo plc,20111228,For the not-so-serious drinker: Marshmallow vodka ,NEW YORK Vodkas flavored with citrus and berry have been around for years and recently some newer brands have been trying to create buzz with unusual flavors. But this holiday season  for the first time  the world's largest vodka brand is trying to appeal to Americans' sweet tooth with zany flavors like "fluffed marshmallow" and "whipped cream.",topStory
DEO,Diageo plc,20111228,For the not-so-serious drinker: Marshmallow vodka ,NEW YORK Vodkas flavored with citrus and berry have been around for years and recently some newer brands have been trying to create buzz with unusual flavors.,normal
EIX,Edison International,20111228,EDF unlikely to be asked to up Edison price for minorities ,* EDF offer for Edison control has 0.84 euro implied price,topStory
XOM,Exxon Mobil Corporation,20111228,Oil falls on dollar's rise  Wall Street pullback ,NEW YORK Oil prices fell on Wednesday  snapping a string of six straight sessions of gains as part of a broad sell-off across commodities and equities. | Video ,topStory
FII,Federated Investors Inc,20111228,TEXT-S&P:PRCM fund rtgs unaffected by Federated acquisition ,Dec 28 - Standard & Poor's Ratings Services said today that six 'AAAm' principal stability and one 'AAAf/S1+' fund credit quality ratings assigned to a range of investment funds offered by Prime Rate Capital Management (PRCM) are unaffected by the Federated Investors Inc. 	 acquisition of PRCM from the Matrix Group.,topStory
KKR,KKR & Co LP,20111228,Two resign from Kodak board; represented KKR ,Two Eastman Kodak  directors resigned from the board last week  the struggling photography company said in a filing with regulators on Tuesday.,topStory
LEG,Leggett & Platt Incorporated,20111228,UPDATE 1-Leggett & Platt to take $36 mln charge in Q4 ,* Sees restructuring charge to hurt FY after-tax profit by $0.16,topStory
LPL,LG Display Co Ltd,20111228,UPDATE 2-LG Display plant in eastern China hit by strike ,* Nanjing government  company negotiating with workers   (Adds details from factory  additional comment from LG),topStory
MA,Mastercard Incorporated,20111228,U.S. gasoline demand up over Christmas holiday ,U.S. retail gasoline demand rose sharply last week from the previous week as Americans hit the road for the Christmas holiday  but demand was down from the same week in 2010  MasterCard said in its weekly SpendingPulse report on Wednesday.,topStory
MCO,Moody&#39;s Corporation,20111228,BRIEF-Moody's disclosures on credit rtgs of Swisscom AG ,Dec 28 Swisscom AG * Moody's disclosures on credit ratings of Swisscom AG ,topStory
MOS,Mosaic Company (The),20111228,UPDATE 2-Mosaic to cut phosphate production on excess supply ,* Says second-quarter volumes for both phosphate and potash within prior forecast,topStory
NYT,New York Times Company (The),20111228,New York Times sends email to millions by mistake ,Some 8 million New York Times customers received an email on Thursday offering a special discount if they would reconsider their decision to cancel their subscriptions.,topStory
NYT,New York Times Company (The),20111228,NY Times to sell regional newspapers for $143 million ,The New York Times Co said it will sell 16 regional newspapers spread across the U.S. Southeast and California to Halifax Media Holdings for $143 million in cash as it looks to cut costs and focus on its most important papers and their websites.,normal
NYT,New York Times Company (The),20111228,PRESS DIGEST - New York Times business news - Dec 28 ,Dec 28 The following were the top stories on The New York Times business pages on Wednesday. Reuters has not verified these stories and does not vouch for their accuracy.,normal
NYT,New York Times Company (The),20111228,CORRECTED-UPDATE 2-NY Times Co to sell regional newspapers for $143 mln ,Dec 27 The New York Times Co said it will sell 16 regional newspapers spread across the U.S. Southeast and California to Halifax Media Holdings for $143 million in cash as it looks to cut costs and focus on its most important papers and their websites.,normal
IX,Orix Corp Ads,20111228,TEXT-S&P asgns 'AAA (sf)' rtgs to Trust Campanella Class A and ABL ,(The following statement was released by the rating agency),topStory
SO,Southern Company (The),20111228,UPDATE 2-Bombardier wins $296 mln British trains deal ,* Bombardier to supply 130 Electrostar carriages to Southern,topStory
SOJA,Southern Company (The),20111228,UPDATE 2-Bombardier wins $296 mln British trains deal ,* Bombardier to supply 130 Electrostar carriages to Southern,topStory
SOJB,Southern Company (The),20111228,UPDATE 2-Bombardier wins $296 mln British trains deal ,* Bombardier to supply 130 Electrostar carriages to Southern,topStory
BX,The Blackstone Group LP,20111228,UPDATE 1-Blackstone affiliate in $153 mln India property deal ,* Indian property sector struggling with access to capital,topStory
DIS,Walt Disney Company (The),20111228,Walt Disney open offer for India's UTV on Jan 16 ,MUMBAI  Dec 28 Walt Disney Co said on Wednesday it would launch an open offer Jan. 16-20 for the shares it does not already own in Indian entertainment company UTV Software Communications Ltd.,topStory
