AAPL,Apple Inc,20111018,Nikkei poised for gains but Apple earnings could weigh ,TOKYO  Oct 19 The Nikkei is poised for gains on Wednesday after a report raised expectations Europe will act to strengthen the euro zone's rescue fund  but gains may be tempered by caution after a mixed batch of U.S. earnings that included a weaker-than-expected report from Apple Inc. 	     Wall Street rallied on Tuesday after Britain's Guardian newspaper said France and Germany will increase the euro zone's rescue fund to 2 trillion euros as part of a plan to resolve the sovereign d,topStory
AAPL,Apple Inc,20111018,Apple blames iPhone rumors for disappointing results ,SAN FRANCISCO Apple Inc stunned Wall Street by reporting results that missed expectations for the first time in years  blaming rumors of the new iPhone for hurting demand in the September quarter.,normal
AAPL,Apple Inc,20111018,UPDATE 5-Apple blames iPhone rumors for disappointing results ,SAN FRANCISCO  Oct 18 Apple Inc  stunned Wall Street by reporting results that missed expectations for the first time in years  blaming rumors of the new iPhone for hurting demand in the September quarter.,normal
AAPL,Apple Inc,20111018,Motorola revives brand with slim Droid Razr ,NEW YORK Motorola Mobility is reviving its once-popular Razr brand to tout its latest gadget  the Droid Razr  as the world's slimmest smartphone.,normal
AAPL,Apple Inc,20111018,UPDATE 3-Motorola revives brand with slim Droid Razr ,NEW YORK  Oct 18 Motorola Mobility is reviving its once-popular Razr brand to tout its latest gadget  the Droid Razr  as the world's slimmest smartphone.,normal
AAPL,Apple Inc,20111018,Instant view: Apple shocks investors with earns miss ,NEW YORK Apple Inc shocked investors with a rare miss in its quarterly earnings on Tuesday  sending its shares down sharply.,normal
AAPL,Apple Inc,20111018,Wall Street rallies on Europe  Apple falls late ,NEW YORK Stocks surged late in trading on Tuesday as buyers latched onto another report of agreements to strengthen the euro zone's rescue fund to bid up stocks aggressively. | Video ,normal
AAPL,Apple Inc,20111018,UPDATE 5-RIM aims to rebuild franchise on new BBX platform ,* New operating systems announced at three-day conference,normal
AAPL,Apple Inc,20111018,US STOCKS SNAPSHOT-Nasdaq  S&P futures lower after Apple results ,NEW YORK  Oct 18 U.S. stock index futures were lower late Tuesday after Apple Inc sold off following its quarterly results.,normal
AAPL,Apple Inc,20111018,Apple revenue misses forecasts  shares fall ,SAN FRANCISCO  Oct 18 Apple Inc  reported a rare miss in quarterly revenue that fell short of Wall Street expectations.,normal
BMLP,Bank Of Montreal,20111018,Bank of Montreal sells C$450 mln notes ,Oct 18 Bank of Montreal on Tuesday sold C$450 million ($441 million) of one-year floating-rate notes  according to a term sheet seen by Reuters.,topStory
TAPR,Barclays Inverse US Treasury Composite ETN,20111018,MOVES-Credit Suisse  Barclays Wealth ,Oct 18 The following financial service industry appointments were announced on Tuesday. To inform us of other job changes  email: moves@thomsonreuters.com.,topStory
TAPR,Barclays Inverse US Treasury Composite ETN,20111018,Barclays placing 6.84 pct stake in Amadeus ,MADRID  Oct 18 Barclays PLC's  investment banking unit said on Tuesday it is making a private placement of 30.62 million shares  or 6.84 percent of Spain-based travel and tourism firm Amadeus IT Holding  with a group of qualified investors.,normal
TAPR,Barclays Inverse US Treasury Composite ETN,20111018,UPDATE 2-Police seize $335 mln at UniCredit in fraud probe ,MILAN  Oct 18 Italy's financial police seized funds worth 245 million euros ($335 million) at UniCredit on Tuesday in a tax fraud probe and the bank's former chief executive  Alessandro Profumo  was placed under investigation  judicial sources said.,normal
TAPR,Barclays Inverse US Treasury Composite ETN,20111018,Fannie Mae sells $3 bln new 5-year notes ,Oct 18 Fannie Mae   the largest U.S. home funding source  said on Tuesday it sold $3.0 billion in new five-year benchmark notes due Nov. 15  2016.,normal
TAPR,Barclays Inverse US Treasury Composite ETN,20111018,Fannie Mae launches $3 bln 5-year note sale ,Oct 18 Fannie Mae   the largest U.S. home funding source  launched its new $3 billion five-year benchmark note sale on Tuesday  said IFR  a Thomson Reuters service.,normal
TAPR,Barclays Inverse US Treasury Composite ETN,20111018,TEXT-Fitch places Interstar 2006-2G class A1's 'F1+' rtg on RWN ,Oct 18- Fitch Ratings has placed Interstar Millennium Series 2006-2G Trust Class A1 notes' Short-Term 'F1+' rating on Rating Watch Negative (RWN). At the same time  Fitch has affirmed Class A2 and Class AB notes  and has maintained the RWN on the Class B notes. The transaction is a securitisation of Australian conforming residential mortgages originated through a network of mortgage originators and brokers.,normal
DLBL,Barclays PLC,20111018,MOVES-Credit Suisse  Barclays Wealth ,Oct 18 The following financial service industry appointments were announced on Tuesday. To inform us of other job changes  email: moves@thomsonreuters.com.,topStory
DLBL,Barclays PLC,20111018,Barclays placing 6.84 pct stake in Amadeus ,MADRID  Oct 18 Barclays PLC's  investment banking unit said on Tuesday it is making a private placement of 30.62 million shares  or 6.84 percent of Spain-based travel and tourism firm Amadeus IT Holding  with a group of qualified investors.,normal
DLBL,Barclays PLC,20111018,UPDATE 2-Police seize $335 mln at UniCredit in fraud probe ,MILAN  Oct 18 Italy's financial police seized funds worth 245 million euros ($335 million) at UniCredit on Tuesday in a tax fraud probe and the bank's former chief executive  Alessandro Profumo  was placed under investigation  judicial sources said.,normal
DLBL,Barclays PLC,20111018,Fannie Mae sells $3 bln new 5-year notes ,Oct 18 Fannie Mae   the largest U.S. home funding source  said on Tuesday it sold $3.0 billion in new five-year benchmark notes due Nov. 15  2016.,normal
DLBL,Barclays PLC,20111018,Fannie Mae launches $3 bln 5-year note sale ,Oct 18 Fannie Mae   the largest U.S. home funding source  launched its new $3 billion five-year benchmark note sale on Tuesday  said IFR  a Thomson Reuters service.,normal
DLBL,Barclays PLC,20111018,TEXT-Fitch places Interstar 2006-2G class A1's 'F1+' rtg on RWN ,Oct 18- Fitch Ratings has placed Interstar Millennium Series 2006-2G Trust Class A1 notes' Short-Term 'F1+' rating on Rating Watch Negative (RWN). At the same time  Fitch has affirmed Class A2 and Class AB notes  and has maintained the RWN on the Class B notes. The transaction is a securitisation of Australian conforming residential mortgages originated through a network of mortgage originators and brokers.,normal
DTYL,Barclays PLC,20111018,MOVES-Credit Suisse  Barclays Wealth ,Oct 18 The following financial service industry appointments were announced on Tuesday. To inform us of other job changes  email: moves@thomsonreuters.com.,topStory
DTYL,Barclays PLC,20111018,Barclays placing 6.84 pct stake in Amadeus ,MADRID  Oct 18 Barclays PLC's  investment banking unit said on Tuesday it is making a private placement of 30.62 million shares  or 6.84 percent of Spain-based travel and tourism firm Amadeus IT Holding  with a group of qualified investors.,normal
DTYL,Barclays PLC,20111018,UPDATE 2-Police seize $335 mln at UniCredit in fraud probe ,MILAN  Oct 18 Italy's financial police seized funds worth 245 million euros ($335 million) at UniCredit on Tuesday in a tax fraud probe and the bank's former chief executive  Alessandro Profumo  was placed under investigation  judicial sources said.,normal
DTYL,Barclays PLC,20111018,Fannie Mae sells $3 bln new 5-year notes ,Oct 18 Fannie Mae   the largest U.S. home funding source  said on Tuesday it sold $3.0 billion in new five-year benchmark notes due Nov. 15  2016.,normal
DTYL,Barclays PLC,20111018,Fannie Mae launches $3 bln 5-year note sale ,Oct 18 Fannie Mae   the largest U.S. home funding source  launched its new $3 billion five-year benchmark note sale on Tuesday  said IFR  a Thomson Reuters service.,normal
DTYL,Barclays PLC,20111018,TEXT-Fitch places Interstar 2006-2G class A1's 'F1+' rtg on RWN ,Oct 18- Fitch Ratings has placed Interstar Millennium Series 2006-2G Trust Class A1 notes' Short-Term 'F1+' rating on Rating Watch Negative (RWN). At the same time  Fitch has affirmed Class A2 and Class AB notes  and has maintained the RWN on the Class B notes. The transaction is a securitisation of Australian conforming residential mortgages originated through a network of mortgage originators and brokers.,normal
CHKP,Check Point Software Technologies Ltd,20111018,UPDATE 2-Check Point Q3 beats forecasts  upbeat on Q4 ,* Sees Q4 revenue $348-$360 mln  non-GAAP EPS $0.79-$0.82,topStory
CHKP,Check Point Software Technologies Ltd,20111018,BRIEF-Check Point Software Q4  2011 outlook ,* Sees Q4 revenue $348-$360 mln  non-GAAP EPS $0.79-$0.82,normal
CME,CME Group Inc,20111018,UPDATE 1-CME takes some comfort in CFTC position limit plan ,* CFTC partly yielded to CME calls on 'conditional limits',topStory
CME,CME Group Inc,20111018,CME takes some comfort in CFTC position limit plan ,Oct 18 CME Group Inc is "relatively pleased" that a U.S. regulator will for the most part treat cash and physical commodity products equally in its crackdown on excessive speculation  but a top executive was mum on whether the futures exchange would sue the regulator.,normal
CREE,Cree Inc,20111018,UPDATE 2-Low prices  costs hit Cree margins; shares fall ,Oct 18 LED maker Cree Inc reported a steep decline in first-quarter profit that missed Wall Street's expectations as stiff competition hurt pricing and kept inventories high.,topStory
CROX,Crocs Inc,20111018,Crocs crumbles on outlook cut; 2 brokerages slash targets ,Shares of Crocs Inc  lost more than a third of their value on Tuesday after the shoe maker cut its outlook for the third quarter due to a late dip in U.S. sales and the related hit to margins.,topStory
HALO,Halozyme Therapeutics Inc,20111018,UPDATE 2-Halozyme: subcutaneous Herceptin trial met goals ,Oct 18 Halozyme Therapeutics   which specializes in reformulating drug products available only as infusions  said a pivotal trial of subcutaneous Herceptin  the cancer drug sold by Roche   had met its goals.,topStory
INTC,Intel Corporation,20111018,UPDATE 5-Intel outlook defies worries of PC decline ,* Stock rises after hours  (Adds detail on outlook and Windows release; updates stock price),topStory
INTC,Intel Corporation,20111018,Intel outlook defies worries of PC decline ,SAN FRANCISCO Intel Corp forecast quarterly revenue above Wall Street's expectations  defying concerns that tablets and a shaky economy are eating into demand for personal computers.,normal
INTC,Intel Corporation,20111018,Instant view: Apple shocks investors with earns miss ,NEW YORK Apple Inc shocked investors with a rare miss in its quarterly earnings on Tuesday  sending its shares down sharply.,normal
INTC,Intel Corporation,20111018,Instant view: Intel sales beat Street  shares leap ,NEW YORK Chip maker Intel Corp beat Wall Street's third-quarter sales targets  helped by strong demand for computers in China. Its shares jumped 4 percent after hours.,normal
INTC,Intel Corporation,20111018,CORRECTED - UPDATE 2-Intel's quarterly outlook beats Street ,(Corrects GAAP vs Non-GAAP in second bullet point and fourth graph),normal
ISRG,Intuitive Surgical Inc,20111018,UPDATE 3-Intuitive Surgical 3rd-qtr profit tops expectations ,Oct 18 Intuitive Surgical Inc reported a much higher-than-expected third-quarter profit on increased demand for its da Vinci surgical robots and a rise in procedures using the expensive systems  and its shares rose nearly 8 percent.,topStory
DTYS,iPath US Treasury 10-year Bear ETN,20111018,MOVES-Credit Suisse  Barclays Wealth ,Oct 18 The following financial service industry appointments were announced on Tuesday. To inform us of other job changes  email: moves@thomsonreuters.com.,topStory
DTYS,iPath US Treasury 10-year Bear ETN,20111018,Barclays placing 6.84 pct stake in Amadeus ,MADRID  Oct 18 Barclays PLC's  investment banking unit said on Tuesday it is making a private placement of 30.62 million shares  or 6.84 percent of Spain-based travel and tourism firm Amadeus IT Holding  with a group of qualified investors.,normal
DTYS,iPath US Treasury 10-year Bear ETN,20111018,UPDATE 2-Police seize $335 mln at UniCredit in fraud probe ,MILAN  Oct 18 Italy's financial police seized funds worth 245 million euros ($335 million) at UniCredit on Tuesday in a tax fraud probe and the bank's former chief executive  Alessandro Profumo  was placed under investigation  judicial sources said.,normal
DTYS,iPath US Treasury 10-year Bear ETN,20111018,Fannie Mae sells $3 bln new 5-year notes ,Oct 18 Fannie Mae   the largest U.S. home funding source  said on Tuesday it sold $3.0 billion in new five-year benchmark notes due Nov. 15  2016.,normal
DTYS,iPath US Treasury 10-year Bear ETN,20111018,Fannie Mae launches $3 bln 5-year note sale ,Oct 18 Fannie Mae   the largest U.S. home funding source  launched its new $3 billion five-year benchmark note sale on Tuesday  said IFR  a Thomson Reuters service.,normal
DTYS,iPath US Treasury 10-year Bear ETN,20111018,TEXT-Fitch places Interstar 2006-2G class A1's 'F1+' rtg on RWN ,Oct 18- Fitch Ratings has placed Interstar Millennium Series 2006-2G Trust Class A1 notes' Short-Term 'F1+' rating on Rating Watch Negative (RWN). At the same time  Fitch has affirmed Class A2 and Class AB notes  and has maintained the RWN on the Class B notes. The transaction is a securitisation of Australian conforming residential mortgages originated through a network of mortgage originators and brokers.,normal
DTUS,iPath US Treasury 2-year Bear ETN,20111018,MOVES-Credit Suisse  Barclays Wealth ,Oct 18 The following financial service industry appointments were announced on Tuesday. To inform us of other job changes  email: moves@thomsonreuters.com.,topStory
DTUS,iPath US Treasury 2-year Bear ETN,20111018,Barclays placing 6.84 pct stake in Amadeus ,MADRID  Oct 18 Barclays PLC's  investment banking unit said on Tuesday it is making a private placement of 30.62 million shares  or 6.84 percent of Spain-based travel and tourism firm Amadeus IT Holding  with a group of qualified investors.,normal
DTUS,iPath US Treasury 2-year Bear ETN,20111018,UPDATE 2-Police seize $335 mln at UniCredit in fraud probe ,MILAN  Oct 18 Italy's financial police seized funds worth 245 million euros ($335 million) at UniCredit on Tuesday in a tax fraud probe and the bank's former chief executive  Alessandro Profumo  was placed under investigation  judicial sources said.,normal
DTUS,iPath US Treasury 2-year Bear ETN,20111018,Fannie Mae sells $3 bln new 5-year notes ,Oct 18 Fannie Mae   the largest U.S. home funding source  said on Tuesday it sold $3.0 billion in new five-year benchmark notes due Nov. 15  2016.,normal
DTUS,iPath US Treasury 2-year Bear ETN,20111018,Fannie Mae launches $3 bln 5-year note sale ,Oct 18 Fannie Mae   the largest U.S. home funding source  launched its new $3 billion five-year benchmark note sale on Tuesday  said IFR  a Thomson Reuters service.,normal
DTUS,iPath US Treasury 2-year Bear ETN,20111018,TEXT-Fitch places Interstar 2006-2G class A1's 'F1+' rtg on RWN ,Oct 18- Fitch Ratings has placed Interstar Millennium Series 2006-2G Trust Class A1 notes' Short-Term 'F1+' rating on Rating Watch Negative (RWN). At the same time  Fitch has affirmed Class A2 and Class AB notes  and has maintained the RWN on the Class B notes. The transaction is a securitisation of Australian conforming residential mortgages originated through a network of mortgage originators and brokers.,normal
DTUL,iPath US Treasury 2-year Bull ETN,20111018,MOVES-Credit Suisse  Barclays Wealth ,Oct 18 The following financial service industry appointments were announced on Tuesday. To inform us of other job changes  email: moves@thomsonreuters.com.,topStory
DTUL,iPath US Treasury 2-year Bull ETN,20111018,Barclays placing 6.84 pct stake in Amadeus ,MADRID  Oct 18 Barclays PLC's  investment banking unit said on Tuesday it is making a private placement of 30.62 million shares  or 6.84 percent of Spain-based travel and tourism firm Amadeus IT Holding  with a group of qualified investors.,normal
DTUL,iPath US Treasury 2-year Bull ETN,20111018,UPDATE 2-Police seize $335 mln at UniCredit in fraud probe ,MILAN  Oct 18 Italy's financial police seized funds worth 245 million euros ($335 million) at UniCredit on Tuesday in a tax fraud probe and the bank's former chief executive  Alessandro Profumo  was placed under investigation  judicial sources said.,normal
DTUL,iPath US Treasury 2-year Bull ETN,20111018,Fannie Mae sells $3 bln new 5-year notes ,Oct 18 Fannie Mae   the largest U.S. home funding source  said on Tuesday it sold $3.0 billion in new five-year benchmark notes due Nov. 15  2016.,normal
DTUL,iPath US Treasury 2-year Bull ETN,20111018,Fannie Mae launches $3 bln 5-year note sale ,Oct 18 Fannie Mae   the largest U.S. home funding source  launched its new $3 billion five-year benchmark note sale on Tuesday  said IFR  a Thomson Reuters service.,normal
DTUL,iPath US Treasury 2-year Bull ETN,20111018,TEXT-Fitch places Interstar 2006-2G class A1's 'F1+' rtg on RWN ,Oct 18- Fitch Ratings has placed Interstar Millennium Series 2006-2G Trust Class A1 notes' Short-Term 'F1+' rating on Rating Watch Negative (RWN). At the same time  Fitch has affirmed Class A2 and Class AB notes  and has maintained the RWN on the Class B notes. The transaction is a securitisation of Australian conforming residential mortgages originated through a network of mortgage originators and brokers.,normal
DFVS,iPath US Treasury 5-year Bear ETN,20111018,MOVES-Credit Suisse  Barclays Wealth ,Oct 18 The following financial service industry appointments were announced on Tuesday. To inform us of other job changes  email: moves@thomsonreuters.com.,topStory
DFVS,iPath US Treasury 5-year Bear ETN,20111018,Barclays placing 6.84 pct stake in Amadeus ,MADRID  Oct 18 Barclays PLC's  investment banking unit said on Tuesday it is making a private placement of 30.62 million shares  or 6.84 percent of Spain-based travel and tourism firm Amadeus IT Holding  with a group of qualified investors.,normal
DFVS,iPath US Treasury 5-year Bear ETN,20111018,UPDATE 2-Police seize $335 mln at UniCredit in fraud probe ,MILAN  Oct 18 Italy's financial police seized funds worth 245 million euros ($335 million) at UniCredit on Tuesday in a tax fraud probe and the bank's former chief executive  Alessandro Profumo  was placed under investigation  judicial sources said.,normal
DFVS,iPath US Treasury 5-year Bear ETN,20111018,Fannie Mae sells $3 bln new 5-year notes ,Oct 18 Fannie Mae   the largest U.S. home funding source  said on Tuesday it sold $3.0 billion in new five-year benchmark notes due Nov. 15  2016.,normal
DFVS,iPath US Treasury 5-year Bear ETN,20111018,Fannie Mae launches $3 bln 5-year note sale ,Oct 18 Fannie Mae   the largest U.S. home funding source  launched its new $3 billion five-year benchmark note sale on Tuesday  said IFR  a Thomson Reuters service.,normal
DFVS,iPath US Treasury 5-year Bear ETN,20111018,TEXT-Fitch places Interstar 2006-2G class A1's 'F1+' rtg on RWN ,Oct 18- Fitch Ratings has placed Interstar Millennium Series 2006-2G Trust Class A1 notes' Short-Term 'F1+' rating on Rating Watch Negative (RWN). At the same time  Fitch has affirmed Class A2 and Class AB notes  and has maintained the RWN on the Class B notes. The transaction is a securitisation of Australian conforming residential mortgages originated through a network of mortgage originators and brokers.,normal
DFVL,iPath US Treasury 5-year Bull ETN,20111018,MOVES-Credit Suisse  Barclays Wealth ,Oct 18 The following financial service industry appointments were announced on Tuesday. To inform us of other job changes  email: moves@thomsonreuters.com.,topStory
DFVL,iPath US Treasury 5-year Bull ETN,20111018,Barclays placing 6.84 pct stake in Amadeus ,MADRID  Oct 18 Barclays PLC's  investment banking unit said on Tuesday it is making a private placement of 30.62 million shares  or 6.84 percent of Spain-based travel and tourism firm Amadeus IT Holding  with a group of qualified investors.,normal
DFVL,iPath US Treasury 5-year Bull ETN,20111018,UPDATE 2-Police seize $335 mln at UniCredit in fraud probe ,MILAN  Oct 18 Italy's financial police seized funds worth 245 million euros ($335 million) at UniCredit on Tuesday in a tax fraud probe and the bank's former chief executive  Alessandro Profumo  was placed under investigation  judicial sources said.,normal
DFVL,iPath US Treasury 5-year Bull ETN,20111018,Fannie Mae sells $3 bln new 5-year notes ,Oct 18 Fannie Mae   the largest U.S. home funding source  said on Tuesday it sold $3.0 billion in new five-year benchmark notes due Nov. 15  2016.,normal
DFVL,iPath US Treasury 5-year Bull ETN,20111018,Fannie Mae launches $3 bln 5-year note sale ,Oct 18 Fannie Mae   the largest U.S. home funding source  launched its new $3 billion five-year benchmark note sale on Tuesday  said IFR  a Thomson Reuters service.,normal
DFVL,iPath US Treasury 5-year Bull ETN,20111018,TEXT-Fitch places Interstar 2006-2G class A1's 'F1+' rtg on RWN ,Oct 18- Fitch Ratings has placed Interstar Millennium Series 2006-2G Trust Class A1 notes' Short-Term 'F1+' rating on Rating Watch Negative (RWN). At the same time  Fitch has affirmed Class A2 and Class AB notes  and has maintained the RWN on the Class B notes. The transaction is a securitisation of Australian conforming residential mortgages originated through a network of mortgage originators and brokers.,normal
FLAT,iPath US Treasury Flattener ETN,20111018,MOVES-Credit Suisse  Barclays Wealth ,Oct 18 The following financial service industry appointments were announced on Tuesday. To inform us of other job changes  email: moves@thomsonreuters.com.,topStory
FLAT,iPath US Treasury Flattener ETN,20111018,Barclays placing 6.84 pct stake in Amadeus ,MADRID  Oct 18 Barclays PLC's  investment banking unit said on Tuesday it is making a private placement of 30.62 million shares  or 6.84 percent of Spain-based travel and tourism firm Amadeus IT Holding  with a group of qualified investors.,normal
FLAT,iPath US Treasury Flattener ETN,20111018,UPDATE 2-Police seize $335 mln at UniCredit in fraud probe ,MILAN  Oct 18 Italy's financial police seized funds worth 245 million euros ($335 million) at UniCredit on Tuesday in a tax fraud probe and the bank's former chief executive  Alessandro Profumo  was placed under investigation  judicial sources said.,normal
FLAT,iPath US Treasury Flattener ETN,20111018,Fannie Mae sells $3 bln new 5-year notes ,Oct 18 Fannie Mae   the largest U.S. home funding source  said on Tuesday it sold $3.0 billion in new five-year benchmark notes due Nov. 15  2016.,normal
FLAT,iPath US Treasury Flattener ETN,20111018,Fannie Mae launches $3 bln 5-year note sale ,Oct 18 Fannie Mae   the largest U.S. home funding source  launched its new $3 billion five-year benchmark note sale on Tuesday  said IFR  a Thomson Reuters service.,normal
FLAT,iPath US Treasury Flattener ETN,20111018,TEXT-Fitch places Interstar 2006-2G class A1's 'F1+' rtg on RWN ,Oct 18- Fitch Ratings has placed Interstar Millennium Series 2006-2G Trust Class A1 notes' Short-Term 'F1+' rating on Rating Watch Negative (RWN). At the same time  Fitch has affirmed Class A2 and Class AB notes  and has maintained the RWN on the Class B notes. The transaction is a securitisation of Australian conforming residential mortgages originated through a network of mortgage originators and brokers.,normal
DLBS,iPath US Treasury Long Bond Bear ETN,20111018,MOVES-Credit Suisse  Barclays Wealth ,Oct 18 The following financial service industry appointments were announced on Tuesday. To inform us of other job changes  email: moves@thomsonreuters.com.,topStory
DLBS,iPath US Treasury Long Bond Bear ETN,20111018,Barclays placing 6.84 pct stake in Amadeus ,MADRID  Oct 18 Barclays PLC's  investment banking unit said on Tuesday it is making a private placement of 30.62 million shares  or 6.84 percent of Spain-based travel and tourism firm Amadeus IT Holding  with a group of qualified investors.,normal
DLBS,iPath US Treasury Long Bond Bear ETN,20111018,UPDATE 2-Police seize $335 mln at UniCredit in fraud probe ,MILAN  Oct 18 Italy's financial police seized funds worth 245 million euros ($335 million) at UniCredit on Tuesday in a tax fraud probe and the bank's former chief executive  Alessandro Profumo  was placed under investigation  judicial sources said.,normal
DLBS,iPath US Treasury Long Bond Bear ETN,20111018,Fannie Mae sells $3 bln new 5-year notes ,Oct 18 Fannie Mae   the largest U.S. home funding source  said on Tuesday it sold $3.0 billion in new five-year benchmark notes due Nov. 15  2016.,normal
DLBS,iPath US Treasury Long Bond Bear ETN,20111018,Fannie Mae launches $3 bln 5-year note sale ,Oct 18 Fannie Mae   the largest U.S. home funding source  launched its new $3 billion five-year benchmark note sale on Tuesday  said IFR  a Thomson Reuters service.,normal
DLBS,iPath US Treasury Long Bond Bear ETN,20111018,TEXT-Fitch places Interstar 2006-2G class A1's 'F1+' rtg on RWN ,Oct 18- Fitch Ratings has placed Interstar Millennium Series 2006-2G Trust Class A1 notes' Short-Term 'F1+' rating on Rating Watch Negative (RWN). At the same time  Fitch has affirmed Class A2 and Class AB notes  and has maintained the RWN on the Class B notes. The transaction is a securitisation of Australian conforming residential mortgages originated through a network of mortgage originators and brokers.,normal
STPP,iPath US Treasury Steepener ETN,20111018,MOVES-Credit Suisse  Barclays Wealth ,Oct 18 The following financial service industry appointments were announced on Tuesday. To inform us of other job changes  email: moves@thomsonreuters.com.,topStory
STPP,iPath US Treasury Steepener ETN,20111018,Barclays placing 6.84 pct stake in Amadeus ,MADRID  Oct 18 Barclays PLC's  investment banking unit said on Tuesday it is making a private placement of 30.62 million shares  or 6.84 percent of Spain-based travel and tourism firm Amadeus IT Holding  with a group of qualified investors.,normal
STPP,iPath US Treasury Steepener ETN,20111018,UPDATE 2-Police seize $335 mln at UniCredit in fraud probe ,MILAN  Oct 18 Italy's financial police seized funds worth 245 million euros ($335 million) at UniCredit on Tuesday in a tax fraud probe and the bank's former chief executive  Alessandro Profumo  was placed under investigation  judicial sources said.,normal
STPP,iPath US Treasury Steepener ETN,20111018,Fannie Mae sells $3 bln new 5-year notes ,Oct 18 Fannie Mae   the largest U.S. home funding source  said on Tuesday it sold $3.0 billion in new five-year benchmark notes due Nov. 15  2016.,normal
STPP,iPath US Treasury Steepener ETN,20111018,Fannie Mae launches $3 bln 5-year note sale ,Oct 18 Fannie Mae   the largest U.S. home funding source  launched its new $3 billion five-year benchmark note sale on Tuesday  said IFR  a Thomson Reuters service.,normal
STPP,iPath US Treasury Steepener ETN,20111018,TEXT-Fitch places Interstar 2006-2G class A1's 'F1+' rtg on RWN ,Oct 18- Fitch Ratings has placed Interstar Millennium Series 2006-2G Trust Class A1 notes' Short-Term 'F1+' rating on Rating Watch Negative (RWN). At the same time  Fitch has affirmed Class A2 and Class AB notes  and has maintained the RWN on the Class B notes. The transaction is a securitisation of Australian conforming residential mortgages originated through a network of mortgage originators and brokers.,normal
MAT,Mattel Inc,20111018,UPDATE 2-Jakks Pacific Q3 results fall short of Street ,Oct 18 Toymaker Jakks Pacific's  third-quarter results missed market estimates  as the maker of toys under brands like Pokemon  Hello Kitty and The Smurfs posted weak sales.,topStory
NWS,News Corporation,20111018,BSkyB set for solid profit growth ,LONDON British pay-TV group BSkyB looks set to post solid first-quarter profit growth on Wednesday  driven by the sales of additional products to existing customers rather than the acquisition of new subscribers.,topStory
NWS,News Corporation,20111018,BSkyB set for solid profit growth ,LONDON  Oct 19 British pay-TV group BSkyB  looks set to post solid first-quarter profit growth on Wednesday  driven by the sales of additional products to existing customers rather than the acquisition of new subscribers.,normal
NWSA,News Corporation,20111018,BSkyB set for solid profit growth ,LONDON British pay-TV group BSkyB looks set to post solid first-quarter profit growth on Wednesday  driven by the sales of additional products to existing customers rather than the acquisition of new subscribers.,topStory
NWSA,News Corporation,20111018,BSkyB set for solid profit growth ,LONDON  Oct 19 British pay-TV group BSkyB  looks set to post solid first-quarter profit growth on Wednesday  driven by the sales of additional products to existing customers rather than the acquisition of new subscribers.,normal
NUAN,Nuance Communications Inc,20111018,Nuance raises Q4 outlook ,Nuance Communications Inc  raised its fourth-quarter outlook  helped by growth in its mobile  imaging and healthcare businesses.,topStory
NUAN,Nuance Communications Inc,20111018,UPDATE 1-Nuance raises Q4 outlook ,Oct 18 Nuance Communications Inc raised its fourth-quarter outlook  helped by growth in its mobile  imaging and healthcare businesses.,normal
QCOM,QUALCOMM Incorporated,20111018,UPDATE 2-India to grant Internet licence to Qualcomm ,* Telecoms ministry had earlier rejected Qualcomm application,topStory
QCOM,QUALCOMM Incorporated,20111018,India to grant Internet licence to Qualcomm-telecoms secy ,NEW DELHI  Oct 18 India has agreed to grant an Internet service licence to Qualcomm Inc   Telecoms Secretary R. Chandrashekhar said on Tuesday  clearing the way for the U.S. chipmaker to launch broadband services in the country after its application for the licence was rejected initially.,normal
RUTH,Ruth&#39;s Hospitality Group Inc,20111018,Ruth's Chris workers seek class-action status ,Current and former female employees of Ruth's Chris Steak House have sued the company alleging gender discrimination and seeking class-action status.,topStory
RUTH,Ruth&#39;s Hospitality Group Inc,20111018,Ruth's Chris workers seek class-action status ,Oct 17 Current and former female employees of Ruth's Chris Steak House have sued the company alleging gender discrimination and seeking class-action status.,normal
SBUX,Starbucks Corporation,20111018,NZ's Restaurant Brands H1 profit falls ,WELLINGTON  Oct 19 New Zealand fast food operator Restaurant Brands Ltd's first half profit fell 44 percent on weaker sales  with the full year result likely to be lower  the company said on Wednesday.,topStory
SBUX,Starbucks Corporation,20111018,UPDATE 2-Starbucks adds lighter 'Blonde' roast to lineup ,LOS ANGELES  Oct 18 Starbucks Corp is going "Blonde " expanding its coffee lineup with its lightest roast to date in a move aimed at wooing more customers and capturing a bigger share of the U.S. coffee market.,normal
SBUX,Starbucks Corporation,20111018,Starbucks adds lighter 'Blonde' roast to lineup ,LOS ANGELES  Oct 18 Starbucks Corp is going "Blonde " expanding its coffee lineup with its lightest roast to date in a move aimed at wooing more customers and capturing a bigger share of the U.S. coffee market.,normal
STLD,Steel Dynamics Inc,20111018,UPDATE 1-Economy weighs on Steel Dynamics forecast ,* 2012 seen fairly lackluster unless economy improves -CEO,topStory
SYMC,Symantec Corporation,20111018,First came Stuxnet computer virus: now there's Duqu ,WASHINGTON First there was the Stuxnet computer virus that wreaked havoc on Iran's nuclear program. Now comes "Duqu " which researchers on Tuesday said appears to be quite similar.,topStory
SYMC,Symantec Corporation,20111018,First came Stuxnet computer virus: now there's Duqu ,WASHINGTON  Oct 18 First there was the Stuxnet computer virus that wreaked havoc on Iran's nuclear program. Now comes "Duqu " which researchers on Tuesday said appears to be quite similar.,normal
AEB,Aegon NV,20111018,EU mergers and takeovers (Oct 18) ,BRUSSELS  Oct 18 The following are mergers under review by the European Commission and a brief guide to the EU merger process:,topStory
AED,Aegon NV,20111018,EU mergers and takeovers (Oct 18) ,BRUSSELS  Oct 18 The following are mergers under review by the European Commission and a brief guide to the EU merger process:,topStory
AEG,Aegon NV,20111018,EU mergers and takeovers (Oct 18) ,BRUSSELS  Oct 18 The following are mergers under review by the European Commission and a brief guide to the EU merger process:,topStory
AEH,Aegon NV,20111018,EU mergers and takeovers (Oct 18) ,BRUSSELS  Oct 18 The following are mergers under review by the European Commission and a brief guide to the EU merger process:,topStory
AEK,Aegon NV,20111018,EU mergers and takeovers (Oct 18) ,BRUSSELS  Oct 18 The following are mergers under review by the European Commission and a brief guide to the EU merger process:,topStory
AGCO,AGCO Corporation,20111018,AGCO CEO says would buy Fiat's CNH if for sale-paper ,FRANKFURT  Oct 18 U.S. farm equipment maker Agco Corp reiterated its interest in buying Italian group Fiat Industrial's CNH Global unit  German daily Handelsblatt reported.,topStory
AXP,American Express Company,20111018,Flash sales pioneer Vente-Privee targets U.S. ,PARIS Vente-Privee  the French start-up that pioneered the now much-imitated model of on-line flash sales  plans to launch its U.S. website by mid-November in partnership with American Express and aims to reach $500 million in sales in the ultra-competitive market in the next five years.,topStory
AFG,American Financial Group Inc,20111018,Ex-US insurance executive  Reds owner Lindner dies ,CINCINNATI  Ohio  Oct 18 Billionaire Carl Lindner Jr.  who went from his family's dairy business to become an owner of banks  insurance companies and the Cincinnati Reds baseball team  has died.,topStory
AFGE,American Financial Group Inc,20111018,Ex-US insurance executive  Reds owner Lindner dies ,CINCINNATI  Ohio  Oct 18 Billionaire Carl Lindner Jr.  who went from his family's dairy business to become an owner of banks  insurance companies and the Cincinnati Reds baseball team  has died.,topStory
AFGH,American Financial Group Inc,20111018,Ex-US insurance executive  Reds owner Lindner dies ,CINCINNATI  Ohio  Oct 18 Billionaire Carl Lindner Jr.  who went from his family's dairy business to become an owner of banks  insurance companies and the Cincinnati Reds baseball team  has died.,topStory
AIG,American International Group Inc,20111018,BofA seeks to oust AIG law firm from $10 billion case ,Bank of America Corp  urged a judge to disqualify the law firm representing insurer American International Group Inc  in its $10 billion mortgage fraud lawsuit against the bank  alleging a conflict of interest by one of the firm's partners. | Video ,topStory
AIG,American International Group Inc,20111018,UPDATE 2-BofA seeks to oust AIG law firm from $10 bln case ,* AIG suit alleges fraud in losses on mortgage securities,normal
AGO,Assured Guaranty Ltd,20111018,UPDATE 1-Ross-backed Assured Guaranty restates results ,* Co to restate results for 2009  2010  some quarters of 2011,topStory
AZN,Astrazeneca PLC,20111018,Astra  Forest to start Phase 3 superbug drug study ,LONDON  Oct 18 AstraZeneca and Forest Laboratories are to launch a final-stage Phase III trial programme for a new treatment against "superbug" bacterial infections.,topStory
AVP,Avon Products Inc,20111018,UPDATE 1-Avon hires Unilever exec to run Latin America ,Oct 18 Avon Products Inc on Tuesday named Unilever executive Fernando Acosta as president of its Latin America business  ending a months-long search for a leader of the cosmetics seller's largest region.,topStory
BAC,Bank of America Corporation,20111018,Bank of America struggles  but asset sales help ,CHARLOTTE  North Carolina Bank of America Corp  posted a third-quarter profit  boosted by accounting gains  but its main businesses struggled as income from lending and investment banking fell. | Video ,topStory
BAC,Bank of America Corporation,20111018,UPDATE 8-Bank of America struggles  but asset sales help ,* Core businesses show weakness  but results hearten some,normal
BAC,Bank of America Corporation,20111018,Wall Street pay enters bear market as profits drop ,* Bonuses down 30-50 pct across Wall Street -- consultant,normal
BAC,Bank of America Corporation,20111018,Wall Street rallies on Europe  Apple falls late ,NEW YORK Stocks surged late in trading on Tuesday as buyers latched onto another report of agreements to strengthen the euro zone's rescue fund to bid up stocks aggressively. | Video ,normal
BAC,Bank of America Corporation,20111018,US STOCKS-Wall St surges into close on euro zone hopes ,NEW YORK  Oct 18 U.S. stocks surged late in trading on Tuesday as buyers latched onto another report of agreements to strengthen the euro zone's rescue fund to bid up stocks aggressively.,normal
BAC,Bank of America Corporation,20111018,GLOBAL MARKETS-U.S. stocks rise with banks; bonds higher ,* Government bonds up  dollar  euro near flat  (Updates prices  adds details),normal
BAC,Bank of America Corporation,20111018,BofA seeks to oust AIG law firm from $10 billion case ,Bank of America Corp  urged a judge to disqualify the law firm representing insurer American International Group Inc  in its $10 billion mortgage fraud lawsuit against the bank  alleging a conflict of interest by one of the firm's partners. | Video ,normal
BAC,Bank of America Corporation,20111018,UPDATE 2-BofA seeks to oust AIG law firm from $10 bln case ,* AIG suit alleges fraud in losses on mortgage securities,normal
BAC,Bank of America Corporation,20111018,US STOCKS-Wall St rises as financials counter Europe worry ,NEW YORK  Oct 18 U.S. stocks rose on Tuesday as bank earnings  though unspectacular  were strong enough to reassure investors about the sector and overshadow debt worries and signs of slowing growth elsewhere in the globe.,normal
BAC,Bank of America Corporation,20111018,CANADA STOCKS-TSX bounces back as oil  U.S. stocks pick up ,*TSX up 29.90 points  or 0.25 pct  at 11 952.94     *Six of 10 sectors stronger  golds drag      TORONTO  Oct 18 Toronto's main stock index bounced back from a steep early loss on Tuesday as energy shares turned positive on higher oil prices and bank shares stabilized on some better-than-expected U.S. earnings.     U.S. crude futures shot up more than 2 percent  making Suncor Energy one of the biggest heavyweight gainers on the Toronto market  up 1.2 percent at C$30.12. Canadian Nati,normal
BMO,Bank Of Montreal,20111018,Bank of Montreal sells C$450 mln notes ,Oct 18 Bank of Montreal on Tuesday sold C$450 million ($441 million) of one-year floating-rate notes  according to a term sheet seen by Reuters.,topStory
BCS,Barclays PLC,20111018,MOVES-Credit Suisse  Barclays Wealth ,Oct 18 The following financial service industry appointments were announced on Tuesday. To inform us of other job changes  email: moves@thomsonreuters.com.,topStory
BCS,Barclays PLC,20111018,Barclays placing 6.84 pct stake in Amadeus ,MADRID  Oct 18 Barclays PLC's  investment banking unit said on Tuesday it is making a private placement of 30.62 million shares  or 6.84 percent of Spain-based travel and tourism firm Amadeus IT Holding  with a group of qualified investors.,normal
BCS,Barclays PLC,20111018,UPDATE 2-Police seize $335 mln at UniCredit in fraud probe ,MILAN  Oct 18 Italy's financial police seized funds worth 245 million euros ($335 million) at UniCredit on Tuesday in a tax fraud probe and the bank's former chief executive  Alessandro Profumo  was placed under investigation  judicial sources said.,normal
BCS,Barclays PLC,20111018,Fannie Mae sells $3 bln new 5-year notes ,Oct 18 Fannie Mae   the largest U.S. home funding source  said on Tuesday it sold $3.0 billion in new five-year benchmark notes due Nov. 15  2016.,normal
BCS,Barclays PLC,20111018,Fannie Mae launches $3 bln 5-year note sale ,Oct 18 Fannie Mae   the largest U.S. home funding source  launched its new $3 billion five-year benchmark note sale on Tuesday  said IFR  a Thomson Reuters service.,normal
BCS,Barclays PLC,20111018,TEXT-Fitch places Interstar 2006-2G class A1's 'F1+' rtg on RWN ,Oct 18- Fitch Ratings has placed Interstar Millennium Series 2006-2G Trust Class A1 notes' Short-Term 'F1+' rating on Rating Watch Negative (RWN). At the same time  Fitch has affirmed Class A2 and Class AB notes  and has maintained the RWN on the Class B notes. The transaction is a securitisation of Australian conforming residential mortgages originated through a network of mortgage originators and brokers.,normal
BHP,BHP Billiton Limited,20111018,UPDATE 1-BHP iron ore output jumps 24 pct but copper disappoints ,SYDNEY  Oct 19 BHP Billiton posted a 24 percent rise in quarterly iron ore production on Wednesday as it boosted sales to Asian steel mills  but the world's biggest mining company said copper output from its Escondida mine in Chile was declining.,topStory
BHP,BHP Billiton Limited,20111018,BHP  others eyeing partnership with Ferrous - sources ,LONDON  Oct 18 BHP Billiton    the world's biggest miner  is one of several parties in talks over a strategic partnership with fast-growing Brazilian iron ore miner Ferrous Resources  sources familiar with the deal said.,normal
BA,Boeing Company (The),20111018,UPDATE 3-Boeing sees more 787 cancellations  still upbeat ,SEOUL/BEIJING  Oct 18 Boeing Co stands to lose more orders for its 787 Dreamliner as airlines balk at delayed delivery dates  but the order book remains firm and demand for the fuel-efficient plane is likely to pick up  a Boeing executive said on Tuesday.,topStory
BA,Boeing Company (The),20111018,Boeing sees more Dreamliner cancellations  still upbeat ,SEOUL/BEIJING U.S. plane maker Boeing Co  on Tuesday predicted more sales cancellations for its delayed Dreamliner 787  after a Chinese airline scrapped 24 orders  but said the overall order book for the new long-range aircraft remained strong.,normal
BA,Boeing Company (The),20111018,Boeing sees more Dreamliner orders  cancellations -exec ,SEOUL  Oct 18 Boeing said on Tuesday it expected to see more cancellations for its 787 Dreamliner planes as orders grow and the company goes through mitigation on delivery delays  after China Eastern Airlines Corp's  decision to scrap an order for 24 of the aircraft.,normal
BA,Boeing Company (The),20111018,Boeing says no sign of more Chinese cancellations for Dreamliner ,BEIJING  Oct 18 U.S. aircraft-maker Boeing Co  said on Tuesday there was no sign of further cancellations of Chinese orders for its Dreamliner 787 after China Eastern Airlines Corp's decision to scrap 24 orders.,normal
BP,BP plc,20111018,UPDATE 4-TNK-BP asked to join shareholder suit against BP ,* BP lawyer says no legal grounds for joining the lawsuit,topStory
BP,BP plc,20111018,Trafigura  Shell  ENI win 2012 TNK-BP Urals tender-trade ,MOSCOW  Oct 18 BP's joint venture in Russia  TNK-BP  awarded its 2012 Urals crude tender for shipment from Novorossiisk and Primorsk to Shell   Trafigura and Eni  traders said on Tuesday.,normal
BP,BP plc,20111018,UPDATE 1-TNK-BP may join shareholders' suit against parent BP ,MOSCOW  Oct 18 Oil company BP's 50 percent-owned Russian affiliate TNK-BP will find itself fighting its British parent in court for billions of dollars in compensation if a board decision next week goes the way of the other main shareholders.,normal
BP,BP plc,20111018,PRESS DIGEST - Financial Times - Oct 18 ,G4S is set to become one of the world's biggest employers after agreeing to buy ISS   the Danish services provider  in an ambitious 5.2 billion pound  ($8.2 billion) deal that seeks to create a global leader in outsourcing with combined staff of 1.17 million.,normal
BMY,Bristol-Myers Squibb Company,20111018,UPDATE 1-U.S. appeals court upholds $442 mln Plavix award ,Oct 18 A U.S. appeals court upheld a ruling requiring Apotex to pay Sanofi and Bristol-Myers Squibb $442 million for infringing a patent for the blood thinner Plavix  but tossed out $108 million in interest.,topStory
CNI,Canadian National Railway Company,20111018,CANADA STOCKS-TSX bounces back as oil  U.S. stocks pick up ,*TSX up 29.90 points  or 0.25 pct  at 11 952.94     *Six of 10 sectors stronger  golds drag      TORONTO  Oct 18 Toronto's main stock index bounced back from a steep early loss on Tuesday as energy shares turned positive on higher oil prices and bank shares stabilized on some better-than-expected U.S. earnings.     U.S. crude futures shot up more than 2 percent  making Suncor Energy one of the biggest heavyweight gainers on the Toronto market  up 1.2 percent at C$30.12. Canadian Nati,topStory
CEA,China Eastern Airlines Corporation Ltd,20111018,UPDATE 3-Boeing sees more 787 cancellations  still upbeat ,SEOUL/BEIJING  Oct 18 Boeing Co stands to lose more orders for its 787 Dreamliner as airlines balk at delayed delivery dates  but the order book remains firm and demand for the fuel-efficient plane is likely to pick up  a Boeing executive said on Tuesday.,topStory
CEA,China Eastern Airlines Corporation Ltd,20111018,Boeing sees more Dreamliner cancellations  still upbeat ,SEOUL/BEIJING U.S. plane maker Boeing Co  on Tuesday predicted more sales cancellations for its delayed Dreamliner 787  after a Chinese airline scrapped 24 orders  but said the overall order book for the new long-range aircraft remained strong.,normal
CEA,China Eastern Airlines Corporation Ltd,20111018,Boeing sees more Dreamliner orders  cancellations -exec ,SEOUL  Oct 18 Boeing said on Tuesday it expected to see more cancellations for its 787 Dreamliner planes as orders grow and the company goes through mitigation on delivery delays  after China Eastern Airlines Corp's  decision to scrap an order for 24 of the aircraft.,normal
CEA,China Eastern Airlines Corporation Ltd,20111018,Boeing says no sign of more Chinese cancellations for Dreamliner ,BEIJING  Oct 18 U.S. aircraft-maker Boeing Co  said on Tuesday there was no sign of further cancellations of Chinese orders for its Dreamliner 787 after China Eastern Airlines Corp's decision to scrap 24 orders.,normal
SNP,China Petroleum & Chemical Corporation,20111018,Sinopec keeps focus on east Siberia oil and gas ,MOSCOW  Oct 18 China's Sinopec remains in close contact with Russia's top oil producer Rosneft  as it continues to be interested in Russia's east Siberian oil and gas reserves  a company official told Reuters on Thursday.,topStory
C,Citigroup Inc,20111018,Citigroup shutting down prop trading unit -CFO ,Oct 17 Citigroup Inc is shutting down a loss-making proprietary trading business  Chief Financial Officer John Gerspach said in a conference call on Monday.,topStory
COP,ConocoPhillips,20111018,L.A. gasoline falls on rebounding refineries -trade ,Oct 18 Los Angeles wholesale gasoline differentials fell 5.5 cents on Tuesday as refineries were seen rebounding from upsets late last week  traders said.,topStory
COP,ConocoPhillips,20111018,Field workers at Waha Oil back on strike in Libya ,TRIPOLI  Oct 18 A strike at Waha Oil  a U.S. joint venture in Libya  has resumed after an initial agreement between the workforce and the state oil company chief was overturned by the government  a workers' representative said on Tuesday.,normal
DAL,Delta Air Lines Inc,20111018,Delta plane makes emergency landing in Ohio ,A Delta Air Lines flight traveling from Flint  Michigan to Atlanta  Georgia made an emergency landing in Cincinnati on Tuesday after the crew smelled smoke.,topStory
DB,Deutsche Bank AG,20111018,New Issue-Telefonica prices 1.0 bln euro 2016 bond ,Underlying govt bond    Over Mid-swaps  equivalent to 393.7 bps,topStory
DB,Deutsche Bank AG,20111018,Fannie Mae sells $3 bln new 5-year notes ,Oct 18 Fannie Mae   the largest U.S. home funding source  said on Tuesday it sold $3.0 billion in new five-year benchmark notes due Nov. 15  2016.,normal
DB,Deutsche Bank AG,20111018,Fannie Mae launches $3 bln 5-year note sale ,Oct 18 Fannie Mae   the largest U.S. home funding source  launched its new $3 billion five-year benchmark note sale on Tuesday  said IFR  a Thomson Reuters service.,normal
DPZ,Domino&#39;s Pizza Inc,20111018,Domino's profit tops view; eyes on "artisan" pies ,Domino's Pizza Inc  delivered better-than-expected quarterly profit and said it is optimistic about sales of its new "artisan" pizzas  sending its shares up almost 8 percent.,topStory
DPZ,Domino&#39;s Pizza Inc,20111018,UPDATE 2-Domino's profit tops view; eyes on 'artisan' pies ,Oct 18 Domino's Pizza Inc delivered better-than-expected quarterly profit and said it is optimistic about sales of its new "artisan" pizzas  sending its shares up almost 8 percent.,normal
DPZ,Domino&#39;s Pizza Inc,20111018,Domino's profit tops Street as sales hold up ,Domino's Pizza Inc  reported a quarterly profit that topped Wall Street's expectations  helped by higher sales at established restaurants around the world.,normal
DUK,Duke Energy Corporation,20111018,Pennsylvania wind farm stops working nights to protect bats ,PITTSBURGH A Pennsylvania wind farm has stopped operating at night after the carcass of an endangered bat was found at the site last month  a spokesman for the wind farm's owner said on Tuesday.,topStory
DUKH,Duke Energy Corporation,20111018,Pennsylvania wind farm stops working nights to protect bats ,PITTSBURGH A Pennsylvania wind farm has stopped operating at night after the carcass of an endangered bat was found at the site last month  a spokesman for the wind farm's owner said on Tuesday.,topStory
EC,Ecopetrol SA,20111018,FACTBOX-Colombia's main oil regions -- risks and output ,BOGOTA  Oct 18 Easing security concerns are opening once off-limit areas to greater oil production. ID:nN1E7951R3]     Here are some details on Colombia's top oil provinces  also referred to as departments:     * META -- Colombia's top producing region was once wracked by guerrilla violence  and although rebels still maintain a presence in some areas  Colombia's military offensive has opened up many oil producing regions. Output has soared 25 percent this year to around 420 000 barre,topStory
ETE,Energy Transfer Equity LP,20111018,PRESS DIGEST - New York Times business news - Oct 18 ,Oct 18 The following were the top stories on The New York Times business pages on Tuesday. Reuters has not verified these stories and does not vouch for their accuracy.,topStory
E,ENI SpA,20111018,Trafigura  Shell  ENI win 2012 TNK-BP Urals tender-trade ,MOSCOW  Oct 18 BP's joint venture in Russia  TNK-BP  awarded its 2012 Urals crude tender for shipment from Novorossiisk and Primorsk to Shell   Trafigura and Eni  traders said on Tuesday.,topStory
XOM,Exxon Mobil Corporation,20111018,L.A. gasoline falls on rebounding refineries -trade ,Oct 18 Los Angeles wholesale gasoline differentials fell 5.5 cents on Tuesday as refineries were seen rebounding from upsets late last week  traders said.,topStory
XOM,Exxon Mobil Corporation,20111018,Ship attacked at Exxon Nigerian oil platform ,ABUJA  Oct 18 Gunmen attacked a ship supplying an Exxon Mobil oil platform off the Nigerian coast  the company said on Tuesday  less than three weeks after someone was kidnapped from a vessel at one of its facilities in the same waters.,normal
FE,FirstEnergy Corporation,20111018,UPDATE 1-FirstEnergy  Boich Companies sell a third of JV for $400 mln ,* Signal Peak's production to rise to 15 mln clean tons per year,topStory
FCX,Freeport-McMoran Inc,20111018,Indonesia mine strike seen hurting Freeport profit ,Oct 18 Freeport-McMoRan Copper & Gold's  threat to close its Grasberg mine in Indonesia would hurt the company's bottom line and could further tighten global copper supplies and drive up the metal's price.,topStory
FCX,Freeport-McMoran Inc,20111018,UPDATE 3-Freeport Indonesia threatens complete mine shutdown ,* Freeport preparing contingencies for controlled shutdown,normal
FCX,Freeport-McMoran Inc,20111018,Freeport Indonesia says producing reduced copper concentrate ,JAKARTA  Oct 18 Freeport-McMoRan Copper & Gold Inc said on Tuesday that it was producing copper concentrate at reduced levels at its vast Grasberg mine in Indonesia  despite damage to one of its pipelines and striking workers blocking access roads.,normal
GEK,General Electric Capital Corporation,20111018,GE locomotive unit plans $131 mln new investments ,Oct 18 General Electric Co's railroad locomotive unit unveiled plans on Tuesday to invest $131 million in Pennsylvania and Texas to allow it to build more locomotives as well as equipment used in mining vehicles  the largest U.S. conglomerate said on Tuesday.,topStory
GE,General Electric Company,20111018,GE locomotive unit plans $131 mln new investments ,Oct 18 General Electric Co's railroad locomotive unit unveiled plans on Tuesday to invest $131 million in Pennsylvania and Texas to allow it to build more locomotives as well as equipment used in mining vehicles  the largest U.S. conglomerate said on Tuesday.,topStory
GSK,GlaxoSmithKline PLC,20111018,U.S. FDA warns Glaxo on manufacturing in UK plant ,Oct 18 U.S. drugs regulators have issued a warning letter to GlaxoSmithKline Plc  alleging significant manufacturing violations at its plant in the United Kingdom.,topStory
GS,Goldman Sachs Group Inc (The),20111018,Goldman posts quarterly loss  investments sink ,Goldman Sachs Group Inc  posted its second quarterly loss as a public company on Tuesday as its investment portfolio lost billions of dollars in value. | Video ,topStory
GS,Goldman Sachs Group Inc (The),20111018,TEXT: S&P Rtgs On Goldman Sachs Group Unaffected By Q3 Losses ,NEW YORK (Standard & Poor's) Oct. 18  2011--Standard & Poor's Ratings Services said today that the ratings on holding company The Goldman Sachs Group Inc. (Goldman; A/Negative/A-1) are not immediately affected by the company's recently announced third-quarter losses  following a weak second quarter.,normal
GS,Goldman Sachs Group Inc (The),20111018,Goldman commods risk tumbles on tough markets ,NEW YORK Goldman Sachs  commodities business generated more revenue in the third quarter but treacherous markets forced it to slash risks  leading to overall losses at Wall Street's top bank. | Video ,normal
GS,Goldman Sachs Group Inc (The),20111018,Instant view: Goldman Sachs posts its second ever quarterly loss ,NEW YORK Goldman Sachs Group Inc  lost $428 million during the third quarter  its second ever quarterly loss as a public company  hurt by sharp declines in the value of investment securities and customer trading assets. | Video ,normal
GS,Goldman Sachs Group Inc (The),20111018,Wall Street pay enters bear market as profits drop ,NEW YORK Goldman Sachs Group Inc's bonuses are set to drop at least 20 percent this year and experts warn plunging revenue could push pay for the year even lower.,normal
GS,Goldman Sachs Group Inc (The),20111018,Wall Street pay enters bear market as profits drop ,* Bonuses down 30-50 pct across Wall Street -- consultant,normal
GS,Goldman Sachs Group Inc (The),20111018,UPDATE 4-Goldman posts only its second quarterly loss ,Oct 18 Goldman Sachs Group Inc posted its second quarterly loss as a public company on Tuesday as its investment portfolio lost billions of dollars in value.,normal
GS,Goldman Sachs Group Inc (The),20111018,UPDATE 2-Goldman commods risk tumbles on tough markets ,* Commodity VaR off 36 pct from Q2 and 14 pct from yr ago     * Weak risk appetite underscores tough Q3 markets      By Barani Krishnan     NEW YORK  Oct 18 Goldman Sachs Group Inc's commodities business generated more revenue in the third quarter but treacherous markets forced it to slash risks  contributing to the overall loss at Wall Street's top bank.     Goldman Sachs's Value at Risk (VaR) for commodities averaged $25 million per day in the third quarter versus $39 million in th,normal
GS,Goldman Sachs Group Inc (The),20111018,FTSE ends lower  below key level as growth worries weigh ,LONDON  Oct 18 Britain's leading share index ended lower on Tuesday as nervous investors retreated from riskier assets  forcing the FTSE 100 below a significant technical level as global growth concerns returned to haunt the market.,normal
GS,Goldman Sachs Group Inc (The),20111018,Goldman Q3 commodities trading risk down sharply ,NEW YORK  Oct 18 Goldman Sachs Group Inc's commodities trading risk fell sharply in the third quarter as Wall Street's top investment bank reported weaker-than-expected earnings.,normal
HOG,Harley-Davidson Inc,20111018,Economy woes stoke consumer anxiety: Harley CEO ,The perceived financial hardship created by the storm clouds hovering over the world economy may be as much a figment of consumer imagination as they are due to real money concerns  the chief executive of Harley-Davidson said on Tuesday.,topStory
HOG,Harley-Davidson Inc,20111018,UPDATE 4-Harley-Davidson cuts margin view; shares fall ,Oct 18 Harley-Davidson Inc cut its full-year profit margin forecast  citing uncertainty over foreign exchange rates  and said production constraints had curbed shipments of its more expensive bikes in the third quarter.,normal
HES,Hess Corporation,20111018,Field workers at Waha Oil back on strike in Libya ,TRIPOLI  Oct 18 A strike at Waha Oil  a U.S. joint venture in Libya  has resumed after an initial agreement between the workforce and the state oil company chief was overturned by the government  a workers' representative said on Tuesday.,topStory
IHG,Intercontinental Hotels Group,20111018,InterContinental Hotels in 12 new China brand deals ,SHANGHAI InterContinental Hotels Group   has signed 12 contracts for its new China hotel brand with the first opening of the new brand expected in late 2012 or early 2013  its China head said on Tuesday.,topStory
IHG,Intercontinental Hotels Group,20111018,InterContinental Hotels in 12 new China brand deals: China head ,SHANGHAI InterContinental Hotels Group  (IHG) has signed 12 contracts for its new China hotel brand with the first opening of the new brand expected in late 2012 or early 2013  its China head said on Tuesday.,normal
IHG,Intercontinental Hotels Group,20111018,UPDATE 1-InterContinental Hotels in 12 new China brand deals -China head ,SHANGHAI  Oct 18 InterContinental Hotels Group  (IHG) has signed 12 contracts for its new China hotel brand with the first opening of the new brand expected in late 2012 or early 2013  its China head said on Tuesday.,normal
IBM,International Business Machines Corporation,20111018,IBM shares fall as tech-spend worries loom ,Shares of IBM fell 5 percent in pre-market trading on Tuesday after Big Blue's third-quarter beat failed to stem worries about a slowdown in tech spending.,topStory
IBM,International Business Machines Corporation,20111018,US STOCKS-Futures off after Goldman loss  overseas risk ,NEW YORK  Oct 18 U.S. stock index futures fell on Tuesday after a rare quarterly loss at Goldman Sachs  while doubt was cast on France's triple-A credit rating and growth in China slowed.,normal
IBM,International Business Machines Corporation,20111018,US STOCKS-Index futures off on China worries  France caution ,* Futures: Dow off 21 pts  S&P off 3.9 pts  Nasdaq up 11.25,normal
IBM,International Business Machines Corporation,20111018,U.S. stock index futures dip; eyes on IBM ,* U.S. stock index futures pointed to a lower open on Wall Street on Tuesday  with futures for the S&P 500 down 0.1 percent  Dow Jones futures down 0.2 percent and Nasdaq 100 futures down 0.1 percent  at 0829 GMT.,normal
IBM,International Business Machines Corporation,20111018,UPDATE 4-IBM's Q3 disappoints  stock drops ,SAN FRANCISCO  Oct 17 IBM's quarterly results failed to impress investors used to a stellar showing from Big Blue  adding to concerns about lackluster corporate IT spending and dragging its stock down more than 3 percent.,normal
JPM,J P Morgan Chase & Co,20111018,UPDATE 8-Bank of America struggles  but asset sales help ,* Core businesses show weakness  but results hearten some,topStory
JPM,J P Morgan Chase & Co,20111018,Fannie Mae sells $3 bln new 5-year notes ,Oct 18 Fannie Mae   the largest U.S. home funding source  said on Tuesday it sold $3.0 billion in new five-year benchmark notes due Nov. 15  2016.,normal
JPM,J P Morgan Chase & Co,20111018,Fannie Mae launches $3 bln 5-year note sale ,Oct 18 Fannie Mae   the largest U.S. home funding source  launched its new $3 billion five-year benchmark note sale on Tuesday  said IFR  a Thomson Reuters service.,normal
JPM,J P Morgan Chase & Co,20111018,Officials  banks to tackle mortgage refinancing plan: report ,Officials and big banks are working on a plan that would make refinancing available to some borrowers whose houses are worth less than their loans  so long as they are current on mortgage payments  the Wall Street Journal reported.,normal
JPM,J P Morgan Chase & Co,20111018,US officials  banks to tackle mortgage refinancing plan - WSJ ,Oct 17 U.S. officials and big banks are working on a plan that would make refinancing available to some borrowers whose houses are worth less than their loans  so long as they are current on mortgage payments  the Wall Street Journal reported.,normal
JNJ,Johnson & Johnson,20111018,J&J profit falls  but beats forecast ,Johnson & Johnson's  third-quarter earnings fell on lower U.S. sales  but the weaker dollar and strong demand overseas helped the company beat Wall Street forecasts.,topStory
JNJ,Johnson & Johnson,20111018,UPDATE 4-J&J profit falls  but beats forecast ,Oct 18 Johnson & Johnson's  third-quarter earnings fell on lower U.S. sales  but the weaker dollar and strong demand overseas helped the company beat Wall Street forecasts.,normal
JNPR,Juniper Networks Inc,20111018,Juniper Q4 outlook disappoints ,Network equipment maker Juniper Networks Inc  posted a quarterly profit in line with market estimates but forecast fourth-quarter results largely below analysts' expectations amid uncertain customer spending.,topStory
JNPR,Juniper Networks Inc,20111018,UPDATE 2-Juniper Q4 outlook disappoints ,Oct 18 Network equipment maker Juniper Networks Inc posted a quarterly profit in line with market estimates but forecast fourth-quarter results largely below analysts' expectations amid uncertain customer spending.,normal
KBH,KB Home,20111018,Homebuilder stocks rise on strong NAHB numbers ,U.S. homebuilder stocks including KB Home  Pulte Group Inc and Lennar rose on Tuesday  helped by strong homebuilder sentiment data  signaling a recovery in the housing market.,topStory
KMI,Kinder Morgan Inc,20111018,HOW TO PLAY IT: Extracting value from pipeline deals ,ISSUE: The $21 billion Kinder Morgan acquisition of El Paso suggests value in the pipeline sector.,topStory
KMI,Kinder Morgan Inc,20111018,PRESS DIGEST - New York Times business news - Oct 18 ,Oct 18 The following were the top stories on The New York Times business pages on Tuesday. Reuters has not verified these stories and does not vouch for their accuracy.,normal
KMI,Kinder Morgan Inc,20111018,El Paso CEO to get $95 million in exit pay: report ,El Paso Corp Chief Executive Douglas Foshee does not plan to stay at Kinder Morgan Inc after the pipeline company acquires his employer  a Wall Street Journal report said.,normal
KMI,Kinder Morgan Inc,20111018,El Paso CEO to get $95 million in exit pay - WSJ ,Oct 17 El Paso Corp Chief Executive Douglas Foshee does not plan to stay at Kinder Morgan Inc after the pipeline company acquires his employer  a Wall Street Journal report said.,normal
MFC,Manulife Financial Corp,20111018,Manulife new Taiwan fund to tap expected rise in yuan ,TAIPEI  Oct 18 Manulife Financial's  fund arm sees a rise of up to 5 percent in China's yuan currency  in the next two years  as it launched its second fund in Taiwan that will invest in offshore yuan bonds.,topStory
MRO,Marathon Oil Corporation,20111018,Field workers at Waha Oil back on strike in Libya ,TRIPOLI  Oct 18 A strike at Waha Oil  a U.S. joint venture in Libya  has resumed after an initial agreement between the workforce and the state oil company chief was overturned by the government  a workers' representative said on Tuesday.,topStory
MA,Mastercard Incorporated,20111018,UPDATE 1-US gasoline prices rise  weigh on demand-MasterCard ,Oct 18 U.S. retail gasoline demand dipped yet again last week compared with a year earlier as the price of the fuel rose for the first time in a month  MasterCard said in its SpendingPulse report on Tuesday.,topStory
MA,Mastercard Incorporated,20111018,US gasoline prices rise  weigh on demand-MasterCard ,Oct 18 U.S. retail gasoline demand dipped yet again last week compared with a year earlier as the price of the fuel rose for the first time in a month  MasterCard said in its SpendingPulse report on Tuesday.     Demand dropped 3.1 percent year-on-year after prices at the pump climbed 2 cents a gallon from the previous week.     A gallon of gasoline was 21.3 percent more expensive year-on-year  averaging $3.42 at the pump  MasterCard said.     Still  demand rose 2.2 percent from the p,normal
MDT,Medtronic plc,20111018,Small healthcare auctions see progress -sources ,Oct 18 Several small-to-mid-sized healthcare assets have garnered interest from private equity firms  with Medtronic Inc's Physio-Control unit fetching bids after past efforts to sell the business failed  sources said.,topStory
MON,Monsanto Company,20111018,UPDATE 2-DuPont suit claims Monsanto infringed corn patent ,Oct 18 DuPont's Pioneer seed unit has sued Monsanto Co   claiming its archrival infringed on patents that help genetically modified corn seeds germinate.,topStory
MCO,Moody&#39;s Corporation,20111018,RPT- Moody's comments on Telstra's announcement ,For the full text of this story please click the following link: http://v3.moodys.com/page/viewresearchdoc.aspx?docid=PR_228541&WT.mc_id=NLTITLE_Y,topStory
MCO,Moody&#39;s Corporation,20111018,BRIEF-Moody's takes rating actions on 11 senior certificates from Hipotecaria Su Casita Mexican RMBS ,* Moody's takes rating actions on 11 senior certificates from Hipotecaria Su Casita Mexican RMBS,normal
MCO,Moody&#39;s Corporation,20111018,BRIEF-Moody's reviews Sun Life Financial's US subsidiary for downgrade; outlook on Canadian ratings to negative ,* Moody's reviews Sun Life Financial's US subsidiary for downgrade; outlook on Canadian ratings to negative,normal
MCO,Moody&#39;s Corporation,20111018,BRIEF-Moody's comments on Telstra's announcement ,Oct 19 Telstra: * Moody's comments on Telstra's announcement ,normal
MCO,Moody&#39;s Corporation,20111018,BRIEF-Moody's affirms Nuance's Ba2 CFR; Revises secured debt rating ,* Moody's affirms Nuance's Ba2 CFR; Revises secured debt rating,normal
MCO,Moody&#39;s Corporation,20111018,GLOBAL MARKETS-U.S. stocks rise with banks; bonds higher ,* Government bonds up  dollar  euro near flat  (Updates prices  adds details),normal
MCO,Moody&#39;s Corporation,20111018,French credit review threatens euro zone rescues ,PARIS Doubt cast on France's triple-A credit rating by Moody's raised uncertainty over Europe's hopes of drawing a line under its sovereign debt crisis  five days before a crucial EU summit. | Video ,normal
MCO,Moody&#39;s Corporation,20111018,French banks  miners drag European shares lower ,LONDON European shares fell on Tuesday  led by French banking stocks after a Moody's warning about France's credit rating fueled worries about possible contagion in the euro zone debt crisis  while miners fell after China's third-quarter growth slowed.,normal
MCO,Moody&#39;s Corporation,20111018,UPDATE 1-Fitch cuts Fiat rating on short-term Chrysler worries ,MILAN  Oct 18 Fitch Ratings cut its credit rating on Fiat   citing short-term risks from the Italian carmaker's takeover of U.S peer Chrysler and its reliance on its home market and Brazil.,normal
MCO,Moody&#39;s Corporation,20111018,GLOBAL MARKETS-U.S. stocks gain with banks; bonds rise ,NEW YORK  Oct 18 U.S. shares rose on Tuesday  buoyed by a jump in financial shares on results from Bank of America and other big banks  bucking a downturn in other markets that were hit by fears over the global economy.,normal
MS,Morgan Stanley,20111018,TEXT-Fitch:BofA spreads come out 108;Goldman widens 126% ahead of earnings ,Oct 18- Lackluster performance among major financial institutions is once again being reflected in widening credit default swap (CDS) spreads  according to Fitch Solutions in its latest earnings commentary.,topStory
MSI,Motorola Solutions Inc,20111018,Motorola revives brand with slim Droid Razr ,NEW YORK Motorola Mobility is reviving its once-popular Razr brand to tout its latest gadget  the Droid Razr  as the world's slimmest smartphone.,topStory
MSI,Motorola Solutions Inc,20111018,UPDATE 3-Motorola revives brand with slim Droid Razr ,NEW YORK  Oct 18 Motorola Mobility is reviving its once-popular Razr brand to tout its latest gadget  the Droid Razr  as the world's slimmest smartphone.,normal
MSI,Motorola Solutions Inc,20111018,CORRECTED - UPDATE 1-Motorola takes wraps off $299 Droid Razr ,NEW YORK  Oct 18 Motorola Mobility  unveiled the Droid Razr smartphone for price of $299 on Tuesday  calling it the world's slimmest smartphone at just 7.1 millimeters.,normal
NKE,Nike Inc,20111018,UPDATE 1-ANTA sees Q3 sales growth slowdown  shares dive ,* Nike  Adidas gain market share in China   (Recasts with analyst comment  details),topStory
NWN,Northwest Natural Gas Company,20111018,Coca-Cola sees currency turning against it ,Coca-Cola Co  warned on Tuesday that foreign exchange rates that boosted its profit in the third quarter would turn against the company in the fourth quarter as the U.S. dollar strengthens. | Video ,topStory
OMC,Omnicom Group Inc,20111018,Omnicom beats Street as international sales soar ,Top U.S. advertising and marketing services company Omnicom Group Inc's  quarterly profit beat market estimates for the fourth straight quarter even as some of its global peers have warned of a slowdown in ad spending.,topStory
OMC,Omnicom Group Inc,20111018,UPDATE 2-Omnicom beats Street as international sales soar , ,normal
PH,Parker-Hannifin Corporation,20111018,UPDATE 3-Parker Hannifin profit tops estimates  shares rise ,Oct 18 Parker Hannifin Corp reported a higher-than-expected quarterly profit  lifted by sales of industrial motion-control systems and stronger margins in its aerospace segment  and the company raised its full-year profit forecast  sending its shares up 4.7 percent.,topStory
PFE,Pfizer Inc,20111018,Danone confident on 2012  water still strategic ,PARIS French food group Danone SA  gave a confident outlook for 2012 and said its water business was "still strategic"  in response to renewed speculation it was in talks on a disposal.,topStory
PFE,Pfizer Inc,20111018,UPDATE 4-Danone confident on 2012  water still strategic ,PARIS  Oct 18 French food group Danone SA  gave a confident outlook for 2012 and said its water business was "still strategic"  in response to renewed speculation it was in talks on a disposal.,normal
PII,Polaris Industries Inc,20111018,UPDATE 2-Polaris Q3 results beat; raises 2011 outlook ,Oct 18 Polaris Industries Inc reported higher-than-expected quarterly results on strong sales of its off-road vehicles and raised its full-year outlook.,topStory
POL,PolyOne Corporation,20111018,BRIEF-Moody's rates PolyOne's term loan Ba1 ,Oct 19 PolyOne: * Moody's rates PolyOne's term loan Ba1 ,topStory
PHM,PulteGroup Inc,20111018,Homebuilder stocks rise on strong NAHB numbers ,U.S. homebuilder stocks including KB Home  Pulte Group Inc and Lennar rose on Tuesday  helped by strong homebuilder sentiment data  signaling a recovery in the housing market.,topStory
R,Ryder System Inc,20111018,Olazabal predicts Garcia's Ryder Cup return ,Former world number two Sergio Garcia may have missed last year's Ryder Cup but he is certain to return for the 2012 edition of the biennial team event  European captain Jose Maria Olazabal said on Tuesday.,topStory
SNE,Sony Corp Ord,20111018,BRIEF-Moody's changes Sony's A3 rtng otlk to negative ,* Moody's changes Sony's A3 rating outlook to negative from stable,topStory
STT,State Street Corporation,20111018,State Street Q3 results find growth in distress ,State Street Corp  reported on Tuesday third-quarter results that topped Wall Street estimates  on strong gains from investment management fees and foreign currency trading  lifting its shares 6 percent.,topStory
STT,State Street Corporation,20111018,State Street deposit rush hurt net interest margin ,BOSTON Too much money can hurt profits -- if you're a custody bank.,normal
STT,State Street Corporation,20111018,UPDATE 3-State Street Q3 results find growth in distress ,* Operating revenue up 12 percent from year-earlier levels,normal
STT,State Street Corporation,20111018,State Street sees slow net interest margin decline ,State Street Corp  executives on Tuesday said they expect the company's net interest margin to behave similarly in 2012 to that of 2011  predicting only a slow decline.,normal
STT,State Street Corporation,20111018,State Street sees slow net interest margin decline ,Oct 18 State Street Corp executives on Tuesday said they expect the company's net interest margin to behave similarly in 2012 to that of 2011  predicting only a slow decline.,normal
STO,Statoil ASA,20111018,Statoil hits more oil in Aldous Major South appraisal ,OSLO  Oct 18 Statoil and its partners have found oil in an appraisal well in the Aldous Major South structure where the company previously estimated recoverable reserves of 400 to 800 million barrels of oil equivalent  Statoil said on Tuesday.,topStory
SLF,Sun Life Financial Inc,20111018,BRIEF-Moody's reviews Sun Life Financial's US subsidiary for downgrade; outlook on Canadian ratings to negative ,* Moody's reviews Sun Life Financial's US subsidiary for downgrade; outlook on Canadian ratings to negative,topStory
SUN,Sunoco LP,20111018,UPDATE 1-Sunoco restarts Marcus Hook cat cracker ,Oct 18 Sunoco Inc restarted the gasoline-making fluid catalytic cracking unit at its 178 000 barrel per day refinery in Marcus Hook  Pennsylvania after unplanned work on the unit  a source familiar with refinery operations said Tuesday.,topStory
TK,Teekay Corporation,20111018,Teekay to buy Sevan FPSOs  take new stock ,Teekay Corp   a marine crude oil and petroleum product transporter  will spend up to $823 million to buy three floating production storage and offloading (FPSO) units from Norway-based Sevan Marine ASA   upgrade one of them and buy stock in a recapitalized Sevan.,topStory
TK,Teekay Corporation,20111018,UPDATE 2-Teekay to buy Sevan FPSOs  take new stock ,Oct 18 Teekay Corp   a marine crude oil and petroleum product transporter  will spend up to $823 million to buy three floating production storage and offloading (FPSO) units from Norway-based Sevan Marine ASA   upgrade one of them and buy stock in a recapitalized Sevan.,normal
TI,Telecom Italia SPA,20111018,CORRECTED-Hutchison exec rules out sale of 3 Italia-paper ,MILAN  Oct 18 Hutchison Whampoa does not plan to sell its Italian telecoms unit 3 Italia  the managing director of the Hong Kong-listed conglomerate was quoted as saying in Corriere della Sera newspaper on Tuesday.,topStory
TEF,Telefonica SA,20111018,New Issue-Telefonica prices 1.0 bln euro 2016 bond ,Underlying govt bond    Over Mid-swaps  equivalent to 393.7 bps,topStory
TRV,The Travelers Companies Inc,20111018,St Paul's shelters UK's Wall Street protests ,LONDON Seen from the River Thames  the dome of St Paul's has been a constant in the ever-shifting London skyline  untouched by two world wars and three centuries of social and political change.,topStory
TRP,TransCanada Corporation,20111018,TransCanada offers Nebraska concessions for pipeline ,OMAHA  Nebraska TransCanada Corp has offered a $100 million performance bond and other oil spill protection measures to Nebraska legislators in an attempt to reduce opposition to the company's proposed $7 billion Keystone XL oil pipeline.,topStory
TRP,TransCanada Corporation,20111018,UPDATE 2-TransCanada offers Nebraska concessions for pipeline ,OMAHA  Nebraska  Oct 18 TransCanada Corp has offered a $100 million performance bond and other oil spill protection measures to Nebraska legislators in an attempt to reduce opposition to the company's proposed $7 billion Keystone XL oil pipeline.,normal
URI,United Rentals Inc,20111018,UPDATE 2-United Rentals profit up; raises 2011 outlook ,* Raises outlook for capital expenditure  rental purchases,topStory
UNH,UnitedHealth Group Incorporated,20111018,UnitedHealth cautious on outlook; shares fall ,UnitedHealth Group Inc  struck a cautious tone for its financial results for next year and pointed to some modest increases in use of healthcare services that could increase claim costs  and its shares fell as much as 8 percent.,topStory
UNH,UnitedHealth Group Incorporated,20111018,UPDATE 4-UnitedHealth cautious on outlook; shares fall ,Oct 18 UnitedHealth Group Inc struck a cautious tone for its financial results for next year and pointed to some modest increases in use of healthcare services that could increase claim costs  and its shares fell as much as 8 percent.,normal
VLO,Valero Energy Corporation,20111018,Power restored at Houston refinery after outage-Valero ,HOUSTON  Oct 18 Valero Energy Corp's  88 000 barrel per day (bpd) Houston  Texas  refinery was hit by a brief power interruption on Tuesday morning  a company spokesman said.,topStory
VMW,Vmware Inc,20111018,UPDATE 4-IBM's Q3 disappoints  stock drops ,SAN FRANCISCO  Oct 17 IBM's quarterly results failed to impress investors used to a stellar showing from Big Blue  adding to concerns about lackluster corporate IT spending and dragging its stock down more than 3 percent.,topStory
GWW,WW Grainger Inc,20111018,UPDATE 2-WW Grainger Q3 profit beats  ups FY view ,* Ups FY EPS view to $8.80-$9.00/share  sales growth of 11-12 pct,topStory
YGE,Yingli Green Energy Holding Company Limited,20111018,Solyndra: $1.2 billion in contracts undercut by China ,WILMINGTON  Delaware Executives from bankrupt Solyndra LLC testified on Tuesday that a flood of cheap Chinese solar panels kept it from realizing $1.2 billion in contracts it announced in 2008.,topStory
YUM,Yum! Brands Inc,20111018,Domino's profit tops Street as sales hold up ,Domino's Pizza Inc  reported a quarterly profit that topped Wall Street's expectations  helped by higher sales at established restaurants around the world.,topStory
