AMZN,Amazoncom Inc,20111124,Vale halts dealings with company over deforestation ,SAO PAULO Brazil's Vale  the world's largest iron ore miner  said on Thursday it had suspended its business with an Amazon-based pig-iron producer accused by the government of illegal deforestation.,topStory
AAPL,Apple Inc,20111124,UPDATE 1-HTC cuts Q4 revenue growth forecast; shares tumble ,* Cut implies 20-25 pct qoq rev fall  mainly hurt by Apple-analyst,topStory
TAPR,Barclays Inverse US Treasury Composite ETN,20111124,STXNEWS LATAM-Barclays ups price goals for BM&FBovespa  Cetip ,Barclays Capital analysts upped on Thursday their price estimates for shares of Brazilian financial companies BM&FBovespa and Cetip for next year  on expectation a financial crisis in the developed world will not hamper revenue in a substantial manner.,topStory
TAPR,Barclays Inverse US Treasury Composite ETN,20111124,Kenya revives debut eurobond deal plans - sources ,Nov 24 (IFR) - Kenya has revived plans to issue its inaugural bond  according to sources  and kept the lead managers from the original mandate - Barclays Capital and Deutsche Bank. Neither bank would confirm or deny.	 	 	  (Reporting By Sudip Roy),normal
DLBL,Barclays PLC,20111124,STXNEWS LATAM-Barclays ups price goals for BM&FBovespa  Cetip ,Barclays Capital analysts upped on Thursday their price estimates for shares of Brazilian financial companies BM&FBovespa and Cetip for next year  on expectation a financial crisis in the developed world will not hamper revenue in a substantial manner.,topStory
DLBL,Barclays PLC,20111124,Kenya revives debut eurobond deal plans - sources ,Nov 24 (IFR) - Kenya has revived plans to issue its inaugural bond  according to sources  and kept the lead managers from the original mandate - Barclays Capital and Deutsche Bank. Neither bank would confirm or deny.	 	 	  (Reporting By Sudip Roy),normal
DTYL,Barclays PLC,20111124,STXNEWS LATAM-Barclays ups price goals for BM&FBovespa  Cetip ,Barclays Capital analysts upped on Thursday their price estimates for shares of Brazilian financial companies BM&FBovespa and Cetip for next year  on expectation a financial crisis in the developed world will not hamper revenue in a substantial manner.,topStory
DTYL,Barclays PLC,20111124,Kenya revives debut eurobond deal plans - sources ,Nov 24 (IFR) - Kenya has revived plans to issue its inaugural bond  according to sources  and kept the lead managers from the original mandate - Barclays Capital and Deutsche Bank. Neither bank would confirm or deny.	 	 	  (Reporting By Sudip Roy),normal
CME,CME Group Inc,20111124,After MF Global  futures industry rethinks bailout fund ,CHICAGO In November 1986  shaken by traders' losses after a brokerage went bust  the U.S. futures industry considered  and then rejected  the notion of insuring customer funds in a broker default.,topStory
DTYS,iPath US Treasury 10-year Bear ETN,20111124,STXNEWS LATAM-Barclays ups price goals for BM&FBovespa  Cetip ,Barclays Capital analysts upped on Thursday their price estimates for shares of Brazilian financial companies BM&FBovespa and Cetip for next year  on expectation a financial crisis in the developed world will not hamper revenue in a substantial manner.,topStory
DTYS,iPath US Treasury 10-year Bear ETN,20111124,Kenya revives debut eurobond deal plans - sources ,Nov 24 (IFR) - Kenya has revived plans to issue its inaugural bond  according to sources  and kept the lead managers from the original mandate - Barclays Capital and Deutsche Bank. Neither bank would confirm or deny.	 	 	  (Reporting By Sudip Roy),normal
DTUS,iPath US Treasury 2-year Bear ETN,20111124,STXNEWS LATAM-Barclays ups price goals for BM&FBovespa  Cetip ,Barclays Capital analysts upped on Thursday their price estimates for shares of Brazilian financial companies BM&FBovespa and Cetip for next year  on expectation a financial crisis in the developed world will not hamper revenue in a substantial manner.,topStory
DTUS,iPath US Treasury 2-year Bear ETN,20111124,Kenya revives debut eurobond deal plans - sources ,Nov 24 (IFR) - Kenya has revived plans to issue its inaugural bond  according to sources  and kept the lead managers from the original mandate - Barclays Capital and Deutsche Bank. Neither bank would confirm or deny.	 	 	  (Reporting By Sudip Roy),normal
DTUL,iPath US Treasury 2-year Bull ETN,20111124,STXNEWS LATAM-Barclays ups price goals for BM&FBovespa  Cetip ,Barclays Capital analysts upped on Thursday their price estimates for shares of Brazilian financial companies BM&FBovespa and Cetip for next year  on expectation a financial crisis in the developed world will not hamper revenue in a substantial manner.,topStory
DTUL,iPath US Treasury 2-year Bull ETN,20111124,Kenya revives debut eurobond deal plans - sources ,Nov 24 (IFR) - Kenya has revived plans to issue its inaugural bond  according to sources  and kept the lead managers from the original mandate - Barclays Capital and Deutsche Bank. Neither bank would confirm or deny.	 	 	  (Reporting By Sudip Roy),normal
DFVS,iPath US Treasury 5-year Bear ETN,20111124,STXNEWS LATAM-Barclays ups price goals for BM&FBovespa  Cetip ,Barclays Capital analysts upped on Thursday their price estimates for shares of Brazilian financial companies BM&FBovespa and Cetip for next year  on expectation a financial crisis in the developed world will not hamper revenue in a substantial manner.,topStory
DFVS,iPath US Treasury 5-year Bear ETN,20111124,Kenya revives debut eurobond deal plans - sources ,Nov 24 (IFR) - Kenya has revived plans to issue its inaugural bond  according to sources  and kept the lead managers from the original mandate - Barclays Capital and Deutsche Bank. Neither bank would confirm or deny.	 	 	  (Reporting By Sudip Roy),normal
DFVL,iPath US Treasury 5-year Bull ETN,20111124,STXNEWS LATAM-Barclays ups price goals for BM&FBovespa  Cetip ,Barclays Capital analysts upped on Thursday their price estimates for shares of Brazilian financial companies BM&FBovespa and Cetip for next year  on expectation a financial crisis in the developed world will not hamper revenue in a substantial manner.,topStory
DFVL,iPath US Treasury 5-year Bull ETN,20111124,Kenya revives debut eurobond deal plans - sources ,Nov 24 (IFR) - Kenya has revived plans to issue its inaugural bond  according to sources  and kept the lead managers from the original mandate - Barclays Capital and Deutsche Bank. Neither bank would confirm or deny.	 	 	  (Reporting By Sudip Roy),normal
FLAT,iPath US Treasury Flattener ETN,20111124,STXNEWS LATAM-Barclays ups price goals for BM&FBovespa  Cetip ,Barclays Capital analysts upped on Thursday their price estimates for shares of Brazilian financial companies BM&FBovespa and Cetip for next year  on expectation a financial crisis in the developed world will not hamper revenue in a substantial manner.,topStory
FLAT,iPath US Treasury Flattener ETN,20111124,Kenya revives debut eurobond deal plans - sources ,Nov 24 (IFR) - Kenya has revived plans to issue its inaugural bond  according to sources  and kept the lead managers from the original mandate - Barclays Capital and Deutsche Bank. Neither bank would confirm or deny.	 	 	  (Reporting By Sudip Roy),normal
DLBS,iPath US Treasury Long Bond Bear ETN,20111124,STXNEWS LATAM-Barclays ups price goals for BM&FBovespa  Cetip ,Barclays Capital analysts upped on Thursday their price estimates for shares of Brazilian financial companies BM&FBovespa and Cetip for next year  on expectation a financial crisis in the developed world will not hamper revenue in a substantial manner.,topStory
DLBS,iPath US Treasury Long Bond Bear ETN,20111124,Kenya revives debut eurobond deal plans - sources ,Nov 24 (IFR) - Kenya has revived plans to issue its inaugural bond  according to sources  and kept the lead managers from the original mandate - Barclays Capital and Deutsche Bank. Neither bank would confirm or deny.	 	 	  (Reporting By Sudip Roy),normal
STPP,iPath US Treasury Steepener ETN,20111124,STXNEWS LATAM-Barclays ups price goals for BM&FBovespa  Cetip ,Barclays Capital analysts upped on Thursday their price estimates for shares of Brazilian financial companies BM&FBovespa and Cetip for next year  on expectation a financial crisis in the developed world will not hamper revenue in a substantial manner.,topStory
STPP,iPath US Treasury Steepener ETN,20111124,Kenya revives debut eurobond deal plans - sources ,Nov 24 (IFR) - Kenya has revived plans to issue its inaugural bond  according to sources  and kept the lead managers from the original mandate - Barclays Capital and Deutsche Bank. Neither bank would confirm or deny.	 	 	  (Reporting By Sudip Roy),normal
POOL,Pool Corporation,20111124,Author JK Rowling says "spiteful" UK press hounded her ,LONDON "Harry Potter" author JK Rowling told a public inquiry into British media standards on Thursday she was forced to move house because of tabloid harassment and had been made to feel like a hostage in her home after she gave birth. | Video ,topStory
AER,Aercap Holdings NV,20111124,India's Kingfisher says lessor Aercap to take back 2 planes ,MUMBAI  Nov 24 India's Kingfisher Airlines  said on Thursday one of its lessors  AerCap Holdings NV  would take back two of its aircraft in coming months as both the companies could not agree on extension terms.,topStory
T,AT&T Inc,20111124,AT&T braces for T-Mobile deal collapse ,LONDON/FRANKFURT AT&T said it would take a $4 billion charge in case its takeover of T-Mobile USA fails  a tacit recognition of the dwindling chances that the deal will get through U.S. regulators who say it would destroy jobs and curb competition.,topStory
T,AT&T Inc,20111124,UPDATE 5-AT&T braces for T-Mobile deal collapse ,LONDON/FRANKFURT  Nov 24 AT&T said it would take a $4 billion charge in case its takeover of T-Mobile USA fails  a tacit recognition of the dwindling chances that the deal will get through U.S. regulators who say it would destroy jobs and curb competition.,normal
T,AT&T Inc,20111124,US regulator eyes AT&T request to pull applications ,WASHINGTON  Nov 24 The U.S. telecommunications regulator said on Thursday it will consider a request from AT&T to withdraw applications on a proposal to take over T-Mobile USA  owned by Deutsche Telekom .,normal
T,AT&T Inc,20111124,DealTalk: Deutsche Telekom may be forced to exit UK ,LONDON Deutsche Telekom  may be forced to sell assets closer to home and take a knife to its cost base if its $39 billion deal to sell T-Mobile USA to AT&T  collapses.,normal
T,AT&T Inc,20111124,DEALTALK-D.Telekom may be forced to exit UK ,* Huge investments needed in U.S. could force asset sales,normal
T,AT&T Inc,20111124,Analysts view: No quick fix for D.Telekom's T-Mobile USA deal ,FRANKFURT Deutsche Telekom and AT&T withdrew their application for approval by the U.S. Federal Communications Commission of a planned $39 billion deal for T-Mobile USA to focus on obtaining the green light from the U.S. Department of Justice (DoJ).,normal
T,AT&T Inc,20111124,UPDATE 1-Deutsche Telekom  AT&T withdraw FCC application ,FRANKFURT  Nov 24 Deutsche Telekom  and AT&T withdrew their application for approval by the U.S. Federal Communications Commission of a planned $39 billion deal for T-Mobile USA to focus on obtaining the green light from the U.S. Department of Justice.,normal
BCS,Barclays PLC,20111124,STXNEWS LATAM-Barclays ups price goals for BM&FBovespa  Cetip ,Barclays Capital analysts upped on Thursday their price estimates for shares of Brazilian financial companies BM&FBovespa and Cetip for next year  on expectation a financial crisis in the developed world will not hamper revenue in a substantial manner.,topStory
BCS,Barclays PLC,20111124,Kenya revives debut eurobond deal plans - sources ,Nov 24 (IFR) - Kenya has revived plans to issue its inaugural bond  according to sources  and kept the lead managers from the original mandate - Barclays Capital and Deutsche Bank. Neither bank would confirm or deny.	 	 	  (Reporting By Sudip Roy),normal
BBY,Best Buy Co Inc,20111124,UPDATE 2-Thanksgiving kicks off fight for U.S. holiday sales ,Nov 24 The holiday shopping season is in full swing on Thursday  with retailers hoping U.S. consumers will spend big despite worries about the fragile economy and their own precarious finances.,topStory
BA,Boeing Company (The),20111124,Chinese leasing company to buy 30 Chinese C919 jets -Xinhua ,BEIJING  Nov 24 A Chinese leasing firm will purchase 30 domestically developed C919 passenger jets to expand its fleet because of China's rapidly growing demand for air services  according to the government-run news agency Xinhua.,topStory
BT,BT Group plc,20111124,Broadband providers must come clean on speed-Ofcom ,LONDON  Nov 24 British telecoms regulator Ofcom said on Thursday broadband suppliers should be clearer about how they manage traffic on their networks and the speeds users can expect to achieve.,topStory
CVE,Cenovus Energy Inc,20111124,Conoco JV Wood River reports compressor upset -filing ,Nov 24 A wet gas compressor tripped out of production on Wednesday at ConocoPhillips joint-venture 306 000 barrel per day (bpd) Wood River  Illinois  refinery  according to a notice the refinery filed with Illinois pollution regulators.,topStory
CVX,Chevron Corporation,20111124,Brazil suspends Chevron's drilling rights ,BRASILIA Brazil's government suspended Chevron Corp's drilling rights until Chevron clarifies the causes of an offshore oil spill  the latest twist in a political firestorm threatening the U.S. company's role in Brazil's oil bonanza.,topStory
CVX,Chevron Corporation,20111124,UPDATE 4-Brazil suspends Chevron's drilling rights ,* Brazil oil regulator sees signs Chevron was "negligent",normal
COP,ConocoPhillips,20111124,Conoco JV Wood River reports compressor upset -filing ,Nov 24 A wet gas compressor tripped out of production on Wednesday at ConocoPhillips joint-venture 306 000 barrel per day (bpd) Wood River  Illinois  refinery  according to a notice the refinery filed with Illinois pollution regulators.,topStory
DB,Deutsche Bank AG,20111124,UPDATE 2-Deutsche Bank eyes jump in EBA capital need-source ,* Can reach EBA target by retaining earnings  cutting RWAs-source,topStory
DB,Deutsche Bank AG,20111124,Kenya revives debut eurobond deal plans - sources ,Nov 24 (IFR) - Kenya has revived plans to issue its inaugural bond  according to sources  and kept the lead managers from the original mandate - Barclays Capital and Deutsche Bank. Neither bank would confirm or deny.	 	 	  (Reporting By Sudip Roy),normal
EC,Ecopetrol SA,20111124,Ecopetrol's search for "clean oil" ,BOGOTA Colombian state oil company Ecopetrol has been named to the Dow Jones Sustainability Index  the 12th oil or gas company to be admitted  an indication of its commitment to mitigate the impact of drilling for and burning petroleum.,topStory
EC,Ecopetrol SA,20111124,Labor unrest taking shine off Colombia's oil boom ,PUERTO GAITAN  Colombia Protesting oil workers have yet to buy into Colombia's grand vision for its oil industry  staging strikes that have shut the country's largest oil field and threatening further unrest.,normal
EC,Ecopetrol SA,20111124,FEATURE-Labor unrest taking shine off Colombia's oil boom ,PUERTO GAITAN  Colombia  Nov 24 Protesting oil workers have yet to buy into Colombia's grand vision for its oil industry  staging strikes that have shut the country's largest oil field and threatening further unrest.,normal
E,ENI SpA,20111124,EU mergers and takeovers (Nov 24) ,BRUSSELS  Nov 24 The following are mergers under review by the European Commission and a brief guide to the EU merger process:,topStory
XOM,Exxon Mobil Corporation,20111124,Analysis: Exxon Kurdistan foray tests Iraq's centralist resolve ,BAGHDAD Exxon Mobil's venture into Iraqi Kurdistan challenges Prime Minister Nuri al-Maliki's resolve against growing regional separatism and tests the investment strategy of the oil majors in Iraq.,topStory
GSK,GlaxoSmithKline PLC,20111124,UK switches to Merck's Gardasil for HPV vaccination ,LONDON Britain is to stop using GlaxoSmithKline's cervical cancer vaccine Cervarix from next September and will instead offer girls Merck & Co's rival product Gardasil.,topStory
GSK,GlaxoSmithKline PLC,20111124,UK switches over to Merck  Sanofi HPV vaccine ,LONDON  Nov 24 Britain will switch to using the HPV vaccine Gardasil  supplied by Sanofi Pasteur MSD  from September next year  instead of GlaxoSmithKline's  rival product Cervarix  the government said on Thursday.,normal
GS,Goldman Sachs Group Inc (The),20111124,JP Morgan buys more sway in LME takeover battle ,LONDON JP Morgan  has dramatically boosted its influence in the battle to acquire the London Metal Exchange by increasing its stake this week to become the biggest shareholder.,topStory
GS,Goldman Sachs Group Inc (The),20111124,Goldman's Asia Pac cap intro head Ghani leaves ,HONG KONG  Nov 24 Goldman Sachs  prime brokerage's head of capital introductions for Asia-Pacific Tanvir Ghani has left the firm.,normal
HSBC,HSBC Holdings plc,20111124,New Issue-Suez Environnement prices 250 mln stg 2030 bond ,Underlying govt bond    Over the 4.75 pct December 2030 UKT,topStory
HSEA,HSBC Holdings plc,20111124,New Issue-Suez Environnement prices 250 mln stg 2030 bond ,Underlying govt bond    Over the 4.75 pct December 2030 UKT,topStory
HSEB,HSBC Holdings plc,20111124,New Issue-Suez Environnement prices 250 mln stg 2030 bond ,Underlying govt bond    Over the 4.75 pct December 2030 UKT,topStory
JPM,J P Morgan Chase & Co,20111124,JP Morgan buys more sway in LME takeover battle ,LONDON JP Morgan  has dramatically boosted its influence in the battle to acquire the London Metal Exchange by increasing its stake this week to become the biggest shareholder.,topStory
KKR,KKR & Co LP,20111124,KKR-led group has deal to buy Samson for $7.2 billion ,A consortium led by private equity firm KKR & Co  clinched a deal to buy oil and gas group Samson Investment Co for $7.2 billion  KKR said on Wednesday. | Video ,topStory
KKR,KKR & Co LP,20111124,UPDATE 4-KKR-led group has deal to buy Samson for $7.2 bln ,Nov 24 A consortium led by private equity firm KKR & Co clinched a deal to buy oil and gas group Samson Investment Co for $7.2 billion  KKR said on Wednesday.,normal
KKR,KKR & Co LP,20111124,Itochu to invest $1 bln in KKR's deal to buy Samson ,TOKYO  Nov 24 Japanese trading house Itochu Corp said on Thursday it plans to invest $1.04 billion to take a 25 percent stake in Samson Investment Co  as part of KKR & Co's $7.2 billion bid for the U.S. oil and gas group.,normal
LYG,Lloyds Banking Group Plc,20111124,EURO GOVT-Crisis concerns turn on German bonds ,* Bund futures hit lowest in nearly a month     * Prospect of 11th-hour anti-crisis measures weighs     * Analysts expect Bunds to rebound given economic backdrop      By Kirsten Donovan and Ana Nicolaci da Costa	     LONDON  Nov 24 German government bonds hit their lowest in nearly a month on Thursday as the euro zone powerhouse became the latest victim of market pressure  a day after a disappointing bond auction raised doubts over its ability to ride out the debt crisis unscathed.	,topStory
LYG,Lloyds Banking Group Plc,20111124,UPDATE 1-Abramovich interest in Battersea stadium revived ,LONDON  Nov 24 Russian tycoon Roman Abramovich's interest in building a new stadium for his Chelsea football club at Battersea Power Station in London has been revived after a bid by Malaysian firm SP Setia to buy into the red-brick pile was rebuffed.,normal
M,Macy&#39;s Inc,20111124,UPDATE 2-Thanksgiving kicks off fight for U.S. holiday sales ,Nov 24 The holiday shopping season is in full swing on Thursday  with retailers hoping U.S. consumers will spend big despite worries about the fragile economy and their own precarious finances.,topStory
M,Macy&#39;s Inc,20111124,Huge Macy's parade crowd for beloved - and bizarre - balloons ,NEW YORK Gigantic balloons floated down New York streets for the 85th Macy's Thanksgiving Day Parade on Thursday  drawing huge crowds to sidewalks and an even bigger audience to television sets  a parade spokesman said.,normal
MRK,Merck & Company Inc,20111124,UK switches to Merck's Gardasil for HPV vaccination ,LONDON Britain is to stop using GlaxoSmithKline's cervical cancer vaccine Cervarix from next September and will instead offer girls Merck & Co's rival product Gardasil.,topStory
MRK,Merck & Company Inc,20111124,UPDATE 3-UK switches to Merck's Gardasil for HPV vaccination ,* GSK's Cervarix dropped as focus changes in HPV programme,normal
MRK,Merck & Company Inc,20111124,UK switches over to Merck  Sanofi HPV vaccine ,LONDON  Nov 24 Britain will switch to using the HPV vaccine Gardasil  supplied by Sanofi Pasteur MSD  from September next year  instead of GlaxoSmithKline's  rival product Cervarix  the government said on Thursday.,normal
MFG,Mizuho Financial Group Inc,20111124,TEXT-Fitch affirms Mizuho Financial Group at 'A' ,Nov 24-  Fitch Ratings has affirmed Mizuho Financial Group  Inc. (Mizuho) and its subsidiary banks  Mizuho Bank  Ltd (MHBK)  Mizuho Corporate Bank Ltd (MHCB) and Mizuho Trust and Banking Co.  Ltd. (MHTB) at 'A' with Stable Outlook. The agency has also affirmed all the other ratings of the four financial institutions. A full rating list is provided below.,topStory
MCO,Moody&#39;s Corporation,20111124,BRIEF-Moody's afrms GS E&C's Baa3 rtg; otlk neg ,Nov 24 GS Engineering & Construction's  (GS E&C),topStory
MCO,Moody&#39;s Corporation,20111124,BRIEF-Moody's maintains Elisa ratings ,* Moody's maintains Baa2 rating to Elisa ; outlook stable,normal
MCO,Moody&#39;s Corporation,20111124,BRIEF: Moody's confirms Mizuho's ratings ,Nov 24 Mizuho: Moody's confirms Mizuho's ratings ,normal
MCO,Moody&#39;s Corporation,20111124,BRIEF-Moody's assigns Aa1 rating to City of Manchester's (NH) G.O. Public Improvement Bonds  Series A  B  & C of 2011 and Aa2 rating to School Facilities Refunding Revenue Bonds  Series 2011; outlook changed to negative ,* Moody's assigns Aa1 rating to City of Manchester's (NH) G.O. Public Improvement Bonds  Series A  B  & C of 2011 and Aa2 rating to School Facilities Refunding Revenue Bonds  Series 2011; outlook changed to negative,normal
MCO,Moody&#39;s Corporation,20111124,BRIEF: Moody's assigns Aaa.mx to Banobras' Certificados Bursátiles Bancarios ,* Moody's assigns Aaa.mx to Banobras' Certificados Bursátiles Bancarios,normal
MS,Morgan Stanley,20111124,Analysis: Poor German auction spells tough times for euro ,LONDON Weak demand at a German debt auction suggests investors are starting to shun even the euro zone's strongest economy  which could trigger more losses in the shared currency as many shift from euro-denominated assets to safe havens outside the region.,topStory
PKX,POSCO,20111124,POSCO mulling buying stakes in Mitsubishi Australia projects -source ,SEOUL  Nov 24 South Korean steelmaker POSCO is considering buying direct stakes in an iron ore development and a port and rail project in Australia from Japan's Mitsubishi Corp  a POSCO source told Reuters on Thursday.,topStory
SKM,SK Telecom Co Ltd,20111124,Seoul shares reverse falls led by defensive issues ,SEOUL  Nov 24 Seoul shares rebounded from earlier losses on Thursday  propped up by defensive telecommunication and retail shares as investors weathered the jitters of a lackluster German bond auction.,topStory
TGT,Target Corporation,20111124,UPDATE 2-Thanksgiving kicks off fight for U.S. holiday sales ,Nov 24 The holiday shopping season is in full swing on Thursday  with retailers hoping U.S. consumers will spend big despite worries about the fragile economy and their own precarious finances.,topStory
X,United States Steel Corporation,20111124,UPDATE 3-Canada's Supreme Court dismisses U.S. Steel appeal ,OTTAWA  Nov 24 A decision by Canada's top court on Thursday gives the federal government the right to fine U.S. Steel Corp for breaking job-protection promises made when it bought Canadian steelmaker Stelco.,topStory
VLO,Valero Energy Corporation,20111124,Valero reports flaring  breakdown at Wilmington refinery ,Nov 23 Valero Energy Corp reported unplanned flaring due to a breakdown of an unspecified unit on Wednesday afternoon at its 80 887 barrel-per-day refinery in Wilmington  California  according to a filing with South Coast Air Quality Management District.,topStory
WMT,Wal-Mart Stores Inc,20111124,RPT-UPDATE 4-India opens door to foreign supermarket chains ,* Reform would bring investment  but risks public backlash,topStory
WMT,Wal-Mart Stores Inc,20111124,India opens door to foreign supermarket chains ,NEW DELHI India threw open its $450 billion retail market to global supermarket giants on Thursday  approving its biggest reform in years that may boost sorely needed investment in Asia's third-largest economy.,normal
WMT,Wal-Mart Stores Inc,20111124,UPDATE 4-India opens door to foreign supermarket chains ,* Wal-Mart  rivals waiting to invest in retail market   * Reform would bring investment  but risks public backlash   * Small shopkeepers fear job losses,normal
WMT,Wal-Mart Stores Inc,20111124,Thanksgiving kicks off fight for holiday sales ,The holiday shopping season is in full swing on Thursday  with retailers hoping consumers will spend big despite worries about the fragile economy and their own precarious finances. | Video ,normal
WMT,Wal-Mart Stores Inc,20111124,UPDATE 2-Thanksgiving kicks off fight for U.S. holiday sales ,Nov 24 The holiday shopping season is in full swing on Thursday  with retailers hoping U.S. consumers will spend big despite worries about the fragile economy and their own precarious finances.,normal
WMT,Wal-Mart Stores Inc,20111124,India opens door to foreign supermarket chains ,NEW DELHI India threw open its $450 billion retail market to global supermarket giants on Thursday  approving its biggest reform in years that may boost sorely needed investment in Asia's third-largest economy.,normal
WMT,Wal-Mart Stores Inc,20111124,UPDATE 2-India opens supermarket sector to foreign players ,* Wal-Mart and rivals waiting to invest in multi-billion retail market,normal
IMO,Imperial Oil Limited,20111124,Imperial has small diesel release at Sarnia refinery ,CALGARY  Alberta  Nov 24 Imperial Oil Ltd reported a small release of diesel fuel early on Thursday from a unit undergoing maintenance at its Sarnia  Ontario  refinery  requiring the closure of a nearby street.,topStory
