AMGN,Amgen Inc,20111219,Amgen  Watson to collaborate on cancer biosimilars ,DEC 19 - Amgen Inc  the world's largest biotechnology company  and generic drugmaker Watson Pharmaceuticals Inc  said on Monday they will work together to develop and sell biosimilar versions of several biotech cancer drugs.,topStory
AMGN,Amgen Inc,20111219,Amgen Watson to collaborate on cancer biosimilars ,DEC 19 - Amgen Inc  the world's largest biotechnology company  and generic drugmaker Watson Pharmaceuticals Inc  said on Monday they will work together to develop and sell biosimilar versions of several biotech cancer drugs.,normal
AAPL,Apple Inc,20111219,Apple wins limited ITC ruling in HTC patent case ,Taiwanese handset maker HTC Corp narrowly lost a patent battle with Apple Inc on Monday  as the International Trade Commission found that HTC had infringed on one of Apple's patents.,topStory
AAPL,Apple Inc,20111219,Apple supplier Pegatron hit by China plant blast ,TAIPEI Apple Inc supplier Pegatron Corp's plant in Shanghai was rocked by an explosion over the weekend  the latest in a series of incidents that spotlights safety concerns at factories in China.,normal
AAPL,Apple Inc,20111219,REFILE-UPDATE 2-Apple supplier Pegatron hit by China plant blast ,TAIPEI  Dec 19 Apple Inc supplier Pegatron Corp reported an explosion at a subsidiary's plant in Shanghai over the weekend that it said had injured 61 workers  the latest in a series of incidents that have spotlighted safety concerns at factories in China.,normal
AAPL,Apple Inc,20111219,Samsung expands patent row with Apple in Germany ,SEOUL Samsung Electronics has filed new claims in its patent war with Apple Inc over alleged patent infringements in Germany  a spokesman for the company said on Monday.,normal
AAPL,Apple Inc,20111219,Samsung expands patent row with Apple in Germany ,SEOUL  Dec 19 Samsung Electronics  has filed new claims in its patent war with Apple Inc over alleged patent infringements in Germany  a spokesman for the company said on Monday.,normal
AAPL,Apple Inc,20111219,Apple supplier Pegatron says small explosion at Shanghai plant ,TAIPEI  Dec 19 Apple Inc supplier Pegatron said a small explosion at its subsidiary in Shanghai  China had injured some workers but would not have a big impact on production.,normal
TAPR,Barclays Inverse US Treasury Composite ETN,20111219,MOVES-Danske Bank  Barclays  Mizuho Securities ,Dec 19 The following financial service industry appointments were announced on Monday. To inform us of other job changes  email to moves@thomsonreuters.com.,topStory
DLBL,Barclays PLC,20111219,MOVES-Danske Bank  Barclays  Mizuho Securities ,Dec 19 The following financial service industry appointments were announced on Monday. To inform us of other job changes  email to moves@thomsonreuters.com.,topStory
DTYL,Barclays PLC,20111219,MOVES-Danske Bank  Barclays  Mizuho Securities ,Dec 19 The following financial service industry appointments were announced on Monday. To inform us of other job changes  email to moves@thomsonreuters.com.,topStory
DTYS,iPath US Treasury 10-year Bear ETN,20111219,MOVES-Danske Bank  Barclays  Mizuho Securities ,Dec 19 The following financial service industry appointments were announced on Monday. To inform us of other job changes  email to moves@thomsonreuters.com.,topStory
DTUS,iPath US Treasury 2-year Bear ETN,20111219,MOVES-Danske Bank  Barclays  Mizuho Securities ,Dec 19 The following financial service industry appointments were announced on Monday. To inform us of other job changes  email to moves@thomsonreuters.com.,topStory
DTUL,iPath US Treasury 2-year Bull ETN,20111219,MOVES-Danske Bank  Barclays  Mizuho Securities ,Dec 19 The following financial service industry appointments were announced on Monday. To inform us of other job changes  email to moves@thomsonreuters.com.,topStory
DFVS,iPath US Treasury 5-year Bear ETN,20111219,MOVES-Danske Bank  Barclays  Mizuho Securities ,Dec 19 The following financial service industry appointments were announced on Monday. To inform us of other job changes  email to moves@thomsonreuters.com.,topStory
DFVL,iPath US Treasury 5-year Bull ETN,20111219,MOVES-Danske Bank  Barclays  Mizuho Securities ,Dec 19 The following financial service industry appointments were announced on Monday. To inform us of other job changes  email to moves@thomsonreuters.com.,topStory
FLAT,iPath US Treasury Flattener ETN,20111219,MOVES-Danske Bank  Barclays  Mizuho Securities ,Dec 19 The following financial service industry appointments were announced on Monday. To inform us of other job changes  email to moves@thomsonreuters.com.,topStory
DLBS,iPath US Treasury Long Bond Bear ETN,20111219,MOVES-Danske Bank  Barclays  Mizuho Securities ,Dec 19 The following financial service industry appointments were announced on Monday. To inform us of other job changes  email to moves@thomsonreuters.com.,topStory
STPP,iPath US Treasury Steepener ETN,20111219,MOVES-Danske Bank  Barclays  Mizuho Securities ,Dec 19 The following financial service industry appointments were announced on Monday. To inform us of other job changes  email to moves@thomsonreuters.com.,topStory
JAKK,JAKKS Pacific Inc,20111219,UPDATE 1-Jakks Pacific shares slump on outlook cut ,Dec 19 Shares of Jakks Pacific Inc   which recently snubbed a buyout offer from a private equity fund  slumped 22 percent to their lowest levels in over 16 months  after the toymaker slashed its full-year outlook late on Friday.,topStory
JAKK,JAKKS Pacific Inc,20111219,Jakks Pacific shares slump on outlook cut ,Dec 19 Jakks Pacific Inc's shares slumped to their lowest levels in over 16 months  after the toymaker slashed its full-year outlook late on Friday  citing disappointing sales at the start of the holiday season.,normal
NWS,News Corporation,20111219,NDS Group Holdings files for IPO of up to $100 million ,NDS Group Holdings Ltd  which provides software services to pay television  filed with U.S. regulators to raise up to $100 million in an initial public offering of its common stock.,topStory
NWS,News Corporation,20111219,REFILE-UPDATE 1-NDS Group Holdings files for IPO of up to $100 mln ,* Morgan Stanley  Goldman Sachs  J.P. Morgan among underwriters,normal
NWS,News Corporation,20111219,UPDATE 1-Saudi prince buys $300-mln stake in Twitter ,* Saudi billionaire Prince Alwaleed owns stakes in Citi  News Corp,normal
NWSA,News Corporation,20111219,NDS Group Holdings files for IPO of up to $100 million ,NDS Group Holdings Ltd  which provides software services to pay television  filed with U.S. regulators to raise up to $100 million in an initial public offering of its common stock.,topStory
NWSA,News Corporation,20111219,REFILE-UPDATE 1-NDS Group Holdings files for IPO of up to $100 mln ,* Morgan Stanley  Goldman Sachs  J.P. Morgan among underwriters,normal
NWSA,News Corporation,20111219,UPDATE 1-Saudi prince buys $300-mln stake in Twitter ,* Saudi billionaire Prince Alwaleed owns stakes in Citi  News Corp,normal
SHIP,Seanergy Maritime Holdings Corp,20111219,UPDATE 1-Seanergy Maritime rises on new charter ,Oct 17 Drybulk ship owner Seanergy Maritime Holdings Corp said it entered into a new time-charter agreement for one of its four Capesize vessels  sending is shares as much as 17 percent.,topStory
SONC,Sonic Corp,20111219,GM to showcase sporty Sonic at Detroit auto show ,DETROIT  Dec 19 General Motors Co  will unveil next month a sporty version of its Chevrolet Sonic subcompact car for the 2013 model year in a bid to make the 100-year-old brand more appealing to younger buyers.,topStory
APA,Apache Corporation,20111219,UPDATE 2-Apache bids to control Australia's Burrup Fertilisers ,MELBOURNE  Dec 19 U.S. gas producer Apache Corp has agreed to buy a 65 percent stake in Burrup Holdings in a deal estimated at A$560 million ($560 million)  looking to stabilise the fertiliser business that has been buying gas from its Australian operation.,topStory
APA,Apache Corporation,20111219,Apache to control of Australia's Burrup Fertilisers ,MELBOURNE  Dec 19 U.S. gas producer Apache Corp confirmed on Monday it will buy a 65 percent stake in Burrup Holdings  looking to stabilise the fertiliser business that has been buying gas from its Australian operation.,normal
T,AT&T Inc,20111219,Goldman top U.S. M&A bank after AT&T-T-Mobile collapse ,NEW YORK Goldman Sachs  claimed the spot as the top U.S. M&A adviser in 2011 as rivals JP Morgan  and Morgan Stanley  fell in the standings due to the collapse of AT&T's  $39 billion deal to buy Deutsche Telekom's  T-Mobile USA unit.,topStory
T,AT&T Inc,20111219,AT&T drops $39 billion bid to buy T-Mobile USA ,AT&T has dropped its controversial $39 billion bid for Deutsche Telekom's wireless U.S. unit  bowing to regulatory opposition over the deal that would have made it the largest cellphone operator in the country.,normal
T,AT&T Inc,20111219,Market Chatter -- Corporate finance press digest ,Dec 19 The following corporate finance-related stories were reported by media on Monday:,normal
T,AT&T Inc,20111219,AT&T  T-Mobile asset sales talks go cold: report ,NEW YORK Talks over potential asset sales as part of AT&T Inc's efforts to get approval of its $39 billion purchase of T-Mobile USA have gone cold  according to The Wall Street Journal on Sunday.,normal
BAC,Bank of America Corporation,20111219,Bank of America shares close below $5 ,NEW YORK Shares of Bank of America Corp  closed below $5 on Monday for the first time since the depths of the bear market in March 2009.,topStory
BCS,Barclays PLC,20111219,MOVES-Danske Bank  Barclays  Mizuho Securities ,Dec 19 The following financial service industry appointments were announced on Monday. To inform us of other job changes  email to moves@thomsonreuters.com.,topStory
BDC,Belden Inc,20111219,UPDATE 2-Belden offers to buy RuggedCom for C$280 mln ,* Belden offers C$22 per RuggedCom share  premium of 62 pct,topStory
BA,Boeing Company (The),20111219,Race is on for sales of Boeing's MAX vs Airbus neo ,CHICAGO Boeing Co  started a year later than its European rival Airbus  in a race to overhaul the $2 trillion narrowbody aircraft market  and is fighting hard to restore balance to their tense duopoly.,topStory
BA,Boeing Company (The),20111219,Cathay Pacific delays delivery of 2 Boeing freighters ,HONG KONG  Dec 19 Cathay Pacific Airways Ltd said on Monday that it has pushed back delivery of two 747-8F freighters from Boeing Co to 2013  cutting cargo capacity growth to 10 percent next year from an original 17 percent amid weak cargo demand.,normal
BT,BT Group plc,20111219,BT sues Google in U.S. over patent infringement ,LONDON  Dec 19 British telecoms firm BT  has launched legal action against Google in the United States over patent infringement in a number of key areas for the technology group such as mobile map services.,topStory
CAT,Caterpillar Inc,20111219,Caterpillar sees steady growth ,Caterpillar Inc  said its machine sales rose 30 percent in November compared with a year earlier as growth continued at the pace seen in September and October.,topStory
SNP,China Petroleum & Chemical Corporation,20111219,Market Chatter -- Corporate finance press digest ,Dec 19 The following corporate finance-related stories were reported by media on Monday:,topStory
C,Citigroup Inc,20111219,UPDATE 1-Saudi prince buys $300-mln stake in Twitter ,* Saudi billionaire Prince Alwaleed owns stakes in Citi  News Corp,topStory
CMC,Commercial Metals Company,20111219,Commercial Metals urges stockholders to reject Icahn ,Commercial Metals  asked its shareholders to reject billionaire investor Carl Icahn's $15-a-share tender offer  reiterating that the buyout bid was "substantially undervalued" and "opportunistic.",topStory
CMC,Commercial Metals Company,20111219,UPDATE 2-Commercial Metals urges stockholders to reject Icahn offer ,* Says offer substantially undervalued co  'opportunistic',normal
DB,Deutsche Bank AG,20111219,D.Bank ex-Chairman settles fraud trial in Munich ,MUNICH  Dec 19 Former Deutsche Bank  Chairman Rolf Breuer agreed to make a non-penal payment of 350 000 euros ($456 600) to have fraud charges dropped that were brought against him as part of a legal dispute initiated by the late Leo Kirch.,topStory
EGO,Eldorado Gold Corporation,20111219,European Goldfields mulls Qatari fallback option ,LONDON European Goldfields    which has agreed to a C$2.5 billion ($2.4 billion) takeover by Canadian group Eldorado Gold   is hoping to keep an investment deal with Qatar's sovereign wealth fund as a fallback option.,topStory
EGO,Eldorado Gold Corporation,20111219,UPDATE 3-Bid target European Goldfields seeks to keep Qatar option ,LONDON  Dec 19 European Goldfields    which has agreed a C$2.5 billion ($2.4 billion) takeover by Canadian group Eldorado Gold  is hoping to keep an investment deal with Qatar's sovereign wealth fund as a fall back option.,normal
EGO,Eldorado Gold Corporation,20111219,Eldorado to buy European Goldfields for $2.4 billion ,NEW YORK European Goldfields Ltd  said on Sunday that it had agreed to be bought by Eldorado Gold Corp  for about C$2.5 billion ($2.4 billion).,normal
EGO,Eldorado Gold Corporation,20111219,UPDATE 4-Eldorado to buy European Goldfields for C$2.5 bln ,* Deal represents 48.4 pct premium to Dec. 5 closing price,normal
XOM,Exxon Mobil Corporation,20111219,Oil edges up on supply worry; EU  North Korea eyed ,NEW YORK Oil prices rose on Monday in choppy trading as protests in Kazakhstan raised fears of supply disruption even as concerns about Europe's debt crisis and uncertainty about North Korea after the death of leader Kim Jong-il kept investors cautious. | Video ,topStory
XOM,Exxon Mobil Corporation,20111219,Gulf Keystone not talking to Exxon on $11 billion sale ,LONDON Explorer Gulf Keystone Petroleum  said it was not in talks with U.S. oil major Exxon Mobil Corp  about a 7 billion pounds ($11 billion) sale  scotching a newspaper report that sent the Kurdistan-focused group's shares 24 percent higher.,normal
XOM,Exxon Mobil Corporation,20111219,No Gulf Keystone bid talks with Exxon: source ,LONDON Explorer Gulf Keystone Petroleum  is not in talks with U.S. oil major Exxon Mobil Corp  about a 7 billion pounds ($10.9 billion) sale of the Kurdistan-focused group  a source familiar with the company's thinking said.,normal
XOM,Exxon Mobil Corporation,20111219,No Gulf Keystone bid talks with Exxon-source ,LONDON  Dec 19 Explorer Gulf Keystone Petroleum is not in talks with U.S. oil major Exxon Mobil Corp about a 7 billion pounds ($10.9 billion) sale of the Kurdistan-focused group  a source familiar with the company's thinking said.,normal
GEK,General Electric Capital Corporation,20111219,UPDATE 2-Siemens hires ex-US commander in Afghanistan ,* ex-Army Lieutenant  ex-execs of Lockheed  GE also to join,topStory
GE,General Electric Company,20111219,UPDATE 2-Siemens hires ex-US commander in Afghanistan ,* ex-Army Lieutenant  ex-execs of Lockheed  GE also to join,topStory
GM,General Motors Company,20111219,Saab heads for scrapyard as long rescue quest fails ,TROLLHATTAN  Sweden Famed Swedish car maker Saab was declared bankrupt by a court on Monday  ending a nine-month survival battle by its Dutch owner.,topStory
GM,General Motors Company,20111219,UPDATE 4-Saab heads for scrapyard as long rescue quest fails ,TROLLHATTAN  Sweden  Dec 19 Famed Swedish car maker Saab was declared bankrupt by a court on Monday  ending a nine-month survival battle by its Dutch owner.,normal
GM,General Motors Company,20111219,Still interest in Saab  now up to receivers-Saab owner ,TROLLHATTAN  Sweden Dec 19 Saab is still attractive for some investors  its owner Swedish Automobile said on Monday after filing to make the car maker bankrupt.,normal
GM,General Motors Company,20111219,GM to showcase sporty Sonic at Detroit auto show ,DETROIT  Dec 19 General Motors Co  will unveil next month a sporty version of its Chevrolet Sonic subcompact car for the 2013 model year in a bid to make the 100-year-old brand more appealing to younger buyers.,normal
GM,General Motors Company,20111219,TIMELINE-Saab owner files for bankruptcy ,Dec 19 Here is a timeline of events at Saab in the last two years:,normal
GM,General Motors Company,20111219,Saab owner says GM rescue plan rejection forced bankruptcy filing ,STOCKHOLM  Dec 19 The Dutch owner of Swedish car maker Saab said on Monday that the rejection of a rescue plan for the ailing firm by former owner and key supplier General Motors had forced it to apply for bankruptcy.,normal
GS,Goldman Sachs Group Inc (The),20111219,Goldman top U.S. M&A bank after AT&T-T-Mobile collapse ,NEW YORK Goldman Sachs  claimed the spot as the top U.S. M&A adviser in 2011 as rivals JP Morgan  and Morgan Stanley  fell in the standings due to the collapse of AT&T's  $39 billion deal to buy Deutsche Telekom's  T-Mobile USA unit.,topStory
HOG,Harley-Davidson Inc,20111219,Harley offers voluntary layoffs in Wisconsin ,Harley-Davidson Inc  is offering voluntary layoffs to hourly workers at three plants in the Milwaukee  Wisconsin area to reduce staff by about 26 percent  giving itself flexibility to hire seasonal workers.,topStory
HBM,Hudbay Minerals Inc,20111219,UPDATE 1-VMS Ventures gets capex approval for Manitoba project ,Dec 19 Mineral explorer VMS Ventures Inc  said joint venture partner HudBay Minerals Inc  has approved the C$71 million ($68.5 million) capital expenditure required to start construction of the Reed copper project in Manitoba.,topStory
HBM,Hudbay Minerals Inc,20111219,UPDATE 1-HudBay Minerals sees lower copper output in 2012 ,Dec 19 Canadian base metal and precious metal miner HudBay Minerals Inc  said it expects copper production to fall next year  hurt by the closures of its Trout Lake and Chisel North mines in Manitoba.,normal
IP,International Paper Company,20111219,Review of IP's Temple-Inland buy extended ,Packaging producer International Paper Co  said it has agreed with the U.S. Department of Justice to extend the regulatory review period for its planned $3.7 billion purchase of rival Temple-Inland Inc .,topStory
ICL,Israel Chemicals Shs,20111219,UPDATE 1-Potash seeks to raise Israel Chemicals stake to 25 pct ,TEL AVIV  Dec 19 Canadian fertiliser maker Potash Corp is seeking permission from Israeli authorities to raise its stake in rival Israel Chemicals  to 25 percent  a government source said.,topStory
ICL,Israel Chemicals Shs,20111219,Potash seeks to raise Israel Chemicals stake -report ,TEL AVIV  Dec 19 Canadian fertiliser maker Potash Corp is negotiating to buy additional shares in Israel Chemicals to raise its stake in the fertiliser and specialty chemical maker to 25 percent  the Calcalist financial daily reported.,normal
JPM,J P Morgan Chase & Co,20111219,Goldman top U.S. M&A bank after AT&T-T-Mobile collapse ,NEW YORK Goldman Sachs  claimed the spot as the top U.S. M&A adviser in 2011 as rivals JP Morgan  and Morgan Stanley  fell in the standings due to the collapse of AT&T's  $39 billion deal to buy Deutsche Telekom's  T-Mobile USA unit.,topStory
LVS,Las Vegas Sands Corp,20111219,Sands China says cleared in HK SFC probe ,HONG KONG  Dec 19 U.S. casino tycoon Sheldon Adelson's Macau unit  Sands China Ltd  said it has been cleared by Hong Kong's securities regulator after an eight-month investigation  a boost for parent Las Vegas Sands Corp which is embroiled in a lengthy U.S. federal and state investigation.,topStory
MBI,MBIA Inc,20111219,BRIEF: Moody's downgrades National Public Finance Guarantee Corporation to Baa2 and MBIA Inc. to B2. ,Dec 20 National Public Finance Guarantee Corporation:,topStory
MCO,Moody&#39;s Corporation,20111219,UPDATE 1-Moody's buys risk management co for about $80 mln ,Dec 19 Bond rating company Moody's Corp  said on Monday it bought closely-held British risk management company Barrie & Hibbert Ltd for $77.6 million  as it looks to bolster its risk analytics segment.,topStory
MCO,Moody&#39;s Corporation,20111219,BRIEF-Moody's report on US & European CLOs: 2012 outlook ,* Moody's : 2012 US CLO Credit Strong  Performance Stable in US  Negative in Europe,normal
MS,Morgan Stanley,20111219,Goldman top U.S. M&A bank after AT&T-T-Mobile collapse ,NEW YORK Goldman Sachs  claimed the spot as the top U.S. M&A adviser in 2011 as rivals JP Morgan  and Morgan Stanley  fell in the standings due to the collapse of AT&T's  $39 billion deal to buy Deutsche Telekom's  T-Mobile USA unit.,topStory
MS,Morgan Stanley,20111219,REFILE-UPDATE 1-NDS Group Holdings files for IPO of up to $100 mln ,* Morgan Stanley  Goldman Sachs  J.P. Morgan among underwriters,normal
MS,Morgan Stanley,20111219,TEXT-S&P cuts classes A1 to B of JLOC 36 LLC to 'A (sf)' ,-- JLOC 36 LLC is a multiborrower CMBS transaction that was arranged by Morgan Stanley Japan Securities.,normal
NGG,National Grid Transco PLC,20111219,UPDATE 1-UK-Norway gas transport to resume after outage ,LONDON  Dec 19 The subsea Langeled gas pipeline linking the UK and Norway is expected to return to service quickly after an outage on Monday afternoon  a source familiar with the operations told Reuters.,topStory
NAV,Navistar International Corporation,20111219,UPDATE 1-Jeffrey Altman reports 8.5 pct stake in Navistar ,Dec 19 - Jeffrey Altman of Owl Creek Asset Management reported about an 8.5 percent in Navistar International Corp  and said he had held talks with the U.S. truck and engine maker regarding its potential merger with a rival.,topStory
NYT,New York Times Company (The),20111219,NY Times Co near sale of regional newspapers ,NEW YORK The New York Times Co is nearing a sale of 16 regional newspapers spread across the U.S. Southeast and California to Halifax Media Holdings  it said on Monday.,topStory
OSK,Oshkosh Corporation,20111219,UPDATE 1-Jeffrey Altman reports 8.5 pct stake in Navistar ,Dec 19 - Jeffrey Altman of Owl Creek Asset Management reported about an 8.5 percent in Navistar International Corp  and said he had held talks with the U.S. truck and engine maker regarding its potential merger with a rival.,topStory
PHH,PHH Corp,20111219,TEXT: S&P Puts PHH Corp. 'BB+/B' Ratings On CreditWatch Negative ,-- Following PHH Corp.'s unsuccessful offering of $250 million in senior unsecured notes in early December 2011  we are reassessing the company's liquidity position and financial flexibility.,topStory
PG,Procter & Gamble Company (The),20111219,Procter & Gamble confirms hiring freeze for fiscal year ,NEW YORK  Dec 18 Procter & Gamble Co   the world's largest maker of household products  has halted full-time hiring for this fiscal year  a company spokeswoman said  confirming an earlier report.,topStory
RJF,Raymond James Financial Inc,20111219,ON THE MOVE: Raymond James adds 4 RIA firms  hires 3 advisers ,Dec 19 After roughly three decades at the New York-based broker-dealer Harold C. Brown & Co  adviser Deborah Stauring has left to set up her own firm in affiliation with Raymond James.,topStory
RHT,Red Hat Inc,20111219,Weaker Euro to hurt Red Hat Q4 revenue  shares fall ,Business software maker Red Hat Inc  forecast fourth-quarter revenue largely below analysts' expectations hurt mainly by a weaker euro  sending its shares down 7 percent in after-market trade.,topStory
RHT,Red Hat Inc,20111219,UPDATE 2-Weaker Euro to hurt Red Hat Q4 revenue  shares fall ,* Shares down 7 pct in after-market trade   (Adds details),normal
RHT,Red Hat Inc,20111219,DIARY - U.S. Company Conference Call/Webcast for Day Ahead ,THOMSON REUTERS  Corporate Conference Call/Webcast for US Companies for 	     Monday  December 19  2011.	     	     S&P 500 Earnings - Weekly           S&P 500 Earnings - Day Ahead        Non S&P 500 - Weekly               Non S&P 500 - Day Ahead        	     ConferenceCall/Webcast - Weekly    S&P 500 Earnings - Monthly     	     Meetings - Weekly                   Meetings - Day Ahead           	     Economic Indicators                  Dividends                      	     Daily earnings hits &,normal
RBS,Royal Bank Scotland plc (The),20111219,UPDATE 3-Britain pushes ahead with major bank shake-up ,* Loss absorbency of major UK banks to be at least 17 pct,topStory
SNY,Sanofi,20111219,FDA revises Sanofi Multaq label on heart risks ,U.S. regulators on Monday revised the label for Sanofi SA's heart drug Multaq to reflect a doubling of health risks  including death  for some patients with irregular heart rhythms.,topStory
SEE,Sealed Air Corporation,20111219,UPDATE 1-Sealed Air to cut jobs  consolidate facilities ,Dec 19 Sealed Air Corp said in a filing it expects to cut jobs and consolidate facilities as part of its recently-completed acquisition of Diversey Holdings.,topStory
SNE,Sony Corp Ord,20111219,Kasdan's "Darling Companion" to open Santa Barbara fest ,LOS ANGELES (TheWrap.com) - Lawrence Kasdan's "Darling Companion" has been selected as the opening-night film at the 27th Santa Barbara International Film Festival  organizers announced on Sunday.,topStory
SCCO,Southern Copper Corporation,20111219,Attorneys in Southern Copper case nab $285 million fee ,WILMINGTON  Delaware The plaintiffs' attorneys in a shareholder lawsuit involving Southern Copper Corp won a blockbuster $285 million fee award from Delaware's Chancery Court on Monday.,topStory
TEVA,Teva Pharmaceutical Industries Limited,20111219,Acino to buy Mepha's Latam  Asian business from Teva ,TEL AVIV  Dec 19 Swiss drugmaker Acino Pharma Ltd will acquire the Latin American and Asian businesses of Mepha AG  owned by the Swiss arm of Israel-based Teva Pharmaceutical Industries.,topStory
VZ,Verizon Communications Inc,20111219,Cablevision  Verizon settle Internet-speed ad suit ,NEW YORK Cablevision Systems Corp said Monday that it would dismiss a lawsuit it filed earlier this month against Verizon Communications Inc for allegedly misleading consumers about the speed of Cablevision's Internet services.,topStory
VZA,Verizon Communications Inc,20111219,Cablevision  Verizon settle Internet-speed ad suit ,NEW YORK Cablevision Systems Corp said Monday that it would dismiss a lawsuit it filed earlier this month against Verizon Communications Inc for allegedly misleading consumers about the speed of Cablevision's Internet services.,topStory
WFC,Wells Fargo & Company,20111219,UPDATE 1-Bank of Ireland sells Burdale to Wells Fargo ,DUBLIN  Dec 19 Bank of Ireland  sold a London-headquartered lending division to U.S. bank Wells Fargo for around 690 million euros on Monday putting it closer to meeting its target of selling 10 billion euros in assets under an EU-IMF bailout.,topStory
