ADBE,Adobe Systems Incorporated,20111207,Lockheed found Adobe vulnerability  no damage done ,WASHINGTON Lockheed Martin Corp  the Pentagon's biggest supplier  on Wednesday said it had detected a previously unknown vulnerability in the Adobe Reader software  but its information systems were never breached.,topStory
AMZN,Amazoncom Inc,20111207,Amazon forest loss at lowest in 23 years: Brazil ,BRASILIA Deforestation in Brazil's Amazon region fell to its lowest in 23 years in the year through July  the government said Monday  attributing the drop to its tougher stance against illegal logging. | Video ,topStory
AAPL,Apple Inc,20111207,U.S.  European antitrust regulators look at e-books ,WASHINGTON The United States is looking into allegations that the electronic book industry has violated antitrust law  a top Justice Department official said on Wednesday.,topStory
AAPL,Apple Inc,20111207,HTC says no plan to change Q4 guidance yet ,TAIPEI HTC Corp has no plans for now to change its fourth-quarter sales guidance  as shares in the world's No.4 smartphone maker tumbled nearly 7 percent on Wednesday on worries that a 30 percent drop in monthly sales may point to worse times ahead.,normal
BMLP,Bank Of Montreal,20111207,Analysts cut BMO shares after results disappoint ,TORONTO At least four analysts downgraded shares of Bank of Montreal  on Wednesday  after it reported a weaker than expected fourth-quarter profit and warned of sluggish conditions ahead.,topStory
TAPR,Barclays Inverse US Treasury Composite ETN,20111207,DIARY-U.S. MEETINGS/WEEK AHEAD ,THOMSON REUTERS  December 7  2011 - Corporate Meetings for US companies for Week ahead.	         S&P 500 Earnings - Weekly           S&P 500 Earnings - Day Ahead   	     Non S&P 500 - Weekly               Non S&P 500 - Day Ahead        	     ConferenceCall/Webcast - Weekly    ConferenceCall/Webcast - Day   	     S&P 500 Earnings - Monthly           Meetings - Day Ahead           	     Economic Indicators                  Dividends                      	     Daily earnings hits & misses    	     ,topStory
DLBL,Barclays PLC,20111207,DIARY-U.S. MEETINGS/WEEK AHEAD ,THOMSON REUTERS  December 7  2011 - Corporate Meetings for US companies for Week ahead.	         S&P 500 Earnings - Weekly           S&P 500 Earnings - Day Ahead   	     Non S&P 500 - Weekly               Non S&P 500 - Day Ahead        	     ConferenceCall/Webcast - Weekly    ConferenceCall/Webcast - Day   	     S&P 500 Earnings - Monthly           Meetings - Day Ahead           	     Economic Indicators                  Dividends                      	     Daily earnings hits & misses    	     ,topStory
DTYL,Barclays PLC,20111207,DIARY-U.S. MEETINGS/WEEK AHEAD ,THOMSON REUTERS  December 7  2011 - Corporate Meetings for US companies for Week ahead.	         S&P 500 Earnings - Weekly           S&P 500 Earnings - Day Ahead   	     Non S&P 500 - Weekly               Non S&P 500 - Day Ahead        	     ConferenceCall/Webcast - Weekly    ConferenceCall/Webcast - Day   	     S&P 500 Earnings - Monthly           Meetings - Day Ahead           	     Economic Indicators                  Dividends                      	     Daily earnings hits & misses    	     ,topStory
CME,CME Group Inc,20111207,UPDATE 2-CME planning Gulf Coast crude oil futures ,* New contract would reflect new oil flows     * Would be based at a new terminal in Houston     * Follows announcement that Seaway Pipeline being reversed      Dec 7 CME Group Inc   whose flagship WTI oil contract has lost ground in the marketplace  announced plans Wednesday for a new Gulf Coast futures contract as new U.S. and Canadian oil supplies make the region a bigger market center.     In a plan that could reshape the U.S. oil derivatives market  CME said that it would work w,topStory
CME,CME Group Inc,20111207,CME panel looks at post-MF Global defenses ,CHICAGO/NEW YORK CME Group Inc  under fire for its handling of the collapse of futures brokerage MF Global Holdings Ltd  recently tasked a board committee to look at ways to defend against future failures.,normal
ESLT,Elbit Systems Ltd,20111207,Elbit Systems wins $21 mln weapons deals ,TEL AVIV  Dec 7 Israeli electronic defence firm Elbit Systems won contracts worth a total of $21 million to supply lightweight weapons stations (LWS) to Israel's Ministry of Defence and to a European Army.,topStory
FSLR,First Solar Inc,20111207,Buffett's utility company to buy First Solar plant ,Warren Buffett's MidAmerican Energy Holdings said on Wednesday it would make its first move into solar energy with the purchase of First Solar's Topaz Solar Farm power plant in California  one of the two largest under construction in the world.,topStory
FSLR,First Solar Inc,20111207,UPDATE 2-MidAmerican Energy to buy First Solar's plant ,* 550-MW plant can power 160 000 average California homes,normal
GIII,G-III Apparel Group LTD,20111207,UPDATE 1-G-III Apparel Q3 profits beat estimates  shares up ,Dec 7 G-III Apparel Group Ltd's  posted quarterly profit above Wall Street expectations  as higher promotions drove sales despite a challenging retail environment  sending the clothes maker's shares up 21 percent after the bell.,topStory
GLNG,Golar LNG Limited,20111207,Shizuoka Gas  Chubu Electric to buy LNG from Qatar ,TOKYO  Dec 7 Shizuoka Gas Co said on Wednesday it and Chubu Electric  Power Co have reached a long-term agreement to buy a total 200 000 tonnes per year of liquefied natural gas for six years starting in 2016 from Qatargas.,topStory
INTC,Intel Corporation,20111207,UPDATE 3-McAfee cuts 3 percent of workforce ,Dec 6 Security software maker McAfee laid off about 250 workers  equivalent to 3 percent of its workforce  in a bid to focus on core businesses and improve efficiency in a market led by rival Symantec .,topStory
INTC,Intel Corporation,20111207,UPDATE 2-McAfee lays off 3 percent of workforce ,Dec 6 Security software maker McAfee laid off about 250 workers  equivalent to 3 percent of its workforce  in a bid to improve efficiency  a spokesman said.,normal
INTL,INTL FCStone Inc,20111207,INTL FCStone to start LME ring-dealing trade Dec 9 ,LONDON  Dec 7 U.S.-based INTL FCStone  will start trading and clearing as a ring-dealing Category 1 member of the London Metal Exchange on Dec. 9  the LME said on Wednesday.,topStory
DTYS,iPath US Treasury 10-year Bear ETN,20111207,DIARY-U.S. MEETINGS/WEEK AHEAD ,THOMSON REUTERS  December 7  2011 - Corporate Meetings for US companies for Week ahead.	         S&P 500 Earnings - Weekly           S&P 500 Earnings - Day Ahead   	     Non S&P 500 - Weekly               Non S&P 500 - Day Ahead        	     ConferenceCall/Webcast - Weekly    ConferenceCall/Webcast - Day   	     S&P 500 Earnings - Monthly           Meetings - Day Ahead           	     Economic Indicators                  Dividends                      	     Daily earnings hits & misses    	     ,topStory
DTUS,iPath US Treasury 2-year Bear ETN,20111207,DIARY-U.S. MEETINGS/WEEK AHEAD ,THOMSON REUTERS  December 7  2011 - Corporate Meetings for US companies for Week ahead.	         S&P 500 Earnings - Weekly           S&P 500 Earnings - Day Ahead   	     Non S&P 500 - Weekly               Non S&P 500 - Day Ahead        	     ConferenceCall/Webcast - Weekly    ConferenceCall/Webcast - Day   	     S&P 500 Earnings - Monthly           Meetings - Day Ahead           	     Economic Indicators                  Dividends                      	     Daily earnings hits & misses    	     ,topStory
DTUL,iPath US Treasury 2-year Bull ETN,20111207,DIARY-U.S. MEETINGS/WEEK AHEAD ,THOMSON REUTERS  December 7  2011 - Corporate Meetings for US companies for Week ahead.	         S&P 500 Earnings - Weekly           S&P 500 Earnings - Day Ahead   	     Non S&P 500 - Weekly               Non S&P 500 - Day Ahead        	     ConferenceCall/Webcast - Weekly    ConferenceCall/Webcast - Day   	     S&P 500 Earnings - Monthly           Meetings - Day Ahead           	     Economic Indicators                  Dividends                      	     Daily earnings hits & misses    	     ,topStory
DFVS,iPath US Treasury 5-year Bear ETN,20111207,DIARY-U.S. MEETINGS/WEEK AHEAD ,THOMSON REUTERS  December 7  2011 - Corporate Meetings for US companies for Week ahead.	         S&P 500 Earnings - Weekly           S&P 500 Earnings - Day Ahead   	     Non S&P 500 - Weekly               Non S&P 500 - Day Ahead        	     ConferenceCall/Webcast - Weekly    ConferenceCall/Webcast - Day   	     S&P 500 Earnings - Monthly           Meetings - Day Ahead           	     Economic Indicators                  Dividends                      	     Daily earnings hits & misses    	     ,topStory
DFVL,iPath US Treasury 5-year Bull ETN,20111207,DIARY-U.S. MEETINGS/WEEK AHEAD ,THOMSON REUTERS  December 7  2011 - Corporate Meetings for US companies for Week ahead.	         S&P 500 Earnings - Weekly           S&P 500 Earnings - Day Ahead   	     Non S&P 500 - Weekly               Non S&P 500 - Day Ahead        	     ConferenceCall/Webcast - Weekly    ConferenceCall/Webcast - Day   	     S&P 500 Earnings - Monthly           Meetings - Day Ahead           	     Economic Indicators                  Dividends                      	     Daily earnings hits & misses    	     ,topStory
FLAT,iPath US Treasury Flattener ETN,20111207,DIARY-U.S. MEETINGS/WEEK AHEAD ,THOMSON REUTERS  December 7  2011 - Corporate Meetings for US companies for Week ahead.	         S&P 500 Earnings - Weekly           S&P 500 Earnings - Day Ahead   	     Non S&P 500 - Weekly               Non S&P 500 - Day Ahead        	     ConferenceCall/Webcast - Weekly    ConferenceCall/Webcast - Day   	     S&P 500 Earnings - Monthly           Meetings - Day Ahead           	     Economic Indicators                  Dividends                      	     Daily earnings hits & misses    	     ,topStory
DLBS,iPath US Treasury Long Bond Bear ETN,20111207,DIARY-U.S. MEETINGS/WEEK AHEAD ,THOMSON REUTERS  December 7  2011 - Corporate Meetings for US companies for Week ahead.	         S&P 500 Earnings - Weekly           S&P 500 Earnings - Day Ahead   	     Non S&P 500 - Weekly               Non S&P 500 - Day Ahead        	     ConferenceCall/Webcast - Weekly    ConferenceCall/Webcast - Day   	     S&P 500 Earnings - Monthly           Meetings - Day Ahead           	     Economic Indicators                  Dividends                      	     Daily earnings hits & misses    	     ,topStory
STPP,iPath US Treasury Steepener ETN,20111207,DIARY-U.S. MEETINGS/WEEK AHEAD ,THOMSON REUTERS  December 7  2011 - Corporate Meetings for US companies for Week ahead.	         S&P 500 Earnings - Weekly           S&P 500 Earnings - Day Ahead   	     Non S&P 500 - Weekly               Non S&P 500 - Day Ahead        	     ConferenceCall/Webcast - Weekly    ConferenceCall/Webcast - Day   	     S&P 500 Earnings - Monthly           Meetings - Day Ahead           	     Economic Indicators                  Dividends                      	     Daily earnings hits & misses    	     ,topStory
NWS,News Corporation,20111207,U.S.  European antitrust regulators look at e-books ,WASHINGTON The United States is looking into allegations that the electronic book industry has violated antitrust law  a top Justice Department official said on Wednesday.,topStory
NWS,News Corporation,20111207,Timeline: News Corp and the phone-hacking scandal ,Here is a timeline of the major events in the British phone-hacking scandal since July:,normal
NWS,News Corporation,20111207,TIMELINE-News Corp and the phone-hacking scandal ,Dec 7 Here is a timeline of the major events in the British phone-hacking scandal since July:,normal
NWSA,News Corporation,20111207,U.S.  European antitrust regulators look at e-books ,WASHINGTON The United States is looking into allegations that the electronic book industry has violated antitrust law  a top Justice Department official said on Wednesday.,topStory
NWSA,News Corporation,20111207,Timeline: News Corp and the phone-hacking scandal ,Here is a timeline of the major events in the British phone-hacking scandal since July:,normal
NWSA,News Corporation,20111207,TIMELINE-News Corp and the phone-hacking scandal ,Dec 7 Here is a timeline of the major events in the British phone-hacking scandal since July:,normal
SYMC,Symantec Corporation,20111207,UPDATE 3-McAfee cuts 3 percent of workforce ,Dec 6 Security software maker McAfee laid off about 250 workers  equivalent to 3 percent of its workforce  in a bid to focus on core businesses and improve efficiency in a market led by rival Symantec .,topStory
ABT,Abbott Laboratories,20111207,UPDATE 1-US says Boston Scientific owes $581 mln back taxes ,Dec 7 U.S. tax authorities have hit Boston Scientific Corp with a bill for $581 million in back taxes plus interest and penalties based on an audit of Guidant Corp from 2004 through 2006  the medical device maker said in a regulatory filing.,topStory
AIG,American International Group Inc,20111207,BofA loses bid to oust AIG law firm from case ,*Finds partner unlikely to share confidential information,topStory
AZN,Astrazeneca PLC,20111207,AstraZeneca slashes 1 150 U.S. sales jobs ,LONDON AstraZeneca is cutting nearly a quarter of its U.S. sales force in a second wave of redundancies in as many months as it seeks to reduce costs.,topStory
AZN,Astrazeneca PLC,20111207,UPDATE 1-AstraZeneca to cut 1 150 sales jobs in US ,Dec 7 AstraZeneca  said it will cut about 1 150 U.S. sales jobs  and expects to take a related charge of about $50-$100 million in the fourth quarter.,normal
T,AT&T Inc,20111207,AT&T vows to keep pursuing T-Mobile merger ,NEW YORK AT&T Inc  plans to forge ahead with its deal to buy Deutsche Telekom's  U.S. wireless unit despite fierce regulatory opposition  and it has the financial resources to close the acquisition quickly  a top executive said on Wednesday.,topStory
T,AT&T Inc,20111207,UPDATE 1-AT&T reaffirms Q4 outlook ,Dec 7 AT&T Inc said it was seeing strong smartphone sales so far in the fourth quarter and reaffirmed its previously reported forecast for its wireless segment  for the Oct-Dec period.,normal
BAC,Bank of America Corporation,20111207,BofA loses bid to oust AIG law firm from case ,*Finds partner unlikely to share confidential information,topStory
BMO,Bank Of Montreal,20111207,Analysts cut BMO shares after results disappoint ,TORONTO At least four analysts downgraded shares of Bank of Montreal  on Wednesday  after it reported a weaker than expected fourth-quarter profit and warned of sluggish conditions ahead.,topStory
BK,Bank Of New York Mellon Corporation (The),20111207,BNY Mellon ending free ride for smaller clients ,For Bank of New York Mellon Corp's smaller clients  the free ride is coming to an end.,topStory
BK,Bank Of New York Mellon Corporation (The),20111207,BNY Mellon ending free ride for smallest clients ,Dec 7 For Bank of New York Mellon Corp's  smallest clients  the free ride is coming to an end.,normal
BCS,Barclays PLC,20111207,DIARY-U.S. MEETINGS/WEEK AHEAD ,THOMSON REUTERS  December 7  2011 - Corporate Meetings for US companies for Week ahead.	         S&P 500 Earnings - Weekly           S&P 500 Earnings - Day Ahead   	     Non S&P 500 - Weekly               Non S&P 500 - Day Ahead        	     ConferenceCall/Webcast - Weekly    ConferenceCall/Webcast - Day   	     S&P 500 Earnings - Monthly           Meetings - Day Ahead           	     Economic Indicators                  Dividends                      	     Daily earnings hits & misses    	     ,topStory
BBT,BB&T Corporation,20111207,S&P cuts US regional bank ratings on new criteria ,Dec 6 Standard & Poor's reduced credit ratings on Tuesday for several regional banks in North America  including US Bancorp   PNC Financial Services Group Inc  and BB&T Corp as the agency continued to apply new grading criteria announced last month.,topStory
BLK,BlackRock Inc,20111207,BlackRock bond crossing network coming in 2012 ,BlackRock  the world's largest asset manager  is almost ready to open an internal bond trading platform for its clients  president Rob Kapito said on Wednesday.,topStory
BLK,BlackRock Inc,20111207,Blackrock sees opportunities as miners chase cash ,LONDON  Dec 7 A shortage of financing for small- and mid-cap miners from banks reluctant to lend  is providing "huge" opportunities for BlackRock Inc to invest in resources and reap high returns  the world's largest money manager said on Wednesday.,normal
BA,Boeing Company (The),20111207,Boeing union members line up to vote on contract ,Members of Boeing Co's biggest labor union began voting on Wednesday on a four-year contract extension  which if ratified could end the planemaker's dispute with the National Labor Relations Board and ensure the upcoming version of the best-selling 737 narrowbody will be built in Washington state.,topStory
BSX,Boston Scientific Corporation,20111207,UPDATE 1-US says Boston Scientific owes $581 mln back taxes ,Dec 7 U.S. tax authorities have hit Boston Scientific Corp with a bill for $581 million in back taxes plus interest and penalties based on an audit of Guidant Corp from 2004 through 2006  the medical device maker said in a regulatory filing.,topStory
BP,BP plc,20111207,BP faces more citations  Halliburton responds ,WASHINGTON BP was hit with five more safety citations from the U.S. government on Wednesday  while it also received the latest legal salvo from a major contractor  as it continues to deal with fallout from last year's massive oil blowout in the Gulf of Mexico.,topStory
BP,BP plc,20111207,Halliburton says BP wrong on cement tests ,Halliburton Co on Wednesday disputed BP Plc's allegations in a court filing that it had destroyed evidence related to its cement work on the Gulf of Mexico well that blew out last year.,normal
BP,BP plc,20111207,UPDATE 1-Halliburton says BP wrong on cement tests ,Dec 7 Halliburton Co on Wednesday disputed BP Plc's  allegations in a court filing that it had destroyed evidence related to its cement work on the Gulf of Mexico well that blew out last year.,normal
BP,BP plc,20111207,TNK-BP's Venezuela JV eyes 9 pct oil output growth ,MOSCOW  Dec 7 PetroMonagas  a joint venture between TNK-BP and Venezuelan state company PDVSA  expects to boost oil output by around 9 percent to 120 000 barrels per day in the first quarter of 2012  TNK-BP said on Wednesday.,normal
BIP,Brookfield Infrastructure Partners LP,20111207,TEXT: S&P Affirms Vespucio Norte 'BB' SPUR; Brookfield Seeks Control ,-- Brookfield is seeking to acquire from ACS a 46.5% stake in VNE and an additional 8.1% ownership stake from COFIDES  by which Brookfield would end up having a total stake of 54.6% in VNE.,topStory
CP,Canadian Pacific Railway Limited,20111207,CP Rail boosts oil shipments from Canadian Bakken ,CALGARY  Alberta Canadian Pacific Railway Ltd  said on Wednesday it is expanding shipments of crude oil from Saskatchewan as part of a plan to take advantage of surging production from the Bakken shale oil region that straddles the Canada-United States border.,topStory
CVE,Cenovus Energy Inc,20111207,UPDATE 2-Cenovus sees higher oil production  boosts spending ,* Expects production from Christina Lake project to more than double,topStory
CVX,Chevron Corporation,20111207,UPDATE 2-Chevron sets $32.7 bln 2012 budget  up by a sixth ,Dec 7 Chevron Corp   the second-largest U.S. oil company  is increasing its spending in 2012 by about a sixth as it invests heavily in deepwater developments and two massive Australian liquefied natural gas projects.,topStory
CVX,Chevron Corporation,20111207,Oil falls on higher U.S. stocks  EU worries ,NEW YORK Crude futures fell back on Wednesday  weighed down by an unexpected increase in U.S. stockpiles and doubts that a credible deal to resolve Europe's debt crisis will be reached at a summit on Friday.,normal
SNP,China Petroleum & Chemical Corporation,20111207,China shale gas boom could surpass U.S. - Sinopec ,DOHA  Dec 7 China is set for a shale gas revolution which will surpass that seen in the United States  the chairman of Sinopec  the country's second-largest oil company  said a day after Reuters revealed Royal Dutch Shell Plc  had begun shale gas production in China.,topStory
CRK,Comstock Resources Inc,20111207,TEXT-S&P revises Comstock outlook to negative ,-- U.S. energy exploration and production company Comstock Resources announced a $333 million debt-financed acquisition of producing properties and acreage in the Delaware Basin.,topStory
CRH,CRH PLC,20111207,UPDATE 1-Three foreign firms promoted to FTSE 100 ,LONDON  Dec 7 Recently listed Russian steelmaker Evraz  Russian precious metals miner Polymetal International and Irish building materials group CRH will join the FTSE 100 index  FTSE Group said on Wednesday.,topStory
DAL,Delta Air Lines Inc,20111207,UPDATE 1-Delta says union rejection upheld in 2010 vote ,Dec 7 Delta Air Lines Inc said on Wednesday that U.S. labor mediators upheld a disputed 2010 union election for baggage handlers  dismissing claims by the machinists union that management interference led workers to vote against unionization.,topStory
DB,Deutsche Bank AG,20111207,Deutsche Bank CEO target of suspicious envelope: police ,FRANKFURT German police are investigating a suspicious envelope that was sent to the chief executive of Deutsche Bank Josef Ackermann on Wednesday.,topStory
DB,Deutsche Bank AG,20111207,UPDATE 1-Deutsche Bank CEO target of suspicious envelope-police ,FRANKFURT  Dec 7 German police are investigating a suspicious envelope that was sent to the chief executive of Deutsche Bank Josef Ackermann on Wednesday.,normal
DB,Deutsche Bank AG,20111207,Deutsche Bank confirms received suspicious envelope ,FRANKFURT  Dec 7 Germany's Deutsche Bank AG confirmed on Wednesday it had received a suspicious envelope and handed it over to the police for investigation.,normal
DB,Deutsche Bank AG,20111207,Deutsche CEO target of suspected parcel bomb-source ,Dec 7 A suspected parcel bomb addressed to Deutsche Bank chief executive Josef Ackermann was intercepted at a Deutsche office in Frankfurt on Wednesday  a senior U.S. law enforcement official said.,normal
ENB,Enbridge Inc,20111207,BRIEF: Moody's affirms Enbridge Inc at Baa1 stable ,Dec 8 Enbridge: * Moody's affirms Enbridge Inc at Baa1 stable ,topStory
ENB,Enbridge Inc,20111207,UPDATE 1-Seaway pipe capacity to be 275 000 bpd in batched mode ,Dec 7 Enterprise Products Partners and Enbridge  expect to see the reversed Seaway Pipeline running between Cushing  Oklahoma and Freeport  Texas on April 1  2012  according to a December 2 filing with the Federal Energy Regulatory Commission.     The pipeline  which Enbridge is buying out ConocoPhillips' share  is expected to operate in batched mode  shipping both light and heavy crude until its full reversal takes place in 2013.     When operating in batched mode  the companies sai,normal
ENB,Enbridge Inc,20111207,Enbridge pipeline deal with native group fraying ,CALGARY  Alberta A deal with a native chief that Enbridge Inc held up last week as an example of rising support of their planned oil pipeline to the Pacific appears to be unraveling as the community battles over who has the authority to negotiate.,normal
ECA,Encana Corporation,20111207,UPDATE 1-Veresen to buy some Encana gas assets for $920 mln ,Dec 7 Canada's Veresen Inc will buy energy company Encana Corp's midstream gas gathering and processing plants in Alberta and British Columbia for C$920 million.,topStory
F,Ford Motor Company,20111207,Ford begins search for post-Mulally CEO: source ,DETROIT Ford Motor Co  has begun considering successors for Alan Mulally  the chief executive credited with turning around the No. 2 U.S. automaker over the past five years  according to a person with knowledge of the matter.,topStory
F,Ford Motor Company,20111207,UPDATE 1-Ford begins search for post-Mulally CEO-source ,DETROIT  Dec 6 Ford Motor Co has begun considering successors for Alan Mulally  the chief executive credited with turning around the No. 2 U.S. automaker over the past five years  according to a person with knowledge of the matter.,normal
GM,General Motors Company,20111207,Saab future in jeopardy again ,AMSTERDAM/STOCKHOLM Swedish carmaker Saab faced a fresh threat to its existence on Wednesday when a court-appointed administrator said its protection from bankruptcy should be removed due to a failure to secure Chinese investments.,topStory
GM,General Motors Company,20111207,UPDATE 2-Saab future in jeopardy again ,AMSTERDAM/STOCKHOLM  Dec 7 Swedish carmaker Saab faced a fresh threat to its existence on Wednesday when a court-appointed administrator said its protection from bankruptcy should be removed due to a failure to secure Chinese investments.,normal
GM,General Motors Company,20111207,GM nears possible Volt battery fix: sources ,DETROIT General Motors Co is closing in on a package of proposed fixes for the Chevrolet Volt battery pack that engineers believe would eliminate the risk of a fire being triggered days after a crash  two people with knowledge of the situation said on Tuesday.,normal
GM,General Motors Company,20111207,UPDATE 4-GM nears possible Volt battery fix-sources ,DETROIT  Dec 6 General Motors Co is closing in on a package of proposed fixes for the Chevrolet Volt battery pack that engineers believe would eliminate the risk of a fire being triggered days after a crash  two people with knowledge of the situation said on Tuesday.,normal
GS,Goldman Sachs Group Inc (The),20111207,Nokia looks to sell its luxury subsidiary: FT ,LONDON Nokia  is to sell its luxury subsidiary Vertu  as the Finnish handset manufacturer overhauls its business in an effort to compete with other smartphone makers  the Financial Times reported on Thursday.,topStory
GS,Goldman Sachs Group Inc (The),20111207,Nokia looks to sell its luxury subsidiary-FT ,LONDON  Dec 7 Nokia is to sell its luxury subsidiary Vertu  as the Finnish handset manufacturer overhauls its business in an effort to compete with other smartphone makers  the Financial Times reported on Thursday.,normal
GS,Goldman Sachs Group Inc (The),20111207,REFILE-CVC scraps Nine re-financing plan  converts Goldman debt -AFR ,SYDNEY  Dec 8 Goldman Sachs has agreed to convert A$975 million ($1 billion) of debt in CVC Asia Pacific's Nine Entertainment TV network into equity after the private equity owner's refinancing plans fell through  the Australian Financial Review reported on Thursday.,normal
GS,Goldman Sachs Group Inc (The),20111207,DIARY-U.S. MEETINGS/WEEK AHEAD ,THOMSON REUTERS  December 7  2011 - Corporate Meetings for US companies for Week ahead.	         S&P 500 Earnings - Weekly           S&P 500 Earnings - Day Ahead   	     Non S&P 500 - Weekly               Non S&P 500 - Day Ahead        	     ConferenceCall/Webcast - Weekly    ConferenceCall/Webcast - Day   	     S&P 500 Earnings - Monthly           Meetings - Day Ahead           	     Economic Indicators                  Dividends                      	     Daily earnings hits & misses    	     ,normal
GS,Goldman Sachs Group Inc (The),20111207,Former Lone Pine  Goldman execs plan $1 bln Asia hedge fund ,HONG KONG Former Lone Pine and Goldman Sachs  executives are aiming to raise $1 billion (640 million pounds) in an Asia-focused hedge fund  three sources said  hoping to break into a very small group of funds of that size in the region.,normal
GS,Goldman Sachs Group Inc (The),20111207,UPDATE 1-Goldman cuts its Olympus stake to 3.78 pct-filing ,TOKYO  Dec 7 Goldman Sachs cut its holdings in disgraced camera maker Olympus to a 3.78 percent stake from 6.67 percent  a Japanese government filing showed on Wednesday.,normal
GS,Goldman Sachs Group Inc (The),20111207,Exclusive: Former Lone Pine  Goldman execs plan Asia hedge fund ,HONG KONG Former Lone Pine and Goldman Sachs  executives are aiming to raise $1 billion in an Asia-focused hedge fund  three sources said  hoping to break into a very small group of funds of that size in the region.,normal
GS,Goldman Sachs Group Inc (The),20111207,Goldman cuts its Olympus holdings to 3.78 pct-filing ,TOKYO  Dec 7 Goldman Sachs cut its holdings in disgraced camera maker Olympus to 3.78 percent from 6.67 percent  a government filing showed on Wednesday.,normal
GS,Goldman Sachs Group Inc (The),20111207,EXCLUSIVE-UPDATE 2-Ex-Lone Pine  Goldman execs plan $1 bln Asia hedge fund -sources ,* Ex-Goldman's Asia Pac cap intro head Ghani joining as COO,normal
GS,Goldman Sachs Group Inc (The),20111207,Lone Pine  Goldman execs plan $1 bln Asia hedge fund - sources , ,normal
HAL,Halliburton Company,20111207,Halliburton says BP wrong on cement tests ,Halliburton Co on Wednesday disputed BP Plc's allegations in a court filing that it had destroyed evidence related to its cement work on the Gulf of Mexico well that blew out last year.,topStory
HAL,Halliburton Company,20111207,UPDATE 1-Halliburton says BP wrong on cement tests ,Dec 7 Halliburton Co on Wednesday disputed BP Plc's  allegations in a court filing that it had destroyed evidence related to its cement work on the Gulf of Mexico well that blew out last year.,normal
IBM,International Business Machines Corporation,20111207,EU ends antitrust investigation into IBM: sources ,BRUSSELS EU antitrust regulators are set to accept concessions offered by International Business Machines Corp  and end an antitrust investigation this month  averting a possible fine  two sources familiar with the matter said on Wednesday.,topStory
IBM,International Business Machines Corporation,20111207,UPDATE 1-EU ends antitrust investigation into IBM-sources ,* IBM makes concessions  offers spare parts  data to rivals,normal
IBM,International Business Machines Corporation,20111207,EU to accept IBM concessions  end antitrust probe-sources ,BRUSSELS  Dec 7 EU antitrust regulators are set to accept concessions offered by International Business Machines Corp and end an antitrust investigation  averting a possible fine  this month  two sources familiar with the matter said on Wednesday.,normal
IBM,International Business Machines Corporation,20111207,EU to accept IBM concessions  end antitrust probe-sources ,BRUSSELS  Dec 7 EU antitrust regulators are set to accept concessions offered by International Business Machines Corp and end an antitrust investigation  averting a possible fine  this month  two sources familiar with the matter said on Wednesday.,normal
IBM,International Business Machines Corporation,20111207,Online sales rose 15.6 percent in November: IBM Benchmark ,Online sales climbed 15.6 percent in November and are doing well so far in December  as shopping from computers  tablets and mobile phones gain in popularity  according to data released by IBM Benchmark on Wednesday.,normal
JPM,J P Morgan Chase & Co,20111207,MF Global trustee must prove "disinterestedness" ,Bankruptcy Judge Martin Glenn said he needs more information from James Giddens  the trustee winding down bankrupt brokerage MF Global   to determine if Giddens has a conflict of interest in the case.,topStory
JPM,J P Morgan Chase & Co,20111207,MF Global trustee must prove 'disinterestedness' ,* Says trustee has not said if JPMorgan is current client,normal
JPM,J P Morgan Chase & Co,20111207,U.S. targets mortgage servicers for poor performance ,WASHINGTON The Obama administration said on Wednesday it will keep the pressure on two big U.S. banks to help more troubled borrowers from losing their homes by withholding payments to the banks under a foreclosure-prevention program for the third straight quarter.,normal
JPM,J P Morgan Chase & Co,20111207,JPMorgan can buy back $950 million more in stock ,JPMorgan Chase & Co  said it has the authority to repurchase more of its shares after spending less money than regulators had allowed on dividends.,normal
JCP,JC Penney Company Inc Holding Company,20111207,Penney adds Martha Stewart brand shops  equity stake ,J.C. Penney Co Inc  took a stake in Martha Stewart Living Omnimedia Inc  and plans to open Martha Stewart shops within its stores  in the first big deal announced by its new chief executive as he tries to turn the department store chain around.,topStory
JCP,JC Penney Company Inc Holding Company,20111207,Penney CEO calls Martha Stewart deal a "centerpiece" ,J.C. Penney Co Inc  bought a 16.6 percent stake in Martha Stewart Living Omnimedia Inc  and will build mini-stores under that brand in a deal new Chief Executive Officer Ron Johnson called "a key centerpiece" in the company's transformation.,normal
JCP,JC Penney Company Inc Holding Company,20111207,UPDATE 1-Penney buys stake in Martha Stewart Living ,* Deal to fetch Martha Stewart more than $200 mln over 10-yr pd,normal
JCP,JC Penney Company Inc Holding Company,20111207,Penney to buy stake in Martha Stewart Living -NYT ,Dec 7 U.S. department store chain J.C. Penney Co Inc is to buy a 16.6 percent stake in Martha Stewart Living Omnimedia Inc for $38.5 million  the New York Times said  citing people briefed on the matter.,normal
LYG,Lloyds Banking Group Plc,20111207,Lone Star  Lloyds near deal for 1 bln stg debt-source ,LONDON  Dec 7 U.S. private equity firm Lone Star is the preferred bidder for Lloyds Banking Group's  1 billion pounds ($1.6 billion) Project Royal portfolio of UK commercial property debt  one source familiar with the matter said.,topStory
LYG,Lloyds Banking Group Plc,20111207,Lone Star  Lloyds near deal for $1.6 billion debt: source ,LONDON Private equity firm Lone Star is the preferred bidder for Lloyds Banking Group's  1 billion pounds ($1.6 billion) Project Royal portfolio of UK commercial property debt  one source familiar with the matter said.,normal
LMT,Lockheed Martin Corporation,20111207,Lockheed found Adobe vulnerability  no damage done ,WASHINGTON Lockheed Martin Corp  the Pentagon's biggest supplier  on Wednesday said it had detected a previously unknown vulnerability in the Adobe Reader software  but its information systems were never breached.,topStory
LMT,Lockheed Martin Corporation,20111207,Exclusive: U.S. defense firms blast Pentagon on contract changes ,WASHINGTON Over 100 U.S. aerospace and defense industry executives are urging Defense Secretary Leon Panetta to hold off on proposed changes to Pentagon contracts with industry  warning they would dampen competition  raise costs and lead to further layoffs at a difficult time.,normal
MFGP,Micro Focus Intl PLC,20111207,UPDATE 2-Micro Focus tops H1 forecasts  returns cash ,LONDON  Dec 7 IT firm Micro Focus International said its focus on saving clients' money would stand it in good stead in a tough economic backdrop  as it beat first-half earnings forecasts and said it would return $145 million to shareholders.,topStory
MCO,Moody&#39;s Corporation,20111207,BRIEF-Moody's: Lackluster performance for bubble-era leveraged buyouts ,*Moody's:Lackluster Performance for Bubble-Era Leveraged Buyouts,topStory
MCO,Moody&#39;s Corporation,20111207,BRIEF-Moody's asgns Baa3 issuer rating to MegaFon OJSC ,*Moody's assigns Baa3 issuer rating to MegaFon OJSC; outlook stable,normal
MS,Morgan Stanley,20111207,ON THE MOVE: Wells Fargo hires MSSB adviser team ,Dec 7 Wells Fargo Advisors  the nation's third largest brokerage  has recruited four Morgan Stanley Smith Barney advisers that together produced more than $3 million in revenue last year  the firm said on Wednesday.,topStory
MS,Morgan Stanley,20111207,ON THE MOVE:Advisory firm poaches three from Morgan Stanley ,Dec 7 Washington Wealth Management  a start-up that is expanding nationwide by poaching Wall Street brokers and managers  on Wednesday said it hired three Morgan Stanley Smith Barney producers and opened offices near Las Vegas and San Diego.,normal
NEM,Newmont Mining Corporation,20111207,Peru mine protest leaders say 'kidnapped' by police ,* $4.8 bln mine by U.S. firm biggest project ever in Peru,topStory
PSO,Pearson Plc,20111207,U.S.  European antitrust regulators look at e-books ,WASHINGTON The United States is looking into allegations that the electronic book industry has violated antitrust law  a top Justice Department official said on Wednesday.,topStory
PFE,Pfizer Inc,20111207,FDA panel backs Pfizer's drug for kidney cancer ,SILVER SPRING  Maryland Pfizer Inc won unanimous expert backing for its Inlyta experimental drug for patients with advanced kidney cancer.,topStory
PFE,Pfizer Inc,20111207,FDA panel backs Pfizer's drug for kidney cancer ,SILVER SPRING  Md.  Dec 7 - Pfizer Inc won unanimous expert backing for its Inlyta experimental drug for patients with advanced kidney cancer.,normal
PHH,PHH Corp,20111207,New Issue-PHH Corp adds $100 mln notes ,Dec 7 PHH Corp on Wednesday added $100 million to an existing issue  said IFR  a Thomson Reuters service.      Citigroup and JP Morgan were the active joint bookrunning managers for the sale. BORROWER: PHH CORP AMT $100 MLN      COUPON 9.25 PCT     MATURITY     3/1/2016 TYPE NOTES        ISS PRICE 99.01     FIRST PAY    9/1/2012 MOODY'S Ba2       YIELD 9.533 PCT     SETTLEMENT 12/12/2011 S&P BB-PLUS       SPREAD N/A          PAY FREQ SEMI-ANNUAL FITCH BB-PLUS      MORE THAN TREAS    ,topStory
PNC,PNC Financial Services Group Inc (The),20111207,S&P cuts US regional bank ratings on new criteria ,Dec 6 Standard & Poor's reduced credit ratings on Tuesday for several regional banks in North America  including US Bancorp   PNC Financial Services Group Inc  and BB&T Corp as the agency continued to apply new grading criteria announced last month.,topStory
PJH,Prudential Financial Inc,20111207,UPDATE 2-Prudential to exit real estate brokerage business ,Dec 6 Canada's Brookfield Residential Property Services said it will acquire Prudential Financial Inc's real estate brokerage and relocation services business for about $110 million.,topStory
PRH,Prudential Financial Inc,20111207,UPDATE 2-Prudential to exit real estate brokerage business ,Dec 6 Canada's Brookfield Residential Property Services said it will acquire Prudential Financial Inc's real estate brokerage and relocation services business for about $110 million.,topStory
PRU,Prudential Financial Inc,20111207,UPDATE 2-Prudential to exit real estate brokerage business ,Dec 6 Canada's Brookfield Residential Property Services said it will acquire Prudential Financial Inc's real estate brokerage and relocation services business for about $110 million.,topStory
SNY,Sanofi,20111207,UPDATE 1-Sanofi rebuffs renewed Lantus cancer worries ,* Swedish study suggests doubling of cancer risk with Lantus,topStory
SNY,Sanofi,20111207,Sanofi rebuffs renewed Lantus cancer worries ,LONDON A Swedish study has rekindled concerns about a possible link between Sanofi's top-selling insulin drug Lantus and cancer  but the French drugmaker said on Wednesday the observational research was seriously flawed.,normal
SMG,Scotts Miracle-Gro Company (The),20111207,UPDATE 1-Scotts Miracle sees bigger-than-expected Q1 loss ,Dec 7 Scotts Miracle-Gro forecast a wider-than-expected first quarter loss as the garden products maker faces high commodity costs and weak demand.,topStory
STT,State Street Corporation,20111207,MOVES-ADIA  State Street  Rathbone  EMPEA ,Dec 7 The following financial service industry appointments were announced on Wednesday. To inform us of other job changes  email to moves@thomsonreuters.com.,topStory
TEVA,Teva Pharmaceutical Industries Limited,20111207,Health Secretary blocks wider access to morning-after pill ,WASHINGTON The health secretary overruled government scientists and refused to bring the controversial morning-after pill from behind the pharmacy counter and onto drugstore shelves.,topStory
USB,US Bancorp,20111207,S&P cuts US regional bank ratings on new criteria ,Dec 6 Standard & Poor's reduced credit ratings on Tuesday for several regional banks in North America  including US Bancorp   PNC Financial Services Group Inc  and BB&T Corp as the agency continued to apply new grading criteria announced last month.,topStory
VZ,Verizon Communications Inc,20111207,Exclusive: Verizon to take on Netflix with Web service ,NEW YORK Verizon Communications Inc plans to launch a standalone service allowing customers to stream movies and television shows over the Web  in a fresh challenge to Netflix Inc and the traditional cable TV business  according to several people briefed on the plan.,topStory
VZ,Verizon Communications Inc,20111207,Cablevision sues Verizon over Internet speed claims ,NEW YORK  Dec 6 Cablevision Systems Corp sued Verizon Communications Inc on Tuesday for allegedly misleading consumers about the speed of Cablevision's Internet services.,normal
VZA,Verizon Communications Inc,20111207,Exclusive: Verizon to take on Netflix with Web service ,NEW YORK Verizon Communications Inc plans to launch a standalone service allowing customers to stream movies and television shows over the Web  in a fresh challenge to Netflix Inc and the traditional cable TV business  according to several people briefed on the plan.,topStory
VZA,Verizon Communications Inc,20111207,Cablevision sues Verizon over Internet speed claims ,NEW YORK  Dec 6 Cablevision Systems Corp sued Verizon Communications Inc on Tuesday for allegedly misleading consumers about the speed of Cablevision's Internet services.,normal
WMT,Wal-Mart Stores Inc,20111207,India retail reform unravels after backlash ,NEW DELHI India suspended plans to open its $450 billion supermarket sector to foreign firms such as Wal-Mart Stores Inc   backtracking from one of the government's boldest reforms in years in the face of a huge political backlash.,topStory
WMT,Wal-Mart Stores Inc,20111207,India's supermarket policy put on hold: trade min ,NEW DELHI  Dec 7 India has decided to put on hold a decision to open the country's supermarket sector to foreign firms such as Wal-Mart Stores Inc  Trade Minister Anand Sharma said on Wednesday after a meeting of the government and opposition parties.,normal
WFC,Wells Fargo & Company,20111207,ON THE MOVE: Wells Fargo adviser returns to Weston roots ,Dec 7 More than two decades after adviser Drew Bottaro left the boutique wealth manager Weston Financial for a job at Deloitte  and later Wells Fargo  the Massachusetts-based adviser has returned to his roots -- as vice president of the firm.,topStory
WFC,Wells Fargo & Company,20111207,ON THE MOVE: Wells Fargo hires MSSB adviser team ,Dec 7 Wells Fargo Advisors  the nation's third largest brokerage  has recruited four Morgan Stanley Smith Barney advisers that together produced more than $3 million in revenue last year  the firm said on Wednesday.,normal
WBK,Westpac Banking Corporation,20111207,TEXT:S&P Lowers Ratings On 8 SF Securities After Bank Downgrades ,SYDNEY (Standard & Poor's) Dec. 7  2011--Standard & Poor's Ratings Services today said that it has lowered its ratings on eight securities from eight structured finance transactions. These rating actions follow those taken on Citigroup Inc. and Westpac Banking Corp. due to the application of Standard & Poor's revised bank criteria on Nov. 29 and Dec. 1  2011 (see media releases titled  "Standard & Poor's Applies Its Revised Bank Criteria To Asia Pacific's Major Banks and Their Subsidiaries" and ,topStory
WHR,Whirlpool Corporation,20111207,EU sets 161 mln euro fines for fridge compressor cartel ,BRUSSELS  Dec 7 The European Commission said on Wednesday it was fining producers of refrigeration compressors 161 million euros  ($215 million in a settlement of a cartel investigation.,topStory
WLL,Whiting Petroleum Corporation,20111207,UPDATE 1-Whiting says Bakken well costs to drop ,NEW YORK  Dec 7 Well drilling and completion costs in North Dakota's Bakken prospect will likely drop in the coming years because of better design  new drilling technology and new sand mines  an executive with Whiting Petroleum  said on Wednesday.,topStory
WLL,Whiting Petroleum Corporation,20111207,Whiting says Bakken well costs to drop ,Dec 7 Well drilling and completion costs in North Dakota's Bakken prospect will likely drop in the coming years because of better design  new drilling technology and new sand mines  an executive with Whiting Petroleum said on Wednesday.,normal
CCF,Chase Corporation,20111207,U.S. targets mortgage servicers for poor performance ,WASHINGTON The Obama administration said on Wednesday it will keep the pressure on two big U.S. banks to help more troubled borrowers from losing their homes by withholding payments to the banks under a foreclosure-prevention program for the third straight quarter.,topStory
