AMZN,Amazoncom Inc,20111221,Exclusive: Amazon weighed buying RIM  interest cooled ,Research In Motion Ltd has turned down takeover overtures from Amazon.com Inc and other potential buyers because the BlackBerry maker prefers to fix its problems on its own  according to people with knowledge of the situation. | Video ,topStory
AAPL,Apple Inc,20111221,Hungary tech firm immortalizes Steve Jobs in bronze ,BUDAPEST A Hungarian software company unveiled what it said was the world's first bronze statue of Apple Inc co-founder Steve Jobs Wednesday  calling him one of the greatest personalities of the modern age. | Video ,topStory
AAPL,Apple Inc,20111221,Hungary tech firm immortalises Steve Jobs in bronze ,BUDAPEST  Dec 21 A Hungarian software company unveiled what it said was the world's first bronze statue of Apple Inc co-founder Steve Jobs on Wednesday  calling him one of the greatest personalities of the modern age.,normal
AAPL,Apple Inc,20111221,Apple poised to sell more iPhones: Susquehanna ,Susquehanna raised its price target on Apple Inc's stock and increased its iPhone shipment estimates as it sees the company ramping up smartphone production  now that Thailand-related constraints have been resolved.,normal
AAPL,Apple Inc,20111221,KT Corp board nominates CEO for second term ,SEOUL  Dec 21 KT Corp  South Korea's second-biggest mobile carrier  said its board has nominated incumbent head Lee Suk-chae for a second-term  crediting him with the introduction in the country of Apple Inc's iPhone and leading the smartphone boom.,normal
AAPL,Apple Inc,20111221,HTC testing new models after patent case; shares jump ,TAOYUAN  Taiwan HTC Corp has begun testing new phone models that work around technology cited in a patent lawsuit won by arch-rival Apple Inc  and HTC's chief executive voiced optimism over the company's ability to meet challenging market conditions.,normal
AAPL,Apple Inc,20111221,HTC CEO: Testing new phones to avoid patent problem ,TAIPEI HTC Corp  the world's No.4 smartphone vendor  said on Wednesday it was already testing new phone models that work around technology cited in a patent lawsuit it lost against Apple Inc.,normal
AAPL,Apple Inc,20111221,HTC CEO: Testing new phones to avoid patent problem ,TAIPEI  Dec 20 HTC Corp  the world's No.4 smartphone vendor  said on Wednesday it was already testing new phone models that work around technology cited in a patent lawsuit it lost against Apple Inc.,normal
BIDU,Baidu Inc,20111221,U.S. removes Baidu from "notorious markets" list ,SHANGHAI The United States has removed Baidu Inc  China's largest search engine  from its list of notorious markets for piracy in a nod to the firm's efforts to clean up its music offerings.,topStory
TAPR,Barclays Inverse US Treasury Composite ETN,20111221,Barclays  BofA seek to quash Lehman document request on Archstone ,Dec 21 Barclays Plc and Bank of America Corp have asked a U.S. court to deny Lehman Brothers' request to speed up the submission of documents relating to a disputed sale of part of their stake in apartment owner Archstone.,topStory
DLBL,Barclays PLC,20111221,Barclays  BofA seek to quash Lehman document request on Archstone ,Dec 21 Barclays Plc and Bank of America Corp have asked a U.S. court to deny Lehman Brothers' request to speed up the submission of documents relating to a disputed sale of part of their stake in apartment owner Archstone.,topStory
DTYL,Barclays PLC,20111221,Barclays  BofA seek to quash Lehman document request on Archstone ,Dec 21 Barclays Plc and Bank of America Corp have asked a U.S. court to deny Lehman Brothers' request to speed up the submission of documents relating to a disputed sale of part of their stake in apartment owner Archstone.,topStory
BBBY,Bed Bath & Beyond Inc,20111221,Bed Bath sales miss estimates; outlook soft ,NEW YORK Bed Bath & Beyond Inc  reported slightly weaker-than-expected third-quarter sales and gave a conservative profit outlook for the current quarter  sending shares in the home goods chain down 4 percent in after-hours trading.,topStory
BBBY,Bed Bath & Beyond Inc,20111221,Bed Bath sales miss estimates; outlook soft ,NEW YORK Bed Bath & Beyond Inc  reported slightly weaker-than-expected third-quarter sales and gave a conservative profit outlook for the current quarter  sending shares in the home goods chain down 4 percent in after-hours trading.,normal
AVGO,Broadcom Limited,20111221,Avago sees industrial chip orders at bottom ,SAN JOSE Avago Technologies believes a correction in inventories of industrial chips is bottoming out and expects more complicated smartphones to drive demand for its filters and power amplifiers  its chief financial officer said on Tuesday.,topStory
ERIC,Ericsson,20111221,Ericsson  Huawei  NSN among bidders for India BSNL's tender ,NEW DELHI  Dec 21 All major global telecoms gear vendors  including Ericsson  Nokia Siemens Networks and Huawei  have bid for Indian state-run Bharat Sanchar Nigam Ltd's  mobile equipment tender  India's junior telecoms minister Milind Deora said on Wednesday.,topStory
ESRX,Express Scripts Holding Company,20111221,Walgreen unlikely to make up with Express Scripts ,Dec 21 Walgreen Co  still believes it can succeed even if it stops filling prescriptions for Express Scripts Inc  on January 1  and its stance suggests that the odds of the drugstore making up with the pharmacy benefits manager before the end of the year are remote.,topStory
ESRX,Express Scripts Holding Company,20111221,Medco shareholders approve purchase by Express Scripts ,Medco Health Solutions Inc's  shareholders overwhelmingly approved the company's $29 billion acquisition by rival pharmacy benefit manager Express Scripts Inc  as concerns ease over whether regulators will allow the deal.,normal
MLHR,Herman Miller Inc,20111221,CORRECTED-BRIEF-Herman Miller reports Q2 results ,Dec 21 Herman Miller Inc :  * Reports strong sales and earnings in the second quarter of FY 2012  * Q2 earnings per share $0.41  * Q2 earnings per share view $0.40 -- Thomson Reuters I/B/E/S  * Q2 sales $445.6 million versus I/B/E/S view $452.7 million  * Consolidated gross margin in the second quarter was 34.1 pct,topStory
MLHR,Herman Miller Inc,20111221,Herman Miller Q2 profit up on strength in UK  Asia ,Office furniture maker Herman Miller Inc's  second-quarter profit rose 32 percent  helped by strong sales in the UK and Asia-Pacific region.,normal
MLHR,Herman Miller Inc,20111221,UPDATE 1-Herman Miller Q2 profit up on strength in UK  Asia ,Dec 21 - Office furniture maker Herman Miller Inc's second-quarter profit rose 32 percent  helped by strong sales in the U.K. and Asia-Pacific region.,normal
DTYS,iPath US Treasury 10-year Bear ETN,20111221,Barclays  BofA seek to quash Lehman document request on Archstone ,Dec 21 Barclays Plc and Bank of America Corp have asked a U.S. court to deny Lehman Brothers' request to speed up the submission of documents relating to a disputed sale of part of their stake in apartment owner Archstone.,topStory
DTUS,iPath US Treasury 2-year Bear ETN,20111221,Barclays  BofA seek to quash Lehman document request on Archstone ,Dec 21 Barclays Plc and Bank of America Corp have asked a U.S. court to deny Lehman Brothers' request to speed up the submission of documents relating to a disputed sale of part of their stake in apartment owner Archstone.,topStory
DTUL,iPath US Treasury 2-year Bull ETN,20111221,Barclays  BofA seek to quash Lehman document request on Archstone ,Dec 21 Barclays Plc and Bank of America Corp have asked a U.S. court to deny Lehman Brothers' request to speed up the submission of documents relating to a disputed sale of part of their stake in apartment owner Archstone.,topStory
DFVS,iPath US Treasury 5-year Bear ETN,20111221,Barclays  BofA seek to quash Lehman document request on Archstone ,Dec 21 Barclays Plc and Bank of America Corp have asked a U.S. court to deny Lehman Brothers' request to speed up the submission of documents relating to a disputed sale of part of their stake in apartment owner Archstone.,topStory
DFVL,iPath US Treasury 5-year Bull ETN,20111221,Barclays  BofA seek to quash Lehman document request on Archstone ,Dec 21 Barclays Plc and Bank of America Corp have asked a U.S. court to deny Lehman Brothers' request to speed up the submission of documents relating to a disputed sale of part of their stake in apartment owner Archstone.,topStory
FLAT,iPath US Treasury Flattener ETN,20111221,Barclays  BofA seek to quash Lehman document request on Archstone ,Dec 21 Barclays Plc and Bank of America Corp have asked a U.S. court to deny Lehman Brothers' request to speed up the submission of documents relating to a disputed sale of part of their stake in apartment owner Archstone.,topStory
DLBS,iPath US Treasury Long Bond Bear ETN,20111221,Barclays  BofA seek to quash Lehman document request on Archstone ,Dec 21 Barclays Plc and Bank of America Corp have asked a U.S. court to deny Lehman Brothers' request to speed up the submission of documents relating to a disputed sale of part of their stake in apartment owner Archstone.,topStory
STPP,iPath US Treasury Steepener ETN,20111221,Barclays  BofA seek to quash Lehman document request on Archstone ,Dec 21 Barclays Plc and Bank of America Corp have asked a U.S. court to deny Lehman Brothers' request to speed up the submission of documents relating to a disputed sale of part of their stake in apartment owner Archstone.,topStory
KFRC,Kforce Inc,20111221,UPDATE 2-Austria rules out diluting EBA capital goal ,* No talks planned for outside investors in RZB or RBI unit   (Adds comments from central bank  FMA watchdog),topStory
MU,Micron Technology Inc,20111221,Tepid PC sales weigh on Micron's results ,Micron Technology  posted quarterly results below expectations and said weak prices for DRAM memory chips are making industry consolidation inevitable.,topStory
MSFT,Microsoft Corporation,20111221,BUY OR SELL-New Nokia smartphone no game changer ,HELSINKI  Dec 21 Nokia's long-awaited Windows phones may be too little  too late in the smartphone war and investment in the shares will increasingly be driven by takeover speculation.,topStory
MSFT,Microsoft Corporation,20111221,Trade judge finds Motorola violated Microsoft patent ,WASHINGTON A U.S. trade panel judge found Motorola Mobility infringed a Microsoft patent in making its Android cellphones  the companies said on Tuesday.,normal
MTSC,MTS Systems Corporation,20111221,UPDATE 1-Belarus delays sale of stake in JV with MTS ,MINSK  Dec 21 Belarus is again delaying the sale of its stake in a domestic joint venture with Russia's biggest mobile operator MTS  the Belarus state property committee said on Wednesday.,topStory
MTSC,MTS Systems Corporation,20111221,Belarus delays sale of govt stake in JV with MTS ,MINSK  Dec 21 Belarus will not proceed with a planned sale of the government's stake in a domestic joint venture with Russia's biggest mobile operator MTS  on Dec. 23  the head of Belarus state property committee said on Wednesday.,normal
NWS,News Corporation,20111221,Coulson loses case against News Corp; Mulcaire wins ,LONDON Andy Coulson  former editor of Rupert Murdoch's News of the World and once the British prime minister's spokesman  lost a case on Wednesday to force the tabloid's publisher to pay his legal fees relating to phone-hacking charges.,topStory
NWS,News Corporation,20111221,UPDATE 1-Coulson loses case against News Corp; Mulcaire wins ,LONDON  Dec 21 Andy Coulson  former editor of Rupert Murdoch's News of the World and once the British prime minister's spokesman  lost a case on Wednesday to force the tabloid's publisher to pay his legal fees relating to phone-hacking charges.,normal
NWS,News Corporation,20111221,Investigator Mulcaire wins case against News Corp ,LONDON  Dec 21 Glenn Mulcaire  the private investigator employed by News Corp's British newspaper arm for phone-hacking  won a court case against the group's British newspaper arm News Group on Wednesday  forcing it to resume paying his legal costs.,normal
NWSA,News Corporation,20111221,Coulson loses case against News Corp; Mulcaire wins ,LONDON Andy Coulson  former editor of Rupert Murdoch's News of the World and once the British prime minister's spokesman  lost a case on Wednesday to force the tabloid's publisher to pay his legal fees relating to phone-hacking charges.,topStory
NWSA,News Corporation,20111221,UPDATE 1-Coulson loses case against News Corp; Mulcaire wins ,LONDON  Dec 21 Andy Coulson  former editor of Rupert Murdoch's News of the World and once the British prime minister's spokesman  lost a case on Wednesday to force the tabloid's publisher to pay his legal fees relating to phone-hacking charges.,normal
NWSA,News Corporation,20111221,Investigator Mulcaire wins case against News Corp ,LONDON  Dec 21 Glenn Mulcaire  the private investigator employed by News Corp's British newspaper arm for phone-hacking  won a court case against the group's British newspaper arm News Group on Wednesday  forcing it to resume paying his legal costs.,normal
QCOM,QUALCOMM Incorporated,20111221,China's Xiaomi raises $90 million in B-round funding: report ,SHANGHAI Chinese low-end smartphone maker Xiaomi has received $90 million in B-round venture capital funding from investors such as IDG Capital  Temasek Holdings and Qualcomm Inc  the 21st Century Business Herald reported on Wednesday.,topStory
QCOM,QUALCOMM Incorporated,20111221,China's Xiaomi raises $90 mln in B-round funding -report ,SHANGHAI  Dec 21 Chinese low-end smartphone maker Xiaomi has received $90 million in B-round venture capital funding from investors such as IDG Capital  Temasek Holdings and Qualcomm Inc  the 21st Century Business Herald reported on Wednesday.,normal
FINL,The Finish Line Inc,20111221,Finish Line Q3 revenue beats estimates ,Footwear retailer Finish Line Inc's  quarterly revenue beat market expectations as e-commerce pushed same-store sales up.,topStory
FINL,The Finish Line Inc,20111221,UPDATE 1-Finish Line Q3 revenue beats estimates ,Dec 21 Footwear retailer Finish Line Inc's  quarterly revenue beat market expectations as e-commerce pushed same-store sales up.,normal
VVUS,VIVUS Inc,20111221,UPDATE 1-Vivus gives data on weight-loss drug study  shares down ,Dec 21 Vivus Inc posted preliminary data from a study which showed infants of women exposed during pregnancy to a component of its weight-loss pill had a higher rate of prevalance of oral clefts than a control group.,topStory
ZGNX,Zogenix Inc,20111221,UPDATE 1-Zogenix  Astellas to end co-promotion for migraine injection ,* Zogenix says looking for other potential co-promotion partners,topStory
AMP,AMERIPRISE FINANCIAL SERVICES INC,20111221,ON THE MOVE: Ameriprise  UBS add veteran advisers ,Dec 21 Ameriprise Financial and UBS' Americas wealth management division have both bolstered their adviser ranks with the addition of new hires  the companies said on Wednesday.  AMERIPRISE HIRES SIX ADVISERS,topStory
AZN,Astrazeneca PLC,20111221,UPDATE 1-AstraZeneca places two new bets after R&D setbacks ,* Signs option on new type of diabetes pill from Astellas,topStory
AZN,Astrazeneca PLC,20111221,AstraZeneca says gains option to two Astellas diabetes drugs ,TOKYO  Dec 21 British drugmaker AstraZeneca said Wednesday it had gained an exclusive option to acquire two type 2 diabetes drugs being developed by a unit of Japan's Astellas Pharma Inc.,normal
T,AT&T Inc,20111221,AT&T gives up on $39 billion bid for T-Mobile USA ,AT&T has dropped its controversial $39 billion bid for Deutsche Telekom's U.S. wireless unit  bowing to fierce regulatory opposition and leaving both companies scrambling for alternatives. | Video ,topStory
BAC,Bank of America Corporation,20111221,TEXT-S&P corrects rtg on Twin Peaks Funding's european CDO tranche ,-- The rating on Twin Peaks Funding's notes is weak-linked to the rating 	 on the guarantor--Bank of America--in this transaction.,topStory
BAC,Bank of America Corporation,20111221,Barclays  BofA seek to quash Lehman document request on Archstone ,Dec 21 Barclays Plc and Bank of America Corp have asked a U.S. court to deny Lehman Brothers' request to speed up the submission of documents relating to a disputed sale of part of their stake in apartment owner Archstone.,normal
BAC,Bank of America Corporation,20111221,UPDATE 1-BofA close to settling DOJ probe of Countrywide - report ,Dec 20 Bank of America Corp is close to settling a U.S. Justice Department probe into whether its unit Countrywide Financial violated fair lending practices  Bloomberg said  citing two people with knowledge of the discussions.,normal
BAC,Bank of America Corporation,20111221,BofA close to settling DOJ probe of Countrywide - report ,Dec 20 Bank of America Corp is close to settling a U.S. Justice Department probe into whether its unit Countrywide Financial violated fair lending practices  Bloomberg said  citing two people with knowledge of the discussions.,normal
BCS,Barclays PLC,20111221,Barclays  BofA seek to quash Lehman document request on Archstone ,Dec 21 Barclays Plc and Bank of America Corp have asked a U.S. court to deny Lehman Brothers' request to speed up the submission of documents relating to a disputed sale of part of their stake in apartment owner Archstone.,topStory
BA,Boeing Company (The),20111221,UPDATE 1-Boeing  loser in Japan  eyes more fighter contests ,Dec 20 Losing a big Japanese order to Lockheed Martin Corp was clearly a disappointment for Boeing Co  but a $29.4 billion order from Saudi Arabia for F-15 fighter jets and several other competitions will keep the company in the fighter business for now.,topStory
BP,BP plc,20111221,UPDATE 1-Oceaneering contracts vessels to BP off Angola ,Dec 21 Oilfield services provider Oceaneering International said it contracted two of its remotely operating vehicles to BP Plc to be deployed off Angola.,topStory
KMX,CarMax Inc,20111221,UPDATE 1-CarMax Q3 profit misses Street ,Dec 21 CarMax Inc  the largest retailer of used cars in the United States  posted a lower-than-expected quarterly profit  as consumers turned away from buying cars in a weak economic environment.,topStory
DB,Deutsche Bank AG,20111221,UPDATE 1-German court finds six guilty in CO2 fraud trial ,* Deutsche Bank says uncovered no wrongdoing by its staff   (Adds EU measures to combat fraud  analyst comment),topStory
DB,Deutsche Bank AG,20111221,Deutsche Bank to sell N. California properties ,RREEF  the real estate investment management arm of Deutsche Bank's  Asset Management division  said it would sell its Northern California industrial portfolio to PS Business Parks  for $520 million.,normal
DB,Deutsche Bank AG,20111221,German stocks - Factors to watch on December 21 ,FRANKFURT  Dec 21 The DAX top-30 index .GDAXI looked set to open  percent lower/higher on Wednesday  according to premarket data from brokerage Lang & Schwarz at 0705 GMT.,normal
EIX,Edison International,20111221,Edison calls new board meeting on 2012 financing needs ,MILAN  Dec 21 Italy's Edison said on Wednesday it has called a new board meeting on December 29 to decide on an action plan for the financing of the company in 2012.,topStory
ENB,Enbridge Inc,20111221,UPDATE 1-Enbridge  Enterprise expand Gulf Coast pipeline plans ,* Companies seek interest in expanding reversed Seaway line,topStory
EXC,Exelon Corporation,20111221,U.S. OKs Exelon purchase of Constellation ,WASHINGTON The U.S. Department of Justice approved Exelon Corp's  purchase of Constellation Energy Group Inc  on the condition that it divest three electricity generating plants in Maryland to preserve competition.,topStory
XOM,Exxon Mobil Corporation,20111221,Oil rises as U.S. stockpiles slump to near 3-year low ,NEW YORK Oil prices rose for a third straight day on Wednesday as U.S. crude inventories dropped to their lowest in nearly three years  overshadowing worries about the euro zone debt crisis. | Video ,topStory
XOM,Exxon Mobil Corporation,20111221,Total buys Exxon out of Antwerp chemicals plant ,PARIS  Dec 21 A subsidiary of oil major Total has agreed to buy Exxon Mobil's 35 percent stake in Fina Antwerp Olefins  a Belgian chemicals plant  for an undisclosed amount  the French group said on Wednesday.,normal
FRO,Frontline Ltd,20111221,TEXT-S&P revises Ship Finance outlook to neg; 'BB' rtg affirmed ,-- Ship Finance International Ltd. has agreed to amend its long-term 	 chartering agreements with Frontline Ltd.  which will reduce income from 	 Frontline as of 2012  in exchange for a one-time $106 million cash payment.,topStory
GM,General Motors Company,20111221,UPDATE 1-Saab Cars N.America appoints administrator ,* Seeks solution to provide warranty coverage for 2010  2011 models,topStory
GM,General Motors Company,20111221,GM recalls about 20 000 Cadillac SRX globally ,General Motors Co said it is recalling almost 20 000 Cadillac SRX crossover vehicles  mostly in China and the United States  due to potential transmission defects.,normal
GM,General Motors Company,20111221,UPDATE 1-GM recalls about 20 000 Cadillac SRX globally ,* Affects 9 862 compact luxury SUVs in China  8 789 in U.S.,normal
GM,General Motors Company,20111221,GM to recall nearly 10 000 Cadillac SRX in China: govt agency ,BEIJING  Dec 21 Shanghai General Motors Co will recall nearly 10 000 Cadillac SRX crossover vehicles imported to China because of transmission defects  a Chinese government quality control agency said on Wednesday.,normal
GS,Goldman Sachs Group Inc (The),20111221,Heungkuk  Goldman to arbitrate dispute ,Heungkuk Life Insurance Co has withdrawn a $47 million lawsuit against Goldman Sachs & Co  over the Timberwolf collateralized debt obligation (CDO) and will arbitrate the case instead.,topStory
GS,Goldman Sachs Group Inc (The),20111221,Heungkuk  Goldman to arbitrate CDO dispute-lawyer ,NEW YORK  Dec 21 Heungkuk Life Insurance Co and Goldman Sachs & Co have agreed to take a dispute over mortgage-backed securities to arbitration  a lawyer for the South Korean insurer said on Wednesday.,normal
GS,Goldman Sachs Group Inc (The),20111221,NYC pension funds want tougher Wall Street clawbacks ,New York City's pension funds want three big Wall Street banks to impose tougher compensation-clawback rules for top executives.,normal
GHL,Greenhill & Co Inc,20111221,Leading Greenhill banker dies in NJ plane crash ,A senior Greenhill & Co Inc investment banker  an avid pilot who worked on some of his firm's biggest deals  was one of five people killed when his private plane crashed on a busy New Jersey highway on Tuesday.,topStory
GHL,Greenhill & Co Inc,20111221,Leading Greenhill banker dies in NJ plane crash ,A senior Greenhill & Co Inc  investment banker  an avid pilot who worked on some of his firm's biggest deals  was one of five people killed when his private plane crashed on a busy New Jersey highway on Tuesday.,normal
HL,Hecla Mining Company,20111221,UPDATE 1-Hecla to restart Lucky Friday mine by February ,Dec 21 Hecla Mining Co on Wednesday said it expected to resume production at its Lucky Friday silver mine in Idaho by February-end.,topStory
HSBC,HSBC Holdings plc,20111221,HSBC's Losango sale in Brazil faces hurdles: report ,The sale of HSBC Holdings'  consumer finance unit in Brazil is facing serious hurdles  mainly disagreements with potential bidders on price  a local newspaper said on Wednesday.,topStory
HSBC,HSBC Holdings plc,20111221,Credit Suisse snaps up retreating HSBC's Japan private bank ,SINGAPORE/TOKYO HSBC   Europe's biggest bank  is retreating from Japan's private banking market  selling a business that serves the wealthy to Credit Suisse   which is raising its profile in the world's second-largest market for millionaires.,normal
HSBC,HSBC Holdings plc,20111221,UPDATE 3-Credit Suisse snaps up retreating HSBC's Japan private bank ,* Sale part of HSBC's strategy to quit areas where it lacks scale,normal
HSEA,HSBC Holdings plc,20111221,HSBC's Losango sale in Brazil faces hurdles: report ,The sale of HSBC Holdings'  consumer finance unit in Brazil is facing serious hurdles  mainly disagreements with potential bidders on price  a local newspaper said on Wednesday.,topStory
HSEA,HSBC Holdings plc,20111221,Credit Suisse snaps up retreating HSBC's Japan private bank ,SINGAPORE/TOKYO HSBC   Europe's biggest bank  is retreating from Japan's private banking market  selling a business that serves the wealthy to Credit Suisse   which is raising its profile in the world's second-largest market for millionaires.,normal
HSEA,HSBC Holdings plc,20111221,UPDATE 3-Credit Suisse snaps up retreating HSBC's Japan private bank ,* Sale part of HSBC's strategy to quit areas where it lacks scale,normal
HSEB,HSBC Holdings plc,20111221,HSBC's Losango sale in Brazil faces hurdles: report ,The sale of HSBC Holdings'  consumer finance unit in Brazil is facing serious hurdles  mainly disagreements with potential bidders on price  a local newspaper said on Wednesday.,topStory
HSEB,HSBC Holdings plc,20111221,Credit Suisse snaps up retreating HSBC's Japan private bank ,SINGAPORE/TOKYO HSBC   Europe's biggest bank  is retreating from Japan's private banking market  selling a business that serves the wealthy to Credit Suisse   which is raising its profile in the world's second-largest market for millionaires.,normal
HSEB,HSBC Holdings plc,20111221,UPDATE 3-Credit Suisse snaps up retreating HSBC's Japan private bank ,* Sale part of HSBC's strategy to quit areas where it lacks scale,normal
JPM,J P Morgan Chase & Co,20111221,NYC pension funds want tougher Wall Street clawbacks ,New York City's pension funds want three big Wall Street banks to impose tougher compensation-clawback rules for top executives.,topStory
KT,KT Corporation,20111221,KT Corp board nominates CEO for second term ,SEOUL  Dec 21 KT Corp  South Korea's second-biggest mobile carrier  said its board has nominated incumbent head Lee Suk-chae for a second-term  crediting him with the introduction in the country of Apple Inc's iPhone and leading the smartphone boom.,topStory
LYG,Lloyds Banking Group Plc,20111221,Britain's FTSE falls back in thin  volatile trade ,LONDON  Dec 21 Britain's top share index fell back after a volatile session on Wednesday  swinging back from early strong gains in low volumes  with banks seeing gains eroded  although Lloyds Banking Group was boosted by a broker double upgrade.,topStory
LYG,Lloyds Banking Group Plc,20111221,Banks boost FTSE as Exane upgrades Lloyds ,LONDON Dec 21 Banks led Britain's top share index higher on Wednesday  echoing  strong overnight gains on Wall Street  with Lloyds Banking Group outperforming on the back of a double upgrade from Exane BNP Paribas.,normal
LMT,Lockheed Martin Corporation,20111221,UPDATE 1-Boeing  loser in Japan  eyes more fighter contests ,Dec 20 Losing a big Japanese order to Lockheed Martin Corp was clearly a disappointment for Boeing Co  but a $29.4 billion order from Saudi Arabia for F-15 fighter jets and several other competitions will keep the company in the fighter business for now.,topStory
LMT,Lockheed Martin Corporation,20111221,Job gains  cost benefit seen from Japan F-35 order ,WASHINGTON Lockheed Martin Corp  expects to build at its Fort Worth  Texas  facility the first four F-35 fighter jets to be delivered to Japan  with some component production work and final assembly to move to Japan for deliveries in 2017 and beyond.,normal
MLM,Martin Marietta Materials Inc,20111221,HeidelbergCement would look at Vulcan assets - paper ,FRANKFURT  Dec 21 German group HeidelbergCement would consider making an offer for parts of Vulcan Materials if they were put up for sale after a possible takeover by Martin Marietta Materials  its chief executive was quoted as saying.,topStory
MRK,Merck & Company Inc,20111221,Merck gets approval for wider use of HIV drug ,U.S. health regulators have approved an expanded label for Merck & Co's treatment for HIV for use with other antiretroviral drugs in children and adolescents.,topStory
MRK,Merck & Company Inc,20111221,UPDATE 1-Merck gets approval for wider use of HIV drug ,Dec 21 U.S. health regulators have approved an expanded label for Merck & Co's treatment for HIV for use with other antiretroviral drugs in children and adolescents.,normal
MCO,Moody&#39;s Corporation,20111221,BRIEF-Moody's:Lower-rated US companies tread water in sluggish economy ,* Moody's : Lower-Rated US Companies Tread Water In Sluggish Economy,topStory
MCO,Moody&#39;s Corporation,20111221,PRESS DIGEST - Financial Times - Dec 21 ,The European Central Bank is expected to report strong demand for an offer of unlimited three-year loans after banks were urged to take the funds to ease severe strains across the eurozone's financial system.,normal
MCO,Moody&#39;s Corporation,20111221,BRIEF: Moody's affirms Sanmina's B1 CFR; revises outlook to stable from positive ,* Moody's affirms Sanmina's B1 CFR; revises outlook to stable from positive,normal
MS,Morgan Stanley,20111221,NYC pension funds want tougher Wall Street clawbacks ,New York City's pension funds want three big Wall Street banks to impose tougher compensation-clawback rules for top executives.,topStory
MSI,Motorola Solutions Inc,20111221,Trade judge finds Motorola violated Microsoft patent ,WASHINGTON A U.S. trade panel judge found Motorola Mobility infringed a Microsoft patent in making its Android cellphones  the companies said on Tuesday.,topStory
NGG,National Grid Transco PLC,20111221,UPDATE 1-UK fines gas distributors for slow response to leaks ,* Companies can dispute amounts during consultation period,topStory
OII,Oceaneering International Inc,20111221,UPDATE 1-Oceaneering contracts vessels to BP off Angola ,Dec 21 Oilfield services provider Oceaneering International said it contracted two of its remotely operating vehicles to BP Plc to be deployed off Angola.,topStory
PHH,PHH Corp,20111221,TEXT:S&P Lowers PHH Corp. Long-Term Rtg To 'BB-'; Outlook Negative ,-- PHH Corp. has $423 million of senior unsecured notes due in March 2013  and we do not believe that the company will be able to repay this debt exclusively from free corporate cash flows.,topStory
PUK,Prudential Public Limited Company,20111221,PRESS DIGEST - Financial Times - Dec 21 ,The European Central Bank is expected to report strong demand for an offer of unlimited three-year loans after banks were urged to take the funds to ease severe strains across the eurozone's financial system.,topStory
PVH,PVH Corp,20111221,CORRECTED-(Dec 1)-UPDATE 2-PVH sees Tommy Hilfiger  Calvin Klein spurring growth ,Dec 1 PVH Corp expects the growing popularity of its Tommy Hilfiger and Calvin Klein brands in international markets to help it outperform estimates in the holiday quarter.	     Clothier PVH's third-quarter results trumped Wall Street estimates  prompting it to raise its full-year earnings outlook.	     The company expects significant growth in the United Kingdom  France  the Middle East and Russia in the fourth quarter.      	  KEY POINTS:  Q3 2011     I/B/E/S      Q3 2010  Revenue ,topStory
SFL,Ship Finance International Limited,20111221,TEXT-S&P revises Ship Finance outlook to neg; 'BB' rtg affirmed ,-- Ship Finance International Ltd. has agreed to amend its long-term 	 chartering agreements with Frontline Ltd.  which will reduce income from 	 Frontline as of 2012  in exchange for a one-time $106 million cash payment.,topStory
TEVA,Teva Pharmaceutical Industries Limited,20111221,BRIEF-Teva Pharmaceutical 2012 outlook ,* Sees 2012 revenue around $22 bln  EPS ex-items $5.48-$5.68,topStory
TEVA,Teva Pharmaceutical Industries Limited,20111221,UPDATE 1-Teva Pharm to buy back $3 bln of its shares ,JERUSALEM  Dec 21 Teva Pharmaceutical Industries said on Wednesday its board had authorised the company to buy back up to $3 billion of its shares and American depositary receipts over the next three years.,normal
VMC,Vulcan Materials Company,20111221,HeidelbergCement would look at Vulcan assets - paper ,FRANKFURT  Dec 21 German group HeidelbergCement would consider making an offer for parts of Vulcan Materials if they were put up for sale after a possible takeover by Martin Marietta Materials  its chief executive was quoted as saying.,topStory
WMT,Wal-Mart Stores Inc,20111221,Wal-Mart throws weight behind online entrepreneurs ,SAN FRANCISCO Wal-Mart Stores Inc has turned to a small group of technology entrepreneurs to help the world's largest retailer improve its online fortunes.,topStory
IMO,Imperial Oil Limited,20111221,UPDATE 1-Imperial Oil approves expansion of Kearl project ,Dec 21 Imperial Oil Ltd's board has approved the expansion of its Kearl oil sands mine in northern Alberta to bring on stream additional capacity by late 2015.,topStory
