AAPL,Apple Inc,20111209,Mammoth Apple store opens in Grand Central Station ,LOS ANGELES (TheWrap.com) - How many times have you walked into an Apple store and thought  "Wow  it's like Grand Central Station in here?",topStory
AAPL,Apple Inc,20111209,Samsung wins round in long legal fight with Apple ,SYDNEY/SEOUL Samsung Electronics Co won a round of its bruising global patent fight with Apple Inc on Friday when an Australian court lifted a ban on the sale of its Galaxy tablet computer in time for the busy Christmas shopping season.,normal
AAPL,Apple Inc,20111209,WRAPUP 1-Samsung wins round in long legal fight with Apple ,* French court rejects Samsung's bid to ban sales of iPhone 4S,normal
AAPL,Apple Inc,20111209,Apple's founding contract coming up for auction ,NEW YORK The contract that established Apple as a corporate entity in 1976 and another document  signed 11 days later  that removed one of the partners are expected to fetch up to $150 000 when they are auctioned next week by Sotheby's.,normal
AAPL,Apple Inc,20111209,UPDATE 1-Australia court lifts Samsung Galaxy Tab sales ban ,* Court rejects appeal to stay sales of Galaxy tablet in Australia,normal
AAPL,Apple Inc,20111209,Samsung says French court rejects bid to halt iPhone 4S sales ,SEOUL A French court rejected a request by Samsung Electronics Co to impose a preliminary sales ban on Apple's latest iPhone  Samsung said on Friday  as the two firms are locked in a bruising global patent war.,normal
AAPL,Apple Inc,20111209,Samsung says French court rejects bid to halt iPhone 4S sales ,SEOUL  Dec 9 A French court rejected a request by Samsung Electronics Co to impose a preliminary sales ban on Apple's latest iPhone  Samsung said on Friday  as the two firms are locked in a bruising global patent war.,normal
LSCC,Lattice Semiconductor Corporation,20111209,UPDATE 2-Lattice Semiconductor cuts Q4 revenue forecast ,Dec 9 Chipmaker Lattice Semiconductor Corp  cut its fourth-quarter revenue outlook on softening demand at its communications business  close on the heels of a similar move by rival Altera Corp.,topStory
MORN,Morningstar Inc,20111209,UPDATE 1-Morningstar doubles dividend  raises buy-back plan ,Dec 9 Investment research firm Morningstar Inc doubled its quarterly dividend from the previous quarter and increased its share repurchase program by $200 million.,topStory
RBCAA,Republic Bancorp Inc,20111209,UPDATE 1-Republic Bancorp settles FDIC suit  to stop RALs in 2013 ,* Settlement reduces penalty against bank to $900 000 from $2 mln,topStory
STX,Seagate Technology PLC,20111209,BRIEF-Seagate unit to expand Thai operations in Feb 2012 ,* Seagate Technology (Thailand) Ltd announced an investmenet of about 1 billion baht ($30 million) to open a new building for read-write head manufacturing in northeastern province Nakhon Ratchasrima,topStory
SHLD,Sears Holdings Corporation,20111209,Sears' holders to own 80 percent of spun off hardware unit ,Sears Holding Corp  shareholders will end up with about 80 percent of the common stock in Orchard Supply Hardware Stores  following the spin-off of the hardware and garden stores unit  according to a regulatory filing.,topStory
TITN,Titan Machinery Inc,20111209,UPDATE 2-Titan raises FY view on strong farm demand ,* Raises FY rev view to $1.43-$1.5 bln from $1.33-$1.41 bln,topStory
AA,Alcoa Corporation,20111209,Work restarts at Guinea CBG after 48 hours strike ,CONAKRY  Dec 9 Normal operations have restarted at Guinea CBG after workers downed tools at the Alcoa   Rio Tinto and Guinean government bauxite joint venture over wage negotiations  CBG's director general said on Friday.,topStory
T,AT&T Inc,20111209,Justice Dept. wants AT&T  T-Mobile to go back to FCC ,NEW YORK (TheWrap.com) - AT&T's proposed acquisition of T-Mobile hit yet another roadblock on Friday as a Department of Justice lawyer said his agency would file a motion that could delay the legal challenge of the deal for months.,topStory
T,AT&T Inc,20111209,AT&T strategy annoys judge in T-Mobile case ,WASHINGTON AT&T's decision to focus on its antitrust battle with the U.S. Justice Department for its purchase of T-Mobile may have backfired  irritating the judge overseeing the case and laying the groundwork for a possible deal-killing delay.,normal
T,AT&T Inc,20111209,UPDATE 2-AT&T strategy annoys judge in T-Mobile case ,WASHINGTON  Dec 9 AT&T's decision to focus on its antitrust battle with the U.S. Justice Department for its purchase of T-Mobile may have backfired  irritating the judge overseeing the case and laying the groundwork for a possible deal-killing delay.,normal
BAC,Bank of America Corporation,20111209,BofA lawyer says settlement challenger is Baupost ,NEW YORK Walnut Place  a group of undisclosed investors who oppose Bank of America Corp's  $8.5 billion mortgage bond settlement  is the Baupost Group  a distressed debt fund  according to an attorney for the bank.,topStory
BAC,Bank of America Corporation,20111209,BofA lawyer says settlement challenger is Baupost ,* Opposition to BofA settlement is from the Baupost-lawyer,normal
BK,Bank Of New York Mellon Corporation (The),20111209,BofA lawyer says settlement challenger is Baupost ,NEW YORK Walnut Place  a group of undisclosed investors who oppose Bank of America Corp's  $8.5 billion mortgage bond settlement  is the Baupost Group  a distressed debt fund  according to an attorney for the bank.,topStory
BK,Bank Of New York Mellon Corporation (The),20111209,BofA lawyer says settlement challenger is Baupost ,* Opposition to BofA settlement is from the Baupost-lawyer,normal
BCE,BCE Inc,20111209,Toronto sports empire sold to Rogers and BCE ,TORONTO Two of Canada's largest telecom and media companies will take control of the Toronto sports empire that owns the NHL's Maple Leafs in a C$1.32 billion ($1.30 billion) deal that brings more premium content to their competing sports channels.,topStory
BA,Boeing Company (The),20111209,Labor board says Boeing case is closed ,ATLANTA The National Labor Relations Board said on Friday it dismissed a high-profile case that accused Boeing Co of illegally opening a non-union production line in South Carolina to punish unionized Washington-based workers for past labor strikes.,topStory
BA,Boeing Company (The),20111209,Airbus says aircraft U.S. sanctions case is empty ,PARIS Airbus hit back on Friday at a U.S. decision to press for sanctions in its spat with the European Union over aircraft subsidies and said it had complied with a trade body's findings.,normal
BA,Boeing Company (The),20111209,Airbus says aircraft U.S. sanctions case is empty ,PARIS  Dec 9 Airbus hit back on Friday at a U.S. decision to press for sanctions in its spat with the European Union over aircraft subsidies and said it had complied with a trade body's findings.,normal
BP,BP plc,20111209,TNK-BP to pay record div  directors flee conflict-sources ,MOSCOW  Dec 9 BP and its partners in Russia's TNK-BP   at odds over BP's attempt to tie up with a rival  declared a $1.25 billion interim dividend  but lost two prominent directors in their conflict  sources said.,topStory
BP,BP plc,20111209,Board of Russia's TNK-BP approves $1.25 bln Q3 div ,Dec 9 The board of BP Plc's Russian joint venture  TNK-BP   approved a third-quarter dividend payout of $1.25 billion at a meeting on Friday  a senior executive present at the meeting said.,normal
BP,BP plc,20111209,DOJ asks court to deny Transocean move on oil spill costs ,Dec 9 The U.S. Justice Department has asked a district court to deny offshore oil drilling contractor Transocean Ltd's request to protect itself against civil penalties stemming from last year's record oil spill in the Gulf of Mexico.,normal
BP,BP plc,20111209,BP reports valve snag at Texas City refinery ,Dec 9 BP Plc reported a release of hydrogen sulfide due to a valve snag at its 406 570 barrel-per-day (bpd) Texas City  Texas  refinery  according to a filing with regulators on Friday.,normal
CVX,Chevron Corporation,20111209,Oil rallies with euro  equities on EU deal ,NEW YORK Oil prices rallied on Friday  after a choppy start  as an agreement for a closer euro zone fiscal union and news of a Chinese fund for U.S. and European investment lifted the euro and equities markets.,topStory
C,Citigroup Inc,20111209,Senior FIG bankers exit Citi ,LONDON  Dec 9 (IFR) - Two senior financial institutions bankers are said to be leaving Citigroup  according to sources away from the bank. Christof Jutten who joined the US bank in 2009 from Goldman Sachs as part of its push into covered bond is leaving the institution.,topStory
C,Citigroup Inc,20111209,Japan market watchdog seeks penalty for Citi unit -sources ,TOKYO  Dec 9 Japanese financial authorities are set to take punitive action against a Citigroup  unit  accusing its employees of trying to influence a short-term interest rate benchmark  three sources familiar with the matter said on Friday.,normal
CMC,Commercial Metals Company,20111209,UPDATE 3-Commercial Metals to review Icahn's tender offer ,* Company says will advise shareholders within 10 business days,topStory
COP,ConocoPhillips,20111209,Conoco warns of excess opacity at Sweeny TX  refinery ,Dec 9 ConocoPhillips warned of excess opacity on Friday at its 247 000 barrel-per-day (bpd) refinery in Sweeny  Texas  according to a filing with state regulators.,topStory
DAL,Delta Air Lines Inc,20111209,Analysis: Gol bond rally seen limited as Delta deal falls short ,SAO PAULO Gol Linhas Aereas'   sale of a minority stake to Delta Air Lines Inc   is sparking gains in Gol's bonds  but some investors say the rally will be short-lived.,topStory
DB,Deutsche Bank AG,20111209,TEXT:S&P Places 12 Structured Finance Securities On CreditWatch Neg ,SYDNEY (Standard & Poor's) Dec. 9  2011--Standard & Poor's Ratings Services today said that it has placed on CreditWatch with negative implications its ratings on 12 securities from 11 structured finance transactions. The rating actions follow those taken on Cooperatieve Centrale Raiffeisen-Boerenleenbank B.A. and Deutsche Bank AG as part of the placement of several large bank groups across the European Economic and Monetary Union (EMU or eurozone) on CreditWatch Negative (see media release titl,topStory
E,ENI SpA,20111209,EU mergers and takeovers (Dec 9) ,BRUSSELS  Dec 9 The following are mergers under review by the European Commission and a brief guide to the EU merger process:,topStory
XOM,Exxon Mobil Corporation,20111209,Oil rallies with euro  equities on EU deal ,NEW YORK Oil prices rallied on Friday  after a choppy start  as an agreement for a closer euro zone fiscal union and news of a Chinese fund for U.S. and European investment lifted the euro and equities markets.,topStory
F,Ford Motor Company,20111209,Ford recalls 129 000 sedans; wheels may fall off ,Ford Motor Co has recalled nearly 129 000 of its Mercury Milan and top-selling Ford Fusion in the United States because their 17-inch steel wheels may fall off  U.S. safety regulators said on Friday.,topStory
BEN,Franklin Resources Inc,20111209,Franklin Resources declares special dividend ,Money manager Franklin Resources  declared a special cash dividend of $2 a share and raised its quarterly dividend by 8 percent.,topStory
GEK,General Electric Capital Corporation,20111209,GE ups dividend for fourth time in 18 months ,General Electric Co  said on Friday it is raising its quarterly dividend by 13 percent  marking the fourth time the largest U.S. conglomerate has increased the payout since July 2010 and sending its shares up 3.6 percent.,topStory
GE,General Electric Company,20111209,GE ups dividend for fourth time in 18 months ,General Electric Co  said on Friday it is raising its quarterly dividend by 13 percent  marking the fourth time the largest U.S. conglomerate has increased the payout since July 2010 and sending its shares up 3.6 percent.,topStory
GOL,Gol Linhas Aereas Inteligentes SA,20111209,Analysis: Gol bond rally seen limited as Delta deal falls short ,SAO PAULO Gol Linhas Aereas'   sale of a minority stake to Delta Air Lines Inc   is sparking gains in Gol's bonds  but some investors say the rally will be short-lived.,topStory
HPQ,HP Inc,20111209,HP opens webOS mobile software to others ,SAN FRANCISCO Hewlett Packard Co has decided to open its webOS mobile operating system to developers and companies  potentially taking on Google Inc's free Android platform that is popular with handset makers.,topStory
LYG,Lloyds Banking Group Plc,20111209,MOVES-Lloyds Banking  Standard Bank  Rockspring  BRD ,Dec 9 The following financial service industry appointments were announced on Friday. To inform us of other job changes  email to moves@thomsonreuters.com.,topStory
LYG,Lloyds Banking Group Plc,20111209,Lloyds board assessing if CEO should return-source ,LONDON  Dec 9 The board of Lloyds Banking Group is making a series of assessments over whether or not Antonio Horta-Osorio  its chief executive who went on sick leave last month  should return to his position or not  said a source involved in the process.,normal
LYG,Lloyds Banking Group Plc,20111209,PRESS DIGEST - British business - Dec 9 ,British finance minister George Osborne gave warning on Thursday of the enormous damage that could hit the British economy if EU leaders fail to prevent the breakup of the euro.,normal
LMT,Lockheed Martin Corporation,20111209,Lockheed in $4 billion U.S. F-35 fighter deal ,WASHINGTON Lockheed Martin Corp  is being awarded a $4 billion fixed-price U.S. Navy contract for 30 F-35 Joint Strike Fighter aircraft  the fifth batch of low-rate initial production  the Defense Department said on Friday.,topStory
MCO,Moody&#39;s Corporation,20111209,BRIEF-Moody's:US medical device makers pursue shareholder-friendly tactics ,*Moody's: US Medical Device Makers Pursue Shareholder-Friendly Tactics and Deals As Growth Slows,topStory
MCO,Moody&#39;s Corporation,20111209,BRIEF: Moody's continues review of Foster's ratings for possible upgrade ,* Moody's continues review of Foster's ratings for possible upgrade,normal
PCG,Pacific Gas & Electric Co,20111209,UPDATE 1-PGE steps away from projects with Russia  Lithuania ,WARSAW/VILNIUS  Dec 9 Poland's top utility PGE will not take part in building a planned nuclear power plant in Lithuania and is no longer in talks with Russia's Rosatom on energy imports from Kaliningrad  the company said on Friday.,topStory
RJF,Raymond James Financial Inc,20111209,DIARY-U.S. MEETINGS/WEEK AHEAD ,THOMSON REUTERS  December 9  2011 - Corporate Meetings for US companies for Week ahead.	         S&P 500 Earnings - Weekly           S&P 500 Earnings - Day Ahead   	     Non S&P 500 - Weekly               Non S&P 500 - Day Ahead        	     ConferenceCall/Webcast - Weekly    ConferenceCall/Webcast - Day   	     S&P 500 Earnings - Monthly           Meetings - Day Ahead           	     Economic Indicators                  Dividends                      	     Daily earnings hits & misses    	     ,topStory
RF,Regions Financial Corporation,20111209,Big bills  tiny cases may shrink Morgan Keegan's price ,Dec 9 Morgan Keegan & Co.'s shrinking book value hasn't stopped the firm from spending big bucks to defend itself against small investor claims.,topStory
RELX,RELX PLC,20111209,TEXT-Fitch afrms Reed Elsevier at 'A-'/stable ,Dec 09- Fitch Ratings has affirmed Reed Elsevier PLC's and Reed Elsevier NV's  (together  Reed) Long-term Issuer Default Ratings (IDRs) at 'A-' and Short-term IDRs at 'F2'. The Outlook on the Long-term IDRs is Stable. A list of ratings actions on Reed's debt instruments is at the end of this comment.,topStory
RIO,Rio Tinto Plc,20111209,UPDATE 1-Ivanhoe expects Rio dispute ruling within two weeks ,LONDON  Dec 9 Ivanhoe Mines Ltd  said it expects a ruling on an  arbitration dispute with Rio Tinto  its largest shareholder  to be delivered within a couple of weeks.,topStory
RIO,Rio Tinto Plc,20111209,Work restarts at Guinea CBG after 48 hours strike ,CONAKRY  Dec 9 Normal operations have restarted at Guinea CBG after workers downed tools at the Alcoa   Rio Tinto and Guinean government bauxite joint venture over wage negotiations  CBG's director general said on Friday.,normal
RIO,Rio Tinto Plc,20111209,UPDATE 2-CGNPC eyes $2.2 bln Extract bid after Kalahari deal ,SYDNEY  Dec 9 China Guangdong Nuclear Power Corp (CGNPC) will offer $2.2 billion for Australia's Extract Resources if its agreed deal to buy Extract's top shareholder proceeds  a move that could kick off a bidding war for one of the world's largest uranium discoveries.,normal
RCI,Rogers Communication Inc,20111209,Toronto sports empire sold to Rogers and BCE ,TORONTO Two of Canada's largest telecom and media companies will take control of the Toronto sports empire that owns the NHL's Maple Leafs in a C$1.32 billion ($1.30 billion) deal that brings more premium content to their competing sports channels.,topStory
SMI,Semiconductor  Manufacturing International Corporation,20111209,Chinese major SMIC says reaches settlement with Japan's Elpida ,HONG KONG  Dec 9 China's largest semiconductor chipmaker  Semiconductor Manufacturing International Corp said on Friday it has reached a settlement with Japan's Elpida Memory.,topStory
TSM,Taiwan Semiconductor Manufacturing Company Ltd,20111209,RPT-UPDATE 1-TSMC  UMC sales continue decline in Nov ,* TSMC Nov sales fall 1.4 pct y/y; UMC's plunge 22.75 pct,topStory
TSM,Taiwan Semiconductor Manufacturing Company Ltd,20111209,TSMC says November sales down 1.4 pct on year ,TAIPEI  Dec 9 TSMC  the world's biggest contract chip maker  said on Friday that sales in November fell 1.4 percent from a year earlier.,normal
TOT,Total SA,20111209,Novatek to double gas output by 2020  Total ups stake ,LONDON/MOSCOW Novatek  is in talks to acquire up to four partners to handle marketing and plans to double its annual gas output by 2020  its chairman said on Friday after France's Total said it had boosted its stake in Russia's biggest private gas company.,topStory
TM,Toyota Motor Corp Ltd Ord,20111209,Toyota halves profit view ,TOKYO Toyota  set to lose its crown as the world's top-selling automaker this year  more than halved its annual profit forecast to $2.6 billion  reeling from a strong yen and Thai floods that severed its supply lines.,topStory
TM,Toyota Motor Corp Ltd Ord,20111209,UPDATE 3-Toyota halves profit view  counts cost of disasters  yen ,* Previous forecasts withdrawn last month due to Thai floods,normal
TM,Toyota Motor Corp Ltd Ord,20111209,Toyota forecasts lower profits  hit by Thai floods ,TOKYO  Dec 9 Toyota Motor Corp on Friday forecast a 57 percent drop in operating profit this business year to 200 billion yen ($2.6 billion)  down sharply from its prior forecast of 450 billion yen  hit by a stronger yen and widespread output disruptions from Thailand's floods.,normal
TM,Toyota Motor Corp Ltd Ord,20111209,Toyota sees FY global sales of 7.38 mln vehicles ,TOKYO  Dec 9 Toyota Motor Corp  said on Friday it expects the group to sell 7.38 million vehicles globally in the year to next March 31  down from the 7.60 million vehicles forecast that it withdrew last month due to disruptions from the Thai floods.,normal
TM,Toyota Motor Corp Ltd Ord,20111209,Toyota Motor -2011/12 group forecast(SEC) ,Dec 9 (Reuters) -                 TOYOTA MOTOR CORP                 CONSOLIDATED EARNINGS ESTIMATES                  Full year to                 March 31 2012                 LATEST                 FORECAST  Sales             18.20 trln  Operating        200.00     Pretax           170.00     Net           180.00        NOTE - Toyota Motor Corp is one of world's Big 3 automakers. Enjoys  strong domestic market share and boasts highly efficient and lean production system.. (Figures are reported ,normal
TM,Toyota Motor Corp Ltd Ord,20111209,Toyota Motor -2011/12 parent forecast(SEC) ,Dec 9 (Reuters) -                 TOYOTA MOTOR CORP                EARNINGS ESTIMATES                  Full year to                 March 31 2012                 LATEST                 FORECAST  Sales              8.10 trln  Operating   loss 530.00     Pretax      loss 160.00     Net       loss 80.00        NOTE - Toyota Motor Corp is one of world's Big 3 automakers. Enjoys  strong domestic market share and boasts highly efficient and lean production system.. (Figures are reported based on U.S. ,normal
RIG,Transocean Ltd,20111209,DOJ asks court to deny Transocean move on oil spill costs ,Dec 9 The U.S. Justice Department has asked a district court to deny offshore oil drilling contractor Transocean Ltd's request to protect itself against civil penalties stemming from last year's record oil spill in the Gulf of Mexico.,topStory
UMC,United Microelectronics Corporation,20111209,RPT-UPDATE 1-TSMC  UMC sales continue decline in Nov ,* TSMC Nov sales fall 1.4 pct y/y; UMC's plunge 22.75 pct,topStory
WMT,Wal-Mart Stores Inc,20111209,Wal-Mart says began internal probe on its activities overseas ,Wal-Mart Stores Inc said in a securities filing that it has begun an internal investigation to determine if some of its employees had violated a U.S. law that bars American companies from bribing foreign officials.,topStory
WMT,Wal-Mart Stores Inc,20111209,Wal-Mart files plan for share sale by Waltons ,NEW YORK Wal-Mart Stores Inc  disclosed an agreement on Thursday to sell more than 70 million shares of the world's largest retailer by a firm controlled by members of the founding Walton family.,normal
