AMZN,Amazoncom Inc,20111024,Steve Jobs book may be Amazon's 2011 top seller ,The new biography of the late Apple Inc chief Steve Jobs is likely to be Amazon.com Inc's top-selling book of 2011  a spokeswoman at the Internet retailer said on Monday.,topStory
AMZN,Amazoncom Inc,20111024,IPO View: Groupon could find IPO a tough sale ,NEW YORK/SAN FRANCISCO Groupon Inc faces its toughest sales pitch this week week when the daily deals website launches a roadshow to persuade investors to buy shares in its initial public offering.,normal
AMZN,Amazoncom Inc,20111024,Amazon-owned Quidsi expands into groceries ,Oct 24 Quidsi  a unit of leading Internet retailer Amazon.com Inc   is getting into groceries  taking on industry giants including Safeway Inc and Kroger Co .,normal
AMZN,Amazoncom Inc,20111024,IPO VIEW-Groupon could find IPO a tough sale ,NEW YORK/SAN FRANCISCO  Oct 21 Groupon Inc faces its toughest sales pitch next week when the daily deals website launches a roadshow to persuade investors to buy shares in its initial public offering.,normal
AMZN,Amazoncom Inc,20111024,Poland - Factors to Watch on October 24 ,Here are news stories  press reports and events to watch  which may affect Poland's financial markets on Monday. ALL TIMES GMT (Poland: GMT + 2 hours):,normal
AMGN,Amgen Inc,20111024,UPDATE 3-Amgen posts mixed Q3  raises full-year outlook ,Oct 24  Amgen Inc reported better-than-expected third quarter profit on Monday  helped by a lower tax rate and strong sales of its white blood cell boosters  and the company raised its full-year earnings and revenue forecast.,topStory
AAPL,Apple Inc,20111024,Key excerpts from Steve Jobs' biography ,A new biography of late Apple Inc co-founder Steve Jobs hit book-shelves on Monday  offering arguably the most comprehensive  insightful look to date at the life and times of the revered technology visionary.,topStory
AAPL,Apple Inc,20111024,UPDATE 2-Key excerpts from Steve Jobs' biography ,Oct 24 A new biography of late Apple Inc co-founder Steve Jobs hit book-shelves on Monday  offering arguably the most comprehensive  insightful look to date at the life and times of the revered technology visionary.,normal
AAPL,Apple Inc,20111024,UPDATE 2-Key excerpts from Steve Jobs' biography ,Oct 24 A new biography of late Apple Inc co-founder Steve Jobs hit book-shelves on Monday  offering arguably the most comprehensive  insightful look to date at the life and times of the revered technology visionary.,normal
AAPL,Apple Inc,20111024,Steve Jobs book may be Amazon's 2011 top seller ,The new biography of the late Apple Inc chief Steve Jobs is likely to be Amazon.com Inc's top-selling book of 2011  a spokeswoman at the Internet retailer said on Monday.,normal
AAPL,Apple Inc,20111024,Reviewers praise new Steve Jobs biography ,NEW YORK The biography of late Apple Inc. co-founder Steve Jobs' hit the bookstores on Monday  and reviewers wasted little time in heaping praise on the much-anticipated book destined for the bestseller list. | Video ,normal
AAPL,Apple Inc,20111024,UPDATE 1-Key excerpts from Steve Jobs' biography ,Oct 24 A new biography of late Apple Inc co-founder Steve Jobs hit book-shelves on Monday  offering arguably the most comprehensive  insightful look to date at the life and times of the revered technology visionary.,normal
AAPL,Apple Inc,20111024,Key excerpts from "Steve Jobs" biography ,A new biography of late Apple Inc co-founder Steve Jobs hit book stores on Monday  offering arguably the most comprehensive  insightful look to date at the life and times of the revered technology visionary.,normal
AAPL,Apple Inc,20111024,Key excerpts from Steve Jobs' biography ,Oct 24 A new biography of late Apple Inc co-founder Steve Jobs hit book-shelves on Monday  offering arguably the most comprehensive  insightful look to date at the life and times of the revered technology visionary.,normal
AAPL,Apple Inc,20111024,Steve Jobs and Apple skewered on New York stage ,NEW YORK In a sold-out theater in downtown Manhattan  two miles from the square where anti-Wall Street demonstrators daily use iPhones  iPads and other devices to mobilize their forces  a performance artist named Mike Daisey is mounting a subversive attack on Apple Inc.,normal
AAPL,Apple Inc,20111024,UPDATE 1-Steve Jobs and Apple skewered on New York stage ,NEW YORK  Oct 24 In a sold-out theater in downtown Manhattan  two miles from the square where anti-Wall Street demonstrators daily use iPhones  iPads and other devices to mobilize their forces  a performance artist named Mike Daisey is mounting a subversive attack on Apple Inc .,normal
ATRC,AtriCure Inc,20111024,AtriCure heart device safe  with caveats: FDA staff ,AtriCure Inc's device for treating a heart rhythm disorder is safe and effective  but its trial size and design raise some concerns  U.S. Food and Drug Administration researchers said.,topStory
ATRC,AtriCure Inc,20111024,UPDATE 2-AtriCure heart device safe  with caveats-FDA staff ,* AtriCure seeks expanded indication  shares down 12.6 pct,normal
ATRC,AtriCure Inc,20111024,AtriCure heart device safe  with caveats: FDA staff ,AtriCure Inc's Synergy Ablation System heart-rhythm device is safe and effective  but its trial size and design raise some concerns  U.S. medical device reviewers said.,normal
TAPR,Barclays Inverse US Treasury Composite ETN,20111024,MOVES-ABN AMRO  Barclays Wealth ,Oct 24 The following financial service industry appointments were announced on Monday. To inform us of other job changes  email to moves@thomsonreuters.com.,topStory
DLBL,Barclays PLC,20111024,MOVES-ABN AMRO  Barclays Wealth ,Oct 24 The following financial service industry appointments were announced on Monday. To inform us of other job changes  email to moves@thomsonreuters.com.,topStory
DTYL,Barclays PLC,20111024,MOVES-ABN AMRO  Barclays Wealth ,Oct 24 The following financial service industry appointments were announced on Monday. To inform us of other job changes  email to moves@thomsonreuters.com.,topStory
EXEL,Exelixis Inc,20111024,Exelixis' thyroid cancer drug may get early approval ,Exelixis Inc's drug to treat a rare form of thyroid cancer met the main goal of a late-stage study  prompting the company to look to an accelerated approval process that could bring the drug to market within a year.,topStory
FTNT,Fortinet Inc,20111024,UPDATE 1-Fortinet Q3 beats Wall Street  shares rise ,Oct 24 Fortinet Inc posted a better-than-expected quarterly profit as sales of its network security products rose by nearly half  sending its shares up 13 percent in trading after the bell.,topStory
GLDD,Great Lakes Dredge & Dock Corporation,20111024,Fortress hires ex-Artradis fund manager Dredge: sources ,HONG KONG/SINGAPORE Fortress Investment Group LLC  has hired David Dredge as co-chief investment officer at its convexity strategies group  two sources familiar with the matter said.,topStory
GLDD,Great Lakes Dredge & Dock Corporation,20111024,Fortress hires ex-Artradis fund manager Dredge - sources ,HONG KONG/SINGAPORE  Oct 24 Fortress Investment Group LLC has hired David Dredge as co-chief investment officer at its convexity strategies group  two sources familiar with the matter said.,normal
HUBG,Hub Group Inc,20111024,UPDATE 1- Hub Group Q3 misses Street ,Oct 24 Freight management company Hub Group Inc  posted lower-than-expected quarterly results  hurt by higher transportation costs.,topStory
INTC,Intel Corporation,20111024,UPDATE 2-Volterra gives bleak outlook on soft server demand ,Oct 24 U.S. chipmaker Volterra Semiconductor  signaled a weak fourth quarter as a slowdown in the economy hurts demand for servers and notebooks  echoing the outlook given by larger rival Texas Instruments Inc .,topStory
DTYS,iPath US Treasury 10-year Bear ETN,20111024,MOVES-ABN AMRO  Barclays Wealth ,Oct 24 The following financial service industry appointments were announced on Monday. To inform us of other job changes  email to moves@thomsonreuters.com.,topStory
DTUS,iPath US Treasury 2-year Bear ETN,20111024,MOVES-ABN AMRO  Barclays Wealth ,Oct 24 The following financial service industry appointments were announced on Monday. To inform us of other job changes  email to moves@thomsonreuters.com.,topStory
DTUL,iPath US Treasury 2-year Bull ETN,20111024,MOVES-ABN AMRO  Barclays Wealth ,Oct 24 The following financial service industry appointments were announced on Monday. To inform us of other job changes  email to moves@thomsonreuters.com.,topStory
DFVS,iPath US Treasury 5-year Bear ETN,20111024,MOVES-ABN AMRO  Barclays Wealth ,Oct 24 The following financial service industry appointments were announced on Monday. To inform us of other job changes  email to moves@thomsonreuters.com.,topStory
DFVL,iPath US Treasury 5-year Bull ETN,20111024,MOVES-ABN AMRO  Barclays Wealth ,Oct 24 The following financial service industry appointments were announced on Monday. To inform us of other job changes  email to moves@thomsonreuters.com.,topStory
FLAT,iPath US Treasury Flattener ETN,20111024,MOVES-ABN AMRO  Barclays Wealth ,Oct 24 The following financial service industry appointments were announced on Monday. To inform us of other job changes  email to moves@thomsonreuters.com.,topStory
DLBS,iPath US Treasury Long Bond Bear ETN,20111024,MOVES-ABN AMRO  Barclays Wealth ,Oct 24 The following financial service industry appointments were announced on Monday. To inform us of other job changes  email to moves@thomsonreuters.com.,topStory
STPP,iPath US Treasury Steepener ETN,20111024,MOVES-ABN AMRO  Barclays Wealth ,Oct 24 The following financial service industry appointments were announced on Monday. To inform us of other job changes  email to moves@thomsonreuters.com.,topStory
LSTR,Landstar System Inc,20111024,UPDATE 1-Landstar Q3 EPS up 45 pct  above forecasts ,Oct 24 Freight transportation and logistics company Landstar System Inc reported a 45 percent increase in quarterly earnings per share and higher revenue  beating forecasts  and estimated fourth-quarter earnings above consensus forecast.,topStory
MAT,Mattel Inc,20111024,UPDATE 3-Mattel adds Thomas & Friends to toy line-up ,Oct 24 Mattel Inc added the iconic Thomas & Friends line to its portfolio of blockbuster brands such as Barbie and Hot Wheels with its $680 million acquisition of Hit Entertainment from a consortium led by private equity fund Apax Partners.,topStory
MAT,Mattel Inc,20111024,Mattel adds Thomas & Friends to toy line-up ,Mattel Inc  will buy Hit Entertainment -- the maker of the popular Thomas & Friends and Bob the Builder toys -- for $680 million from a consortium led by private equity fund Apax Partners.,normal
MAT,Mattel Inc,20111024,TEXT-Fitch afrms Mattel's 'A-' IDR and stable otlk on acquisition announcement ,Oct 24- Mattel  Inc. (Mattel) announced today that it has agreed to purchase HiT Entertainment Ltd (Hit) for $680 million in cash. The transaction is expected to be funded mostly with debt and is expected to close in the first quarter of 2012. Fitch Ratings notes that the acquisition is not expected to have more than a modest impact to Mattel's more than $6 billion in revenues but should help the bottom line as HiT's licensing-based business would 	 carry higher EBITDA margins than Mattel's aver,normal
MAT,Mattel Inc,20111024,MARKET PULSE-US stocks to watch:Caterpillar  Mattel-RTRS ,The heavy machinery maker posted strong third-quarter results  driven by strong mining and infrastructure businesses.,normal
MAT,Mattel Inc,20111024,UPDATE 1-Mattel to buy HIT Entertainment for $680 mln ,Oct 24 Toymaker Mattel Inc said it will buy HIT Entertainment for $680 million in an all-cash deal to own intellectual property and marketing rights for pre-school toy brands.,normal
NFLX,Netflix Inc,20111024,Netflix warns of more cancellations  shares drop ,Netflix Inc lost more customers than it anticipated in the third quarter and warned of still more defections to come  pushing its shares down 27 percent as the one-time Wall Street star grapples with the fallout from a price increase and other unpopular moves.,topStory
NFLX,Netflix Inc,20111024,UPDATE 5-Netflix warns of more cancellations  shares drop ,Oct 24 Netflix Inc lost more customers than it anticipated in the third quarter and warned of still more defections to come  pushing its shares down 27 percent as the one-time Wall Street star grapples with the fallout from a price increase and other unpopular moves.,normal
NFLX,Netflix Inc,20111024,UPDATE 1-Netflix to launch streaming service in UK  Ireland ,Oct 24 Netflix Inc said it will launch a subscription service in the United Kingdom and Ireland in early 2012  offering unlimited TV shows and movie streaming over the Internet.,normal
NWS,News Corporation,20111024,UPDATE 2-Investors issue James Murdoch a sharp rebuke ,NEW YORK  Oct 24 James Murdoch  the presumed heir to the News Corp media empire  got a sharp rebuke from shareholders when nearly 35 percent of the company's investors voted against his reelection to the board.,topStory
NWS,News Corporation,20111024,News Corp investors rebuke James Murdoch in vote ,NEW YORK James Murdoch  the presumed heir to the News Corp media empire  suffered a sharp rebuke from shareholders  with nearly 35 percent of its investors voting against his reelection to the board. | Video ,normal
NWS,News Corporation,20111024,UPDATE 1-News Corp investors rebuke James Murdoch in vote ,* James receives almost 3x as many against votes as Rupert,normal
NWS,News Corporation,20111024,A , ,normal
NWS,News Corporation,20111024,CORRECTED-BRIEF-News Corp shareholders vote down independent chair proposal ,* 680 583 000 votes cast against proposal that chair of board be independent member of board  * 561 685 725 votes cast for election of K. Rupert Murdoch as member of board  * 433 028 510 votes cast for election of James R. Murdoch's as director	  * 91 798 107 votes cast against election of K. Rupert Murdoch as member of board  * 232 013 203 votes cast against election of James R. Murdoch as director  * 440 906 956 votes cast for election of Lachlan K. Murdoch as member of board  * 224 151 616 vo,normal
NWS,News Corporation,20111024,UK parliament recalls James Murdoch over hacking ,LONDON James Murdoch  heir apparent to his father's News Corp before a phone-hacking scandal engulfed the firm  will return for a second hearing before the UK parliament to explain apparent discrepancies in his evidence. | Video ,normal
NWS,News Corporation,20111024,Timeline: News Corp and the phone-hacking scandal ,Here is a timeline of the major events in the British phone-hacking scandal since July  when it emerged that the phone of murdered schoolgirl Milly Dowler had been hacked.,normal
NWS,News Corporation,20111024,James Murdoch recalled to UK parliament over hacking ,LONDON  Oct 24 James Murdoch  heir apparent to his father's News Corp media empire  will return on November 10 to give evidence before the British parliament over what he knew about phone hacking  the committee investigating the scandal said on Monday.,normal
NWSA,News Corporation,20111024,UPDATE 2-Investors issue James Murdoch a sharp rebuke ,NEW YORK  Oct 24 James Murdoch  the presumed heir to the News Corp media empire  got a sharp rebuke from shareholders when nearly 35 percent of the company's investors voted against his reelection to the board.,topStory
NWSA,News Corporation,20111024,News Corp investors rebuke James Murdoch in vote ,NEW YORK James Murdoch  the presumed heir to the News Corp media empire  suffered a sharp rebuke from shareholders  with nearly 35 percent of its investors voting against his reelection to the board. | Video ,normal
NWSA,News Corporation,20111024,UPDATE 1-News Corp investors rebuke James Murdoch in vote ,* James receives almost 3x as many against votes as Rupert,normal
NWSA,News Corporation,20111024,A , ,normal
NWSA,News Corporation,20111024,CORRECTED-BRIEF-News Corp shareholders vote down independent chair proposal ,* 680 583 000 votes cast against proposal that chair of board be independent member of board  * 561 685 725 votes cast for election of K. Rupert Murdoch as member of board  * 433 028 510 votes cast for election of James R. Murdoch's as director	  * 91 798 107 votes cast against election of K. Rupert Murdoch as member of board  * 232 013 203 votes cast against election of James R. Murdoch as director  * 440 906 956 votes cast for election of Lachlan K. Murdoch as member of board  * 224 151 616 vo,normal
NWSA,News Corporation,20111024,UK parliament recalls James Murdoch over hacking ,LONDON James Murdoch  heir apparent to his father's News Corp before a phone-hacking scandal engulfed the firm  will return for a second hearing before the UK parliament to explain apparent discrepancies in his evidence. | Video ,normal
NWSA,News Corporation,20111024,Timeline: News Corp and the phone-hacking scandal ,Here is a timeline of the major events in the British phone-hacking scandal since July  when it emerged that the phone of murdered schoolgirl Milly Dowler had been hacked.,normal
NWSA,News Corporation,20111024,James Murdoch recalled to UK parliament over hacking ,LONDON  Oct 24 James Murdoch  heir apparent to his father's News Corp media empire  will return on November 10 to give evidence before the British parliament over what he knew about phone hacking  the committee investigating the scandal said on Monday.,normal
POOL,Pool Corporation,20111024,Prosecution rests in Michael Jackson doctor trial ,LOS ANGELES Prosecutors rested their case against Michael Jackson's doctor on Monday after nearly four weeks of testimony and evidence against the man accused of involuntary manslaughter in the pop star's death.,topStory
RCII,Rent-A-Center Inc,20111024,WRAPUP 1-Aaron's  Rent-A-Center Q3 profits top Street ,Oct 24 Furniture and appliance rental company Aaron's Inc and rival Rent-A-Center Inc posted better-than-expected quarterly profits as more U.S. consumers preferred to rent  rather than buy products in a weak economy.	     Rental companies -- that allow customers to own products after they complete all payments over an agreed term -- had benefited from the recession as cash-strapped consumers rented items they could no longer afford to buy.	         	  KEY POINTS: Aaron's Inc    Q3 2,topStory
RYAAY,Ryanair Holdings plc,20111024,UPDATE 1-Independent News chairman retires;Osborne appointed ,DUBLIN  Oct 24 Independent News & Media's  chairman Brian Hillery has retired and will be replaced by James Osborne  a director at Ryanair   the media group said on Monday.,topStory
RYAAY,Ryanair Holdings plc,20111024,Ryanair eyeing new phase of growth - Financial Times ,LONDON Ryanair  is in talks with U.S.  Chinese and Russian aircraft manufacturers about the possibility of buying 200 to 300 planes between 2015 and 2021  the Financial Times reported on Monday.,normal
RYAAY,Ryanair Holdings plc,20111024,Ryanair eyeing new phase of growth - FT ,LONDON  Oct 24 Ryanair is in talks with U.S.  Chinese and Russian aircraft manufacturers about the possibility of buying 200 to 300 planes between 2015 and 2021  the Financial Times reported on Monday.,normal
SYMC,Symantec Corporation,20111024,U.S. eyes stronger cyber defenses for small business ,WASHINGTON The U.S. government is making it easier for small businesses to beef up defenses against cyber criminals through a free  online tool  the top U.S. communications regulator said on Monday.,topStory
SYMC,Symantec Corporation,20111024,US eyes stronger cyber defenses for small business ,WASHINGTON  Oct 24 The U.S. government is making it easier for small businesses to beef up defenses against cyber criminals through a free  online tool  the top U.S. communications regulator said on Monday.,normal
VECO,Veeco Instruments Inc,20111024,UPDATE 2-Veeco Instruments Q3 beats  sees weak Q4 ,Oct 24 Chip-gear maker Veeco Instruments Inc  forecast fourth-quarter sales below analysts' expectations on lower bookings from China  and said it expects near-term orders to remain depressed due to a weak demand for backlighting equipment.,topStory
ZION,Zions Bancorporation,20111024,UPDATE 1-Zions' Q3 profit tops Street ,Oct 24 Zions Bancorporation swung to a quarterly profit that beat Wall Street expectations  as the regional lender benefitted from improving credit quality in its western U.S. markets.,topStory
AAN,Aaron&#39;s  Inc,20111024,WRAPUP 1-Aaron's  Rent-A-Center Q3 profits top Street ,Oct 24 Furniture and appliance rental company Aaron's Inc and rival Rent-A-Center Inc posted better-than-expected quarterly profits as more U.S. consumers preferred to rent  rather than buy products in a weak economy.	     Rental companies -- that allow customers to own products after they complete all payments over an agreed term -- had benefited from the recession as cash-strapped consumers rented items they could no longer afford to buy.	         	  KEY POINTS: Aaron's Inc    Q3 2,topStory
ALB,Albemarle Corporation,20111024,UPDATE 2-Albermarle profit beats on catalyst sales ,Oct 24 Chemicals maker Albemarle Corp  on Monday reported a higher-than-expected quarterly profit on strong sales of catalysts used by petroleum refiners.,topStory
AA,Alcoa Corporation,20111024,UPDATE 2-UK charges businessman over Bahrain aluminum deals ,LONDON  Oct 24 Britain's Serious Fraud Office (SFO) has arrested and charged businessman Victor Dahdaleh with corruption offenses relating to contracts for the supply of aluminum to Bahrain  it said on Monday.    "He has been released on conditional police bail to appear at City of Westminster Magistrates' Court on 31 October 2011 " the SFO said in a statement.     The SFO said Dahdaleh was a British and Canadian national living in London's Belgravia district and that he was alleged ,topStory
AA,Alcoa Corporation,20111024,Dahdaleh charged in UK over Bahrain aluminium deals ,LONDON  Oct 24 Britain's Serious Fraud Office (SFO) said on Monday it had arrested and charged businessman Victor Dahdaleh with corruption offences relating to contracts for the supply of aluminium to Bahrain.,normal
LNT,Alliant Energy Corporation,20111024,UPDATE 1-Alliant Energy sees Q3 impact from RMT unit issues ,Oct 24 Alliant Energy Corp expects to record losses of about 9 cents a share in the third quarter related to a problem at its RMT unit  but said it still sees full-year earnings coming in within its previously issued forecast range.,topStory
ALL,Allstate Corporation (The),20111024,Allstate toxic debt case vs Countrywide narrowed ,Oct 24 A judge threw out federal securities law claims in Allstate Corp's fraud lawsuit against Bank of America Corp's Countrywide unit over $700 million of toxic mortgage debt  but said the insurer may pursue state law claims.,topStory
AMOV,America Movil SAB de CV,20111024,UPDATE 3-Slim's Grupo Carso wants to buy out Cicsa ,Oct 24 Carlos Slim's conglomerate Grupo Carso said on Monday it is launching a bid for the 32.82 percent of infrastructure company Cicsa it does not already own in a deal worth around $500 million.,topStory
AMX,America Movil SAB de CV,20111024,UPDATE 3-Slim's Grupo Carso wants to buy out Cicsa ,Oct 24 Carlos Slim's conglomerate Grupo Carso said on Monday it is launching a bid for the 32.82 percent of infrastructure company Cicsa it does not already own in a deal worth around $500 million.,topStory
BAC,Bank of America Corporation,20111024,Allstate toxic debt case vs Countrywide narrowed ,Oct 24 A judge threw out federal securities law claims in Allstate Corp's fraud lawsuit against Bank of America Corp's Countrywide unit over $700 million of toxic mortgage debt  but said the insurer may pursue state law claims.,topStory
BCS,Barclays PLC,20111024,MOVES-ABN AMRO  Barclays Wealth ,Oct 24 The following financial service industry appointments were announced on Monday. To inform us of other job changes  email to moves@thomsonreuters.com.,topStory
BLK,BlackRock Inc,20111024,BlackRock sees a global trend of resource nationalism ,SYDNEY  Oct 25 BlackRock Inc   the world's largest money manager  sees a general trend globally of resource nationalism  the firm's resources investment division chief Evy Hambro told a briefing on Tuesday.,topStory
BP,BP plc,20111024,BP investors looking for signs of turnaround ,LONDON  Oct 25 BP Plc will seek to reassure investors on Tuesday that its turnaround following the Gulf of Mexico oil spill is on track.,topStory
CAT,Caterpillar Inc,20111024,Nikkei seen supported; may struggle to top 6-wk high ,TOKYO  Oct 25 Japan's Nikkei share average is likely to be supported on Tuesday after global shares rallied on hopes of progress in Europe's debt crisis and on strong earnings from Caterpillar.	     But with Nikkei futures in Chicago not gaining at all despite a recovery in broad risk assets including commodities  the Nikkei may struggle to break above its six-week high of 8 911.70 set on Monday last week.	     "Looking at sharp gains in commodity prices  it seems like market players,topStory
CAT,Caterpillar Inc,20111024,Caterpillar masters slowdown  posts record results ,Caterpillar Inc muscled through murky economic conditions with a surprising 44 percent jump in quarterly profit  and forecast strong demand through next year in a sign of optimism for the global economy. | Video ,normal
CAT,Caterpillar Inc,20111024,Caterpillar  Europe hopes fuel Wall Street gains ,NEW YORK Stocks rose on Monday  as a flurry of merger activity and strong earnings from Caterpillar boosted investor sentiment and kept the three-week rally intact.,normal
CAT,Caterpillar Inc,20111024,US STOCKS-Caterpillar  Europe hopes fuel Wall St gains ,NEW YORK  Oct 24 U.S. stocks rose on Monday  as a flurry of merger activity and strong earnings from Caterpillar boosted investor sentiment and kept the three-week rally intact.,normal
CAT,Caterpillar Inc,20111024,GLOBAL MARKETS-Stocks  commodities up on Europe  Caterpillar ,* EU makes progress on debt deal ahead of Wednesday summit,normal
CAT,Caterpillar Inc,20111024,US STOCKS-Caterpillar  Europe hopes fuel Wall St gains ,NEW YORK  Oct 24 U.S. stocks rose on Monday  as a flurry of merger activity and strong earnings from Caterpillar boosted investor sentiment and kept the three-week rally intact.,normal
CAT,Caterpillar Inc,20111024,UPDATE 5-Caterpillar masters slowdown  posts record results ,Oct 24 Caterpillar Inc muscled through murky economic conditions with a surprising 44 percent jump in quarterly profit  and forecast strong demand through next year in a sign of optimism for the global economy.,normal
CAT,Caterpillar Inc,20111024,US STOCKS-Caterpillar's record results  M&A lift Wall St ,* Caterpillar is top Dow gainer as Q3 revenues post record,normal
CAT,Caterpillar Inc,20111024,GLOBAL MARKETS-Stocks  commodities up on EU  Caterpillar ,NEW YORK  Oct 24 Global stocks hit a seven-week high on Monday and commodities rallied on optimism European leaders were moving closer to resolving their debt crisis as strong earnings from Caterpillar boosted risk appetite.,normal
CAT,Caterpillar Inc,20111024,CORRECTED-BRIEF-Caterpillar Q3 results ,OCT 24 -    Oct 24 Caterpillar Inc  :   * Third-quarter sales and revenues an all-time record; thousands of jobs added ,normal
CX,Cemex SAB de CV,20111024,Mexico clears cement cos. of price fixing-document ,MEXICO CITY  Oct 24 Mexico's competition watchdog has cleared Cemex and three other cement makers of fixing prices  according to a document obtained by Reuters on Monday.,topStory
CX,Cemex SAB de CV,20111024,DIARY - Mexico and Central America - to Oct 31 ,This diary is updated daily. All dates and times are provisional. The inclusion of diary items does not necessarily   mean that Reuters will file a story based on the event. __________________________________________________________________ DATE  LOCAL/GMT  MEXICO INDICATOR         PERIOD  F/CAST      PREV ------------------------------------------------------------------ OCT24 0800/1400  1st half-month inflation  Oct    0.46    0.21 pct OCT24 0800/1400  1st half-mth core infl.   Oct    0.20    ,normal
CHS,Chico&#39;s FAS Inc,20111024,UPDATE 1-Uralkali cooperates with Russian potash price probe ,MOSCOW  Oct 24 Potash miner Uralkali  said on Monday it will fully cooperate with a Russian anti-monopoly service (FAS) investigation into its domestic pricing  launched after complaints from buyers.,topStory
CHL,China Mobile (Hong Kong) Ltd,20111024,China Mobile says has 10 million iPhone users ,GENEVA  Oct 24 China Mobile   the world's largest mobile carrier by subscribers  has 10 million iPhone users even though it does not yet have an agreement with iPhone maker Apple   its chairman told Reuters on Monday.,topStory
ZNH,China Southern Airlines Company Limited,20111024,China's Sichuan Airlines orders 20 C919 jets ,BEIJING  Oct 24 Sichuan Airlines  partly owned by China Southern Airlines    has placed an initial order of 20 C919 jets  bringing the total order for the country's self-developed commercial jets to 165 units.,topStory
CI,Cigna Corporation,20111024,Cigna to buy Medicare co HealthSpring for $3.8 billion ,Health insurer Cigna Corp will buy HealthSpring Inc for $3.8 billion to jump-start its business selling Medicare plans as more elderly Americans become eligible for the U.S. government program.,topStory
CI,Cigna Corporation,20111024,UPDATE 5-Cigna to buy Medicare co HealthSpring for $3.8 bln ,Oct 24 Health insurer Cigna Corp will buy HealthSpring Inc for $3.8 billion to jump-start its business selling Medicare plans as more elderly Americans become eligible for the U.S. government program.,normal
CI,Cigna Corporation,20111024,US STOCKS-Caterpillar  Europe hopes fuel Wall St gains ,NEW YORK  Oct 24 U.S. stocks rose on Monday  as a flurry of merger activity and strong earnings from Caterpillar boosted investor sentiment and kept the three-week rally intact.,normal
CI,Cigna Corporation,20111024,US STOCKS-Caterpillar  Europe hopes fuel Wall St gains ,NEW YORK  Oct 24 U.S. stocks rose on Monday  as a flurry of merger activity and strong earnings from Caterpillar boosted investor sentiment and kept the three-week rally intact.,normal
CI,Cigna Corporation,20111024,US STOCKS-Wall St advances on Caterpillar results  M&A ,* Caterpillar is top Dow gainer as Q3 revenues post record     * Cigna to buy HealthSpring  Oracle to acquire RightNow     * Indexes up: Dow 0.9 pct  S&P 1.3 pct  Nasdaq 2.1 pct,normal
CI,Cigna Corporation,20111024,SXC slides as Cigna plans to buy its customer ,SXC Health Solutions Corp's   shares lost more than a fourth of their value  as the risk of losing a large customer loomed over the Canadian health insurer after Cigna Corp  said it will buy HealthSpring .,normal
CVA,Covanta Holding Corporation,20111024,Developer dumps UK waste power plant ,LONDON A UK subsidiary of U.S. energy-from-waste company Covanta Holding Corp. has scrapped plans to build a 400 million pound waste-fired power plant in Wales  which would have created 100 full-time jobs  the company said on Monday.,topStory
CVA,Covanta Holding Corporation,20111024,Developer dumps UK waste power plant ,* Councils decided against selling waste to one large plant,normal
DB,Deutsche Bank AG,20111024,New Issue-EnBW prices 750 mln euro 2072 bond ,Borrower                Enbw Energie Baden Wuerttemberg AG (EnBW),topStory
DB,Deutsche Bank AG,20111024,UPDATE 1-Malaysia Felda's $2 bln listing to be third-largest in country ,* Maybank  CIMB  M.Stanley appointed global coordinators-source,normal
D,Dominion Energy Inc,20111024,UPDATE 1-NRC to decide on Va. nuclear plant restart in weeks ,* North Anna shut after earthquake on Aug. 23     * Dominion says North Anna ready for restart      Oct 24 The U.S. Nuclear Regulatory Commission said on Monday they expect to make a decision on the restart of Dominion's North Anna nuclear power plant in Virginia in weeks  not months.     NRC spokesman  Joey Ledford said the NRC was not likely to make a decision prior to or at a planned Nov. 1 meeting.     North Anna shut safely after an earthquake near the plant on Aug. 23.     Last,topStory
DCUD,Dominion Energy Inc,20111024,UPDATE 1-NRC to decide on Va. nuclear plant restart in weeks ,* North Anna shut after earthquake on Aug. 23     * Dominion says North Anna ready for restart      Oct 24 The U.S. Nuclear Regulatory Commission said on Monday they expect to make a decision on the restart of Dominion's North Anna nuclear power plant in Virginia in weeks  not months.     NRC spokesman  Joey Ledford said the NRC was not likely to make a decision prior to or at a planned Nov. 1 meeting.     North Anna shut safely after an earthquake near the plant on Aug. 23.     Last,topStory
DRUA,Dominion Energy Inc,20111024,UPDATE 1-NRC to decide on Va. nuclear plant restart in weeks ,* North Anna shut after earthquake on Aug. 23     * Dominion says North Anna ready for restart      Oct 24 The U.S. Nuclear Regulatory Commission said on Monday they expect to make a decision on the restart of Dominion's North Anna nuclear power plant in Virginia in weeks  not months.     NRC spokesman  Joey Ledford said the NRC was not likely to make a decision prior to or at a planned Nov. 1 meeting.     North Anna shut safely after an earthquake near the plant on Aug. 23.     Last,topStory
ETN,Eaton Corporation PLC,20111024,Eaton Corp profit up 36 percent  matches Street view ,Diversified manufacturer Eaton Corp  posted a 36 percent rise in quarterly earnings  in line with Wall Street forecasts  despite a loss on commodity hedge contracts  and the company's shares rose over 3 percent.,topStory
ETN,Eaton Corporation PLC,20111024,UPDATE 4-Eaton Corp profit up 36 pct  matches Street view ,Oct 24 Diversified manufacturer Eaton Corp posted a 36 percent rise in quarterly earnings  in line with Wall Street forecasts  despite a loss on commodity hedge contracts  and the company's shares rose over 3 percent.,normal
EV,Eaton Vance Corporation,20111024,Eaton Vance launches Australia fund targeting US loans ,SYDNEY  Oct 24 Asset manager Eaton Vance Corp  on Monday launched an Australian fund that will invest in U.S leveraged loans and said it aims to raise $1 billion in the next two to three years  primarily from Australian pension funds.,topStory
EIX,Edison International,20111024,EDF's revamped Edison plan draws fire ,PARIS/MILAN EDF  stepped up pressure on the Italian shareholders of Edison   pressing them to accept the terms of a new proposal that would give the French power group control of Italy's second-biggest utility.,topStory
EIX,Edison International,20111024,EDF hopes new Edison plan wins Italian nod -CFO ,PARIS  Oct 24 EDF said it still hoped a deal could be reached by Oct. 31 with the Italian shareholders of Edison giving the French power giant operational control of Italy's second-biggest utility.,normal
EIX,Edison International,20111024,EDF makes offer to Edison shareholders  no price ,PARIS France's EDF  put a new offer on the table on Monday to win control of Italy's second-largest utility  Edison   but did not commit to a specific price for buying out minority shareholders.,normal
EMR,Emerson Electric Company,20111024,UPDATE 1-Emerson order growth slows  hit by currency ,Oct 24 A stronger dollar helped slow order growth at Emerson Electric Co in the three months through September  the industrial conglomerate said in a monthly regulatory filing on Monday.,topStory
ETR,Entergy Corporation,20111024,UPDATE 2-Entergy to buy power plant from NextEra for $346 mln ,Oct 24 Entergy Corp said it will buy a 550-megawatt power plant in Rhode Island from a unit of NextEra Energy Resources LLC for $346 million  as it looks to deliver electricity in the New England market.,topStory
EQT,EQT Corporation,20111024,Nobel Biocare shares surge on M&A talk ,ZURICH Shares in Swiss dental implant maker Nobel Biocare  rose some 13 percent on Monday after a Swiss newspaper reported over the weekend that two private equity firms could be interested in buying the struggling group.,topStory
FDX,FedEx Corporation,20111024,FedEx sees record holiday volume  adding workers ,FedEx Corp  expects a 12 percent jump in holiday shipments this year and will add about 20 000 workers to handle the record volume driven by online shopping.,topStory
FDX,FedEx Corporation,20111024,UPDATE 3-FedEx sees record holiday volume  adding workers ,Oct 24 FedEx Corp expects a 12 percent jump in holiday shipments this year and will add about 20 000 workers to handle the record volume driven by online shopping.,normal
F,Ford Motor Company,20111024,U.S. urges Syria to end campaign against envoy Ford ,WASHINGTON The United States on Monday called on Syria to stop its "smear campaign" against the U.S. ambassador  whose recall to Washington was matched by Syria's decision to bring home its envoy amid a spat over anti-government protests in Syria.,topStory
GEK,General Electric Capital Corporation,20111024,Special Report: Singed by Solyndra ,LA/SAN FRANCISCO David Prend is one of the most respected investors in green technology - but even he picks some losers.,topStory
GE,General Electric Company,20111024,Special Report: Singed by Solyndra ,LA/SAN FRANCISCO David Prend is one of the most respected investors in green technology - but even he picks some losers.,topStory
GSK,GlaxoSmithKline PLC,20111024,Studies show no extra risk with stop-smoking drug ,* FDA said stop-smoking pill should keep "black box" label,topStory
GSK,GlaxoSmithKline PLC,20111024,Studies show no extra risk with Pfizer smoking drug ,Smokers who take Pfizer's pill Chantix to help them quit do not have a higher risk of being hospitalized for psychiatric events such as depression  compared with nicotine patches  according to studies reported on Monday.,normal
GS,Goldman Sachs Group Inc (The),20111024,UPDATE 1-Morgan Stanley to rid itself of mortgage servicer ,Oct 24 Morgan Stanley plans to sell its mortgage-servicing business to Ocwen Financial Corp for $59.3 million  closing out a money-losing strategy that stemmed from the subprime housing bubble.,topStory
GS,Goldman Sachs Group Inc (The),20111024,Goldman sued by Capmark  conflicts alleged ,Capmark Financial Group Inc  a large commercial real estate lender that emerged from bankruptcy this month  sued Goldman Sachs Group Inc to recover $147 million it said the bank obtained by taking advantage of conflicts of interest.,normal
GS,Goldman Sachs Group Inc (The),20111024,UPDATE 2-Goldman sued by Capmark  conflicts alleged ,* Separate case says Goldman conflicted in El Paso merger,normal
GS,Goldman Sachs Group Inc (The),20111024,UPDATE 1-Julius Baer hires Leung from Goldman as North Asia CEO ,SINGAPORE  Oct 24 Julius Baer Gruppe AG  on Monday said former Goldman Sachs Group Inc  banker Kaven Leung will be its CEO for North Asia from April 19 next year. He will also be the Swiss private bank's deputy CEO for Asia.,normal
GS,Goldman Sachs Group Inc (The),20111024,Julius Baer hires Leung from Goldman as North Asia CEO ,SINGAPORE  Oct 24 Julius Baer Gruppe AG  on Monday said former Goldman Sachs Group Inc  banker Kaven Leung will be its CEO for North Asia from April 19 next year. He will also be the Swiss private bank's deputy CEO for Asia.,normal
HOG,Harley-Davidson Inc,20111024,Harley-Davidson to recall over 300 000 motorcycles ,Harley-Davidson Inc said it would recall some 308 474 motorcycles worldwide due to problems with the rear brake light switch.,topStory
HOG,Harley-Davidson Inc,20111024,UPDATE 2-Harley-Davidson to recall over 300 000 motorcycles ,* Rear brake light switch may be exposed to excessive heat,normal
HXL,Hexcel Corporation,20111024,UPDATE 1-Strong commercial plane demand drives Hexcel profit  outlook ,Oct 24 Hexcel Corp's quarterly results topped estimates  helped by a 32 percent jump in sales at its biggest segment that makes equipment for commercial aircraft  and it raised its full-year outlook for the third time this year.,topStory
HSBC,HSBC Holdings plc,20111024,China flash PMI rebounds to ease hard-landing fears ,BEIJING China's vast manufacturing sector expanded moderately in October to snap three months of contraction  reflecting the resilience of robust domestic demand that is likely to soothe fears of an abrupt slowdown in the world's second-largest economy.,topStory
HSBC,HSBC Holdings plc,20111024,UPDATE 3-China flash PMI rebounds to ease hard-landing fears ,BEIJING  Oct 24 China's vast manufacturing sector expanded moderately in October to snap three months of contraction  reflecting the resilience of robust domestic demand that is likely to soothe fears of an abrupt slowdown in the world's second-largest economy.,normal
HSEA,HSBC Holdings plc,20111024,China flash PMI rebounds to ease hard-landing fears ,BEIJING China's vast manufacturing sector expanded moderately in October to snap three months of contraction  reflecting the resilience of robust domestic demand that is likely to soothe fears of an abrupt slowdown in the world's second-largest economy.,topStory
HSEA,HSBC Holdings plc,20111024,UPDATE 3-China flash PMI rebounds to ease hard-landing fears ,BEIJING  Oct 24 China's vast manufacturing sector expanded moderately in October to snap three months of contraction  reflecting the resilience of robust domestic demand that is likely to soothe fears of an abrupt slowdown in the world's second-largest economy.,normal
HSEB,HSBC Holdings plc,20111024,China flash PMI rebounds to ease hard-landing fears ,BEIJING China's vast manufacturing sector expanded moderately in October to snap three months of contraction  reflecting the resilience of robust domestic demand that is likely to soothe fears of an abrupt slowdown in the world's second-largest economy.,topStory
HSEB,HSBC Holdings plc,20111024,UPDATE 3-China flash PMI rebounds to ease hard-landing fears ,BEIJING  Oct 24 China's vast manufacturing sector expanded moderately in October to snap three months of contraction  reflecting the resilience of robust domestic demand that is likely to soothe fears of an abrupt slowdown in the world's second-largest economy.,normal
HUM,Humana Inc,20111024,UPDATE 5-Cigna to buy Medicare co HealthSpring for $3.8 bln ,Oct 24 Health insurer Cigna Corp will buy HealthSpring Inc for $3.8 billion to jump-start its business selling Medicare plans as more elderly Americans become eligible for the U.S. government program.,topStory
IBN,ICICI Bank Limited,20111024,Indian shares up 1.6 pct in early trade; Reliance leads ,NEW DELHI  Oct 24 Indian shares rose as much as 1.6 percent early on Monday  with index heavyweight Reliance Industries and ICICI Bank leading the gains  as investors cheered renewed efforts to limit the euro zone debt crisis.,topStory
IHG,Intercontinental Hotels Group,20111024,InterContinental Hotels' Americas growth picks up ,LONDON InterContinental Hotels Group   the world's biggest hotelier  is enjoying higher revenue growth at its American operations  highlighting industry resilience in the face of a global economic slowdown.,topStory
IHG,Intercontinental Hotels Group,20111024,UPDATE 1-Intercontinental Hotels revenues rise in America ,* Demand from business travellers stayed strong in U.S. sector,normal
IVZ,Invesco Plc,20111024,Invesco's profit up 8 percent ,Money manager Invesco Ltd  said third-quarter earnings rose 8 percent despite tough markets as customers added money to fixed income and balanced funds.,topStory
IVZ,Invesco Plc,20111024,UPDATE 2-Invesco's profit up 8 percent ,Oct 24 Money manager Invesco Ltd said third-quarter earnings rose 8 percent despite tough markets as customers added money to fixed income and balanced funds.,normal
IVZ,Invesco Plc,20111024,CORRECTED - UPDATE 1-Invesco's profit up 8 percent ,Oct 24 Money manager Invesco Ltd said third-quarter earnings rose 8 percent despite tough markets as customers added money to fixed income and balanced funds.,normal
IVZ,Invesco Plc,20111024,REFILE-BRIEF-Invesco reports Q3 results ,Oct 24 Invesco Ltd :   * Invesco Q3 adjusted shr $0.42  * Invesco reports results for three months ended September 30  2011  * Invesco Ltd qtrly net long-term inflows of $3.3 billion  * Invesco Ltd says total assets under management (aum) at September 30  2011 were $598.4 billion  * Invesco Ltd Q3 oper revenue $997.8 mln  * Invesco Ltd says average aum during the third quarter were $632.7 billion  * Invesco Ltd Q3 shr view $0.40 -- Thomson Reuters I/B/E/S  * Invesco Ltd Q3 rev view $,normal
ICL,Israel Chemicals Shs,20111024,UPDATE 1-Israel Chemicals buys remaining stake in Nutrisi ,JERUSALEM  Oct 24 Fertiliser and specialty chemicals maker Israel Chemicals (ICL) said on Monday it signed a deal to buy another 50 percent of Nutrisi Holdings to bring its stake in the Belgian firm to 100 percent.,topStory
JPM,J P Morgan Chase & Co,20111024,Regulator throws lifeline to underwater homeowners ,WASHINGTON Homeowners who owe more than their properties are worth got new help on Monday with the government's expansion of a refinancing program in a step that could help up to 1 million borrowers. | Video ,topStory
JPM,J P Morgan Chase & Co,20111024,UPDATE 1-Malaysia Felda's $2 bln listing to be third-largest in country ,* Maybank  CIMB  M.Stanley appointed global coordinators-source,normal
JPM,J P Morgan Chase & Co,20111024,Ex-divs to take 0.5 point off FTSE 100 on Oct. 26 ,LONDON  Oct 24 The following FTSE 100 companies will go ex-dividend on Wednesday  after which investors will no longer qualify for the latest dividend payout.	     According to Reuters calculations at current market prices   the effect would be to take 0.5 point off the index.      	     	  COMPANY          (RIC)            DIVIDEND         INDEX IMPACT                                    (pence)           (points)     Smiths Group               25.00             0.38  Whitbread      ,normal
JPM,J P Morgan Chase & Co,20111024,RESEARCH ALERT-JPMorgan upgrades SingTel to overweight ,SINGAPORE  Oct 24 JPMorgan has upgraded Southeast Asia's largest telecom firm Singapore Telecommunications (SingTel) to overweight from neutral and raised its target price to S$3.60 from S$3.40.,normal
SJM,JM Smucker Company (The),20111024,BRIEF-Moody's says Smucker's acquisition of Sara Lee's foodservice coffee business is credit positive ,* Moody's says Smucker's acquisition of Sara Lee's foodservice coffee business is credit positive,topStory
SJM,JM Smucker Company (The),20111024,Smucker to buy some Sara Lee coffee assets ,Sara Lee Corp  plans to sell the majority of its North American foodservice coffee business to J.M. Smucker Co  for $350 million as it continues to shed nonessential units ahead of its split into two companies.,normal
SJM,JM Smucker Company (The),20111024,UPDATE 2-Smucker to buy some Sara Lee coffee assets ,* Sara Lee to get $350 mln  $50 mln over 10 yrs  royalties,normal
KW,Kennedy-Wilson Holdings Inc,20111024,UPDATE 2-Kennedy Wilson to buy Bank of Ireland loan portfolio ,Oct 24 Kennedy Wilson Holdings Inc   a real estate investment company  said it agreed to buy a loan portfolio from Bank of Ireland for $1.8 billion with its institutional partners.,topStory
KMB,Kimberly-Clark Corporation,20111024,UPDATE 3-Kimberly-Clark feels pressure in U.S. diapers ,* Sees FY EPS $4.80-$4.90  US diaper volume keeps falling,topStory
KMB,Kimberly-Clark Corporation,20111024,US STOCKS-Futures down on euro zone worries ,NEW YORK  Oct 24 U.S. stock index futures edged lower on Monday after the S&P 500 posted its third straight week of gains as investors had doubts European policymakers would come up with an agreement to fix the region's debt crisis.,normal
LEE,Lee Enterprises Incorporated,20111024,UPDATE 1-Lee Enterprises sees higher Q4 digital ad revenue ,Oct 24 Lee Enterprises Inc forecast a 23.4 percent rise in its fourth-quarter digital advertising revenue  sending the publishing company's shares up 12 percent.,topStory
MFC,Manulife Financial Corp,20111024,RPT-BAY STREET-Weak markets to hobble Canadian insurer results ,TORONTO  Oct 23 Canadian insurers are looking at a bleak quarter of financial results due to a sharp drop in stock markets and bond yields  and analysts are staying cautious on the stocks even at rock-bottom valuations.,topStory
MA,Mastercard Incorporated,20111024,WikiLeaks says "blockade" threatens its existence ,LONDON WikiLeaks will have to stop publishing secret cables and devote itself to fund-raising if it is unable to end a financial "blockade" by U.S. firms such as Visa and MasterCard by the end of the year  founder Julian Assange said on Monday.,topStory
MA,Mastercard Incorporated,20111024,UPDATE 2-WikiLeaks says "blockade" threatens its existence ,LONDON  Oct 24 WikiLeaks will have to stop publishing secret cables and devote itself to fund-raising if it is unable to end a financial "blockade" by U.S. firms such as Visa and MasterCard by the end of the year  founder Julian Assange said on Monday.,normal
MCD,McDonald&#39;s Corporation,20111024,McDonald's McRib sandwich returns for second year in row ,CHICAGO McDonald's McRib sandwich  a boneless pork patty molded to look like ribs and covered with barbecue sauce  is returning to the chain's restaurants this fall to the delight of fans and dismay of dietitians.,topStory
MDT,Medtronic plc,20111024,Million-dollar payments to surgeons raise questions ,NEW YORK (Reuters Health) - Orthopedic surgeons have received hundreds of millions of dollars from joint implant manufacturers in recent years  according to a report released Monday.,topStory
MTG,MGIC Investment Corporation,20111024,MGIC  Radian shares fall after PMI unit seizure ,The seizure of PMI Group's unit over the weekend pushed shares of rivals MGIC Investment Corp  and Radian Group Inc  lower on Monday as investors questioned the future of the embattled mortgage insurance industry.,topStory
MCO,Moody&#39;s Corporation,20111024,BRIEF-Moody's affirms INVISTA's Baa3 Issuer Rating; rates new revolver Baa3 ,* Moody's affirms INVISTA's Baa3 Issuer Rating; rates new revolver Baa3,topStory
MCO,Moody&#39;s Corporation,20111024,BRIEF-Moody's says Smucker's acquisition of Sara Lee's foodservice coffee business is credit positive ,* Moody's says Smucker's acquisition of Sara Lee's foodservice coffee business is credit positive,normal
MCO,Moody&#39;s Corporation,20111024,BRIEF-Moody's: Near-term liquidity risks for Chinese property developers manageable ,* Moody's: Near-term liquidity risks for Chinese property developers manageable,normal
MS,Morgan Stanley,20111024,Ocwen Financial buys SCI Services from Morgan Stanley ,Mortgage servicer Ocwen Financial Corp  posted strong quarterly profits and said it purchased SCI Services Inc from Saxon Capital Holdings  a unit of Morgan Stanley .,topStory
MS,Morgan Stanley,20111024,UPDATE 2-Ocwen Financial buys SCI Services from Morgan Stanley ,Oct 24 Mortgage servicer Ocwen Financial Corp  posted strong quarterly profits and said it purchased SCI Services Inc from Saxon Capital Holdings  a unit of Morgan Stanley .,normal
MS,Morgan Stanley,20111024,Morgan Stanley to rid itself of mortgage servicer ,Morgan Stanley  plans to sell its mortgage-servicing business to Ocwen Financial Corp  for $59.3 million  closing out a money-losing strategy that stemmed from the subprime housing bubble.,normal
MS,Morgan Stanley,20111024,UPDATE 1-Morgan Stanley to rid itself of mortgage servicer ,Oct 24 Morgan Stanley plans to sell its mortgage-servicing business to Ocwen Financial Corp for $59.3 million  closing out a money-losing strategy that stemmed from the subprime housing bubble.,normal
MS,Morgan Stanley,20111024,New Issue-EnBW prices 750 mln euro 2072 bond ,Borrower                Enbw Energie Baden Wuerttemberg AG (EnBW),normal
NSM,Nationstar Mortgage Holdings Inc,20111024,UPDATE 2-TI sees decline heading towards trough ,Oct 24 Texas Instruments said its fourth quarter revenue and earnings could decline due to weaker than usual holiday season demand across the board because of macroeconomic weakness.,topStory
OCN,Ocwen Financial Corporation,20111024,Ocwen Financial buys SCI Services from Morgan Stanley ,Mortgage servicer Ocwen Financial Corp  posted strong quarterly profits and said it purchased SCI Services Inc from Saxon Capital Holdings  a unit of Morgan Stanley .,topStory
OCN,Ocwen Financial Corporation,20111024,UPDATE 2-Ocwen Financial buys SCI Services from Morgan Stanley ,Oct 24 Mortgage servicer Ocwen Financial Corp  posted strong quarterly profits and said it purchased SCI Services Inc from Saxon Capital Holdings  a unit of Morgan Stanley .,normal
OCN,Ocwen Financial Corporation,20111024,Morgan Stanley to rid itself of mortgage servicer ,Morgan Stanley  plans to sell its mortgage-servicing business to Ocwen Financial Corp  for $59.3 million  closing out a money-losing strategy that stemmed from the subprime housing bubble.,normal
OCN,Ocwen Financial Corporation,20111024,UPDATE 1-Morgan Stanley to rid itself of mortgage servicer ,Oct 24 Morgan Stanley plans to sell its mortgage-servicing business to Ocwen Financial Corp for $59.3 million  closing out a money-losing strategy that stemmed from the subprime housing bubble.,normal
BTU,Peabody Energy Corporation,20111024,Peabody  ArcelorMittal obtain majority interest in Macarthur ,U.S. coal giant Peabody Energy  and its bid partner ArcelorMittal  said they have obtained majority interest in Australia's Macarthur Coal   two days after China's Citic Resources backed their A$4.9 billion ($5 billion) bid.,topStory
BTU,Peabody Energy Corporation,20111024,UPDATE 2-Peabody  ArcelorMittal take majority in Macarthur ,BRUSSELS  Oct 24 U.S. coal giant Peabody Energy  and bid partner ArcelorMittal have obtained majority interest in Australia's Macarthur Coal   two days after China's Citic Resources backed their A$4.9 billion ($5 billion) bid.,normal
PFE,Pfizer Inc,20111024,Studies show no extra risk with stop-smoking drug ,* FDA said stop-smoking pill should keep "black box" label,topStory
PFE,Pfizer Inc,20111024,Studies show no extra risk with Pfizer smoking drug ,Smokers who take Pfizer's pill Chantix to help them quit do not have a higher risk of being hospitalized for psychiatric events such as depression  compared with nicotine patches  according to studies reported on Monday.,normal
PFE,Pfizer Inc,20111024,UPDATE 2-Mengniu says not in talks with Pfizer on nutrition business ,* Mengniu says has no concrete plan on Pfizer nutrition business,normal
PFE,Pfizer Inc,20111024,Mengniu says not in talks with Pfizer on nutrition business ,HONG KONG China's biggest dairy company  China Mengniu Dairy Co Ltd   said on Monday it is not in direct talks with Pfizer  to bid for its nutrition business  following a media report it was considering such a move.,normal
PFE,Pfizer Inc,20111024,Mengniu says not in talks with Pfizer on nutrition business ,HONG KONG  Oct 24 China's biggest dairy company  China Mengniu Dairy Co Ltd   said on Monday it is not in direct talks with Pfizer to bid for its nutrition business  following a media report it was considering such a move.,normal
PFE,Pfizer Inc,20111024,Deals of the day - mergers and acquisitions ,Oct 24 The following bids  mergers  acquisitions and disposals involving European  U.S. and Asian companies were reported by 0910 GMT on Monday:,normal
PFE,Pfizer Inc,20111024,UPDATE 1-Market Chatter -- Corporate finance press digest ,Oct 24 The following corporate finance-related stories were reported by media on Monday:,normal
PAA,Plains All American Pipeline LP,20111024,UPDATE 4-Plains bids $1 bln for pipeline rival SemGroup ,Oct 24 Plains All American Pipeline LP  made an unsolicited $1 billion bid for rival SemGroup Corp   as it seeks to expand its presence in North America's most important crude oil storage hub at Cushing  Oklahoma.,topStory
PAA,Plains All American Pipeline LP,20111024,Semgroup buy would make Plains dominant at Cushing hub ,* Plains bid for Semgroup rejected so far     * Successful buyout would turn Plains into Cushing leader     * Storage hub at Cushing to expand quickly through 2012     NEW YORK  Oct 24 Pipeline company Plains All American's bid to acquire Semgroup Corp could create a giant in crude storage at the NYMEX oil futures delivery hub of Cushing  Oklahoma  if it succeeds.     Plains said on Monday it had made an unsolicited $1 billion bid for rival Semgroup earlier this month. Semgroup's man,normal
PAA,Plains All American Pipeline LP,20111024,Plains says SemGroup rejects $1 billion takeover bid ,Pipeline company Plains All American Pipeline LP  said it made an unsolicited $1 billion bid for rival SemGroup Corp  but the $24-a-share offer was rejected.,normal
PKX,POSCO,20111024,TEXT: S&PBulletin: POSCO's Weak Q3 Results Pressure Ratings ,HONG KONG (Standard & Poor's) Oct. 24  2011--Standard & Poor's Ratings Services said today that Korean steel maker POSCO's (A/Negative/--) third-quarter results for 2011 fell short of our expectations and we now expect its operating profit for the full year to be about 10% lower than we had estimated. In our view  POSCO's 26% quarter-on-quarter fall in operating profit is mainly due to a rise in raw material costs that the company did not pass on to customers in the prices of its steel products.,topStory
RDN,Radian Group Inc,20111024,MGIC  Radian shares fall after PMI unit seizure ,The seizure of PMI Group's unit over the weekend pushed shares of rivals MGIC Investment Corp  and Radian Group Inc  lower on Monday as investors questioned the future of the embattled mortgage insurance industry.,topStory
RF,Regions Financial Corporation,20111024,Regions may finance sale of Morgan Keegan brokerage: report ,U.S. bank Regions Financial Corp  is offering as much as $200 million to help finance the sale of its Morgan Keegan brokerage unit  Bloomberg said citing people with knowledge of the matter.,topStory
RF,Regions Financial Corporation,20111024,UPDATE 1-Regions may finance sale of Morgan Keegan brokerage-report ,Oct 23 U.S. bank Regions Financial Corp  is offering as much as $200 million to help finance the sale of its Morgan Keegan brokerage unit  Bloomberg said citing people with knowledge of the matter.,normal
RF,Regions Financial Corporation,20111024,Regions Financial may finance sale of Morgan Keegan brokerage-report ,Oct 23 U.S. bank Regions Financial Corp  is offering as much as $200 million to help finance the sale of its Morgan Keegan brokerage unit  Bloomberg said citing people with knowledge of the matter.,normal
ROP,Roper Technologies Inc,20111024,UPDATE 1-Roper Industries Q3 profit up; raises 2011 outlook ,Oct 24 Diversified U.S. manufacturer Roper Industries Inc posted a higher quarterly profit and raised its full-year outlook.,topStory
SEMG,Semgroup Corporation,20111024,UPDATE 4-Plains bids $1 bln for pipeline rival SemGroup ,Oct 24 Plains All American Pipeline LP  made an unsolicited $1 billion bid for rival SemGroup Corp   as it seeks to expand its presence in North America's most important crude oil storage hub at Cushing  Oklahoma.,topStory
SEMG,Semgroup Corporation,20111024,Semgroup buy would make Plains dominant at Cushing hub ,* Plains bid for Semgroup rejected so far     * Successful buyout would turn Plains into Cushing leader     * Storage hub at Cushing to expand quickly through 2012     NEW YORK  Oct 24 Pipeline company Plains All American's bid to acquire Semgroup Corp could create a giant in crude storage at the NYMEX oil futures delivery hub of Cushing  Oklahoma  if it succeeds.     Plains said on Monday it had made an unsolicited $1 billion bid for rival Semgroup earlier this month. Semgroup's man,normal
SEMG,Semgroup Corporation,20111024,Plains says SemGroup rejects $1 billion takeover bid ,Pipeline company Plains All American Pipeline LP  said it made an unsolicited $1 billion bid for rival SemGroup Corp  but the $24-a-share offer was rejected.,normal
SHW,Sherwin-Williams Company (The),20111024,UPDATE 1-Sherwin-Williams settles with IRS  to take Q4 charge ,Oct 24 Sherwin-Williams Co said it has reached a settlement with the U.S. Internal Revenue Service over federal and state incomes taxes related to its employee stock option plan in the 2003-2009 tax years.,topStory
STO,Statoil ASA,20111024,N.Sea Grane field back to full output -Statoil ,OSLO  Oct 24 Statoil's Grane oil and gas field in the North Sea is back to full production of some 150 000 barrels per day after technical problems reduced output to a fifth of its normal level for several weeks  the Norwegian firm said on Monday.,topStory
SLF,Sun Life Financial Inc,20111024,RPT-BAY STREET-Weak markets to hobble Canadian insurer results ,TORONTO  Oct 23 Canadian insurers are looking at a bleak quarter of financial results due to a sharp drop in stock markets and bond yields  and analysts are staying cautious on the stocks even at rock-bottom valuations.,topStory
SU,Suncor Energy  Inc,20111024,UPDATE 1-Suncor extends outage of Alberta refinery units ,CALGARY  Alberta  Oct 24 Suncor Energy Inc has extended an outage of units at its Edmonton  Alberta  refinery due to the shutdown of a third-party plant that supplies hydrogen to the facility  a spokeswoman said on Monday.,topStory
BX,The Blackstone Group LP,20111024,ASIA PRIVATE EQUITY WEEKLY NEWS  OCT 24  2011 ,HONG KONG  October 24 News and developments in Asia private equity from Reuters News for the week ending Oct 21.,topStory
TRP,TransCanada Corporation,20111024,UPDATE 3-Nebraska gov to call session on Keystone pipeline ,* Special legislative session to start Nov. 1     * Session could lead to changes in pipeline's path  delays     * Heineman opposes route in Nebraska  not pipeline itself     * State senator had backed away from legislation last week      By Timothy Gardner     Oct 24 Nebraska Governor Dave Heineman said on Monday he will call a special session of the state legislature over TransCanada Corp's proposed $7 billion oil sands pipeline that would cross ecologically sensitive areas.     He,topStory
TRP,TransCanada Corporation,20111024,Nebraska governor to call session on Keystone pipeline ,Nebraska Governor Dave said on Monday he will call a special session of the state legislature over TransCanada Corp's proposed $7 billion oil sands pipeline that would cross ecologically sensitive areas.,normal
UTX,United Technologies Corporation,20111024,Caterpillar masters slowdown  posts record results ,Caterpillar Inc muscled through murky economic conditions with a surprising 44 percent jump in quarterly profit  and forecast strong demand through next year in a sign of optimism for the global economy. | Video ,topStory
UTX,United Technologies Corporation,20111024,Caterpillar profit  outlook expected to be robust ,* Mining  infrastructure  emerging markets to fuel growth,normal
UTX,United Technologies Corporation,20111024,United Tech likely to buy Indian fire safety co - report ,MUMBAI  Oct 24 Diversified U.S. manufacturer United Technologies Corp is likely to acquire Agnice Fire Protection for 3.5 billion rupees ($70 million) to boost its building management business in India  the Times of India reported on Monday.,normal
VFC,VF Corporation,20111024,UPDATE 3-VF raises FY view and dividend  shares rise ,Oct 24 VF Corp's chief executive said on Monday he has seen "little evidence" of the tough global economy hurting sales  and the parent of brands such as North Face  Nautica and Wrangler raised its 2011 revenue and profit forecast and its dividend. Its shares rose more than 3 percent in late morning trading.     VF reported a higher-than-expected profit  helped by large sales gains in its outdoor division  which includes North Face and Vans and makes up more than half of its sales.  ,topStory
VFC,VF Corporation,20111024,VF raises FY view and dividend  shares rise ,VF Corp's  chief executive said he has seen little evidence of the tough global economy hurting sales  and the parent of brands such as North Face  Nautica and Wrangler raised its 2011 revenue and profit forecast and its dividend. Its shares rose 5 percent in early trading.,normal
V,Visa Inc,20111024,WikiLeaks says "blockade" threatens its existence ,LONDON WikiLeaks will have to stop publishing secret cables and devote itself to fund-raising if it is unable to end a financial "blockade" by U.S. firms such as Visa and MasterCard by the end of the year  founder Julian Assange said on Monday.,topStory
V,Visa Inc,20111024,UPDATE 2-WikiLeaks says "blockade" threatens its existence ,LONDON  Oct 24 WikiLeaks will have to stop publishing secret cables and devote itself to fund-raising if it is unable to end a financial "blockade" by U.S. firms such as Visa and MasterCard by the end of the year  founder Julian Assange said on Monday.,normal
WMT,Wal-Mart Stores Inc,20111024,Walmart offers holiday shopping price guarantee ,Wal-Mart Stores Inc is offering gift cards to U.S. shoppers this holiday season to make up the difference when they buy something at the store  then find it cheaper somewhere else.,topStory
WMT,Wal-Mart Stores Inc,20111024,UPDATE 3-Walmart offers holiday shopping price guarantee ,Oct 24 Wal-Mart Stores Inc is offering gift cards to U.S. shoppers this holiday season to make up the difference when they buy something at the store  then find it cheaper somewhere else.,normal
WMT,Wal-Mart Stores Inc,20111024,Chinese city launches inspections after Wal-Mart closures ,CHONGQING  China  Oct 24 The Chinese city of Chongqing said on Monday it will launch a three-month food-safety inspection programme in the wake of an investigation that led local authorities to order the two-week closure of all of Wal-Mart's stores in the sprawling metropolis.,normal
ZBK,Zions Bancorporation,20111024,UPDATE 1-Zions' Q3 profit tops Street ,Oct 24 Zions Bancorporation swung to a quarterly profit that beat Wall Street expectations  as the regional lender benefitted from improving credit quality in its western U.S. markets.,topStory
SVM,Silvercorp Metals Inc,20111024,UPDATE 5-Silvercorp says report confirms sales data; stock up ,TORONTO  Oct 24 China-focused miner Silvercorp said on Monday that an independent investigation had confirmed sales figures questioned by anonymous short sellers  and its shares rose as much as 20 percent.,topStory
SVM,Silvercorp Metals Inc,20111024,CEO says KPMG report vindicates Silvercorp stance ,TORONTO An independent report confirming revenue figures for Silvercorp Metals Inc  will let the China-focused company renew its focus on producing silver  the company's chief executive said on Monday.,normal
SVM,Silvercorp Metals Inc,20111024,UPDATE 2-CEO says KPMG report vindicates Silvercorp stance ,* Silvercorp CEO says report vindicates company's position,normal
SVM,Silvercorp Metals Inc,20111024,Silvercorp says report confirms sales data; stock up ,TORONTO China-focused miner Silvercorp  said on Monday that an independent investigation had confirmed sales figures questioned by anonymous short-sellers  and its shares rose as much as 20 percent.,normal
SVM,Silvercorp Metals Inc,20111024,UPDATE 1-CEO says KPMG report vindicates Silvercorp stance ,TORONTO  Oct 24 An independent report released on Monday should put to rest short-seller allegations against Chinese-focused miner Silvercorp Metals Inc   Chief Executive Officer Rui Feng told Reuters.,normal
