AMZN,Amazoncom Inc,20111020,Barnes & Noble expands marketplace beyond books ,Barnes & Noble Inc  is adding new categories including home products and consumer electronics to its online marketplace  the latest move by the retailer to rely less on book sales and compete with e-commerce rivals such as Amazon.com Inc  and eBay Inc .,topStory
AMZN,Amazoncom Inc,20111020,UPDATE 2-Barnes & Noble expands marketplace beyond books ,Oct 20 Barnes & Noble Inc is adding new categories including home products and consumer electronics to its online marketplace  the latest move by the retailer to rely less on book sales and compete with e-commerce rivals such as Amazon.com Inc and eBay Inc .,normal
AMZN,Amazoncom Inc,20111020,LG Display sees Q4 factory utilisation at 80 pct levels ,SEOUL  Oct 20 The CFO of flat-screen maker LG Display said on Thursday that it expected its factory utilisation rate to reach 80 percent levels in the fourth quarter after it fell to 70 percent levels in the previous quarter.,normal
AMZN,Amazoncom Inc,20111020,Market Chatter -- Corporate finance press digest ,BANGALORE  Oct 20The following corporate finance-related stories were reported by media on Thursday:,normal
AMRS,Amyris Inc,20111020,Amyris teams up with ETH to expand Brazil ops ,* Production with ETH expected to begin by 2014     * Amyris to access 15 mln T of cane per year     SAO PAULO  Oct 20 Amyris Inc   which has developed technologies for renewable chemicals  said on Thursday it has signed an agreement with Brazilian ethanol company ETH to produce a cane-based specialty chemical.     Farnesene  which can be used in cosmetics  polymer additives  lubricants  consumer packaged goods and cane diesel  will be produced in a built-in facility in one of the mi,topStory
AAPL,Apple Inc,20111020,Basic phones lift Nokia to surprise Q3 profit ,HELSINKI The world's largest cellphone maker Nokia reported a smaller than expected fall in third quarter profits as price cuts and new models lifted sales of its basic cellphones in key markets like India. | Video ,topStory
AAPL,Apple Inc,20111020,Asia emerges as battlefield for growth-hungry tech firms ,HONG KONG When Google Inc unveiled its latest version of Android  the operating platform powering 50 percent of the global smartphone market  it picked Hong Kong as the destination to show off the new software on Wednesday.,normal
AAPL,Apple Inc,20111020,UPDATE 4-Nokia's surprise profit lifts hopes worst is over ,HELSINKI  Oct 20 The world's largest cellphone maker Nokia reported a smaller than expected fall in third-quarter profits as price cuts and new models lifted sales of its basic cellphones in key markets like India.,normal
AAPL,Apple Inc,20111020,UPDATE 3-LG Display posts record loss  sees price falls slowing ,SEOUL  Oct 20 South Korean flat-screen maker LG Display   a key supplier to Apple Inc   posted its biggest quarterly loss  on Thursday as tepid demand for televisions and computers hit panel prices and one-off losses weighed.,normal
AAPL,Apple Inc,20111020,UPDATE 1-China Mobile Q3 net up 3.4 pct  slightly below f'cast ,* To rely on data  Internet traffic for growth - analysts,normal
AAPL,Apple Inc,20111020,Microsoft to launch Mango smartphones with Nokia  Samsung soon ,HONG KONG Microsoft Corp  which has been trailing Apple Inc and Google Inc in the fast-growing smartphone market  said it will launch Mango-powered handsets from top makers including Nokia Oyj  Samsung Electronics Co Ltd and HTC Corp in coming weeks.,normal
AAPL,Apple Inc,20111020,LG Display sees Q4 factory utilisation at 80 pct levels ,SEOUL  Oct 20 The CFO of flat-screen maker LG Display said on Thursday that it expected its factory utilisation rate to reach 80 percent levels in the fourth quarter after it fell to 70 percent levels in the previous quarter.,normal
AAPL,Apple Inc,20111020,LG Display sees price falls easing after disappointing ,SEOUL South Korean flat-screen maker LG Display   a key supplier to Apple Inc   posted a wider-than-expected quarterly loss on Thursday as tepid demand for TVs and PCs hit panel prices and one-off losses weighed.,normal
AAPL,Apple Inc,20111020,LG Display posts worse-than-expected Q3 loss ,SEOUL  Oct 20 Flat-screen maker LG Display   posted a wider-than-expected quarterly loss on Thursday  as tepid demand for TVs and PCs hit panel prices and one-off losses weighed.,normal
AAPL,Apple Inc,20111020,Microsoft to launch Mango smartphones with Nokia  Samsung soon ,HONG KONG Microsoft Corp  which has been trailing Apple Inc and Google Inc in the fast-growing smartphone market  said it will launch Mango-powered handsets from top makers including Nokia Oyj  Samsung Electronics Co Ltd and HTC Corp in coming weeks.,normal
ATHN,athenahealth Inc,20111020,UPDATE 1-Athenahealth Q3 profit tops est  ups FY outlook ,Oct 20 Athenahealth Inc posted a better-than-expected quarterly profit as more physicians used its Internet-based billing and other services  and raised its full-year earnings outlook.,topStory
TAPR,Barclays Inverse US Treasury Composite ETN,20111020,New Issue-Pernod Ricard sells $1.5 bln notes ,Oct 20 Pernod Ricard on Thursday sold $1.5 billion of senior unsecured notes in the 144a private placement market  said IFR  a Thomson Reuters service.       Barclays Capital and JP Morgan were the active joint bookrunning managers for the sale. BORROWER: PERNOD RICARD AMT $1.5 BLN      COUPON 4.45 PCT     MATURITY 1/15/2022  TYPE SR NTS       ISS PRICE 99.746    FIRST PAY 7/15/2012 MOODY'S Baa3      YIELD 4.482 PCT     SETTLEMENT 10/25/2011 S&P BBB-MINUS     SPREAD 230 BPS      PAY ,topStory
DLBL,Barclays PLC,20111020,New Issue-Pernod Ricard sells $1.5 bln notes ,Oct 20 Pernod Ricard on Thursday sold $1.5 billion of senior unsecured notes in the 144a private placement market  said IFR  a Thomson Reuters service.       Barclays Capital and JP Morgan were the active joint bookrunning managers for the sale. BORROWER: PERNOD RICARD AMT $1.5 BLN      COUPON 4.45 PCT     MATURITY 1/15/2022  TYPE SR NTS       ISS PRICE 99.746    FIRST PAY 7/15/2012 MOODY'S Baa3      YIELD 4.482 PCT     SETTLEMENT 10/25/2011 S&P BBB-MINUS     SPREAD 230 BPS      PAY ,topStory
DTYL,Barclays PLC,20111020,New Issue-Pernod Ricard sells $1.5 bln notes ,Oct 20 Pernod Ricard on Thursday sold $1.5 billion of senior unsecured notes in the 144a private placement market  said IFR  a Thomson Reuters service.       Barclays Capital and JP Morgan were the active joint bookrunning managers for the sale. BORROWER: PERNOD RICARD AMT $1.5 BLN      COUPON 4.45 PCT     MATURITY 1/15/2022  TYPE SR NTS       ISS PRICE 99.746    FIRST PAY 7/15/2012 MOODY'S Baa3      YIELD 4.482 PCT     SETTLEMENT 10/25/2011 S&P BBB-MINUS     SPREAD 230 BPS      PAY ,topStory
BIIB,Biogen Inc,20111020,FDA extends review of Tysabri JC virus label ,U.S. regulators have extended their review of Biogen Idec Inc's application to update the prescribing information for its multiple sclerosis drug Tysabri  the company said on Thursday.,topStory
BIIB,Biogen Inc,20111020,UPDATE 1-U.S. FDA extends review of Tysabri JC virus label ,Oct 20 U.S. regulators have extended their review of Biogen Idec Inc's application to update the prescribing information for its multiple sclerosis drug Tysabri  the company said on Thursday.,normal
CSCO,Cisco Systems Inc,20111020,Polycom plunges on competitor worries ,Polycom Inc  shares fell by more than a third on Thursday  a day after the videoconferencing company forecast dismal fourth-quarter sales in the face of slow corporate spending and increased competition from rivals like Cisco Systems .,topStory
COST,Costco Wholesale Corporation,20111020,Costco contributions to liquor measure top $22 mln ,Oct 19 Contributions by Costco Wholesale Corp to support a ballot measure to privatize liquor sales in Washington state have set a record for contributions by a single entity to an initiative in the state  a spokeswoman for the state's Public Disclosure Commission said on Wednesday.,topStory
CY,Cypress Semiconductor Corporation,20111020,UPDATE 3-Cypress reaffirms touchscreen sales outlook  shares rebound ,Oct 20 Cypress Semiconductor Corp warned of a higher-than-expected revenue decline in the fourth quarter  but backed its full-year touchscreen sales forecast.,topStory
EBAY,eBay Inc,20111020,EBay profit meets Street; shares dip on cautious view ,SAN FRANCISCO EBay Inc reported profit that matched Wall Street estimates and gave a restrained outlook for the rest of the year because of economic uncertainty  sending its shares lower.,topStory
EBAY,eBay Inc,20111020,CORRECTED - UPDATE 5-EBay profit meets Street; shares dip on cautious view ,SAN FRANCISCO  Oct 19 EBay Inc  reported profit that matched Wall Street estimates and gave a restrained outlook for the rest of the year because of economic uncertainty  sending its shares lower.,normal
EBAY,eBay Inc,20111020,CORRECTED - PREVIEW-EBay's Marketplaces growth to dominate ,* Faster pace of growth at Marketplaces division expected,normal
EBAY,eBay Inc,20111020,Barnes & Noble expands marketplace beyond books ,Barnes & Noble Inc  is adding new categories including home products and consumer electronics to its online marketplace  the latest move by the retailer to rely less on book sales and compete with e-commerce rivals such as Amazon.com Inc  and eBay Inc .,normal
EBAY,eBay Inc,20111020,UPDATE 2-Barnes & Noble expands marketplace beyond books ,Oct 20 Barnes & Noble Inc is adding new categories including home products and consumer electronics to its online marketplace  the latest move by the retailer to rely less on book sales and compete with e-commerce rivals such as Amazon.com Inc and eBay Inc .,normal
EBAY,eBay Inc,20111020,US STOCKS-Index futures edge higher; euro bailout fund eyed ,NEW YORK  Oct 20 Stock index futures rose on Thursday as investors looking for an earnings season rally maintained interest in the market after a sharp fall the previous session  but concerns over Europe's debt crisis capped gains.,normal
EBAYL,eBay Inc,20111020,EBay profit meets Street; shares dip on cautious view ,SAN FRANCISCO EBay Inc reported profit that matched Wall Street estimates and gave a restrained outlook for the rest of the year because of economic uncertainty  sending its shares lower.,topStory
EBAYL,eBay Inc,20111020,CORRECTED - UPDATE 5-EBay profit meets Street; shares dip on cautious view ,SAN FRANCISCO  Oct 19 EBay Inc  reported profit that matched Wall Street estimates and gave a restrained outlook for the rest of the year because of economic uncertainty  sending its shares lower.,normal
EBAYL,eBay Inc,20111020,CORRECTED - PREVIEW-EBay's Marketplaces growth to dominate ,* Faster pace of growth at Marketplaces division expected,normal
EBAYL,eBay Inc,20111020,Barnes & Noble expands marketplace beyond books ,Barnes & Noble Inc  is adding new categories including home products and consumer electronics to its online marketplace  the latest move by the retailer to rely less on book sales and compete with e-commerce rivals such as Amazon.com Inc  and eBay Inc .,normal
EBAYL,eBay Inc,20111020,UPDATE 2-Barnes & Noble expands marketplace beyond books ,Oct 20 Barnes & Noble Inc is adding new categories including home products and consumer electronics to its online marketplace  the latest move by the retailer to rely less on book sales and compete with e-commerce rivals such as Amazon.com Inc and eBay Inc .,normal
EBAYL,eBay Inc,20111020,US STOCKS-Index futures edge higher; euro bailout fund eyed ,NEW YORK  Oct 20 Stock index futures rose on Thursday as investors looking for an earnings season rally maintained interest in the market after a sharp fall the previous session  but concerns over Europe's debt crisis capped gains.,normal
ERIC,Ericsson,20111020,UPDATE 4-Ericsson's networks unit spearheads strong Q3 ,STOCKHOLM  Oct 20 Forecast-topping results from Ericsson on Thursday showed the world's top mobile network gear maker can still outmuscle rivals even if global growth slows.,topStory
ERIC,Ericsson,20111020,Ericsson Q3 profit tops f'cast  sees clouds ahead ,STOCKHOLM  Oct 20 Ericsson   the world's biggest mobile network gear maker  posted core profit well above expectations on Thursday but said economic uncertainty meant telecoms operators might rein in future spending.,normal
FITB,Fifth Third Bancorp,20111020,WRAPUP 2-BB&T is latest bank to embrace cost-cutting ,* Fifth Third loan loss reserve down 87 percent; shares up,topStory
FITBI,Fifth Third Bancorp,20111020,WRAPUP 2-BB&T is latest bank to embrace cost-cutting ,* Fifth Third loan loss reserve down 87 percent; shares up,topStory
FLIR,FLIR Systems Inc,20111020,UPDATE 1-FLIR Systems posts higher Q3 profit ,Oct 20 FLIR  Systems Inc   which makes surveillance equipment  posted a rise in quarterly profit  helped by higher demand for its thermal-imaging products.,topStory
GNTX,Gentex Corporation,20111020,UPDATE 1-Gentex profit higher; warns on margins ,Oct 20 Gentex Corp   which makes automatic-dimming rearview mirrors and smoke alarms  posted a higher quarterly profit but warned on supply chain issues denting its margins for the rest of the year.,topStory
IIIN,Insteel Industries Inc,20111020,UPDATE 1-Insteel Industries Q4 profit misses ,Oct 20 Insteel Industries Inc   which makes steel wire reinforcing products  posted fourth-quarter results below Wall Street estimates as demand for its products remained low due to ongoing weakness in the construction sector.,topStory
INTC,Intel Corporation,20111020,CORRECTED-UPDATE 1-Meezan Bank starts Islamic financing for laptops ,KARACHI  Oct 19 Pakistan-based Islamic bank Meezan has started a shariah-compliant hire-purchase scheme for personal computers in collaboration with Intel Corp   a senior official of the bank said on Wednesday.,topStory
IBKR,Interactive Brokers Group Inc,20111020,UPDATE 3-Volatility boosts Interactive Brokers Q3 above Street ,Oct 20 Derivative trader Interactive Brokers Group Inc's  quarterly profit trumped Wall Street estimates as extreme market volatility meant nervous investors made more trades on its platforms.,topStory
DTYS,iPath US Treasury 10-year Bear ETN,20111020,New Issue-Pernod Ricard sells $1.5 bln notes ,Oct 20 Pernod Ricard on Thursday sold $1.5 billion of senior unsecured notes in the 144a private placement market  said IFR  a Thomson Reuters service.       Barclays Capital and JP Morgan were the active joint bookrunning managers for the sale. BORROWER: PERNOD RICARD AMT $1.5 BLN      COUPON 4.45 PCT     MATURITY 1/15/2022  TYPE SR NTS       ISS PRICE 99.746    FIRST PAY 7/15/2012 MOODY'S Baa3      YIELD 4.482 PCT     SETTLEMENT 10/25/2011 S&P BBB-MINUS     SPREAD 230 BPS      PAY ,topStory
DTUS,iPath US Treasury 2-year Bear ETN,20111020,New Issue-Pernod Ricard sells $1.5 bln notes ,Oct 20 Pernod Ricard on Thursday sold $1.5 billion of senior unsecured notes in the 144a private placement market  said IFR  a Thomson Reuters service.       Barclays Capital and JP Morgan were the active joint bookrunning managers for the sale. BORROWER: PERNOD RICARD AMT $1.5 BLN      COUPON 4.45 PCT     MATURITY 1/15/2022  TYPE SR NTS       ISS PRICE 99.746    FIRST PAY 7/15/2012 MOODY'S Baa3      YIELD 4.482 PCT     SETTLEMENT 10/25/2011 S&P BBB-MINUS     SPREAD 230 BPS      PAY ,topStory
DTUL,iPath US Treasury 2-year Bull ETN,20111020,New Issue-Pernod Ricard sells $1.5 bln notes ,Oct 20 Pernod Ricard on Thursday sold $1.5 billion of senior unsecured notes in the 144a private placement market  said IFR  a Thomson Reuters service.       Barclays Capital and JP Morgan were the active joint bookrunning managers for the sale. BORROWER: PERNOD RICARD AMT $1.5 BLN      COUPON 4.45 PCT     MATURITY 1/15/2022  TYPE SR NTS       ISS PRICE 99.746    FIRST PAY 7/15/2012 MOODY'S Baa3      YIELD 4.482 PCT     SETTLEMENT 10/25/2011 S&P BBB-MINUS     SPREAD 230 BPS      PAY ,topStory
DFVS,iPath US Treasury 5-year Bear ETN,20111020,New Issue-Pernod Ricard sells $1.5 bln notes ,Oct 20 Pernod Ricard on Thursday sold $1.5 billion of senior unsecured notes in the 144a private placement market  said IFR  a Thomson Reuters service.       Barclays Capital and JP Morgan were the active joint bookrunning managers for the sale. BORROWER: PERNOD RICARD AMT $1.5 BLN      COUPON 4.45 PCT     MATURITY 1/15/2022  TYPE SR NTS       ISS PRICE 99.746    FIRST PAY 7/15/2012 MOODY'S Baa3      YIELD 4.482 PCT     SETTLEMENT 10/25/2011 S&P BBB-MINUS     SPREAD 230 BPS      PAY ,topStory
DFVL,iPath US Treasury 5-year Bull ETN,20111020,New Issue-Pernod Ricard sells $1.5 bln notes ,Oct 20 Pernod Ricard on Thursday sold $1.5 billion of senior unsecured notes in the 144a private placement market  said IFR  a Thomson Reuters service.       Barclays Capital and JP Morgan were the active joint bookrunning managers for the sale. BORROWER: PERNOD RICARD AMT $1.5 BLN      COUPON 4.45 PCT     MATURITY 1/15/2022  TYPE SR NTS       ISS PRICE 99.746    FIRST PAY 7/15/2012 MOODY'S Baa3      YIELD 4.482 PCT     SETTLEMENT 10/25/2011 S&P BBB-MINUS     SPREAD 230 BPS      PAY ,topStory
FLAT,iPath US Treasury Flattener ETN,20111020,New Issue-Pernod Ricard sells $1.5 bln notes ,Oct 20 Pernod Ricard on Thursday sold $1.5 billion of senior unsecured notes in the 144a private placement market  said IFR  a Thomson Reuters service.       Barclays Capital and JP Morgan were the active joint bookrunning managers for the sale. BORROWER: PERNOD RICARD AMT $1.5 BLN      COUPON 4.45 PCT     MATURITY 1/15/2022  TYPE SR NTS       ISS PRICE 99.746    FIRST PAY 7/15/2012 MOODY'S Baa3      YIELD 4.482 PCT     SETTLEMENT 10/25/2011 S&P BBB-MINUS     SPREAD 230 BPS      PAY ,topStory
DLBS,iPath US Treasury Long Bond Bear ETN,20111020,New Issue-Pernod Ricard sells $1.5 bln notes ,Oct 20 Pernod Ricard on Thursday sold $1.5 billion of senior unsecured notes in the 144a private placement market  said IFR  a Thomson Reuters service.       Barclays Capital and JP Morgan were the active joint bookrunning managers for the sale. BORROWER: PERNOD RICARD AMT $1.5 BLN      COUPON 4.45 PCT     MATURITY 1/15/2022  TYPE SR NTS       ISS PRICE 99.746    FIRST PAY 7/15/2012 MOODY'S Baa3      YIELD 4.482 PCT     SETTLEMENT 10/25/2011 S&P BBB-MINUS     SPREAD 230 BPS      PAY ,topStory
STPP,iPath US Treasury Steepener ETN,20111020,New Issue-Pernod Ricard sells $1.5 bln notes ,Oct 20 Pernod Ricard on Thursday sold $1.5 billion of senior unsecured notes in the 144a private placement market  said IFR  a Thomson Reuters service.       Barclays Capital and JP Morgan were the active joint bookrunning managers for the sale. BORROWER: PERNOD RICARD AMT $1.5 BLN      COUPON 4.45 PCT     MATURITY 1/15/2022  TYPE SR NTS       ISS PRICE 99.746    FIRST PAY 7/15/2012 MOODY'S Baa3      YIELD 4.482 PCT     SETTLEMENT 10/25/2011 S&P BBB-MINUS     SPREAD 230 BPS      PAY ,topStory
MSFT,Microsoft Corporation,20111020,Feeble Windows holds back Microsoft profit ,SEATTLE Microsoft Corp's flagship operating system made only slight gains last quarter  largely due to business and emerging market spending  holding back profit growth for the world's largest software company.,topStory
MSFT,Microsoft Corporation,20111020,UPDATE 4-Feeble Windows holds back Microsoft profit  shares dip ,* Shares fall 0.7 percent after-hours  (Adds CFO comment),normal
MSFT,Microsoft Corporation,20111020,Instant view: Microsoft's Office shines  offsets tepid Windows ,Microsoft Corp's fiscal first-quarter profit rose 6 percent  meeting Wall Street's modest expectations  helped by strong sales of its popular Office applications package but hindered by tepid gains from its flagship Windows operating system.,normal
MSFT,Microsoft Corporation,20111020,US STOCKS-Wall St edges higher; Europe anxiety remains ,NEW YORK  Oct 20 U.S. stocks ended with modest gains on Thursday  shifting back and forth on incremental developments in Europe where leaders sought to reassure investors that a solution to the debt crisis would come soon.,normal
MSFT,Microsoft Corporation,20111020,Microsoft profit rises 6 pct  Office helps ,Oct 20 Microsoft Corp said fiscal first-quarter profit rose 6 percent  helped by strong sales of its popular Office applications package  and a slight increase sales of its flagship Windows operating system.,normal
MSFT,Microsoft Corporation,20111020,Microsoft sued for monopoly abuse by Israeli firm ,Microsoft Corp used its monopoly position in computer operating systems to block the PC-sharing business of MiniFrame Ltd  according to a lawsuit filed by the small Israeli technology company.,normal
MSFT,Microsoft Corporation,20111020,Microsoft sued for monopoly abuse by Israeli firm ,Oct 20 Microsoft Corp used its monopoly position in computer operating systems to block the PC-sharing business of MiniFrame Ltd  according to a lawsuit filed by the small Israeli technology company.,normal
MSFT,Microsoft Corporation,20111020,Yahoo "cross talk" ban jolts bidders ,NEW YORK Some potential buyers of Yahoo Inc are balking at the Internet company's demands for confidentiality that would prevent them from discussing joint bids  according to several people close to the situation.,normal
MSFT,Microsoft Corporation,20111020,PRESS DIGEST - CANADA - Oct 20 ,Oct 20 The following are top stories from selected Canadian newspapers. Reuters has not verified these stories and does not vouch for their accuracy.,normal
MSFT,Microsoft Corporation,20111020,Microsoft to launch Mango smartphones with Nokia  Samsung soon ,HONG KONG Microsoft Corp  which has been trailing Apple Inc and Google Inc in the fast-growing smartphone market  said it will launch Mango-powered handsets from top makers including Nokia Oyj  Samsung Electronics Co Ltd and HTC Corp in coming weeks.,normal
MNRO,Monro Inc ,20111020,UPDATE 3-Monro Muffler sees FY growth slowing ,* Expects impact of high unemployment  higher tire and gas prices  low consumer confidence,topStory
NDAQ,Nasdaq Inc,20111020,Exclusive: Nasdaq hackers spied on company boards ,Hackers who infiltrated the Nasdaq's computer systems last year installed malicious software that allowed them to spy on the directors of publicly held companies  according to two people familiar with an investigation into the matter.,topStory
NFLX,Netflix Inc,20111020,Netflix investors seek clarity amid stumbles ,LOS ANGELES One-time Wall Street superstar Netflix Inc will have some explaining to do when it reports quarterly results on Monday.,topStory
POOL,Pool Corporation,20111020,Lindsay Lohan adds to troubles with morgue mishap ,LOS ANGELES Troubled actress Lindsay Lohan was late to her court-ordered community service at a morgue on Thursday  further jeopardizing her probation only one day after seeing it revoked for missing past appointments. | Video ,topStory
SCHN,Schnitzer Steel Industries Inc,20111020,UPDATE 1-Schnitzer Steel Q4 beats Street; sees strong 2012 ,Oct 20 Schnitzer Steel Industries Inc  posted a fourth-quarter profit above market estimates  helped by higher shipments at its metals recycling business  and the company said it expects 2012 to benefit from growth in developing countries.,topStory
STX,Seagate Technology PLC,20111020,EU mergers and takeovers (Oct 20) ,BRUSSELS  Oct 20 The following are mergers under review by the European Commission and a brief guide to the EU merger process:,topStory
STX,Seagate Technology PLC,20111020,Seoul shares see limited gains supported by tech issues ,SEOUL  Oct 20 Seoul shares inched up on Thursday lifted by solid gains in technology stocks like Samsung Electronics   but rises were limited following fresh reports underscoring that Europe remains far from a solution to its debt crisis.,normal
SIVB,SVB Financial Group,20111020,UPDATE 1-SVB Financial gets China approval for JV bank ,Oct 20 Silicon Valley Bank  the banking unit of SVB Financial Group   said it has received approval from the China Banking Regulatory Commission to form a joint venture bank in China.,topStory
TZOO,Travelzoo,20111020,UPDATE 2-Travelzoo Q3 tops estimates; shares jump ,Oct 20 Travelzoo Inc reported better-than-expected quarterly results  helped by an increase in new subscriptions for its local deals newsletters  sending its shares up 13 percent in pre-market trading.,topStory
VRTX,Vertex Pharmaceuticals Incorporated,20111020,Vertex CEO sees "historic launch" for Hep-C drug ,BOSTON The chief executive of Vertex Pharmaceuticals Inc  Matthew Emmens  said on Thursday that adoption of its recently launched hepatitis C drug  Incivek  has been "very  very fast.",topStory
VRTX,Vertex Pharmaceuticals Incorporated,20111020,UPDATE 1-Vertex CEO sees "historic launch" for Hep-C drug ,BOSTON  Oct 20 The chief executive of Vertex Pharmaceuticals Inc   Matthew Emmens  said on Thursday that adoption of its recently launched hepatitis C drug  Incivek  has been "very  very fast.",normal
VRTX,Vertex Pharmaceuticals Incorporated,20111020,Vertex CEO sees "historic launch" for Hep-C drug ,BOSTON  Oct 20 The chief executive of Vertex Pharmaceuticals Inc   Matthew Emmens  said on Thursday that adoption of its recently-launched hepatitis C drug  Incivek  has been "very very fast.",normal
AEM,Agnico Eagle Mines Limited,20111020,UPDATE 2-Agnico Eagle ups cash component for Grayd offer ,Oct 20 Agnico-Eagle Mines Ltd said it will double the cash component in its offer for Grayd Resource Corp to C$183 million ($181 million)  as the Canadian gold miner moves to expand its footprint in Mexico.,topStory
AMOV,America Movil SAB de CV,20111020,BRIEF-Moody's assigns A2 ratings to America Movil  S.A.B. de C.V.'s proposed Japanese Yen bonds - first series (2011) ,* Moody's assigns A2 ratings to America Movil  S.A.B. de C.V.'s proposed Japanese Yen bonds - first series (2011),topStory
AMX,America Movil SAB de CV,20111020,BRIEF-Moody's assigns A2 ratings to America Movil  S.A.B. de C.V.'s proposed Japanese Yen bonds - first series (2011) ,* Moody's assigns A2 ratings to America Movil  S.A.B. de C.V.'s proposed Japanese Yen bonds - first series (2011),topStory
AEUA,Anadarko Petroleum Corporation,20111020,UPDATE 1-Mitsubishi buys rights in gas project from Anadarko- Nikkei ,Oct 21 Mitsubishi Corp has bought a 10 percent interest in a petroleum gas exploration project in Liberia from Anadarko Petroleum Corp as the Japanese company looks to explore offshore fields in western Africa  the Nikkei business daily said.,topStory
APC,Anadarko Petroleum Corporation,20111020,UPDATE 1-Mitsubishi buys rights in gas project from Anadarko- Nikkei ,Oct 21 Mitsubishi Corp has bought a 10 percent interest in a petroleum gas exploration project in Liberia from Anadarko Petroleum Corp as the Japanese company looks to explore offshore fields in western Africa  the Nikkei business daily said.,topStory
APA,Apache Corporation,20111020,UPDATE 3-Shell buys LNG site on Canada's Pacific Coast ,CALGARY  Alberta  Oct 20 Royal Dutch Shell Plc has bought a marine terminal on Canada's Pacific Coast as a possible site for a liquefied natural gas export terminal  a company spokesman said on Thursday.,topStory
T,AT&T Inc,20111020,UPDATE 1-Acme Packet Q3 misses Street  backs FY outlook ,Oct 20 Acme Packet Inc   which provides communication infrastructure for telecoms  reported a quarterly profit below estimates  days after it forecast weak results citing delayed orders from key customer AT&T .,topStory
T,AT&T Inc,20111020,MetroPCS is frontrunner for AT&T divestures: report ,MetroPCS Communications  is the first in line to buy assets from AT&T Inc  and T-Mobile USA if they win U.S. regulatory approval for their $39 billion merger  according to a Bloomberg report.,normal
T,AT&T Inc,20111020,AT&T revenue falls short  promises stronger fourth quarter ,AT&T Inc's  quarterly revenue fell short of Wall Street estimates  as wireless customers spent less than expected ahead of the introduction of the latest Apple Inc  iPhone.,normal
T,AT&T Inc,20111020,UPDATE 4-AT&T revenue falls short  promises stronger Q4 ,Oct 20 AT&T Inc's quarterly revenue fell short of Wall Street estimates  as wireless customers spent less than expected ahead of the introduction of the latest Apple Inc iPhone.,normal
AN,AutoNation Inc,20111020,UPDATE 3-AutoNation posts stronger-than-expected profit ,DETROIT  Oct 20 AutoNation Inc   the No. 1 U.S. auto retail group  posted a stronger-than-expected quarterly profit on Thursday  as it rang up higher selling prices for its new and used vehicles.,topStory
BBVA,Banco Bilbao Viscaya Argentaria SA,20111020,UPDATE 1-Mexico's Alfa posts Q3 net loss vs profit year ago ,MEXICO CITY  Oct 20 Mexican conglomerate Alfa posted a third-quarter net loss on Thursday compared with a profit a year ago  dented by a steep weakening of the peso against the dollar during the period.,topStory
BLX,Banco Latinoamericano de Comercio Exterior SA,20111020,Bladex posts $16.3 mln third quarter profit ,PANAMA CITY  Oct 20 Export bank Bladex  reported third quarter profit of $16.3 million on Thursday  up 9 percent from the same quarter a year earlier.,topStory
BAC,Bank of America Corporation,20111020,WRAPUP 2-BB&T is latest bank to embrace cost-cutting ,* Fifth Third loan loss reserve down 87 percent; shares up,topStory
BAC,Bank of America Corporation,20111020,California subpoenas BofA over mortgages: report ,The California attorney general's office subpoenaed Bank of America Corp this week about the sale and marketing of troubled mortgage-backed securities to investors in the state  the Los Angeles Times reported.,normal
BAC,Bank of America Corporation,20111020,UPDATE 1-California subpoenas BofA over mortgages - report ,Oct 20 The California attorney general's office subpoenaed Bank of America Corp this week about the sale and marketing of troubled mortgage-backed securities to investors in the state  the Los Angeles Times reported.,normal
BAC,Bank of America Corporation,20111020,UPDATE 4-US judge takes $8.5 bln BofA deal from state court ,NEW YORK  Oct 19 A judge on Wednesday decided to keep a proposed $8.5 billion settlement over Bank of America Corp's mortgage-backed securities in federal court  potentially dragging out the litigation.,normal
BK,Bank Of New York Mellon Corporation (The),20111020,UPDATE 4-US judge takes $8.5 bln BofA deal from state court ,NEW YORK  Oct 19 A judge on Wednesday decided to keep a proposed $8.5 billion settlement over Bank of America Corp's mortgage-backed securities in federal court  potentially dragging out the litigation.,topStory
BNS,Bank of Nova Scotia (The),20111020,Scotiabank to pay $1 billion for Colombian bank stake ,BOGOTA/TORONTO Bank of Nova Scotia  agreed to pay about $1 billion in cash and stock for a majority stake in Colombia's unlisted Banco Colpatria  expanding the Canadian bank's footprint in the Latin American country.,topStory
BNS,Bank of Nova Scotia (The),20111020,UPDATE 5-Scotiabank to pay $1 bln for Colombian bank stake ,BOGOTA/TORONTO  Oct 20 Bank of Nova Scotia  agreed to pay about $1 billion in cash and stock for a majority stake in Colombia's unlisted Banco Colpatria  expanding the Canadian bank's footprint in the Latin American country.,normal
BNS,Bank of Nova Scotia (The),20111020,UPDATE 1-Canada's Nova Scotia to buy 51 pct in Colombia bank ,Oct 20 Canada's Bank of Nova Scotia  has agreed to buy a 51 percent stake in unlisted Colombian bank Colpatria for $1 billion in cash and shares  marking the foray of Canada's third-largest bank into the South American country.,normal
BNS,Bank of Nova Scotia (The),20111020,Canada's Nova Scotia to buy 51 pct in Colombia bank ,Oct 20 Canada's Bank of Nova Scotia  has agreed to buy a 51 percent stake in unlisted Colombian bank Colpatria for $500 million  the banks said.,normal
BCS,Barclays PLC,20111020,New Issue-Pernod Ricard sells $1.5 bln notes ,Oct 20 Pernod Ricard on Thursday sold $1.5 billion of senior unsecured notes in the 144a private placement market  said IFR  a Thomson Reuters service.       Barclays Capital and JP Morgan were the active joint bookrunning managers for the sale. BORROWER: PERNOD RICARD AMT $1.5 BLN      COUPON 4.45 PCT     MATURITY 1/15/2022  TYPE SR NTS       ISS PRICE 99.746    FIRST PAY 7/15/2012 MOODY'S Baa3      YIELD 4.482 PCT     SETTLEMENT 10/25/2011 S&P BBB-MINUS     SPREAD 230 BPS      PAY ,topStory
BKS,Barnes & Noble Inc,20111020,Barnes & Noble expands marketplace beyond books ,Barnes & Noble Inc  is adding new categories including home products and consumer electronics to its online marketplace  the latest move by the retailer to rely less on book sales and compete with e-commerce rivals such as Amazon.com Inc  and eBay Inc .,topStory
BKS,Barnes & Noble Inc,20111020,UPDATE 2-Barnes & Noble expands marketplace beyond books ,Oct 20 Barnes & Noble Inc is adding new categories including home products and consumer electronics to its online marketplace  the latest move by the retailer to rely less on book sales and compete with e-commerce rivals such as Amazon.com Inc and eBay Inc .,normal
BAX,Baxter International Inc,20111020,Boston Scientific  Baxter results disappoint ,Boston Scientific Corp  reported weak sales of implantable heart defibrillators  its most important product line  and cut its full-year sales forecast  sending shares down as much as 6 percent.,topStory
BAX,Baxter International Inc,20111020,WRAPUP 1-Boston Scientific  Baxter results disappoint ,Oct 20 Boston Scientific Corp reported weak sales of implantable heart defibrillators  its most important product line  and cut its full-year sales forecast  sending shares down as much as 6 percent.,normal
BBT,BB&T Corporation,20111020,WRAPUP 2-BB&T is latest bank to embrace cost-cutting ,* Fifth Third loan loss reserve down 87 percent; shares up,topStory
BBT,BB&T Corporation,20111020,UPDATE 3-BB&T reports higher-than-expected profit ,Oct 20 BB&T Corp reported a higher-than-expected quarterly profit on Thursday as the bank set aside less money for loan losses and earned higher interest income from lending.,normal
BA,Boeing Company (The),20111020,BRIEF-Lufthansa Cargo says not putting order for Boeing freighters on hold ,FRANKFURT  Oct 20 Lufthansa Cargo  head:	 *     says not putting order for Boeing 777 freighters on hold,topStory
BSX,Boston Scientific Corporation,20111020,Boston Scientific  Baxter results disappoint ,Boston Scientific Corp  reported weak sales of implantable heart defibrillators  its most important product line  and cut its full-year sales forecast  sending shares down as much as 6 percent.,topStory
BSX,Boston Scientific Corporation,20111020,WRAPUP 1-Boston Scientific  Baxter results disappoint ,Oct 20 Boston Scientific Corp reported weak sales of implantable heart defibrillators  its most important product line  and cut its full-year sales forecast  sending shares down as much as 6 percent.,normal
BP,BP plc,20111020,Med Crude-Azeri falls to weakest since Libyan war ,LONDON  Oct 20 Urals crude eased in the Mediterranean on Thursday  and Azeri crude slumped to its lowest since January as traders cited healthy supplies from Russia and poor demand from refiners  even for prompt barrels  due to severe run cuts.	     "In a backwardated market you would expect demand for at least prompt barrels to be strong  but in reality we are not seeing this after refiners slashed their runs in the past weeks " said a trader in the Mediterranean.	     Russia also i,topStory
BP,BP plc,20111020,BP shuts Azeri oil platform for maintenance ,BAKU  Oct 20 Oil Major BP   which operates Azeri-Chirag-Guneshli (ACG) in the Caspian Sea  has closed its East Azeri oil drilling platform for maintenance  Tamam Bayatly  a spokesperson of BP-Azerbaijan  told Reuters.,normal
BGG,Briggs & Stratton Corporation,20111020,Text-S&P: Briggs & Stratton upgraded to BB ,-- Briggs & Stratton's credit measures have strengthened over the past 12 months as its operating performance improves and its adjusted debt lowers.      -- We are raising all of our ratings on the company  including our corporate credit rating to 'BB' from 'BB-'.      -- The outlook is stable  reflecting our expectations that Briggs & Stratton will sustain its improved credit protection measures and that operating performance will remain relatively stable. NEW YORK (Standard & Poor's) Oct. 20  ,topStory
COF,Capital One Financial Corporation,20111020,UPDATE 3-Capital One Q3 profit rises on net interest income ,Oct 20 Capital One Financial Corp  reported a better-than-expected quarterly profit on Thursday as net interest income rose and the bank set aside less money for loan losses.,topStory
CVE,Cenovus Energy Inc,20111020,UPDATE 3-Shell buys LNG site on Canada's Pacific Coast ,CALGARY  Alberta  Oct 20 Royal Dutch Shell Plc has bought a marine terminal on Canada's Pacific Coast as a possible site for a liquefied natural gas export terminal  a company spokesman said on Thursday.,topStory
CHL,China Mobile (Hong Kong) Ltd,20111020,UPDATE 1-China Mobile Q3 net up 3.4 pct  slightly below f'cast ,* To rely on data  Internet traffic for growth - analysts,topStory
CHL,China Mobile (Hong Kong) Ltd,20111020,China Mobile says total subscribers rose to 634 mln in Sept ,HONG KONG  Oct 20 China Mobile Ltd   China's largest mobile carrier  said on Thursday that its total mobile subscribers increased to 633.5 million in September  including 43.2 million 3G subscribers.	     China Mobile said on its website that the number of 3G subscribers rose by 2.84 million in September  while total users increased by 5.89 million.	 	  (Reporting by Christina Lo; Editing by Ken Wills),normal
CHL,China Mobile (Hong Kong) Ltd,20111020,China Mobile Q3 net up 3.4 pct  lags f'cast ,HONG KONG  Oct 20 China Mobile   the world's biggest wireless carrier by subscribers  reported a 3.4 percent rise in third-quarter net profit   lagging forecasts  as the company added more subscribers .,normal
CMC,Commercial Metals Company,20111020,Icahn puts slate up for Commercial Metals board ,Billionaire Carl Icahn on Wednesday nominated three directors to the board of steel maker and recycler Commercial Metals Corp. ,topStory
CZZ,Cosan Limited,20111020,Amyris teams up with ETH to expand Brazil ops ,* Production with ETH expected to begin by 2014     * Amyris to access 15 mln T of cane per year     SAO PAULO  Oct 20 Amyris Inc   which has developed technologies for renewable chemicals  said on Thursday it has signed an agreement with Brazilian ethanol company ETH to produce a cane-based specialty chemical.     Farnesene  which can be used in cosmetics  polymer additives  lubricants  consumer packaged goods and cane diesel  will be produced in a built-in facility in one of the mi,topStory
CB,D/B/A Chubb Limited New,20111020,UPDATE 1-Chubb profit falls on Irene losses  cuts outlook ,Oct 20 Property insurer Chubb Corp  reported a smaller third-quarter profit on Thursday  as the effects of August's Hurricane Irene weighed on results  and it slashed its full-year outlook.,topStory
DHR,Danaher Corporation,20111020,WRAPUP 3-U.S. manufacturers sound cautious note on economy ,* Europe in focus when GE reports on Friday  (Adds analyst comment on GE results due Friday  updates stock prices),topStory
DHR,Danaher Corporation,20111020,Manufacturers sound cautious note on economy ,Manufacturers took a cautious tone about prospects for the domestic economy on Thursday  sounding particularly gloomy on construction markets even while reporting quarterly profits that generally beat Wall Street expectations.,normal
DHR,Danaher Corporation,20111020,UPDATE 2-Danaher profit beats Wall Street estimates ,Oct 20 Industrial and healthcare conglomerate Danaher Corp reported a lower quarterly profit on Thursday amid costs for its Beckman Coulter acquisition  but results beat Wall Street forecasts.,normal
DB,Deutsche Bank AG,20111020,New Issue-PerkinElmer sells $500 mln in notes ,Oct 20 PerkinELmer Inc on Thursday sold $500 million of senior unsecured notes  said IFR  a Thomson Reuters service.      Bank of American Merrill Lynch  Barclay's Capital and Deutsche Bank were the joint bookrunning managers for the sale. BORROWER: PERKINELMER INC AMT $500 MLN      COUPON 5.00 PCT     MATURITY 11/15/2021 TYPE SR NTS       ISS PRICE 99.372    FIRST PAY 5/15/2012 MOODY'S Baa3      YIELD 5.08 PCT      SETTLEMENT 10/25/2011 S&P TRIPLE-B      SPREAD 290 BPS      PAY FREQ,topStory
DB,Deutsche Bank AG,20111020,Polkomtel bond tender wrapped up ,LONDON  Oct 20 (IFR) - Spartan Capital Holdings  the bid vehicle of billionaire Zygmunt Solorz-Zak  has received full acceptance from bondholders to tender for cash a PLN1bn bond issued by Polish mobile phone firm Polkomtel.,normal
DB,Deutsche Bank AG,20111020,Food NGO prompts Deutsche Bank commodities review ,FRANKFURT  Oct 20 Deutsche Bank AG  will examine its commodities trading operations to see whether they drive up the price of basic foods after non-profit organisation Foodwatch petitioned Chief Executive Josef Ackermann.,normal
DB,Deutsche Bank AG,20111020,EU bank funding fix is key step in debt crisis plan ,* Pickup in debt deals in last two weeks  but only for strong,normal
DO,Diamond Offshore Drilling Inc,20111020,WRAPUP 1-Downtime dampens deepwater joy for Noble  Diamond ,Oct 20 A long-anticipated surge in deepwater drilling  which suffered a huge setback with the Gulf of Mexico oil well disaster  has given a boost to Diamond Offshore Drilling Inc and Noble Corp that is dampened only by their rig downtime.,topStory
DO,Diamond Offshore Drilling Inc,20111020,UPDATE 2-Diamond Offshore gains from deepwater strength ,Oct 20 Diamond Offshore Drilling Inc  beat Wall Street earnings estimates for the fourth straight quarter as oil demand pushed up daily rates and utilization for its deepwater rigs  and the company declared a special quarterly cash dividend.,normal
DPZ,Domino&#39;s Pizza Inc,20111020,BRIEF-Moody's reviews Domino's whole business securitization for possible upgrade ,* Moody's reviews Domino's whole business securitization for possible upgrade,topStory
EC,Ecopetrol SA,20111020,UPDATE 2-Ecopetrol prices Vasconia  Castilla oil against Brent ,HOUSTON  Oct 20 Colombia's Ecopetrol  has switched the pricing basis for its Vasconia and Castilla grade crude oils from troubled U.S. benchmark West Texas Intermediate to North Sea Brent  market sources said Thursday.,topStory
LLY,Eli Lilly and Company,20111020,UPDATE 4-Eli Lilly profit drops  hurt by higher costs ,Oct 20 Eli Lilly   whose top-selling schizophrenia drug will face cheaper generics this weekend  said quarterly earnings fell due to higher expenses  and the company's shares fell 1 percent.,topStory
ECA,Encana Corporation,20111020,UPDATE 4-Weak gas prices overshadow Encana profit ,Oct 20 Encana Corp's quarterly profit beat expectations  partly because of an unexpectedly large tax recovery  but shares of Canada's top natural gas producer fell as investors stayed bearish on the outlook for gas prices.,topStory
ECA,Encana Corporation,20111020,UPDATE 3-Shell buys LNG site on Canada's Pacific Coast ,CALGARY  Alberta  Oct 20 Royal Dutch Shell Plc has bought a marine terminal on Canada's Pacific Coast as a possible site for a liquefied natural gas export terminal  a company spokesman said on Thursday.,normal
E,ENI SpA,20111020,UPDATE 3-Eni Mozambique find fuels East Africa gas buzz ,* Eni ready to build LNG plant on own   (Releads  adds management comments  shares),topStory
E,ENI SpA,20111020,Eni plans to build LNG plant in Mozambique ,MILAN  Oct 20 Italian oil and gas group Eni  plans to build a liquefied natural gas (LNG) terminal in Mozambique as part of its investments in the country  Chief Executive Paolo Scaroni said on Thursday.,normal
E,ENI SpA,20111020,Eni makes offshore gas discovery in Mozambique-source ,MILAN  Oct 20 Italian oil and gas group Eni  has made a large gas discovery offshore in Mozambique  a source close to the matter said on Thursday.,normal
EPD,Enterprise Products Partners LP,20111020,BP Destin Pipeline to shut Miss. gas plant for maintenance ,NEW YORK  Oct 20 Destin Pipeline Co LLC said it will shut down its natural gas processing plant in Pascagoula  Mississippi  for 17 days beginning on Oct. 24.,topStory
F,Ford Motor Company,20111020,Ford sees limited costs  new flexibility in UAW pact ,DETROIT Ford Motor Co  said its new four-year contract with the United Auto Workers union would increase its costs less than 1 percent annually  with higher bonuses offset by newly won flexibility in work rules.,topStory
F,Ford Motor Company,20111020,UPDATE 4-Ford sees limited costs  new flexibility in UAW pact ,* Costs average additional $80 mln per year over 2012-2015,normal
F,Ford Motor Company,20111020,Ford sees limited costs  new flexibility in UAW pact ,DETROIT Ford Motor Co  said its new four-year contract with the United Auto Workers union will increase its costs less than 1 percent annually  with higher bonuses offset by newly won flexibility in work rules.,normal
F,Ford Motor Company,20111020,TABLE-China Sept car sales up 8.8 pct yr-on-yr ,BEIJING  Oct 20 Car sales in China in September rose 8.8 percent from a year earlier  the China Association of Automobile Manufacturers (CAAM) said.  	 --------------------------------------------------------------- 	    	        	                           Sept   pct change  y-t-d        pct      	 ---------------------------------------------------------------   	 NATIONAL TOTAL BY CAAM                 	 Cars                  1 319 500      8.8  10 537 800      6.4     	 Vehicles  ,normal
FCX,Freeport-McMoran Inc,20111020,UPDATE 2-Freeport Peru concentrator plant halted-workers ,* Company says concentrator stopped for routine maintenance     * Three week old labor strike slows mining operations     * Union says strike talks made no progress      By Caroline Stauffer and Patricia Velez     LIMA  Oct 20 The concentrator plant at Freeport-McMoRan's Cerro Verde copper mine in Peru halted due to technical failure  two workers at the mine said on Thursday  but the company said overall output was not much affected.     Unionized workers at the mine that churns out ,topStory
GDI,Gardner Denver Holdings Inc,20111020,UPDATE 1- Gardner Denver Q3 beats Street  raises FY profit view ,Oct 20 Gardner Denver Inc   a manufacturer of compressors and vacuum products for industrial applications  reported better-than-expected quarterly results  and raised its outlook for the third time this year on improved backlog and order rates.,topStory
GEK,General Electric Capital Corporation,20111020,WRAPUP 3-U.S. manufacturers sound cautious note on economy ,* Europe in focus when GE reports on Friday  (Adds analyst comment on GE results due Friday  updates stock prices),topStory
GEK,General Electric Capital Corporation,20111020,Canada's Nova Scotia to buy 51 pct in Colombia bank ,Oct 20 Canada's Bank of Nova Scotia  has agreed to buy a 51 percent stake in unlisted Colombian bank Colpatria for $500 million  the banks said.,normal
GE,General Electric Company,20111020,WRAPUP 3-U.S. manufacturers sound cautious note on economy ,* Europe in focus when GE reports on Friday  (Adds analyst comment on GE results due Friday  updates stock prices),topStory
GE,General Electric Company,20111020,Canada's Nova Scotia to buy 51 pct in Colombia bank ,Oct 20 Canada's Bank of Nova Scotia  has agreed to buy a 51 percent stake in unlisted Colombian bank Colpatria for $500 million  the banks said.,normal
GM,General Motors Company,20111020,TABLE-China Sept car sales up 8.8 pct yr-on-yr ,BEIJING  Oct 20 Car sales in China in September rose 8.8 percent from a year earlier  the China Association of Automobile Manufacturers (CAAM) said.  	 --------------------------------------------------------------- 	    	        	                           Sept   pct change  y-t-d        pct      	 ---------------------------------------------------------------   	 NATIONAL TOTAL BY CAAM                 	 Cars                  1 319 500      8.8  10 537 800      6.4     	 Vehicles  ,topStory
TV,Grupo Televisa SA,20111020,UPDATE 2-Mexico's Televisa Q3 net drops 6.8 pct ,MEXICO CITY  Oct 19 Mexican broadcaster Televisa said on Wednesday that its third-quarter net profit fell 6.8 percent from a year ago hurt by foreign exchange losses.,topStory
HMC,Honda Motor Company Ltd,20111020,REFILE-UPDATE 2-Thai floods hit Japan carmaker output  delay Sony launches ,* Unsure when Thai output will be restored - Japan auto group,topStory
HMC,Honda Motor Company Ltd,20111020,TABLE-China Sept car sales up 8.8 pct yr-on-yr ,BEIJING  Oct 20 Car sales in China in September rose 8.8 percent from a year earlier  the China Association of Automobile Manufacturers (CAAM) said.  	 --------------------------------------------------------------- 	    	        	                           Sept   pct change  y-t-d        pct      	 ---------------------------------------------------------------   	 NATIONAL TOTAL BY CAAM                 	 Cars                  1 319 500      8.8  10 537 800      6.4     	 Vehicles  ,normal
HPQ,HP Inc,20111020,HP loses strategy chief as overhaul rumbles on ,SAN FRANCISCO Hewlett-Packard Co's chief strategy and technology officer has retired  becoming the latest senior executive to leave the storied Silicon Valley giant struggling to restore its tarnished credibility.,topStory
HPQ,HP Inc,20111020,UPDATE 1-HP loses strategy chief as overhaul rumbles on ,SAN FRANCISCO  Oct 20 Hewlett-Packard Co's chief strategy and technology officer has retired  becoming the latest senior executive to leave the storied Silicon Valley giant struggling to restore its tarnished credibility.,normal
HSBC,HSBC Holdings plc,20111020,UPDATE 3-Capital One Q3 profit rises on net interest income ,Oct 20 Capital One Financial Corp  reported a better-than-expected quarterly profit on Thursday as net interest income rose and the bank set aside less money for loan losses.,topStory
HSBC,HSBC Holdings plc,20111020,EU bank funding fix is key step in debt crisis plan ,* Pickup in debt deals in last two weeks  but only for strong,normal
HSEA,HSBC Holdings plc,20111020,UPDATE 3-Capital One Q3 profit rises on net interest income ,Oct 20 Capital One Financial Corp  reported a better-than-expected quarterly profit on Thursday as net interest income rose and the bank set aside less money for loan losses.,topStory
HSEA,HSBC Holdings plc,20111020,EU bank funding fix is key step in debt crisis plan ,* Pickup in debt deals in last two weeks  but only for strong,normal
HSEB,HSBC Holdings plc,20111020,UPDATE 3-Capital One Q3 profit rises on net interest income ,Oct 20 Capital One Financial Corp  reported a better-than-expected quarterly profit on Thursday as net interest income rose and the bank set aside less money for loan losses.,topStory
HSEB,HSBC Holdings plc,20111020,EU bank funding fix is key step in debt crisis plan ,* Pickup in debt deals in last two weeks  but only for strong,normal
IR,Ingersoll-Rand plc (Ireland),20111020,WRAPUP 3-U.S. manufacturers sound cautious note on economy ,* Europe in focus when GE reports on Friday  (Adds analyst comment on GE results due Friday  updates stock prices),topStory
IR,Ingersoll-Rand plc (Ireland),20111020,Manufacturers sound cautious note on economy ,Manufacturers took a cautious tone about prospects for the domestic economy on Thursday  sounding particularly gloomy on construction markets even while reporting quarterly profits that generally beat Wall Street expectations.,normal
IR,Ingersoll-Rand plc (Ireland),20111020,UPDATE 2-Ingersoll Rand profit beats but outlook soft ,Oct 20 Ingersoll Rand Plc posted lower quarterly earnings  and its fourth-quarter profit forecast fell short of some Wall Street estimates  due to depressed housing and consumer markets.,normal
JPM,J P Morgan Chase & Co,20111020,New Issue-Sonoco Products sells $500 mln in 2 parts ,Oct 20 Sonoco Products Co   on Thursday sold $500 million notes in two parts  said IFR  a Thomson Reuters service.      Bank of America Merrill Lynch  JP Morgan and Wells Fargo were the joint bookrunning managers for the sale. BORROWER: SONOCO PRODUCTS CO TRANCHE 1 AMT $250 MLN      COUPON 4.375 PCT    MATURITY 11/1/2021  TYPE SR NTS       ISS PRICE 99.543    FIRST PAY 5/1/2012  MOODY'S Baa2      YIELD 4.432 PCT     SETTLEMENT 10/27/2011 S&P BBB-PLUS      SPREAD 225 BPS      PAY FREQ,topStory
JPM,J P Morgan Chase & Co,20111020,New Issue-Pernod Ricard sells $1.5 bln notes ,Oct 20 Pernod Ricard on Thursday sold $1.5 billion of senior unsecured notes in the 144a private placement market  said IFR  a Thomson Reuters service.       Barclays Capital and JP Morgan were the active joint bookrunning managers for the sale. BORROWER: PERNOD RICARD AMT $1.5 BLN      COUPON 4.45 PCT     MATURITY 1/15/2022  TYPE SR NTS       ISS PRICE 99.746    FIRST PAY 7/15/2012 MOODY'S Baa3      YIELD 4.482 PCT     SETTLEMENT 10/25/2011 S&P BBB-MINUS     SPREAD 230 BPS      PAY ,normal
JPM,J P Morgan Chase & Co,20111020,New Issue-IADB prices $500 mln 2041 bond ,Borrower                Inter American Development Bank (IADB),normal
JNJ,Johnson & Johnson,20111020,Hedge fund SAC Capital faces U.S. SEC probe-WSJ ,Oct 20 The U.S. Securities and Exchange Commission is examining whether hedge fund SAC Capital Advisors used insider information to profit from Johnson & Johnson's takeover of Cougar Biotechnology Inc in 2009  the Wall Street Journal said  citing people familiar with the matter.,topStory
KMB,Kimberly-Clark Corporation,20111020,Mexico's Kimber reports lower 3rd-qtr results ,MEXICO CITY  Oct 20 Mexico's leading paper products company  Kimberly Clark de Mexico   on Thursday said its third-quarter profit fell 23 percent  hurt by higher raw-material costs and the depreciation of the peso.,topStory
KMI,Kinder Morgan Inc,20111020,CORRECTED-(OFFICIAL)-Kinder Parkway line almost full ,Oct 19 Kinder Morgan said shippers had committed to about 100 000 barrels per day of its 110 000 bpd capacity for the Parkway Pipeline  its new joint venture oil products pipeline with Valero Energy Corp.,topStory
LPL,LG Display Co Ltd,20111020,UPDATE 3-LG Display posts record loss  sees price falls slowing ,SEOUL  Oct 20 South Korean flat-screen maker LG Display   a key supplier to Apple Inc   posted its biggest quarterly loss  on Thursday as tepid demand for televisions and computers hit panel prices and one-off losses weighed.,topStory
LPL,LG Display Co Ltd,20111020,LG Display sees Q4 factory utilisation at 80 pct levels ,SEOUL  Oct 20 The CFO of flat-screen maker LG Display said on Thursday that it expected its factory utilisation rate to reach 80 percent levels in the fourth quarter after it fell to 70 percent levels in the previous quarter.,normal
LPL,LG Display Co Ltd,20111020,LG Display sees price falls easing after disappointing ,SEOUL South Korean flat-screen maker LG Display   a key supplier to Apple Inc   posted a wider-than-expected quarterly loss on Thursday as tepid demand for TVs and PCs hit panel prices and one-off losses weighed.,normal
LPL,LG Display Co Ltd,20111020,LG Display posts worse-than-expected Q3 loss ,SEOUL Flat-screen maker LG Display  posted a wider-than-expected quarterly loss on Thursday  as tepid demand for TVs and PCs hit panel prices and one-off losses weighed.,normal
LPL,LG Display Co Ltd,20111020,LG Display posts worse-than-expected Q3 loss ,SEOUL  Oct 20 Flat-screen maker LG Display   posted a wider-than-expected quarterly loss on Thursday  as tepid demand for TVs and PCs hit panel prices and one-off losses weighed.,normal
MMI,Marcus & Millichap Inc,20111020,Microsoft to launch Mango smartphones with Nokia  Samsung soon ,HONG KONG Microsoft Corp  which has been trailing Apple Inc and Google Inc in the fast-growing smartphone market  said it will launch Mango-powered handsets from top makers including Nokia Oyj  Samsung Electronics Co Ltd and HTC Corp in coming weeks.,topStory
MDT,Medtronic plc,20111020,Medtronic tests stent for erectile dysfunction ,Medtronic Inc  a manufacturer of pacemakers  heart stents and spine products  has developed a device to tackle another common health problem: erectile dysfunction.,topStory
MDT,Medtronic plc,20111020,Medtronic tests stent for erectile dysfunction ,Medtronic Inc  a manufacturer of pacemakers  heart stents and spine products  has developed a device to tackle another common health problem: erectile dysfunction.,normal
MDT,Medtronic plc,20111020,Medtronic tests stent for erectile dysfunction ,Oct 19 Medtronic Inc   a manufacturer of pacemakers  heart stents and spine products  has developed a device to tackle another common health problem: erectile dysfunction.,normal
MCO,Moody&#39;s Corporation,20111020,BRIEF-Moody's reviews Domino's whole business securitization for possible upgrade ,* Moody's reviews Domino's whole business securitization for possible upgrade,topStory
MCO,Moody&#39;s Corporation,20111020,EU may demand rating blackout for crisis states ,BRUSSELS The European Union's executive may ask for powers to censor credit ratings for countries in crisis  its financial reform chief said on Thursday  describing a ban as one way of stopping fallout from "ill-thought-out" ratings.,normal
MCO,Moody&#39;s Corporation,20111020,UPDATE 3-EU may demand rating blackout for crisis states ,* EU's Barnier says may censor ratings for stricken countries,normal
MCO,Moody&#39;s Corporation,20111020,New Issue-IADB prices $500 mln 2041 bond ,Borrower                Inter American Development Bank (IADB),normal
MS,Morgan Stanley,20111020,MOVES-HighTower Advisors ,Oct 20 The following financial service industry appointment was announced on Thursday. To inform us of other job changes  email to moves@thomsonreuters.com.,topStory
NYT,New York Times Company (The),20111020,NY Times boosts digital subscribers; ad rev drops ,The New York Times Co said the number of subscribers to its flagship digital products increased in the third quarter while overall advertising revenue at the company slid sharply.,topStory
NYT,New York Times Company (The),20111020,UPDATE 3-NY Times boosts digital subscribers; ad rev drops ,Oct 20 The New York Times Co said the number of subscribers to its flagship digital products increased in the third quarter while overall advertising revenue at the company slid sharply.,normal
NFX,Newfield Exploration Company,20111020,UPDATE 1-Newfield Exploration slides on weak Q3  lowered outlook ,Oct 19 Shares of Newfield Exploration Co  dipped 18 percent to their lowest in nearly two years  a day after the independent oil and gas company posted quarterly results below expectations on higher expenses and cut its full-year production.,topStory
NFX,Newfield Exploration Company,20111020,Newfield Exploration shares fall on weak Q3 ,Oct 19 Shares of Newfield Exploration Co  dipped 18 percent to their lowest in nearly two years  a day after the independent oil and gas company posted quarterly results below expectations on higher expenses.,normal
NBL,Noble Energy Inc,20111020,UPDATE 3-Noble Energy profit beats Wall Street expectations ,Oct 20 Noble Energy Inc   a U.S. oil and gas producer  reported a quarterly profit that topped Wall Street expectations  helped by higher-than-expected production and prices.,topStory
NUE,Nucor Corporation,20111020,UPDATE 4-Steelmaker Nucor's Q3 profit up  sees stronger Q1 ,Oct 20 Nucor Corp's third-quarter profit beat Wall Street estimates and although the steelmaker sees market deterioration for the rest of this year  it expects orders to pick up early next year.,topStory
BTU,Peabody Energy Corporation,20111020,Peabody says some Macarthur bid conditions freed ,Oct 21 Peabody Energy and ArcelorMittal's said some conditions which would have defeated its A$4.9 billion ($5.1 billion) bid for Australia's Macarthur Coal had now been freed after major shareholder Citic Resources accepted the bid.,topStory
BTU,Peabody Energy Corporation,20111020,UPDATE 1-Citic accepts $5 bln Peabody offer for Australia's Macarthur ,* Deal with top shareholder takes acceptances above 49 pct,normal
BTU,Peabody Energy Corporation,20111020,Citic accepts Peabody offer for Australia's MacArthur ,Oct 21 China's Citic Resources has accepted Peabody Energy and ArcelorMittal's A$4.9 billion ($5.1 billion) takeover offer for Australia's Macarthur Coal   the companies said on Friday.,normal
PAG,Penske Automotive Group Inc,20111020,Ford sees limited costs  new flexibility in UAW pact ,DETROIT Ford Motor Co  said its new four-year contract with the United Auto Workers union would increase its costs less than 1 percent annually  with higher bonuses offset by newly won flexibility in work rules.,topStory
PAG,Penske Automotive Group Inc,20111020,UPDATE 4-Ford sees limited costs  new flexibility in UAW pact ,* Costs average additional $80 mln per year over 2012-2015,normal
PAG,Penske Automotive Group Inc,20111020,Ford sees limited costs  new flexibility in UAW pact ,DETROIT Ford Motor Co  said its new four-year contract with the United Auto Workers union will increase its costs less than 1 percent annually  with higher bonuses offset by newly won flexibility in work rules.,normal
PKI,PerkinElmer Inc,20111020,New Issue-PerkinElmer sells $500 mln in notes ,Oct 20 PerkinELmer Inc on Thursday sold $500 million of senior unsecured notes  said IFR  a Thomson Reuters service.      Bank of American Merrill Lynch  Barclay's Capital and Deutsche Bank were the joint bookrunning managers for the sale. BORROWER: PERKINELMER INC AMT $500 MLN      COUPON 5.00 PCT     MATURITY 11/15/2021 TYPE SR NTS       ISS PRICE 99.372    FIRST PAY 5/15/2012 MOODY'S Baa3      YIELD 5.08 PCT      SETTLEMENT 10/25/2011 S&P TRIPLE-B      SPREAD 290 BPS      PAY FREQ,topStory
PJC,Piper Jaffray Companies,20111020,Polycom plunges on competitor worries ,Polycom Inc  shares fell by more than a third on Thursday  a day after the videoconferencing company forecast dismal fourth-quarter sales in the face of slow corporate spending and increased competition from rivals like Cisco Systems .,topStory
PG,Procter & Gamble Company (The),20111020,Legendary Entertainment names new board member ,LOS ANGELES (TheWrap.com) - A.G. Lafley  the former chairman  president and CEO of Procter & Gamble  has joined the board of directors of Legendary Entertainment  the company announced Thursday.,topStory
RIO,Rio Tinto Plc,20111020,UPDATE 2-Anglo American Q3 copper dips  2011 seen higher ,* Coal output hit by South African strikes  longwall moves,topStory
RY,Royal Bank Of Canada,20111020,Dexia clears Belgium sale  sets terms for French unit ,BRUSSELS  Oct 20 Bailed out Franco-Belgian financial group Dexia said on Thursday it had finalised the sale of its Belgian banking business to the Belgian state and set terms for the sale of its French public financing arm.,topStory
RBS,Royal Bank Scotland plc (The),20111020,UPDATE 5-Scotiabank to pay $1 bln for Colombian bank stake ,BOGOTA/TORONTO  Oct 20 Bank of Nova Scotia  agreed to pay about $1 billion in cash and stock for a majority stake in Colombia's unlisted Banco Colpatria  expanding the Canadian bank's footprint in the Latin American country.,topStory
SJR,Shaw Communications Inc,20111020,UPDATE 1-Shaw Communications Q4 profit rises ,Oct 20 Shaw Communications said quarterly profit rose helped partly by its new media acquisitions  but forecast a moderate slowdown in free cash flow for 2012.,topStory
SON,Sonoco Products Company,20111020,New Issue-Sonoco Products sells $500 mln in 2 parts ,Oct 20 Sonoco Products Co   on Thursday sold $500 million notes in two parts  said IFR  a Thomson Reuters service.      Bank of America Merrill Lynch  JP Morgan and Wells Fargo were the joint bookrunning managers for the sale. BORROWER: SONOCO PRODUCTS CO TRANCHE 1 AMT $250 MLN      COUPON 4.375 PCT    MATURITY 11/1/2021  TYPE SR NTS       ISS PRICE 99.543    FIRST PAY 5/1/2012  MOODY'S Baa2      YIELD 4.432 PCT     SETTLEMENT 10/27/2011 S&P BBB-PLUS      SPREAD 225 BPS      PAY FREQ,topStory
SNE,Sony Corp Ord,20111020,WRAPUP 3-Thailand struggles to cope with floods  PM wants unity ,* Minister says 90 pct of Bangkok is safe; sluice gates to open,topStory
SNE,Sony Corp Ord,20111020,REFILE-UPDATE 2-Thai floods hit Japan carmaker output  delay Sony launches ,* Unsure when Thai output will be restored - Japan auto group,normal
SNE,Sony Corp Ord,20111020,Sony: camera launches delayed due to Thai flooding ,TOKYO Sony Corp said on Thursday it would delay indefinitely the launches of several new cameras  lens kits and headphones after flooding forced it to halt production at some plants in Thailand.,normal
SNE,Sony Corp Ord,20111020,Sony: camera launches delayed due to Thai flooding ,TOKYO  Oct 20 Sony Corp said on Thursday it would delay indefinitely the launches of several new cameras  lens kits and headphones after flooding forced it to halt production at some plants in Thailand.,normal
LUV,Southwest Airlines Company,20111020,UPDATE 4-Southwest Airlines results top estimates ,Oct 20 Discount carrier Southwest Airlines Co posted a higher-than-expected quarterly profit  excluding special items  and said bookings look strong  sending its shares up over 4 percent.,topStory
TCO,Taubman Centers Inc,20111020,UPDATE 2-Strong sales help boost Taubman's third quarter ,Oct 20 Taubman Centers Inc said quarterly earnings rose as sales at its luxury malls grew nearly 12 percent  underscoring the spending power of richer Americans  and the company raised its forecast for the year.,topStory
BX,The Blackstone Group LP,20111020,Blackstone flexes muscle with new money and deals ,Blackstone Group  is buying more assets and attracting new money from investors  flexing its muscle as losses pile up at private equity firms.,topStory
BX,The Blackstone Group LP,20111020,UPDATE 6-Blackstone flexes muscle with new money and deals ,* Q3 loss 31 cents/share vs Street view loss 5 cents/share,normal
UNP,Union Pacific Corporation,20111020,UPDATE 4-Union Pacific beats estimates; shares rise ,Oct 20 Union Pacific Corp reported record quarterly results that topped estimates because of pricing gains and fuel surcharges  and said re-pricing older contracts will boost profit next year.,topStory
VLO,Valero Energy Corporation,20111020,Valero says prepping Corpus Christi refinery overhaul ,HOUSTON  Oct 20 Valero Energy Corp's  142 000 barrel per day (bpd) Corpus Christi refinery was preparing its east plant for a planned three-week overhaul  a corporate spokesman said on Thursday.,topStory
VLO,Valero Energy Corporation,20111020,CORRECTED-(OFFICIAL)-Kinder Parkway line almost full ,Oct 19 Kinder Morgan said shippers had committed to about 100 000 barrels per day of its 110 000 bpd capacity for the Parkway Pipeline  its new joint venture oil products pipeline with Valero Energy Corp.,normal
VLO,Valero Energy Corporation,20111020,UPDATE 1-Valero reports unit upset at Three Rivers refinery ,Oct 20 Valero Energy Corp reported a process unit upset at its 93 000 barrel-per-day Three Rivers refinery in Texas  due to hydraulic constraints  according to a filing with state environmental regulators.,normal
WMT,Wal-Mart Stores Inc,20111020,Q+A: South African court hears appeal on Wal-Mart  Massmart deal ,JOHANNESBURG/CAPE TOWN South Africa's Competition Appeal Court started hearing an appeal by the government on Thursday aimed at overturning or attaching more conditions to Wal-Mart's  $2.4 billion acquisition of Massmart ,topStory
WMT,Wal-Mart Stores Inc,20111020,Q+A-SAfrican court hears appeal on Wal-Mart  Massmart deal ,JOHANNESBURG/CAPE TOWN Oct 20 South Africa's Competition Appeal Court started hearing an appeal by the government on Thursday aimed at overturning or attaching more conditions to Wal-Mart's $2.4 billion acquisition of Massmart,normal
WFC,Wells Fargo & Company,20111020,New Issue-Sonoco Products sells $500 mln in 2 parts ,Oct 20 Sonoco Products Co   on Thursday sold $500 million notes in two parts  said IFR  a Thomson Reuters service.      Bank of America Merrill Lynch  JP Morgan and Wells Fargo were the joint bookrunning managers for the sale. BORROWER: SONOCO PRODUCTS CO TRANCHE 1 AMT $250 MLN      COUPON 4.375 PCT    MATURITY 11/1/2021  TYPE SR NTS       ISS PRICE 99.543    FIRST PAY 5/1/2012  MOODY'S Baa2      YIELD 4.432 PCT     SETTLEMENT 10/27/2011 S&P BBB-PLUS      SPREAD 225 BPS      PAY FREQ,topStory
WFC,Wells Fargo & Company,20111020,HOW TO PLAY IT: Banking on financial stocks ,ISSUE: While third-quarter earnings reports present a mixed picture for financial services companies  big declines in bank stocks offer tempting bargains for investors.,normal
