AAPL,Apple Inc,20111230,California law turns up heat on labor conditions ,SAN FRANCISCO A new California law will force retailers and manufacturers to disclose from 2012 how they guard against slavery and human trafficking throughout their supply chains  ratcheting up scrutiny over some of the largest U.S. corporations.,topStory
ESRX,Express Scripts Holding Company,20111230,Walgreen preps customers for loss of Express Scripts ,Walgreen Co  said on Friday it will increase staffing at its call centers and offer discounts as it tries to hang on to customers once it stops filling prescriptions for Express Scripts Inc  members on Sunday.,topStory
SONC,Sonic Corp,20111230,GM recalls 4 873 Sonic cars in U.S. and Canada ,DETROIT General Motors Co is recalling 4 873 of its current year Chevrolet Sonic subcompact cars in the United States and Canada for possible missing front brake pads  the company and federal safety regulators said on Friday.,topStory
BBD,Banco Bradesco Sa,20111230,Bradesco pulls out of HSBC Brazil unit buy: report ,SAO PAULO Banco Bradesco    Brazil's second-biggest private sector bank  pulled out of talks to buy HSBC Holdings Plc's  consumer finance unit Losango on concern about potential charges related to labor disputes  a local newspaper reported on Friday.,topStory
BBDO,Banco Bradesco Sa,20111230,Bradesco pulls out of HSBC Brazil unit buy: report ,SAO PAULO Banco Bradesco    Brazil's second-biggest private sector bank  pulled out of talks to buy HSBC Holdings Plc's  consumer finance unit Losango on concern about potential charges related to labor disputes  a local newspaper reported on Friday.,topStory
BA,Boeing Company (The),20111230,Boeing wins $3.48 billion U.S. missile defense contract ,Boeing Co beat out Lockheed Martin to retain its position as the prime contractor for the U.S. long-range missile shield  the Pentagon said on Friday.,topStory
CVX,Chevron Corporation,20111230,Brazil cites Chevron third time for oil spill ,RIO DE JANEIRO Brazil's oil industry watchdog ANP said on Friday it issued a third citation against Chevron for a November oil spill at the Frade offshore field  signaling that regulators are stepping up oversight of the No. 2 U.S. oil company's offshore operations in Brazil.,topStory
C,Citigroup Inc,20111230,Iran central bank to file motion in US court to unfreeze funds -WSJ ,Dec 30 Bank Markazi  Iran's central bank  is preparing to file a motion in a New York federal court early in February asking for the release of about $2 billion of its frozen funds at Citigroup's Citibank unit  the Wall Street Journal said  citing attorneys for the bank.,topStory
CEO,CNOOC Limited,20111230,CNOOC to set up environmental fund after oil spill ,HONG KONG  Dec 30 China's top offshore oil and gas producer CNOOC Ltd said on Friday that its parent plans to set up an environmental protection fund following a recent oil spill at the listed company's Penglai 19-3 oilfield operated by partner ConocoPhillips.,topStory
COP,ConocoPhillips,20111230,CNOOC to set up environmental fund after oil spill ,HONG KONG  Dec 30 China's top offshore oil and gas producer CNOOC Ltd said on Friday that its parent plans to set up an environmental protection fund following a recent oil spill at the listed company's Penglai 19-3 oilfield operated by partner ConocoPhillips.,topStory
DB,Deutsche Bank AG,20111230,German stocks - Factors to watch on December 30 ,FRANKFURT  Dec 30 The DAX top-30 index looked set to open 0.4 percent higher on Friday  according to premarket data from brokerage Lang & Schwarz at 0712 GMT.,topStory
XOM,Exxon Mobil Corporation,20111230,Oil ends 2011 up 13 percent  third year of gains ,NEW YORK Oil prices ended 2011 up 13 percent as a fresh wave of supply concerns capped a year of unrest and disruptions in North Africa and the Middle East that overwhelmed concerns about the economic health of large consuming nations. | Video ,topStory
XOM,Exxon Mobil Corporation,20111230,UPDATE 1-Russia cuts Sakhalin-1 2012 funds to $2.89 bln-source ,MOSCOW  Dec 30 Russia has approved a 2012 budget of $2.89 billion for the ExxonMobil-led  Sakhalin-1 oil project  down from $3.26 billion for this year  an industry source told Reuters on Friday.,normal
F,Ford Motor Company,20111230,Ford brand 2011 U.S. sales top 2 million ,Ford Motor  said its primary Ford brand vehicle sales topped 2 million in the United States this year  the first time since 2007 that any single automotive brand has reached that level.,topStory
F,Ford Motor Company,20111230,UPDATE 1-Ford 2011 sales top 2 mln  first time since 2007 ,* Says sales fuelled by small cars and brand utilities vehicles,normal
FCX,Freeport-McMoran Inc,20111230,Freeport Indonesia workers to return to mine on Monday - union ,JAKARTA  Dec 30 Workers at Freeport McMoran Copper & Gold Inc's Indonesia unit will return to the Grasberg mine on Monday at the end of a three-month strike after making a deal with a local contractor  a senior union official said on Friday.,topStory
GM,General Motors Company,20111230,GM recalls 4 873 Sonic cars in U.S. and Canada ,DETROIT General Motors Co is recalling 4 873 of its current year Chevrolet Sonic subcompact cars in the United States and Canada for possible missing front brake pads  the company and federal safety regulators said on Friday.,topStory
HPQ,HP Inc,20111230,New details rekindle HP-Hurd flap ,Former Hewlett Packard CEO Mark Hurd made increasingly aggressive romantic advances over several years toward an independent contractor who later accused him of sexual harassment  according to claims in a letter from her lawyer obtained by Reuters.,topStory
HSBC,HSBC Holdings plc,20111230,China's factories falter  pro-growth policies eyed ,BEIJING China's factory activity shrank again December as demand at home and abroad slackened  a purchasing managers' survey showed on Friday  reinforcing the case for pro-growth policies to underpin the world's second-largest economy. | Video ,topStory
HSBC,HSBC Holdings plc,20111230,UPDATE 2-China's factories falter  pro-growth policies eyed ,* Economy on track for 4th successive quarter of slowdown,normal
HSEA,HSBC Holdings plc,20111230,China's factories falter  pro-growth policies eyed ,BEIJING China's factory activity shrank again December as demand at home and abroad slackened  a purchasing managers' survey showed on Friday  reinforcing the case for pro-growth policies to underpin the world's second-largest economy. | Video ,topStory
HSEA,HSBC Holdings plc,20111230,UPDATE 2-China's factories falter  pro-growth policies eyed ,* Economy on track for 4th successive quarter of slowdown,normal
HSEB,HSBC Holdings plc,20111230,China's factories falter  pro-growth policies eyed ,BEIJING China's factory activity shrank again December as demand at home and abroad slackened  a purchasing managers' survey showed on Friday  reinforcing the case for pro-growth policies to underpin the world's second-largest economy. | Video ,topStory
HSEB,HSBC Holdings plc,20111230,UPDATE 2-China's factories falter  pro-growth policies eyed ,* Economy on track for 4th successive quarter of slowdown,normal
JPM,J P Morgan Chase & Co,20111230,HSH Nordbank sues Ally  JPMorgan over mortgage losses ,Dec 30 German lender HSH Nordbank has sued several banks  including Ally Financial and JPMorgan Chase   over losses on $130.2 million in mortgage bond investments  according to court documents.,topStory
LMT,Lockheed Martin Corporation,20111230,Boeing wins $3.48 billion U.S. missile defense contract ,Boeing Co beat out Lockheed Martin to retain its position as the prime contractor for the U.S. long-range missile shield  the Pentagon said on Friday.,topStory
MCO,Moody&#39;s Corporation,20111230,BRIEF-Moody's:No rtgs impact from CLP's impairment charge on Yallourn ,* Moody's : No ratings impact from CLP's impairment charge on Yallourn,topStory
PFE,Pfizer Inc,20111230,U.S. approves Prevnar pneumonia vaccine for adults ,U.S. health regulators approved the expansion of Pfizer Inc's blockbuster Prevnar vaccine for use in adults 50 and older to fight pneumonia  meningitis and other diseases cause by pneumococcus bacteria.,topStory
PFE,Pfizer Inc,20111230,FDA approves Pfizer's Prevnar pneumonia vaccine for adults ,U.S. health regulators approved the expansion of Pfizer Inc's blockbuster Prevnar vaccine for use in adults 50 and older to fight pneumonia  meningitis and other diseases cause by pneumococcus bacteria.,normal
VZ,Verizon Communications Inc,20111230,Verizon ditches $2 fee after customer uproar ,NEW YORK Verizon Wireless has reversed its decision to charge a $2 fee for telephone and online bill payments  bowing to a storm of criticism from consumers and the U.S. communications regulator.,topStory
VZA,Verizon Communications Inc,20111230,Verizon ditches $2 fee after customer uproar ,NEW YORK Verizon Wireless has reversed its decision to charge a $2 fee for telephone and online bill payments  bowing to a storm of criticism from consumers and the U.S. communications regulator.,topStory
WHR,Whirlpool Corporation,20111230,Whirlpool accuses Samsung  LG of dumping washers ,Whirlpool Corp  on Friday accused two South Korean rivals  Samsung Electronics  and LG Electronics   of dumping washing machines in the United States by selling them "at substantially less than fair value.",topStory
