AMZN,Amazoncom Inc,20111101,Deals of the day -- mergers and acquisitions ,Nov 1 The following bids  mergers  acquisitions and disposals involving European  U.S. and Asian companies were reported by 2000 GMT on Tuesday:,topStory
AMGN,Amgen Inc,20111101,Medicare confirms changes in anemia drug use ,LOS ANGELES The Medicare federal health insurance program has confirmed plans to remove a requirement that kidney dialysis providers keep patient hemoglobin levels above a set minimum -- a move likely to reduce use of Epogen  the anemia drug sold by Amgen Inc.,topStory
AMGN,Amgen Inc,20111101,U.S. Medicare confirms changes in anemia drug use ,Nov 1 The U.S. Medicare federal health insurance program has confirmed plans to remove a requirement that kidney dialysis providers keep patient hemoglobin levels above a set minimum -- a move likely to reduce use of Epogen  the anemia drug sold by Amgen Inc .,normal
AAPL,Apple Inc,20111101,SK Telecom  KT to launch iPhone 4S in S.Korea Nov 11 ,SEOUL  Nov 2 South Korea's top mobile carrier SK Telecom and second-ranked KT Corp said in statements on Wednesday they would roll out Apple Inc's  latest iPhone in the country on Nov. 11.,topStory
ADP,Automatic Data Processing Inc,20111101,IFR Preview-major US economic data for release Nov. 2 ,WHAT: Automatic Data Processing (ADP) Employment Report   October WHEN: Wednesday 0815 EDT (1215 GMT) FORECASTS           Reuters     IFR        Previous Nonfarm payrolls    +101 000    +110 000   +91 000 IFR COMMENTARY: "We see the ADP Employment Report showing a gain of approximately 110k in October  which would be fairly close to our estimate of 135k for Friday's private payroll gains reading. Consistent with our call for a small underlying improvement in payrolls for the month  that would ma,topStory
TAPR,Barclays Inverse US Treasury Composite ETN,20111101,Barclays to give $200 mln bridge loan to Bumi Resources-Basis Point ,SINGAPORE  Nov 1 Barclays Capital is providing $200 million in one-year bridge financing to Jakarta-listed thermal coal exporter PT Bumi Resources   Basis Point reported on Tuesday  citing banking sources.,topStory
DLBL,Barclays PLC,20111101,Barclays to give $200 mln bridge loan to Bumi Resources-Basis Point ,SINGAPORE  Nov 1 Barclays Capital is providing $200 million in one-year bridge financing to Jakarta-listed thermal coal exporter PT Bumi Resources   Basis Point reported on Tuesday  citing banking sources.,topStory
DTYL,Barclays PLC,20111101,Barclays to give $200 mln bridge loan to Bumi Resources-Basis Point ,SINGAPORE  Nov 1 Barclays Capital is providing $200 million in one-year bridge financing to Jakarta-listed thermal coal exporter PT Bumi Resources   Basis Point reported on Tuesday  citing banking sources.,topStory
CECO,Career Education Corporation,20111101,Career Education enrollment  margins crash  CEO resigns ,Career Education's third-quarter new student enrollment and margins slid sharply hurt by changes made to comply with stricter education rules  and the for-profit education provider said its chief executive had resigned.,topStory
CECO,Career Education Corporation,20111101,UPDATE 2-Career Education enrollment  margins crash  CEO resigns ,Nov 1 Career Education's third-quarter new student enrollment and margins slid sharply hurt by changes made to comply with stricter education rules  and the for-profit education provider said its chief executive had resigned.,normal
CME,CME Group Inc,20111101,MF Global accounts shock leaves clients scrambling ,CHICAGO/NEW YORK MF Global Holdings Ltd failed to protect customer accounts by keeping them separate from its own funds  said a top U.S. exchange regulator  another shock for commodity markets scrambling to contain fallout from the brokerage's bankruptcy. | Video ,topStory
CME,CME Group Inc,20111101,Commodity trading chill lifts  MF Global angst remains ,CHICAGO/NEW YORK Commodity trading slowly returned to normal on Tuesday as MF Global resumed selling off client positions  although new revelations about missing money sent chills through the markets.,normal
CME,CME Group Inc,20111101,UPDATE 2-Commodity trading chill lifts  MF Global angst remains ,* ICE Futures says clients can close outstanding positions,normal
CME,CME Group Inc,20111101,WRAPUP 4-MF Global accounts shock leaves clients scrambling ,CHICAGO/NEW YORK  Nov 1 MF Global Holdings Ltd failed to protect customer accounts by keeping them separate from its own funds  said a top U.S. exchange regulator  another shock for commodity markets scrambling to contain fallout from the brokerage's bankruptcy.,normal
CME,CME Group Inc,20111101,REFILE-WRAPUP 1-Clients scramble for money after MF Global shock ,LONDON/CHICAGO  Nov 1 MF Global failed to protect customer accounts by keeping them separate from the firm's funds  a top U.S. regulator said  as administrators to the collapsed brokerage's UK arm scrambled to close out billions of dollars worth of client positions.,normal
CME,CME Group Inc,20111101,CME Group profit rises  says to watch costs ,CME Group Inc   the biggest U.S. futures exchange operator  reported a higher-than-expected quarterly profit on Tuesday as expense growth slowed and Chief Executive Craig Donohue said he would keep costs down.,normal
CME,CME Group Inc,20111101,UPDATE 4-CME Group profit rises  says to watch costs ,* Expenses up 4 pct  CEO promises below 5-pct expense rise,normal
CME,CME Group Inc,20111101,MF Global did not separate customer accounts: CME ,CHICAGO MF Global Holdings Ltd   the futures broker that filed for bankruptcy protection on Monday  failed to keep its customers' accounts separate from the firm's funds  its main exchange regulator said on Tuesday.,normal
CME,CME Group Inc,20111101,UPDATE 1-MF Global did not separate customer accounts-CME ,* Separate customer accounts is key to futures brokerages,normal
CME,CME Group Inc,20111101,MF Global did not separate customer accounts: CME ,CHICAGO MF Global Holdings Ltd  the futures broker that filed for bankruptcy protection on Monday  failed to keep its customers' accounts separate from the firm's funds  its main exchange regulator said on Tuesday.,normal
CGNX,Cognex Corporation,20111101,UPDATE 1-Cognex Q3 profit beats  sees Q4 rev below Street view ,Nov 1 Cognex Corp   a maker of vision sensors  posted a quarterly profit that beat estimates  but forecast fourth-quarter revenue below analysts' expectations as it sees sales to semiconductor and electronics industries declining.,topStory
COST,Costco Wholesale Corporation,20111101,UPDATE 1-PREVIEW-US chain store sales seen up again in October ,Nov 1 October sales reports this week will show steady spending by U.S. consumers  according to Thomson Reuters' same-store sales index  as improving finances for many shoppers helped overcome a barrage of scary headlines about the economy.,topStory
COST,Costco Wholesale Corporation,20111101,Chain store sales seen up again in October ,October sales reports this week will show steady spending by U.S. consumers  as improving finances for many shoppers helped overcome a barrage of scary headlines about the economy.,normal
CY,Cypress Semiconductor Corporation,20111101,Atmel sees weak sales to iPad rivals in Q4  shares fall ,Chipmaker Atmel Corp forecast dismal fourth-quarter sales and margins  mostly on lower sales of touchscreen controllers to iPad rivals grappling with higher inventories and a weak global economy.,topStory
DISCA,Discovery Communications Inc,20111101,Discovery earnings up on TV ad sales  distribution ,Discovery Communications Inc  reported better-than-expected quarterly results and the media company behind hit cable TV shows such as "Storm Chasers" and "Deadliest Catch" bumped up its full-year outlook.,topStory
DISCA,Discovery Communications Inc,20111101,UPDATE 2-Discovery earnings up on TV ad sales  distribution ,Nov 1 Discovery Communications Inc  reported better-than-expected quarterly results and the media company behind hit cable TV shows such as "Storm Chasers" and "Deadliest Catch" bumped up its full-year outlook.,normal
DISCB,Discovery Communications Inc,20111101,Discovery earnings up on TV ad sales  distribution ,Discovery Communications Inc  reported better-than-expected quarterly results and the media company behind hit cable TV shows such as "Storm Chasers" and "Deadliest Catch" bumped up its full-year outlook.,topStory
DISCB,Discovery Communications Inc,20111101,UPDATE 2-Discovery earnings up on TV ad sales  distribution ,Nov 1 Discovery Communications Inc  reported better-than-expected quarterly results and the media company behind hit cable TV shows such as "Storm Chasers" and "Deadliest Catch" bumped up its full-year outlook.,normal
DISCK,Discovery Communications Inc,20111101,Discovery earnings up on TV ad sales  distribution ,Discovery Communications Inc  reported better-than-expected quarterly results and the media company behind hit cable TV shows such as "Storm Chasers" and "Deadliest Catch" bumped up its full-year outlook.,topStory
DISCK,Discovery Communications Inc,20111101,UPDATE 2-Discovery earnings up on TV ad sales  distribution ,Nov 1 Discovery Communications Inc  reported better-than-expected quarterly results and the media company behind hit cable TV shows such as "Storm Chasers" and "Deadliest Catch" bumped up its full-year outlook.,normal
DRYS,DryShips Inc,20111101,Shipping investor bids for Metro's Kaufhof -report ,FRANKFURT  Nov 1 German retailer Metro  has drawn a bid for its Kaufhof department-store chain from Greek shipping investor George Economou  a German newspaper reported  citing sources.,topStory
EXPD,Expeditors International of Washington Inc,20111101,UPDATE 1-Expeditors' quarterly revenue misses estimates ,Nov 1 Logistics company Expeditors International of Washington Inc's third-quarter revenue missed Wall Street expectations due to soft air- and ocean-freight markets.,topStory
FISV,Fiserv Inc,20111101,Fiserv Q3 profit beats estimates ,Fiserv Inc  which provides IT services and systems to the financial sector  posted a quarterly profit that beat market expectations on higher processing and services revenue  and raised its 2011 earnings outlook.,topStory
FISV,Fiserv Inc,20111101,UPDATE 1-Fiserv Q3 profit beats estimates ,Nov 1 Fiserv Inc   which provides IT services and systems to the financial sector  posted a quarterly profit that beat market expectations on higher processing and services revenue  and raised its 2011 earnings outlook.,normal
HSIC,Henry Schein Inc,20111101,UPDATE 2-Henry Schein sees FY12 profit below estimates ,Nov 1 Henry Schein Inc forecast 2012 earnings below market estimates  reflecting an uncertain economic climate in Europe and to a lesser extent in the United States  sending the healthcare products distributor's shares down 8 percent.,topStory
IPXL,Impax Laboratories Inc,20111101,UPDATE 1-Impax Labs Q3 beats market ,Nov 1 Impax Laboratories Inc posted a quarterly profit that comfortably beat market estimates  as sales of its Aderall products shot up.,topStory
INTC,Intel Corporation,20111101,HP launches plan to build low-power servers ,SAN FRANCISCO Hewlett Packard Co unveiled plans to develop extremely low-energy servers  partnering with companies such as chip designers ARM Holdings Plc and Advanced Micro Devices Inc in a move that could threaten the dominance of Intel Corp.,topStory
IBKR,Interactive Brokers Group Inc,20111101,MF Global collapses under euro zone bets ,NEW YORK Jon Corzine's bid to revive his Wall Street career crashed and burned on Monday when his futures brokerage MF Global Holdings Ltd filed for bankruptcy protection following bad bets on euro zone debt. | Video ,topStory
DTYS,iPath US Treasury 10-year Bear ETN,20111101,Barclays to give $200 mln bridge loan to Bumi Resources-Basis Point ,SINGAPORE  Nov 1 Barclays Capital is providing $200 million in one-year bridge financing to Jakarta-listed thermal coal exporter PT Bumi Resources   Basis Point reported on Tuesday  citing banking sources.,topStory
DTUS,iPath US Treasury 2-year Bear ETN,20111101,Barclays to give $200 mln bridge loan to Bumi Resources-Basis Point ,SINGAPORE  Nov 1 Barclays Capital is providing $200 million in one-year bridge financing to Jakarta-listed thermal coal exporter PT Bumi Resources   Basis Point reported on Tuesday  citing banking sources.,topStory
DTUL,iPath US Treasury 2-year Bull ETN,20111101,Barclays to give $200 mln bridge loan to Bumi Resources-Basis Point ,SINGAPORE  Nov 1 Barclays Capital is providing $200 million in one-year bridge financing to Jakarta-listed thermal coal exporter PT Bumi Resources   Basis Point reported on Tuesday  citing banking sources.,topStory
DFVS,iPath US Treasury 5-year Bear ETN,20111101,Barclays to give $200 mln bridge loan to Bumi Resources-Basis Point ,SINGAPORE  Nov 1 Barclays Capital is providing $200 million in one-year bridge financing to Jakarta-listed thermal coal exporter PT Bumi Resources   Basis Point reported on Tuesday  citing banking sources.,topStory
DFVL,iPath US Treasury 5-year Bull ETN,20111101,Barclays to give $200 mln bridge loan to Bumi Resources-Basis Point ,SINGAPORE  Nov 1 Barclays Capital is providing $200 million in one-year bridge financing to Jakarta-listed thermal coal exporter PT Bumi Resources   Basis Point reported on Tuesday  citing banking sources.,topStory
FLAT,iPath US Treasury Flattener ETN,20111101,Barclays to give $200 mln bridge loan to Bumi Resources-Basis Point ,SINGAPORE  Nov 1 Barclays Capital is providing $200 million in one-year bridge financing to Jakarta-listed thermal coal exporter PT Bumi Resources   Basis Point reported on Tuesday  citing banking sources.,topStory
DLBS,iPath US Treasury Long Bond Bear ETN,20111101,Barclays to give $200 mln bridge loan to Bumi Resources-Basis Point ,SINGAPORE  Nov 1 Barclays Capital is providing $200 million in one-year bridge financing to Jakarta-listed thermal coal exporter PT Bumi Resources   Basis Point reported on Tuesday  citing banking sources.,topStory
STPP,iPath US Treasury Steepener ETN,20111101,Barclays to give $200 mln bridge loan to Bumi Resources-Basis Point ,SINGAPORE  Nov 1 Barclays Capital is providing $200 million in one-year bridge financing to Jakarta-listed thermal coal exporter PT Bumi Resources   Basis Point reported on Tuesday  citing banking sources.,topStory
IPGP,IPG Photonics Corporation,20111101,UPDATE 2-IPG Photonics gives conservative Q4 outlook ,Nov 1 Specialised laser maker IPG Photonics  posted better-than-expected quarterly results  helped by continued strength at its materials processing applications segment  but forecast a conservative fourth quarter.,topStory
JKHY,Jack Henry & Associates Inc,20111101,UPDATE 1-Fiserv Q3 profit beats estimates ,Nov 1 Fiserv Inc   which provides IT services and systems to the financial sector  posted a quarterly profit that beat market expectations on higher processing and services revenue  and raised its 2011 earnings outlook.,topStory
MSFT,Microsoft Corporation,20111101,Microsoft software bug linked to "Duqu" virus ,Microsoft Corp said hackers exploited a previously unknown bug in its Windows operating system to infect computers with the Duqu virus  which some security experts say could be the next big cyber threat.,topStory
MSFT,Microsoft Corporation,20111101,Microsoft software bug linked to 'Duqu' virus ,* Symantec says virus delivered via tainted Word document,normal
NWS,News Corporation,20111101,RPT-UPDATE 1-Law firm documents add to heat on James Murdoch ,LONDON  Nov 1 News Corp agreed to pay hundreds of thousands of pounds to an early phone-hacking victim because it recognised that evidence from the case was 'fatal' to its claims of innocence  new details released on Tuesday showed.,topStory
NWS,News Corporation,20111101,DirecTV to continue airing Fox shows ,DirecTV Group  the largest U.S. satellite TV provider  said on Monday it will continue carrying all shows by Fox Networks  a week after a dispute broke out between the two over carriage fees.,normal
NWSA,News Corporation,20111101,RPT-UPDATE 1-Law firm documents add to heat on James Murdoch ,LONDON  Nov 1 News Corp agreed to pay hundreds of thousands of pounds to an early phone-hacking victim because it recognised that evidence from the case was 'fatal' to its claims of innocence  new details released on Tuesday showed.,topStory
NWSA,News Corporation,20111101,DirecTV to continue airing Fox shows ,DirecTV Group  the largest U.S. satellite TV provider  said on Monday it will continue carrying all shows by Fox Networks  a week after a dispute broke out between the two over carriage fees.,normal
SIRI,Sirius XM Holdings Inc,20111101,Sirius XM's subscriber numbers miss  shares fall ,Sirius XM Radio's  subscriber additions fell short of some expectations  sending shares of the satellite radio provider down as much as 8 percent on Tuesday.,topStory
SIRI,Sirius XM Holdings Inc,20111101,UPDATE 3-Sirius XM's subscriber numbers miss  shares fall ,Nov 1 Sirius XM Radio's subscriber additions fell short of some expectations  sending shares of the satellite radio provider down as much as 8 percent on Tuesday.,normal
SYMC,Symantec Corporation,20111101,Microsoft software bug linked to 'Duqu' virus ,* Symantec says virus delivered via tainted Word document,topStory
SYMC,Symantec Corporation,20111101,New cyber attack targets chemical firms ,At least 48 chemical and defense companies were victims of a coordinated cyber attack that has been traced to a man in China  according to a new report from security firm Symantec Corp.,normal
TXRH,Texas Roadhouse Inc,20111101,UPDATE 1-Texas Roadhouse Q3 beats Wall Street ,Nov 1 Texas Roadhouse Inc's quarterly profit topped market expectations as it was able to offset higher commodity costs helped by a hike in prices.,topStory
AIG,American International Group Inc,20111101,AIG makes $972 million TARP repayment to Treasury ,WASHINGTON The Treasury Department received a $972 million repayment from American International Group   funded by proceeds from the sale of AIG'S American Life Insurance Co. subsidiary last November  Treasury said on Tuesday.,topStory
AIG,American International Group Inc,20111101,UPDATE 1-AIG makes $972 mln TARP repayment to U.S. Treasury ,WASHINGTON  Nov 1 The U.S. Treasury Department received a $972 million repayment from American International Group   funded by proceeds from the sale of AIG'S American Life Insurance Co. subsidiary last November  Treasury said on Tuesday.,normal
AIG,American International Group Inc,20111101,U.S. Treasury gets $972 mln TARP repayment from AIG ,WASHINGTON  Nov 1 The U.S. Treasury Department said on Tuesday it received a $972 million repayment from American International Group   funded by proceeds from sale of its American Life Insurance Co. subsidiary last November.,normal
ABC,AmerisourceBergen Corporation (Holding Co),20111101,AmerisourceBergen profit up on generics  specialty ,Drug wholesaler AmerisourceBergen Corp  reported higher-than-expected fiscal fourth-quarter earnings on Tuesday  driven by strong sales in its generic and specialty drug businesses.,topStory
ABC,AmerisourceBergen Corporation (Holding Co),20111101,UPDATE 3-AmerisourceBergen profit up on generics  specialty ,Nov 1 Drug wholesaler AmerisourceBergen Corp reported higher-than-expected fiscal fourth-quarter earnings on Tuesday  driven by strong sales in its generic and specialty drug businesses.,normal
AEUA,Anadarko Petroleum Corporation,20111101,UPDATE 2-Transocean demands BP cover Gulf oil spill costs ,Nov 1 Transocean Ltd has asked a federal judge to order BP Plc to cover damages and other costs arising from the Deepwater Horizon oil spill in the Gulf of Mexico in 2010.,topStory
AEUA,Anadarko Petroleum Corporation,20111101,UPDATE 1-Anadarko says may leave Brazil ,Nov 1 U.S. oil and gas company Anadarko Petroleum Corp said on Tuesday it might sell all of its acreage in Brazil if the price was right.,normal
APC,Anadarko Petroleum Corporation,20111101,UPDATE 2-Transocean demands BP cover Gulf oil spill costs ,Nov 1 Transocean Ltd has asked a federal judge to order BP Plc to cover damages and other costs arising from the Deepwater Horizon oil spill in the Gulf of Mexico in 2010.,topStory
APC,Anadarko Petroleum Corporation,20111101,UPDATE 1-Anadarko says may leave Brazil ,Nov 1 U.S. oil and gas company Anadarko Petroleum Corp said on Tuesday it might sell all of its acreage in Brazil if the price was right.,normal
ADM,Archer-Daniels-Midland Company,20111101,ADM hurt by high corn costs; ag services shine ,U.S. agribusiness Archer Daniels Midland Co  boosted trading revenue last quarter  navigating choppy markets better than its rivals  but saw its profit slump on soaring corn prices and poor oilseed processing margins.,topStory
ADM,Archer-Daniels-Midland Company,20111101,UPDATE 3-ADM hurt by high corn costs; ag services shine ,* Agricultural services profit nearly double from year ago,normal
T,AT&T Inc,20111101,UPDATE 2-US judge rules against H&R Block bid to buy rival ,* Could have implications for antitrust case against AT&T,topStory
AVP,Avon Products Inc,20111101,Avon's Cramb gave Citi bribery probe info: source ,A regulatory investigation into Avon Products Inc was triggered by the cosmetics company's vice chairman sharing material information about a China bribery investigation with a Citigroup analyst  a person familiar with the matter said on Tuesday.,topStory
AVP,Avon Products Inc,20111101,UPDATE 1-Avon's Cramb gave Citi bribery probe info-source ,* Avon Reg FD investigation stems from CFO comments-source,normal
AVP,Avon Products Inc,20111101,Avon's Cramb gave Citi bribery probe info-source ,* Avon Reg FD investigation stems from CFO comments-source,normal
BAC,Bank of America Corporation,20111101,Under pressure  Bank of America drops $5 debit card fee ,Bank of America Corp reversed course on Tuesday and scrapped plans to charge a $5 per-month debit fee  handing a victory to consumers and protesters angry with big banks.,topStory
BAC,Bank of America Corporation,20111101,UPDATE 5-Under pressure  B of A drops $5 debit card fee ,Nov 1 Bank of America Corp reversed course on Tuesday and scrapped plans to charge a $5 per-month debit fee  handing a victory to consumers and protesters angry with big banks.,normal
BAC,Bank of America Corporation,20111101,U.S. banks start reviewing foreclosure errors ,Nov 1 Large banks on Tuesday will begin contacting borrowers who could receive financial compensation for problems that occurred during a foreclosure on their home  U.S. banking regulators announced on Tuesday.,normal
BCS,Barclays PLC,20111101,Barclays to give $200 mln bridge loan to Bumi Resources-Basis Point ,SINGAPORE  Nov 1 Barclays Capital is providing $200 million in one-year bridge financing to Jakarta-listed thermal coal exporter PT Bumi Resources   Basis Point reported on Tuesday  citing banking sources.,topStory
BBT,BB&T Corporation,20111101,Deals of the day -- mergers and acquisitions ,Nov 1 The following bids  mergers  acquisitions and disposals involving European  U.S. and Asian companies were reported by 2000 GMT on Tuesday:,topStory
BBT,BB&T Corporation,20111101,BB&T buying BankAtlantic for $301 million premium ,BB&T Corp  will buy Florida-based BankAtlantic Bancorp Inc's  bank subsidiary with $3.3 billion in deposits  the companies said.,normal
BBT,BB&T Corporation,20111101,UPDATE 2-BB&T buying BankAtlantic for $301 mln premium ,Nov 1 BB&T Corp will buy Florida-based BankAtlantic Bancorp Inc's bank subsidiary with $3.3 billion in deposits  the companies said.,normal
BBX,BBX Capital Corporation,20111101,Deals of the day -- mergers and acquisitions ,Nov 1 The following bids  mergers  acquisitions and disposals involving European  U.S. and Asian companies were reported by 2000 GMT on Tuesday:,topStory
BBX,BBX Capital Corporation,20111101,BB&T buying BankAtlantic for $301 million premium ,BB&T Corp  will buy Florida-based BankAtlantic Bancorp Inc's  bank subsidiary with $3.3 billion in deposits  the companies said.,normal
BBX,BBX Capital Corporation,20111101,UPDATE 2-BB&T buying BankAtlantic for $301 mln premium ,Nov 1 BB&T Corp will buy Florida-based BankAtlantic Bancorp Inc's bank subsidiary with $3.3 billion in deposits  the companies said.,normal
BLK,BlackRock Inc,20111101,PRESS DIGEST - Financial Times - Nov 1 ,MF Global became the largest U.S. casualty of the euro zone crisis on Monday as it filed for bankruptcy protection after making big bets on the European sovereign debt market.,topStory
BA,Boeing Company (The),20111101,Boeing brings space taxi jobs to Florida ,CAPE CANAVERAL  Florida Boeing Co will bring hundreds of jobs to Florida by basing a program to develop passenger spaceships at the Kennedy Space Center  first for NASA and later for commercial use  officials said on Monday.,topStory
BA,Boeing Company (The),20111101,REFILE-SIA targets mid-2012 takeoff for new budget carrier Scoot ,SINGAPORE  Nov 1 Singapore Airlines's  new long-haul budget carrier will be named "Scoot" with takeoff set for mid-2012  the new budget carrier said on Tuesday.,normal
SAM,Boston Beer Company Inc (The),20111101,UPDATE 1- Boston Beer Q3 beats Street view ,* Q3 shr $1.19 vs est $1.10     * Q3 rev $134.8 mln vs est $131.9 mln     * Raises FY11 EPS outlook to $3.60-$3.90/shr vs prior $3.20-$3.60/shr      Nov 1 Boston Beer Co Inc   the maker of Samuel Adams beer  reported better-than-expected quarterly results  helped by higher demand  and the company raised its full-year profit forecast.	     The company now sees 2011 earnings of $3.60-$3.90 a share  up from its previous outlook of $3.20-$3.60 a share.	     Analysts  on average  are expe,topStory
BP,BP plc,20111101,UPDATE 2-Transocean demands BP cover Gulf oil spill costs ,Nov 1 Transocean Ltd has asked a federal judge to order BP Plc to cover damages and other costs arising from the Deepwater Horizon oil spill in the Gulf of Mexico in 2010.,topStory
BPI,Bridgepoint Education Inc,20111101,WRAPUP 1-Colleges upbeat on student sign-ups ,* Corinthian sees new student enrollments to grow in late FY12,topStory
BG,Bunge Limited,20111101,UPDATE 1-Bunge plans 1st palm oil investment ,Nov 1 Agricultural processor Bunge Ltd  said on Tuesday it is making its first investment in the palm oil industry by acquiring a 35 percent stake in an Indonesian company.,topStory
CF,CF Industries Holdings Inc,20111101,UPDATE 2-CF Industries Q3 profit widely beats Street ,Nov 1 CF Industries posted a spike in quarterly profit on Tuesday that widely beat Wall Street's expectations as the fertilizer producer successfully raised prices for nitrogen and phosphate.,topStory
C,Citigroup Inc,20111101,UPDATE 1-Avon's Cramb gave Citi bribery probe info-source ,* Avon Reg FD investigation stems from CFO comments-source,topStory
C,Citigroup Inc,20111101,UPDATE 2-Primerica to buy back $200 mln in shares from Citigroup ,Nov 1 A little more than a year after it was spun-off from Citigroup through a public listing  Primerica Inc said it would buy back $200 million of its shares from the bank.,normal
C,Citigroup Inc,20111101,U.S. banks start reviewing foreclosure errors ,Nov 1 Large banks on Tuesday will begin contacting borrowers who could receive financial compensation for problems that occurred during a foreclosure on their home  U.S. banking regulators announced on Tuesday.,normal
C,Citigroup Inc,20111101,Abu Dhabi's UNB sets guidance for 5-yr bond - leads ,DUBAI  Nov 1 Abu Dhabi's Union National Bank  has released price guidance of 287.5 basis points over midswaps area for a five-year benchmark-sized bond  a document from lead managers said on Tuesday.,normal
C,Citigroup Inc,20111101,UPDATE 1-Hexaware says founders have no exit plans ,Nov 1 Software services provider Hexaware Technologies said on Tuesday that its founders remain committed to the company and have no plans to exit.,normal
C,Citigroup Inc,20111101,Hexaware Tech founders appoint Citigroup for stake sale - report ,MUMBAI  Nov 1 Founders of Hexaware Technologies    along with private equity investor General Atlantic  are looking to sell their stake in the company  the Mint newspaper reported on Tuesday.,normal
C,Citigroup Inc,20111101,BOC Hong Kong says to issue $750 mln notes ,HONG KONG  Nov 1 BOC Hong Kong (Holdings) Ltd  said on Tuesday it proposed to issue $750 million first drawdown U.S. dollar denominated notes to professional and institutional investors  raising proceeds for general corporate purposes.,normal
CEO,CNOOC Limited,20111101,CNOOC still in talks for BP's PAE stake after deadline lapses ,HONG KONG  Nov 1 China's biggest offshore oil producer CNOOC Ltd said talks are still ongoing for a $7 billion bid to buy BP Plc's stake in Argentina-based oil and gas group Pan American Energy LLC (PAE)  despite a lapsed deadline on Tuesday.,topStory
KO,Coca-Cola Company (The),20111101,Soft drink makers target U.S. youth online: study ,(Reuters)  U.S. children and teenagers are seeing far more soda advertising than before  with blacks and Hispanics the major targets  as marketers have expanded online  according to a study released on Monday.,topStory
COP,ConocoPhillips,20111101,RPT-UPDATE 2-Petrovietnam bids for ConocoPhillips' Vietnam assets ,* Petrovietnam makes formal move for stakes in disputed water,topStory
DB,Deutsche Bank AG,20111101,Abu Dhabi's UNB sets guidance for 5-yr bond - leads ,DUBAI  Nov 1 Abu Dhabi's Union National Bank  has released price guidance of 287.5 basis points over midswaps area for a five-year benchmark-sized bond  a document from lead managers said on Tuesday.,topStory
DB,Deutsche Bank AG,20111101,BOC Hong Kong says to issue $750 mln notes ,HONG KONG  Nov 1 BOC Hong Kong (Holdings) Ltd  said on Tuesday it proposed to issue $750 million first drawdown U.S. dollar denominated notes to professional and institutional investors  raising proceeds for general corporate purposes.,normal
ERJ,Embraer-Empresa Brasileira de Aeronautica,20111101,PREVIEW-Embraer Q3 revenue  EBITDA up on rising deliveries ,* Eight additional commercial jet deliveries lift revenue     * Analysts see EBITDA doubling from year earlier     * Net income expected to slip due to taxes     By Carolina Marcondes     SAO PAULO  Nov 1 Brazil's Embraer   the world's third-largest commercial planemaker  is expected to post higher third-quarter revenue and operating profit on rising deliveries  but lower net income than a year ago when tax credits lifted its bottom line.     Embraer's net income is seen declining 19,topStory
EMR,Emerson Electric Company,20111101,UPDATE 5-Emerson profit beats  shares gain on outlook ,Nov 1 Industrial conglomerate Emerson Electric Co's beat estimates with a slightly higher quarterly profit and expects profit to grow 10 percent at the midpoint in fiscal 2012  despite a potential recession in Europe.,topStory
EMR,Emerson Electric Company,20111101,Emerson profit beats  2012 outlook in line ,Industrial conglomerate Emerson Electric Co's  beat estimates with slightly higher quarterly profit and it expects to grow profits by 10 percent at the midpoint in fiscal 2012 despite potential recession in Europe.,normal
ETR,Entergy Corporation,20111101,UPDATE 1-Entergy profit slightly exceeds Oct forecast ,Nov 1 Entergy Corp   which is fighting to keep open two of its nuclear power plants in the Northeast  posted slightly higher earnings than it forecast last month.,topStory
EPD,Enterprise Products Partners LP,20111101,UPDATE 1-Enterprise to expand natgas line in Eagle Ford shale ,Nov 1 Enterprise Products Partners LP  said on Tuesday it would extend and expand its natural gas and natural gas liquids infrastructure in south Texas to accommodate output growth from the Eagle Ford shale.,topStory
EOG,EOG Resources Inc,20111101,UPDATE 1-EOG profit boosted by crude prices  production ,Nov 1 EOG Resources Inc reported a quarterly profit compared with a year-earlier loss  as the U.S. oil and gas company benefited from higher oil prices and output.,topStory
FIS,Fidelity National Information Services Inc,20111101,UPDATE 1-FIS Q3 profit beats estimates  plans $500 mln buyback ,* Sees FY rev growth of 10 pct; adj EPS from cont ops $2.24-$2.30,topStory
F,Ford Motor Company,20111101,UPDATE 5-US October auto sales up  but concerns deepen ,* Industrywide sales up 7.5 pct  sales rate near year high,topStory
F,Ford Motor Company,20111101,UPDATE 2-Canada Oct auto sales inch up; GM  Chrysler strong ,Nov 1 Canadian auto sales edged higher in October as strong performances by General Motors   Chrysler and Korean automakers helped offset the still weak sales of Japanese manufacturers.,normal
F,Ford Motor Company,20111101,TABLE-October U.S. light vehicle sales by major automakers ,Nov 1 The following are U.S. auto sales results for the month of October reported on Tuesday by top-selling automakers. U.S. Auto Sales For October 2011       AUTOMAKER            OCTOBER     LAST YR    PCT CHNG 1     General Motors       186 895     183 759        1.7% 2     Ford Motor           167 803     157 935        6.2% 3     Toyota Motor         134 046     145 474       -7.9% 4     Chrysler             114 512      90 137       27.0% 5     Honda Motor Co        98 333      ,normal
FCX,Freeport-McMoran Inc,20111101,UPDATE 1-Lundin says expansion at mine in DRC to proceed ,TORONTO  Nov 1 Lundin Mining   which owns a minority stake in the massive Tenke Fungurume mine in Africa  said on Tuesday that majority stakeholder Freeport-McMoRan has approved a planned expansion at the copper-cobalt mine.,topStory
FCX,Freeport-McMoran Inc,20111101,UPDATE 2-Freeport says Indonesia mine operations lag Q4 goals ,Nov 1 Freeport-McMoRan Copper & Gold Inc said on Tuesday that production and processing rates at its strike-hit Grasberg nine in Indonesia have fallen below levels needed to meet fourth-quarter sales targets.,normal
IT,Gartner Inc,20111101,Gartner Q3 beats as contract value rises ,Gartner Inc   the world's biggest technology research and advisory firm  posted a better-than-expected third quarter helped by a 14 percent rise in contract value  and stood by its full-year profit outlook.,topStory
IT,Gartner Inc,20111101,UPDATE 2-Gartner Q3 beats as contract value rises ,* Ups FY11 rev forecast to $1.44-$1.48 bln vs est $1.46 bln,normal
GEK,General Electric Capital Corporation,20111101,UPDATE 1-NRC approves South Texas amended ABWR reactor design ,* New reactors are for South Texas plant     * NRG stopped investing in new reactor project     * GE-Hitachi also seeking amended ABWR approval      NEW YORK  Nov 1 The U.S. Nuclear Regulatory Commission (NRC) on Tuesday said it has approved a new version of the Advanced Boiling Water Reactor (ABWR) nuclear power plant design proposed by the South Texas nuclear power project.     In a release  the NRC said it directed its staff to publish a final rule amending the ABWR design certifi,topStory
GE,General Electric Company,20111101,UPDATE 1-NRC approves South Texas amended ABWR reactor design ,* New reactors are for South Texas plant     * NRG stopped investing in new reactor project     * GE-Hitachi also seeking amended ABWR approval      NEW YORK  Nov 1 The U.S. Nuclear Regulatory Commission (NRC) on Tuesday said it has approved a new version of the Advanced Boiling Water Reactor (ABWR) nuclear power plant design proposed by the South Texas nuclear power project.     In a release  the NRC said it directed its staff to publish a final rule amending the ABWR design certifi,topStory
GM,General Motors Company,20111101,UPDATE 2-Canada Oct auto sales inch up; GM  Chrysler strong ,Nov 1 Canadian auto sales edged higher in October as strong performances by General Motors   Chrysler and Korean automakers helped offset the still weak sales of Japanese manufacturers.,topStory
GM,General Motors Company,20111101,TABLE-October U.S. light vehicle sales by major automakers ,Nov 1 The following are U.S. auto sales results for the month of October reported on Tuesday by top-selling automakers. U.S. Auto Sales For October 2011       AUTOMAKER            OCTOBER     LAST YR    PCT CHNG 1     General Motors       186 895     183 759        1.7% 2     Ford Motor           167 803     157 935        6.2% 3     Toyota Motor         134 046     145 474       -7.9% 4     Chrysler             114 512      90 137       27.0% 5     Honda Motor Co        98 333      ,normal
GM,General Motors Company,20111101,TABLE-GM Korea October sales up 1.3 pct y/y ,SEOUL  Nov 1 GM Korea vehicle sales during October (in units):	     	                           October 2011      October 2010	     TOTAL SALES            69 647             68 775	     OVERSEAS SALES         58 591             57 186	     DOMESTIC SALES         11 056             11 589	     Note: Unlisted GM Korea Co is South Korea's third-largest automaker. General Motors Co and partners took a majority stake in some of the assets of failed Daewoo Motor in 2002  creating GM Korea.,normal
GS,Goldman Sachs Group Inc (The),20111101,Goldman's head of Latin American business retires ,NEW YORK  Nov 1 Kevin Kennedy  the head of the Goldman Sachs Group's Latin American group  will retire at the end of this year after an almost four decade career with the firm  according to a memo sent to employees Tuesday.,topStory
GS,Goldman Sachs Group Inc (The),20111101,DIARY-U.S. MEETINGS/WEEK AHEAD ,THOMSON REUTERS  November 1  2011 - Corporate Meetings for US companies for Week ahead.	         S&P 500 Earnings - Weekly           S&P 500 Earnings - Day Ahead   	     Non S&P 500 - Weekly               Non S&P 500 - Day Ahead        	     ConferenceCall/Webcast - Weekly    ConferenceCall/Webcast - Day   	     S&P 500 Earnings - Monthly           Meetings - Day Ahead           	     Economic Indicators                  Dividends                      	     Daily earnings hits & misses    	     ,normal
GS,Goldman Sachs Group Inc (The),20111101,RPT-FACTBOX-MF Global's top creditors  equity investors ,Oct 31 MF Global Holdings Ltd   a futures brokerage run by former Goldman Sachs chief Jon Corzine  filed for Chapter 11 bankruptcy protection on Monday. The following list shows MF Global's 10 largest unsecured creditors  as shown by the company's bankruptcy petition: UNSECURED CREDITOR            NATURE OF CLAIM  AMOUNT OF CLAIM JPMorgan Chase Bank NA   as Trustee                  Bond debt        $1.2 bln Deutsche Bank Trust Co   Americas  as Trustee for   6.25 pct notes due 2016  ,normal
GS,Goldman Sachs Group Inc (The),20111101,RPT-FACTBOX-Largest U.S. bankruptcies ,Oct 31 MF Global Holdings Ltd   a futures brokerage run by former Goldman Sachs chief Jon Corzine  filed for Chapter 11 bankruptcy protection on Monday after a tentative agreement to sell some assets fell apart.     The company had assets of $41.05 billion and debt of $39.68 billion as of Sept. 30  according to its petition filed in the U.S. Bankruptcy Court for the Southern District of New York.     The following is a list of large U.S. bankruptcies since 1980  according to court re,normal
HRB,H&R Block Inc,20111101,UPDATE 2-US judge rules against H&R Block bid to buy rival ,* Could have implications for antitrust case against AT&T,topStory
HTZ,Hertz Global Holdings Inc,20111101,UPDATE 1-Hertz Q3 results beat estimates ,Nov 1 Hertz Global Holdings Inc posted better-than-expected quarterly results  helped by higher car rental revenue.,topStory
HMC,Honda Motor Company Ltd,20111101,UPDATE 5-US October auto sales up  but concerns deepen ,* Industrywide sales up 7.5 pct  sales rate near year high,topStory
HMC,Honda Motor Company Ltd,20111101,UPDATE 2-Canada Oct auto sales inch up; GM  Chrysler strong ,Nov 1 Canadian auto sales edged higher in October as strong performances by General Motors   Chrysler and Korean automakers helped offset the still weak sales of Japanese manufacturers.,normal
HMC,Honda Motor Company Ltd,20111101,Japanese car sales reverse trend  South Korea strong ,SEOUL/TOKYO Japanese car sales rose by double-digits in October thanks to a low comparison base from last year and South Korean carmakers continued their winning ways with double-digit global sales gains.,normal
HMC,Honda Motor Company Ltd,20111101,WRAPUP 2-Japanese car sales reverse trend  S.Korea strong ,* Maruti sales tank 53 pct on labour unrest; Tata  Mahindra up,normal
HMC,Honda Motor Company Ltd,20111101,TABLE-Japan non-mini auto sales up 28.3 pct in Oct ,TOKYO  Nov 1 Automobile sales in Japan  excluding 660cc minivehicles  rose 28.3 percent in October from a year earlier to 247 927 vehicles  the Japan Automobile Dealers Association said on Tuesday.	     Sales at top-ranked Toyota Motor Corp   excluding the Lexus brand  rose 20.4 percent  while Nissan Motor Co  increased 32.5 percent and Honda Motor Co  gained 19.5 percent.	      The following is a sales breakdown  with percentage changes from a year earlier  for October:	  	  TOTAL  ,normal
HMC,Honda Motor Company Ltd,20111101,Japan non-mini auto sales rise 28.3 pct in Oct ,TOKYO  Nov 1 Automobile sales in Japan  excluding 660cc minivehicles  rose 28.3 percent in October from a year earlier to 247 927 vehicles  the Japan Automobile Dealers Association said on Tuesday.,normal
HON,Honeywell International Inc,20111101,Honeywell to pay $338 million for safety-shoe maker ,Diversified U.S. manufacturer Honeywell International Inc  said it would pay $338 million to buy King's Safetywear Ltd  a maker of protective shoes for workers in factories  mines and other industrial environments.,topStory
HON,Honeywell International Inc,20111101,UPDATE 1-Honeywell to pay $338 mln for safety-shoe maker ,Nov 1 Diversified U.S. manufacturer Honeywell International Inc said it would pay $338 million to buy King's Safetywear Ltd  a maker of protective shoes for workers in factories  mines and other industrial environments.,normal
HPQ,HP Inc,20111101,HP launches plan to build low-power servers ,SAN FRANCISCO Hewlett Packard Co unveiled plans to develop extremely low-energy servers  partnering with companies such as chip designers ARM Holdings Plc and Advanced Micro Devices Inc in a move that could threaten the dominance of Intel Corp.,topStory
HSBC,HSBC Holdings plc,20111101,Wells Fargo pulls out of MBIA restructuring case ,Nov 1 Wells Fargo & Co withdrew from two lawsuits challenging MBIA Inc's 2009 restructuring  leaving eight banks to pursue claims against what was once the world's largest bond insurer.,topStory
HSBC,HSBC Holdings plc,20111101,Abu Dhabi's UNB sets guidance for 5-yr bond - leads ,DUBAI  Nov 1 Abu Dhabi's Union National Bank  has released price guidance of 287.5 basis points over midswaps area for a five-year benchmark-sized bond  a document from lead managers said on Tuesday.,normal
HSEA,HSBC Holdings plc,20111101,Wells Fargo pulls out of MBIA restructuring case ,Nov 1 Wells Fargo & Co withdrew from two lawsuits challenging MBIA Inc's 2009 restructuring  leaving eight banks to pursue claims against what was once the world's largest bond insurer.,topStory
HSEA,HSBC Holdings plc,20111101,Abu Dhabi's UNB sets guidance for 5-yr bond - leads ,DUBAI  Nov 1 Abu Dhabi's Union National Bank  has released price guidance of 287.5 basis points over midswaps area for a five-year benchmark-sized bond  a document from lead managers said on Tuesday.,normal
HSEB,HSBC Holdings plc,20111101,Wells Fargo pulls out of MBIA restructuring case ,Nov 1 Wells Fargo & Co withdrew from two lawsuits challenging MBIA Inc's 2009 restructuring  leaving eight banks to pursue claims against what was once the world's largest bond insurer.,topStory
HSEB,HSBC Holdings plc,20111101,Abu Dhabi's UNB sets guidance for 5-yr bond - leads ,DUBAI  Nov 1 Abu Dhabi's Union National Bank  has released price guidance of 287.5 basis points over midswaps area for a five-year benchmark-sized bond  a document from lead managers said on Tuesday.,normal
IBN,ICICI Bank Limited,20111101,Indian shares fall for second day on profit taking ,* State-run oil marketing firms rise on HPCL price hike plan,topStory
ITUB,Itau Unibanco Banco Holding SA,20111101,UPDATE 3-Itau Unibanco beats profit estimate; defaults up ,* Sees efficiency ratio missing initial estimate this year,topStory
ITT,ITT Inc,20111101,ITT Corp shares up following 3-way split ,Nov 1 ITT Corp shares soared more than 21 percent on Tuesday  one of the top percentage gainers on the New York Stock Exchange a day after the company spun off its water and defense businesses.,topStory
JPM,J P Morgan Chase & Co,20111101,Most of $19.9 billion Madoff case vs JPMorgan tossed ,A federal judge threw out most of a $19.9 billion lawsuit against JPMorgan Chase & Co  and a $2 billion case against UBS AG  by the trustee seeking money for victims of epic swindler Bernard Madoff's fraud.,topStory
JPM,J P Morgan Chase & Co,20111101,UPDATE 3-Most of $19.9 bln Madoff case vs JPMorgan tossed ,* Trustee plans to appeal  (Adds planned appeal  details from decision),normal
JPM,J P Morgan Chase & Co,20111101,U.S. banks start reviewing foreclosure errors ,Nov 1 Large banks on Tuesday will begin contacting borrowers who could receive financial compensation for problems that occurred during a foreclosure on their home  U.S. banking regulators announced on Tuesday.,normal
JCP,JC Penney Company Inc Holding Company,20111101,Penney bets on finer offerings for holiday season ,NEW YORK J.C. Penney Co Inc  is adding more expensive items to its holiday selection this year  betting its efforts to become a more fashionable retailer will bring in shoppers willing to spend more.,topStory
JCP,JC Penney Company Inc Holding Company,20111101,Penney bets on finer offerings for holiday season ,NEW YORK  Nov 1 J.C. Penney Co Inc is adding more expensive items to its holiday selection this year  betting its efforts to become a more fashionable retailer will bring in shoppers willing to spend more.,normal
JNJ,Johnson & Johnson,20111101,Health campaigners urge boycott of J&J baby shampoo ,NEW YORK A coalition of health campaigners on Tuesday urged a boycott of Johnson & Johnson until it removes from its baby shampoo a preservative considered by the government to be a possible trigger for some cancers and skin allergies.,topStory
JNJ,Johnson & Johnson,20111101,Health campaigners warn against J&J baby shampoo ,* Health group: preservative may trigger cancer  allergies,normal
KKR,KKR & Co LP,20111101,KKR in talks to buy most of Samson: sources ,Private equity company KKR & Co  is in exclusive talks to buy most of Samson Investment Co  a privately held U.S. oil and gas company  two sources familiar with the matter said on Tuesday.,topStory
KKR,KKR & Co LP,20111101,UPDATE 2-KKR in talks to buy most of Samson - sources ,Nov 1 Private equity company KKR & Co  is in exclusive talks to buy most of Samson Investment Co  a privately held U.S. oil and gas company  two sources familiar with the matter said on Tuesday.,normal
KKR,KKR & Co LP,20111101,KKR not interested in Samson GOM assets: source ,Private-equity firm KKR and Co   which is in exclusive talks to buy most of privately held Samson Investment Co  would likely not be interested in the oil and gas company's Gulf of Mexico assets  a source familiar with the situation said on Tuesday.,normal
KKR,KKR & Co LP,20111101,KKR not interested in Samson GOM assets -source ,Nov 1 Private-equity firm KKR and Co   which is in exclusive talks to buy most of privately held Samson Investment Co  would likely not be interested in the oil and gas company's Gulf of Mexico assets  a source familiar with the situation said on Tuesday.,normal
KKR,KKR & Co LP,20111101,KKR in talks to buy most of Samson -source ,Nov 1 Private equity company KKR and Co  is in exclusive talks to buy most of Samson Investment Co  a privately held U.S. oil and gas company  a source familiar with the matter said on Tuesday.,normal
PHG,Koninklijke Philips NV,20111101,UPDATE 2-Philips signs deal with TPV to switch off TV ,* Philips shares down 2.6 pct  outperform index   (Adds details  analyst and company comments),topStory
LMT,Lockheed Martin Corporation,20111101,Pentagon concludes "should cost" review of F-35 ,* Program office says controlling costs an "absolute must",topStory
M,Macy&#39;s Inc,20111101,UPDATE 3-Macy's flagship to get $400 million makeover ,* Restore building facade  keep wooden escalators  (Adds details from CEO presentation  NEW YORK dateline),topStory
MRO,Marathon Oil Corporation,20111101,WRAPUP 3-Valero  Marathon Petroleum profits rise ,Nov 1 U.S. refining companies Valero Energy Corp and Marathon Petroleum Corp reported sharply higher quarterly profits that topped Wall Street estimates as margins were lifted by the ability to process cheaper grades of crude oil and improved fuel demand.,topStory
MRO,Marathon Oil Corporation,20111101,Marathon Oil quarterly profit  output down ,Marathon Oil Corp   a U.S. oil and gas company that split off its refining business in June  reported a drop in third-quarter profit on higher taxes and lower production.,normal
MRO,Marathon Oil Corporation,20111101,UPDATE 1-Marathon Oil quarterly profit  output down ,Nov 1 Marathon Oil Corp   a U.S. oil and gas company that split off its refining business in June  reported a drop in third-quarter profit on higher taxes and lower production.,normal
MBI,MBIA Inc,20111101,Wells Fargo pulls out of MBIA restructuring case ,Nov 1 Wells Fargo & Co withdrew from two lawsuits challenging MBIA Inc's 2009 restructuring  leaving eight banks to pursue claims against what was once the world's largest bond insurer.,topStory
MET,MetLife Inc,20111101,HOW TO PLAY IT: When the Fed decides bank dividends ,THE ISSUE: The Federal Reserve's rejection of insurance giant MetLife's request for permission to increase its dividend focuses attention on those banks and insurers that can offer attractive yields and raise payouts.,topStory
MTG,MGIC Investment Corporation,20111101,UPDATE 2-Radian posts higher Q3 profit ,* Expects to write more than $5 bln in new insurance in Q4,topStory
MCO,Moody&#39;s Corporation,20111101,BRIEF-Moody's: No negative ratings impact on various US RMBS from transfer of servicing to Ocwen from Litton ,Nov 1 US RMBS transfered to Ocwen from Litton:,topStory
MCO,Moody&#39;s Corporation,20111101,BRIEF: Moody's affirms Prime-1 to SMBC's USCP Programme ,Nov 1 SMBC: * Moody's affirms Prime-1 to SMBC's USCP Programme ,normal
MCO,Moody&#39;s Corporation,20111101,BRIEF-Moody's sees no impact on CapitaMall Trust's rating from private placement ,* Moody's sees no impact on CapitaMall Trust's rating from private placement.,normal
MS,Morgan Stanley,20111101,ALLOCATIONS-Merrill weighs scaling back equity exposure ,Nov 1 After enjoying the best month for stocks in over nine years  Merrill Lynch may soon be joining the herd and scaling back exposure to equities in its portfolios.,topStory
MS,Morgan Stanley,20111101,ON THE MOVE: Wells Fargo  UBS  Benjamin Edwards add advisers ,Nov 1 Wells Fargo Advisors  UBS AG's U.S. wealth management unit  and the boutique brokerage firm Benjamin F. Edwards & Co recently have expanded their adviser ranks with new hires:,normal
MS,Morgan Stanley,20111101,Wells Fargo pulls out of MBIA restructuring case ,Nov 1 Wells Fargo & Co withdrew from two lawsuits challenging MBIA Inc's 2009 restructuring  leaving eight banks to pursue claims against what was once the world's largest bond insurer.,normal
MUR,Murphy Oil Corporation,20111101,TEXT-Fitch:Seasonality evident in 48% wider U.S. Oil & Gas CDS ,Nov 01- Seasonal pressures for U.S. oil and gas companies are becoming more evident in widening credit default swap (CDS) spreads  according to Fitch Solutions in its latest earnings commentary.,topStory
NMR,Nomura Holdings Inc ADR,20111101,Nomura posts $591 million loss  triples cost-cut target ,TOKYO Japan's Nomura Holdings  posted its first quarterly loss in 2-1/2 years on Tuesday due to a slump in investment banking revenues and tripled its cost-cutting target to $1.2 billion to cope with market conditions a top executive said were about as tough as the 2008 financial crisis.,topStory
NMR,Nomura Holdings Inc ADR,20111101,UPDATE 4-Nomura posts $591 mln loss  triples cost-cut target ,* Q2 loss 46.1 bln yen vs 35.6 bln loss forecast of analysts,normal
NMR,Nomura Holdings Inc ADR,20111101,Nomura exec says markets about as tough as in 2008 ,TOKYO The market conditions that drove Nomura Holdings  to its first quarterly loss in 2-1/2 years are just about as tough as during the 2008 financial crisis  the head of the Japanese investment bank's wholesale division said on Tuesday.,normal
NMR,Nomura Holdings Inc ADR,20111101,UPDATE 3-Nomura posts $591 mln loss  triples cost-cut target ,* Q2 loss 46.1 bln yen vs 35.6 bln loss forecast of analysts,normal
NMR,Nomura Holdings Inc ADR,20111101,Nomura: to triple cost-cutting target to $1.2 bln ,TOKYO  Nov 1 Nomura Holdings   Japan's largest investment bank  said on Tuesday it would triple its cost-cutting target to $1.2 billion  with cuts to be focused on its wholesale division.,normal
NMR,Nomura Holdings Inc ADR,20111101,Nomura posts first quarterly loss in 2-1/2 years ,TOKYO  Nov 1 Nomura Holdings   Japan's largest investment bank  posted its first quarterly loss in 2-1/2 years on Tuesday  hit by a slump in Japanese stocks and sluggish trading conditions in Europe and the United States.,normal
NRG,NRG Energy Inc,20111101,UPDATE 1-NRC approves South Texas amended ABWR reactor design ,* New reactors are for South Texas plant     * NRG stopped investing in new reactor project     * GE-Hitachi also seeking amended ABWR approval      NEW YORK  Nov 1 The U.S. Nuclear Regulatory Commission (NRC) on Tuesday said it has approved a new version of the Advanced Boiling Water Reactor (ABWR) nuclear power plant design proposed by the South Texas nuclear power project.     In a release  the NRC said it directed its staff to publish a final rule amending the ABWR design certifi,topStory
NRG,NRG Energy Inc,20111101,NRC approves South Texas amended ABWR reactor design ,NEW YORK  Nov 1 The U.S. Nuclear Regulatory Commission (NRC) said Tuesday it has approved a new version of a nuclear power plant design.     In a release the NRC said it directed its staff to publish a final rule amending the Advanced Boiling Water Reactor design certification to address the effects of the impact of a large commercial aircraft  in accordance with the NRC's 2009 aircraft impact assessment rule.     That aircraft rule followed the attacks on September 11  2001.     Sou,normal
OXY,Occidental Petroleum Corporation,20111101,Colombia to ship at least 38 oil loads in November ,HOUSTON  Nov 1 At least 38 cargoes of Colombian crude oil will load in November  market sources who have seen an early  incomplete loading schedule said on Tuesday.     Colombia's Ecopetrol plans to load out 11 cargoes of Castilla blend  eight Magdalena  two Cusiana and one each of Vasconia and Nare Blend.     Independent Pacific Rubiales intends to ship four cargoes of Rubiales  market sources said.     Occidental Petroleum expects to load one Cano Limon cargo.     Canada-based inde,topStory
OSK,Oshkosh Corporation,20111101,UPDATE 3-Oshkosh profit drops; company lowers 2012 view ,Nov 1 Heavy truck maker Oshkosh Corp  reported a sharp drop in quarterly earnings and lowered its outlook for its core defense business in the new fiscal year  sending its stock down nearly 3 percent.,topStory
PFE,Pfizer Inc,20111101,Pfizer circles wagons around expiring Lipitor ,NEW YORK Pfizer Inc   known for an aggressive sales culture  is planning to hold onto every Lipitor prescription it can as the company's biggest drug faces a first wave of U.S. generic competition later this month.,topStory
PFE,Pfizer Inc,20111101,UPDATE 4-Pfizer circles wagons around expiring Lipitor ,NEW YORK  Nov 1 Pfizer Inc   known for an aggressive sales culture  is planning to hold onto every Lipitor prescription it can as the company's biggest drug faces a first wave of U.S. generic competition later this month.,normal
PFE,Pfizer Inc,20111101,Watson raises forecast as profit tops Street view ,Watson Pharmaceuticals Inc's  third-quarter profit beat expectations on a 39 percent jump in generic drug revenue  helped by sales of oral contraceptives and extended-release products.,normal
PFE,Pfizer Inc,20111101,UPDATE 2-Watson raises forecast as profit tops Street view ,Nov 1 Watson Pharmaceuticals Inc's  third-quarter profit beat expectations on a 39 percent jump in generic drug revenue  helped by sales of oral contraceptives and extended-release products.,normal
PXD,Pioneer Natural Resources Company,20111101,UPDATE 1- Pioneer Natural Resources Q3 beats estimates ,Nov 1 Oil and gas firm Pioneer Natural Resources Inc's quarterly profit beat analysts' expectations for the fourth straight quarter  helped by higher production from its primary Eagle Ford shale assets.,topStory
PLT,Plantronics Inc,20111101,UPDATE 1-Plantronics Q2 beats  sees Q3 below Street ,Nov 1 Headset maker Plantronics Inc's  quarterly results beat market estimates  boosted by enterprise and emerging market sales growth and margin expansion  but forecast a third-quarter profit below analysts' expectations.,topStory
PRI,Primerica Inc,20111101,UPDATE 2-Primerica to buy back $200 mln in shares from Citigroup ,Nov 1 A little more than a year after it was spun-off from Citigroup through a public listing  Primerica Inc said it would buy back $200 million of its shares from the bank.,topStory
PG,Procter & Gamble Company (The),20111101,UPDATE 2-Diamond Foods delays Pringles deal closing to H1 2012 ,* Diamond Foods says delay due to accounting investigation,topStory
RDN,Radian Group Inc,20111101,UPDATE 2-Radian posts higher Q3 profit ,* Expects to write more than $5 bln in new insurance in Q4,topStory
RDN,Radian Group Inc,20111101,UPDATE 1-Radian posts higher Q3 profit ,* Expects to write more than $5 bln in new insurance in Q4,normal
RDC,Rowan Companies plc,20111101,UPDATE 3-Rowan sees higher drilling costs in Q4  rig contracts in 2012 ,Nov 1 Rowan Cos Inc   which is grappling with costly rig upgrades  sees a sequential rise in fourth-quarter drilling costs and said it expects most of its idle rigs to be placed under contract only next year.,topStory
SKM,SK Telecom Co Ltd,20111101,SK Telecom  KT to launch iPhone 4S in S.Korea Nov 11 ,SEOUL  Nov 2 South Korea's top mobile carrier SK Telecom and second-ranked KT Corp said in statements on Wednesday they would roll out Apple Inc's  latest iPhone in the country on Nov. 11.,topStory
SNE,Sony Corp Ord,20111101,Toshiba-Hitachi-Sony LCD alliance to buy Panasonic plant: report ,A public-private fund that will acquire the small- and midsize-LCD operations of Toshiba Corp  Hitachi Ltd and Sony Corp will also buy a Panasonic Corp factory for about 20 billion yen ($255.5 million)  Japanese business daily The Nikkei said.,topStory
SNE,Sony Corp Ord,20111101,UPDATE 1-Toshiba-Hitachi-Sony LCD alliance to buy Panasonic plant-Nikkei ,Nov 2 A public-private fund that will acquire the small- and midsize-LCD operations of Toshiba Corp   Hitachi Ltd and Sony Corp will also buy a Panasonic Corp factory for about 20 billion yen ($255.5 million)  Japanese business daily The Nikkei said.,normal
SNE,Sony Corp Ord,20111101,Sony -6mth div forecast ,MSG TERMINATED Nov 1 (Reuters) -                 SONY CORP                 PARENT-ONLY EARNINGS ESTIMATES                  6 months to      6 months to     6 months ended,normal
TTM,Tata Motors Ltd,20111101,WRAPUP 2-Japanese car sales reverse trend  S.Korea strong ,* Maruti sales tank 53 pct on labour unrest; Tata  Mahindra up,topStory
THC,Tenet Healthcare Corporation,20111101,Hospital operators HCA  Tenet admit more patients ,U.S. hospital operators HCA Holdings Inc and Tenet Healthcare Corp treated more patients at their facilities during the summer months  boosting profits above investor expectations.,topStory
THC,Tenet Healthcare Corporation,20111101,WRAPUP 3-Hospital operators HCA  Tenet admit more patients ,Nov 1 U.S. hospital operators HCA Holdings Inc and Tenet Healthcare Corp treated more patients at their facilities during the summer months  boosting profits above investor expectations.,normal
THC,Tenet Healthcare Corporation,20111101,UPDATE 1-Tenet posts better than expected results ,* Backs 2011 adjusted EBITDA forecast of $1.175-$1.275 bln,normal
TM,Toyota Motor Corp Ltd Ord,20111101,UPDATE 5-US October auto sales up  but concerns deepen ,* Industrywide sales up 7.5 pct  sales rate near year high,topStory
TM,Toyota Motor Corp Ltd Ord,20111101,UPDATE 2-Canada Oct auto sales inch up; GM  Chrysler strong ,Nov 1 Canadian auto sales edged higher in October as strong performances by General Motors   Chrysler and Korean automakers helped offset the still weak sales of Japanese manufacturers.,normal
TM,Toyota Motor Corp Ltd Ord,20111101,TABLE-Japan non-mini auto sales up 28.3 pct in Oct ,TOKYO  Nov 1 Automobile sales in Japan  excluding 660cc minivehicles  rose 28.3 percent in October from a year earlier to 247 927 vehicles  the Japan Automobile Dealers Association said on Tuesday.	     Sales at top-ranked Toyota Motor Corp   excluding the Lexus brand  rose 20.4 percent  while Nissan Motor Co  increased 32.5 percent and Honda Motor Co  gained 19.5 percent.	      The following is a sales breakdown  with percentage changes from a year earlier  for October:	  	  TOTAL  ,normal
TM,Toyota Motor Corp Ltd Ord,20111101,Japan non-mini auto sales rise 28.3 pct in Oct ,TOKYO  Nov 1 Automobile sales in Japan  excluding 660cc minivehicles  rose 28.3 percent in October from a year earlier to 247 927 vehicles  the Japan Automobile Dealers Association said on Tuesday.,normal
TRP,TransCanada Corporation,20111101,TransCanada says delays a threat to Keystone XL ,CALGARY  Alberta An extended delay in approving TransCanada Corp's $7 billion Keystone XL pipeline or a forced rerouting of the controversial project would lead oil shippers and refiners to abandon their support for the line  the company's chief executive said on Tuesday.,topStory
TRP,TransCanada Corporation,20111101,UPDATE 3-TransCanada says delays a threat to Keystone XL ,CALGARY  Alberta  Nov 1 An extended delay in approving TransCanada Corp's $7 billion Keystone XL pipeline or a forced rerouting of the controversial project would lead oil shippers and refiners to abandon their support for the line  the company's chief executive said on Tuesday.,normal
TRP,TransCanada Corporation,20111101,Factbox: Keystone XL dominates U.S. energy  environment agenda ,TransCanada Corp's Keystone XL pipeline is at the center of an emotional debate in the United States  pitting promoters of energy security and job creation against people who are pushing for a green economy and raising fears over risks of moving oil across the length of the country.,normal
RIG,Transocean Ltd,20111101,UPDATE 2-Transocean demands BP cover Gulf oil spill costs ,Nov 1 Transocean Ltd has asked a federal judge to order BP Plc to cover damages and other costs arising from the Deepwater Horizon oil spill in the Gulf of Mexico in 2010.,topStory
UNM,Unum Group,20111101,UPDATE 1-Unum Q3 misses estimates ,Nov 1 Large disability insurer Unum Group  posted quarterly profit that narrowly missed analysts' estimates  hurt mainly by a decline in its UK segment.,topStory
VLO,Valero Energy Corporation,20111101,WRAPUP 3-Valero  Marathon Petroleum profits rise ,Nov 1 U.S. refining companies Valero Energy Corp and Marathon Petroleum Corp reported sharply higher quarterly profits that topped Wall Street estimates as margins were lifted by the ability to process cheaper grades of crude oil and improved fuel demand.,topStory
VLO,Valero Energy Corporation,20111101,UPDATE 1-Valero weighs options for Californian refineries ,* Valero CEO mum on details about California options     * Gasoline prices expected to rise due to state policies      HOUSTON  Nov 1 Valero Energy Corp's  chief executive said on Tuesday the independent refiner was weighing options for its two California refineries due to the state's economic policies.     "We think their policies turn their back on the negative economic impacts " Valero CEO Bill Klesse said in a conference call with Wall Street analysts when asked about a carbon ca,normal
VLO,Valero Energy Corporation,20111101,Valero weighing options for California refineries ,HOUSTON  Nov 1 Independent refiner Valero Energy Corp's chief executive said on Tuesday that the company was weighing options for its two California refineries due to the state's economic policies.     "We think their policies turn their back on the negative economic impacts " Valero CEO Bill Klesse said in a conference call with Wall Street analysts when asked about a carbon cap-and-trade plan recently adopted by California.     "As for us  we're looking at our options " Klesse said,normal
VLO,Valero Energy Corporation,20111101,Valero to run refineries up to 95.6 pct of capacity ,HOUSTON  Nov 1 Independent refiner Valero Energy Corp's 14 refineries were expected to run between 92.8 and 95.6 percent of combined throughput capacity in the fourth quarter of 2011  the company announced on Tuesday.,normal
VLO,Valero Energy Corporation,20111101,Valero: Ran 46 000 bpd Eagle Ford at Three Rivers ,HOUSTON  Nov 1 Valero Energy Corp ran an average of 46 000 barrels per day (bpd) in Eagle Ford crude oil at its 93 000 bpd Three Rivers  Texas  refinery during the third quarter of 2011  the company said Tuesday.,normal
VLO,Valero Energy Corporation,20111101,UPDATE 1-Valero plans work at L.A.  Houston refineries ,* Valero schedules overhauls on three crude units     * Coker unit work to coincide with CDU turnarounds      HOUSTON  Nov 1 Leading independent U.S. refiner Valero Energy Corp said overhauls were planned at refineries in Houston  Los Angeles  Louisiana and Tennessee in the first quarter of 2012  according to a statement issued on Tuesday.     Valero plans crude unit overhauls at its Los Angeles-area  Memphis  Tennessee  and New Orleans-area refineries during the first quarter  the c,normal
VLO,Valero Energy Corporation,20111101,Valero plans work at Texas  California refineries ,HOUSTON  Nov 1 U.S. refiner Valero Energy Corp said overhauls are planned at refineries in Houston  Los Angeles  Louisiana and Tennessee in the first quarter of 2012  a statement issued on Tuesday showed.     Valero plans crude unit overhauls at its Los Angeles-area  Memphis and Louisiana refineries during the first quarter  the company said.     Valero also plans a gasoline unit overhaul at its Houston refinery in February  according to the statement.,normal
VLO,Valero Energy Corporation,20111101,UPDATE 2-Valero profit jumps  says margins slipping ,Nov 1 Valero Energy Corp reported sharply higher quarterly profit on Tuesday  beating Wall Street forecasts as its earnings benefited from fatter profit margins and increased output of diesel and jet fuel.,normal
WMT,Wal-Mart Stores Inc,20111101,Food price rise to hit holiday spending: survey ,More than a third of consumers expect rising food prices to cause them to cut back on holiday spending  a new survey showed on Tuesday.,topStory
WMT,Wal-Mart Stores Inc,20111101,Food price rise to hit US holiday spending-survey ,Nov 1 More than a third of U.S. consumers expect rising food prices to cause them to cut back on holiday spending  a new survey showed on Tuesday.,normal
WEC,WEC Energy Group Inc,20111101,Bluff near Wisc. coal plant slips into Lake Michigan ,NEW YORK  Nov 1 Part of a bluff next to a power plant in Wisconsin collapsed  sending dirt and possibly coal ash into Lake Michigan on Monday  U.S. power company Wisconsin Energy told Reuters Tuesday.     Many of the units at the 2 365-megawatt Oak Creek coal-fired plant were operating at the time and continued to operate  Wisconsin Energy spokeswoman Cathy Schulze said.     She said there were no injuries.     She could not say for certain whether any coal ash spilled into the lake ,topStory
WFC,Wells Fargo & Company,20111101,ALLOCATIONS-Merrill weighs scaling back equity exposure ,Nov 1 After enjoying the best month for stocks in over nine years  Merrill Lynch may soon be joining the herd and scaling back exposure to equities in its portfolios.,topStory
WFC,Wells Fargo & Company,20111101,ON THE MOVE: Wells Fargo  UBS  Benjamin Edwards add advisers ,Nov 1 Wells Fargo Advisors  UBS AG's U.S. wealth management unit  and the boutique brokerage firm Benjamin F. Edwards & Co recently have expanded their adviser ranks with new hires:,normal
WFC,Wells Fargo & Company,20111101,Wells Fargo pulls out of MBIA restructuring case ,Nov 1 Wells Fargo & Co withdrew from two lawsuits challenging MBIA Inc's 2009 restructuring  leaving eight banks to pursue claims against what was once the world's largest bond insurer.,normal
WFC,Wells Fargo & Company,20111101,U.S. banks start reviewing foreclosure errors ,Nov 1 Large banks on Tuesday will begin contacting borrowers who could receive financial compensation for problems that occurred during a foreclosure on their home  U.S. banking regulators announced on Tuesday.,normal
WFC,Wells Fargo & Company,20111101,Wells Fargo combines wealth businesses  re-brands ,Nov 1 Wells Fargo & Company is combining two of the company's wealth management units into one business catering to clients with $50 million or more in investable assets  the firm said on Tuesday.,normal
WLK,Westlake Chemical Corporation,20111101,UPDATE 2-Westlake Chemical Q3 beats  upbeat on cheap gas ,Nov 1 Westlake Chemical Corp posted market-topping third-quarter results on higher prices  and the commodity chemicals maker said cheap natural gas will help ethylene producers like itself remain globally competitive.,topStory
WBK,Westpac Banking Corporation,20111101,Australia Westpac cuts mortgage rates by 25 bps  in line with cbank ,SYDNEY  Nov 1 Westpac Banking Corp on Tuesday cut its variable mortgage rate by 25 basis points to 7.61 percent effective Nov. 14  in line with the Australian central bank rate cut.,topStory
