AAPL,Apple Inc,20111220,Apple buys Israel's Anobit for $500 million: report ,JERUSALEM Apple has bought Israel's Anobit  a maker of flash storage technology  for up to $500 million  the Calcalist financial daily reported on Tuesday.,topStory
AAPL,Apple Inc,20111220,Apple buys Israel's Anobit for $500 mln - report ,JERUSALEM  Dec 20 Apple has bought Israel's Anobit  a maker of flash storage technology  for up to $500 million  the Calcalist financial daily reported on Tuesday.,normal
AAPL,Apple Inc,20111220,UPDATE 4-Apple scores limited victory in smartphone patent war ,TAIPEI  Dec 20 Apple Inc scored a narrow victory against Taiwan's HTC Corp in a patent lawsuit over smartphone technology that will set the stage for further battles between rival makers in the fiercely competitive market.,normal
AAPL,Apple Inc,20111220,HTC bounces after ITC ruling and share buy back plan ,TAIPEI HTC Corp  said on Tuesday it will buy back 10 million shares at T$445-650 until Feb 19  a move to boost investor confidence after it claimed a win in a U.S. patent case brought by arch rival Apple Inc .,normal
CSIQ,Canadian Solar Inc,20111220,TransCanada to buy Ontario solar projects from Canadian Solar ,TransCanada Corp said it agreed to buy 86 megawatt of solar power projects in Ontario from a unit of panel maker Canadian Solar Inc for $470 million.,topStory
CSIQ,Canadian Solar Inc,20111220,UPDATE 1-TransCanada to buy Ontario solar projects from Canadian Solar ,Dec 20 TransCanada Corp said it agreed to buy 86 megawatt of solar power projects in Ontario from a unit of panel maker Canadian Solar Inc for $470 million.,normal
CBRL,Cracker Barrel Old Country Store Inc,20111220,UPDATE 1-Cracker Barrel shareholders elect co's nominees to board ,* Says prelim results show shareholders elect co's nominees to board,topStory
CBRL,Cracker Barrel Old Country Store Inc,20111220,DIARY-U.S. MEETINGS/WEEK AHEAD ,THOMSON REUTERS  December 20  2011 - Corporate Meetings for US companies for Week ahead.	         S&P 500 Earnings - Weekly           S&P 500 Earnings - Day Ahead   	     Non S&P 500 - Weekly               Non S&P 500 - Day Ahead        	     ConferenceCall/Webcast - Weekly    ConferenceCall/Webcast - Day   	     S&P 500 Earnings - Monthly           Meetings - Day Ahead           	     Economic Indicators                  Dividends                      	     Daily earnings hits & misses    	    ,normal
DISH,DISH Network Corporation,20111220,Analysis: AT&T may eye Dish or Clearwire deals next ,NEW YORK AT&T Inc may look to Dish Network Corp or Clearwire Corp for its next deal as it recovers from its failure to buy T-Mobile USA.,topStory
DISH,DISH Network Corporation,20111220,Dish up in aftermath of AT&T/T-Mobile deal death ,Shares in Dish Network Corp rose more than 9 percent in early trading on Tuesday as investors bet that the satellite TV company  which owns wireless spectrum  will benefit from the aftermath of AT&T Inc's  failed acquisition of Deutsche Telekom AG's  T-Mobile USA.,normal
EVEP,EV Energy Partners LP,20111220,UPDATE 1-EV Energy Partners CEO steps down  appoints successor ,Dec 20 EV Energy Partners L.P.  said its Chief Executive Officer John Walker will step down at the start of the new year  handing over the reins to Chief Operating Officer Mark Houser.,topStory
IPAR,Inter Parfums Inc,20111220,REFILE-UPDATE 1-Inter Parfums  Burberry discussing status of licensing deal ,Dec 20 Fragrance maker Inter Parfums Inc  said its Paris-based unit was in talks with Burberry Group over the status of its existing licensing agreement with the British luxury goods group.,topStory
MSFT,Microsoft Corporation,20111220,Microsoft says ITC judge finds against Motorola ,WASHINGTON A trade panel judge ruled that Motorola Mobility infringed Microsoft's patented technology in making its Android cellphones  Microsoft said on Tuesday.,topStory
MSFT,Microsoft Corporation,20111220,Nokia: Software glitch draining some Lumia batteries ,Some versions of Nokia's Lumia 800  the first flagship smartphone from the Finnish company using Microsoft Corp's Windows Phone operating system  have a software glitch that drains the batteries.,normal
NWS,News Corporation,20111220,News Corp settles 7 further hacking cases ,LONDON The British newspaper arm of News Corp said on Tuesday it had settled legal claims with a further seven people  including a former lover of Princess Diana and a former politician  after it admitted hacking into phones.,topStory
NWS,News Corporation,20111220,News Corp settles 7 further hacking cases ,LONDON  Dec 20 The British newspaper arm of News Corp said on Tuesday it had settled legal claims with a further seven people  including a former lover of Princess Diana and a former politician  after it admitted hacking into phones.,normal
NWSA,News Corporation,20111220,News Corp settles 7 further hacking cases ,LONDON The British newspaper arm of News Corp said on Tuesday it had settled legal claims with a further seven people  including a former lover of Princess Diana and a former politician  after it admitted hacking into phones.,topStory
NWSA,News Corporation,20111220,News Corp settles 7 further hacking cases ,LONDON  Dec 20 The British newspaper arm of News Corp said on Tuesday it had settled legal claims with a further seven people  including a former lover of Princess Diana and a former politician  after it admitted hacking into phones.,normal
PZZA,Papa John&#39;s International Inc,20111220,Papa John's raises 2011 profit outlook ,Pizza chain Papa John's International Inc  raised its full-year earnings outlook as its restaurants continue to fare well.,topStory
PZZA,Papa John&#39;s International Inc,20111220,UPDATE 1-Papa John's raises 2011 profit outlook ,* Sees 2012 North American comp sales growing 1.5-2.5 pct,normal
PAYX,Paychex Inc,20111220,Paychex Q2 profit beats  reaffirms outlook ,Paychex Inc  posted a quarterly profit that beat market expectations helped by revenue growth in its payroll processing and human resources businesses  and said it continues to see a slow economic recovery with respect to sales from new clients.,topStory
PAYX,Paychex Inc,20111220,UPDATE 2-Paychex Q2 profit beats  reaffirms outlook ,Dec 20 Paychex Inc posted a quarterly profit that beat market expectations helped by revenue growth in its payroll processing and human resources businesses  and said it continues to see a slow economic recovery with respect to sales from new clients.,normal
QCOM,QUALCOMM Incorporated,20111220,Qualcomm founder Irwin Jacobs to retire ,Dec 20 Chipmaker Qualcomm Inc  said founder Irwin Jacobs will retire from the board at the 2012 annual stockholder meeting.,topStory
SAFM,Sanderson Farms Inc,20111220,UPDATE 1-Sanderson Farms posts wider-than-expected loss ,Dec 20 Sanderson Farms Inc posted a wider-than expected quarterly loss  hurt by higher feed costs and lower market prices for poultry.,topStory
TIVO,TiVo Corporation,20111220,"Two and a Half Men" funeral tops most-DVR'd list ,LOS ANGELES (TheWrap.com) - What do Ben Roethlisberger's Super Bowl choke and "Two and a Half Men's" send-off to deceased cad Charlie Harper have in common? They were the most-TiVo'ed moments on television in 2011.,topStory
AZN,Astrazeneca PLC,20111220,Three European companies douse hopes for new drugs ,LONDON/PARIS Three of Europe's biggest drugmakers -- AstraZeneca   Novartis  and Sanofi  -- reported product setbacks on Tuesday  underlining the difficulties of developing new medicines to make up for those going off patent.,topStory
AZN,Astrazeneca PLC,20111220,Drugmakers drag FTSE down  AstraZeneca cuts outlook ,LONDON Dec 20 Drugmakers led Britain's top share index lower early on Tuesday  after AstraZeneca  announced pipeline setbacks and lowered its earnings per share outlook.,normal
T,AT&T Inc,20111220,Analysis: AT&T may eye Dish or Clearwire deals next ,NEW YORK AT&T Inc may look to Dish Network Corp or Clearwire Corp for its next deal as it recovers from its failure to buy T-Mobile USA.,topStory
T,AT&T Inc,20111220,Deutsche Telekom could be forced into arms of Sprint ,FRANKFURT Deutsche Telekom may be forced into a tie-up of its sub-scale U.S. wireless unit with Sprint Nextel after a $39 billion deal with AT&T collapsed.,normal
T,AT&T Inc,20111220,Dish up in aftermath of AT&T/T-Mobile deal death ,Shares in Dish Network Corp rose more than 9 percent in early trading on Tuesday as investors bet that the satellite TV company  which owns wireless spectrum  will benefit from the aftermath of AT&T Inc's  failed acquisition of Deutsche Telekom AG's  T-Mobile USA.,normal
T,AT&T Inc,20111220,AT&T gives up on $39 billion bid for T-Mobile USA ,AT&T has dropped its controversial $39 billion bid for Deutsche Telekom's U.S. wireless unit  bowing to fierce regulatory opposition and leaving both companies scrambling for alternatives. | Video ,normal
T,AT&T Inc,20111220,Collapse of AT&T deal may benefit equipment makers ,The collapse of AT&T's deal to buy Deutsche Telekom's U.S. wireless unit may be welcome news for network equipment makers  as money earmarked for the merger will be freed up for investments.,normal
T,AT&T Inc,20111220,Deutsche Telekom could be forced into arms of Sprint ,FRANKFURT Deutsche Telekom may be forced into a tie-up of its sub-scale U.S. wireless unit with Sprint Nextel after a $39 billion deal with AT&T collapsed.,normal
T,AT&T Inc,20111220,Deutsche Telekom CEO says working on T-Mobile plan ,FRANKFURT  Dec 20 Deutsche Telekom  is working on a long-term plan for its U.S. wireless unit after a deal with AT&T collapsed  Chief Executive Rene Obermann said on Tuesday.,normal
T,AT&T Inc,20111220,U.S. stock index futures rise; AT&T eyed ,* U.S. stock index futures pointed to a higher open on Wall Street on Tuesday  with futures for the S&P 500 up 0.5 percent  Dow Jones futures up 0.3 percent and Nasdaq 100  futures up 0.4 percent at 0819 GMT.,normal
T,AT&T Inc,20111220,RPT-UPDATE 4-AT&T gives up on $39 bln bid for T-Mobile USA ,Dec 19 AT&T has dropped its controversial $39 billion bid for Deutsche Telekom's  U.S. wireless unit  bowing to fierce regulatory opposition and leaving both companies scrambling for alternatives.,normal
T,AT&T Inc,20111220,German stocks - Factors to watch on December 20 ,FRANKFURT  Dec 20 The DAX top-30 index  looked set to open 0.3 percent lower on Tuesday  according to premarket data from brokerage Lang & Schwarz at 0715 GMT.,normal
BAC,Bank of America Corporation,20111220,Bank of America shares close below $5 ,Bank of America Corp  shares closed below $5 on Monday for the first time since March 2009 amid continued concern about its need to build capital.,topStory
BBL,BHP Billiton plc,20111220,BHP sells Chidliak diamond stake  EKATI under review ,LONDON BHP Billiton   the world's largest miner  will sell its majority stake in the Chidliak exploration project in northern Canada to partner Peregrine Diamonds   less than a month after announcing a review of its diamond assets.,topStory
BBL,BHP Billiton plc,20111220,UPDATE 2-BHP sells Chidliak diamond stake  EKATI under review ,* BHP said in November it would review its diamond assets,normal
BH,Biglari Holdings Inc,20111220,DIARY-U.S. MEETINGS/WEEK AHEAD ,THOMSON REUTERS  December 20  2011 - Corporate Meetings for US companies for Week ahead.	         S&P 500 Earnings - Weekly           S&P 500 Earnings - Day Ahead   	     Non S&P 500 - Weekly               Non S&P 500 - Day Ahead        	     ConferenceCall/Webcast - Weekly    ConferenceCall/Webcast - Day   	     S&P 500 Earnings - Monthly           Meetings - Day Ahead           	     Economic Indicators                  Dividends                      	     Daily earnings hits & misses    	    ,topStory
BA,Boeing Company (The),20111220,Boeing 787 delivery delay hits ANA schedule ,All Nippon Airways   the first operator of Boeing Co's  787 Dreamliner  said it will postpone the start of Dreamliner service on some international routes because of a delay in receiving another Dreamliner.,topStory
BA,Boeing Company (The),20111220,Corrected: Boeing 787 delivery delay hits ANA schedule ,All Nippon Airways   the first operator of Boeing Co's  787 Dreamliner  said it will postpone the start of Dreamliner service on some international routes because of a delay in receiving another Dreamliner.,normal
BA,Boeing Company (The),20111220,CORRECTED-UPDATE 1-Boeing 787 delivery delay hits ANA schedule ,Dec 16 All Nippon Airways   the first operator of Boeing Co's 787 Dreamliner  said it will postpone the start of Dreamliner service on some international routes because of a delay in receiving another Dreamliner.,normal
BP,BP plc,20111220,TABLE-Russia refinery maintenance to March 2012 ,MOSCOW  Dec 20 Below are listed Russian oil refinery maintenance schedules through March  according to Energy Ministry data and trade sources.  	  Refinery              Company      Unit     Maintenance dates 	  Novoufimsk            Bashneft     CDU-1         27/11-29/12	                                     Cat.reformer  29/11-25/12	                                                      	  Syzran                Rosneft      Cat reformer  08/11-14/12	                                  ,topStory
BP,BP plc,20111220,Spill reported at Shell Gulf of Mexico drill site ,HOUSTON The U.S. Coast Guard was investigating a 13 000-gallon spill from an oil rig leased to Shell  operating about 26 miles southeast of last year's BP Plc Macondo oil well disaster  a Coast Guard spokesman said on Monday.,normal
CCL,Carnival Corporation,20111220,Europe crisis hitting Carnival's booking prices ,Carnival Corp & Plc   said on Tuesday it has lowered its prices for 2012 cruise bookings because of weaker demand in crisis-hit Europe  and that improvements in its revenue per cabin would continue to be "slow" next year.,topStory
CHL,China Mobile (Hong Kong) Ltd,20111220,China Mobile says total subscribers rose to 644.32 mln in Nov ,HONG KONG  Dec 20 China Mobile Ltd   China's largest mobile carrier  said on Tuesday that its total mobile subscribers increased to 644.32 million in November  including 48 million 3G subscribers.	     China Mobile said on its website that 3G subscribers rose by 2.67 million in November  while total users increased by 5.43 million.	 	  (Reporting by Twinnie Siu; Editing by Chris Lewis),topStory
CHA,China Telecom Corp Ltd,20111220,China Telecom says total subscribers rose to 123.39 mln in Nov ,HONG KONG  Dec 20 China Telecom Corp Ltd   the smallest of the country's three telecommunications operators  said on Tuesday that its mobile subscribers increased to 123.39 million in November  including 33.35 million 3G subscribers.,topStory
CI,Cigna Corporation,20111220,UPDATE 1-Healthways lowers FY11 adj profit outlook ,Dec 20 - Healthways Inc cut its full-year adjusted earnings outlook for the second time in two months  citing the wind-down of a contract with Cigna Corp and anticipated delay in receiving revenue from an international contract.,topStory
C,Citigroup Inc,20111220,TEXT-Fitch cuts Citibank Korea to 'A-'; off RWN ,Dec 20 - Fitch Ratings has downgraded Korea-based Citibank Korea Inc.'s (CKI) Long-Term Foreign Currency Issuer Default Rating (IDR) to 'A-' from 'A' and removed the rating from Rating Watch Negative. The Rating Outlook is Stable. A full rating breakdown is provided below.,topStory
CEO,CNOOC Limited,20111220,CNOOC says gas leak found in south China pipeline ,Dec 20 Chinese offshore oil and gas firm CNOOC Ltd halted production at two platforms after discovering a leak in the subsea gas pipeline at the Zhuhai terminal in southern China near Hong Kong  the company said in a press statement.,topStory
CAG,ConAgra Brands Inc,20111220,General Mills earnings miss  ConAgra beats ,General Mills Inc  posted disappointing quarterly earnings  hurt by weaker-than-expected margins  and its shares fell more than 2 percent  while rival ConAgra Foods Inc  topped Wall Street's expectations  sending shares up 4 percent.,topStory
COP,ConocoPhillips,20111220,ConocoPhillips OK'd to drill in petroleum reserve ,ANCHORAGE  Alaska ConocoPhillips on Monday won a key permit that will allow construction of an oil field that is expected to provide the first-ever production from the National Petroleum Reserve-Alaska on the western North Slope.,topStory
CVS,CVS Health Corporation,20111220,CVS Caremark sees PBM strength in 2012  shares up ,CVS Caremark Corp  on Tuesday silenced some critics of its 2007 merger as it showed that major corporations are choosing its combination of pharmacy benefits management and drugstores as a way to cut healthcare costs.,topStory
DB,Deutsche Bank AG,20111220,Privatizations could help Europe-Deutsche Bank CEO ,FRANKFURT  Dec 20 Deutsche Bank  Chief Executive Josef Ackermann said on Tuesday privatizations could help improve the fiscal situation of Germany and other European countries.,topStory
DOV,Dover Corporation,20111220,TEXT-Fitch affirms Dover's ratings at 'A/F1'; outlook stable ,Dec 20 - Fitch Ratings has affirmed Dover Corporation's (NYSE: DOV) long-term Issuer Default Rating (IDR) and debt ratings at 'A' and its short-term IDR and commercial paper (CP) ratings at 'F1'. A full rating list is shown below.,topStory
EGO,Eldorado Gold Corporation,20111220,REFILE-UPDATE 5-European Goldfields mulls Qatari fallback option ,* Delays shareholder vote on Qatari financing; Qatar stays mum,topStory
E,ENI SpA,20111220,EU mergers and takeovers (Dec 20) ,BRUSSELS  Dec 20 The following are mergers under review by the European Commission and a brief guide to the EU merger process:,topStory
E,ENI SpA,20111220,UPDATE 1-Baker Hughes gets $640 mln Iraqi oil drilling deal ,BAGHDAD  Dec 20 Iraq awarded a $640 million deal to U.S. oil service company Baker Hughes to drill 60 wells in the southern Zubair oilfield  a government spokesman said on Tuesday.,normal
E,ENI SpA,20111220,Baker Hughes gets $640 mln deal for Iraq's Zubair oilfield ,BAGHDAD  Dec 20 Iraq awarded a three-year contract valued at $640 million to U.S. service oil company Baker Hughes to drill 60 wells in Iraq's southern Zubair oilfield  government spokesman Ali al-Dabbagh said on Tuesday.,normal
XOM,Exxon Mobil Corporation,20111220,Oil up on supportive economic data  supply worry ,NEW YORK Oil prices rose on Tuesday  posting the biggest percentage rise since October  on supportive economic data that also lifted the euro and equities  coupled with worries about potential supply disruptions in Iran and Kazakhstan. | Video ,topStory
FMC,FMC Corporation,20111220,UPDATE 1-Fresenius sees 2011 net at top of range  sales shaky ,FRANKFURT  Dec 20 German healthcare conglomerate Fresenius SE said 2011 net income would be at the top of its target range  helped by strong fourth-quarter performance at its generic infusion drugs unit and German hospitals business.,topStory
FMS,Fresenius Medical Care Corporation,20111220,UPDATE 1-Fresenius sees 2011 net at top of range  sales shaky ,FRANKFURT  Dec 20 German healthcare conglomerate Fresenius SE said 2011 net income would be at the top of its target range  helped by strong fourth-quarter performance at its generic infusion drugs unit and German hospitals business.,topStory
FMS,Fresenius Medical Care Corporation,20111220,German stocks - Factors to watch on December 20 ,FRANKFURT  Dec 20 The DAX top-30 index  looked set to open 0.3 percent lower on Tuesday  according to premarket data from brokerage Lang & Schwarz at 0715 GMT.,normal
GIS,General Mills Inc,20111220,General Mills earnings miss  ConAgra beats ,General Mills Inc  posted disappointing quarterly earnings  hurt by weaker-than-expected margins  and its shares fell more than 2 percent  while rival ConAgra Foods Inc  topped Wall Street's expectations  sending shares up 4 percent.,topStory
GM,General Motors Company,20111220,China's Youngman clings to hope on bankrupt Saab ,TROLLHATTAN  Sweden  Dec 20 Chinese car company Zhejiang Youngman Lotus Automobile clung to hope on Tuesday it might salvage parts of bankrupt Saab as Swedish media mourned the passing of one of the country's best known brands.,topStory
GM,General Motors Company,20111220,Saab heads for scrapyard as long rescue quest fails ,TROLLHATTAN  Sweden Famed Swedish car maker Saab was declared bankrupt by a court on Monday  ending a nine-month survival battle by its Dutch owner. | Video ,normal
GSK,GlaxoSmithKline PLC,20111220,Insight: Pharma asks the money question earlier for new drugs ,NEW YORK GlaxoSmithKline Plc executive German Pasteris is in charge of an Alzheimer's treatment that is years from reaching the market  if it ever does. But he already wants to make sure the global healthcare system will pay for it.,topStory
GS,Goldman Sachs Group Inc (The),20111220,UPDATE 1-Cobalt International finds hydrocarbons off Angola ,Dec 20 Cobalt International Energy Inc  said an exploration well off the coast of Angola found hydrocarbons  sending the oil-focused exploration and production company's shares shooting 34 percent.,topStory
GS,Goldman Sachs Group Inc (The),20111220,UK MPs say taxman "too cosy" with companies ,LONDON  Dec 20 Lawmakers on Tuesday attacked "cosy" relations between Britain's tax authorities and large companies  saying they could cost the country millions of pounds.,normal
GHL,Greenhill & Co Inc,20111220,Leading Greenhill banker dies in New Jersey plane crash ,A senior Greenhill & Co Inc investment banker  an avid pilot who worked on some of his firm's biggest deals  was one of five people killed when his private plane crashed on a busy New Jersey highway on Tuesday.,topStory
HMC,Honda Motor Company Ltd,20111220,Honda sees U.S. sales rebound of 23 percent ,DETROIT Honda Motor Co  expects U.S. sales to jump by 23 percent in 2012 as dealer inventories return to normal levels and the Japanese automaker makes up for lost ground against rivals  executives said.,topStory
HSBC,HSBC Holdings plc,20111220,HSBC sells its private bank in Japan to C. Suisse ,SINGAPORE  Dec 21 HSBC  Europe's biggest bank  has agreed to sell its private banking business in Japan to Credit Suisse  the bank said on Wednesday.,topStory
HSEA,HSBC Holdings plc,20111220,HSBC sells its private bank in Japan to C. Suisse ,SINGAPORE  Dec 21 HSBC  Europe's biggest bank  has agreed to sell its private banking business in Japan to Credit Suisse  the bank said on Wednesday.,topStory
HSEB,HSBC Holdings plc,20111220,HSBC sells its private bank in Japan to C. Suisse ,SINGAPORE  Dec 21 HSBC  Europe's biggest bank  has agreed to sell its private banking business in Japan to Credit Suisse  the bank said on Wednesday.,topStory
JPM,J P Morgan Chase & Co,20111220,Martin Act doesn't pre-empt private investor suits ,ALBANY  New York For the first time  New York state's top court has ruled that lawsuits brought by private investors against investment firms are not pre-empted by a powerful state law reserved for use by the state attorney general.,topStory
JBL,Jabil Inc,20111220,Jabil sees Q2 largely below estimates  shares fall ,Contract manufacturer Jabil Circuit Inc  posted quarterly revenue below analysts' estimates as its large customers battled inventory pile-ups  and sees lower revenue in the second quarter from its high-velocity segment which services digital products.,topStory
KKR,KKR & Co LP,20111220,UPDATE 2-Google ties up with KKR for California solar projects ,* KKR forms new company to invest in solar projects in U.S.,topStory
KKR,KKR & Co LP,20111220,Google  KKR to invest in California solar projects ,Google Inc and KKR & Co have agreed to acquire solar photovoltaic projects in California from Recurrent Energy.,normal
KKR,KKR & Co LP,20111220,KKR-backed Tianrui raises $124 mln in HK IPO-IFR ,* Tianrui prices IPO at HK$2.41/share; 2.39 times 2012 P/E,normal
LMT,Lockheed Martin Corporation,20111220,Japan picks Lockheed F-35 fighter as allies stress tight ties ,TOKYO Japan picked Lockheed Martin's F-35 jet as its next mainstay fighter Tuesday  choosing the aircraft over combat-proven but less stealthy rivals  as concern simmers over North Korea and as China introduces its own stealth fighters. | Video ,topStory
LMT,Lockheed Martin Corporation,20111220,UPDATE 3-Japan picks Lockheed F-35 fighter as allies stress tight ties ,* Japan  U.S. stress tight ties after death of North Korean leader,normal
LMT,Lockheed Martin Corporation,20111220,Factbox: Lockheed Martin's F-35 Joint Strike Fighter ,Japan has picked Lockheed Martin Corp's F-35 Joint Strike Fighter as its next-generation mainstay fighter  choosing the radar-evading plane ahead of Boeing's F/A-18 and the Eurofighter Typhoon.,normal
LMT,Lockheed Martin Corporation,20111220,Pentagon hails Japan's F-35 order ,WASHINGTON The Pentagon office that runs the Lockheed Martin Corp on Monday hailed news that Japan had selected the F-35 as its next generation fighter and said it would help strengthen partnerships with Japan.,normal
LMT,Lockheed Martin Corporation,20111220,Lockheed: Japan defense contractors may be able to go global ,TOKYO Japanese defense contractors  including Mitsubishi Heavy Industries  could become global suppliers to the F-35 stealth fighter program if Japan's government decides to ease a decades-old ban on exports of military equipment  an official at Lockheed Martin said.,normal
LMT,Lockheed Martin Corporation,20111220,Japan: Mitsubishi Heavy  IHI to participate on F-35 ,TOKYO Japan's defense ministry said on Tuesday that Mitsubishi Heavy Industries Ltd would participate in the production of Lockheed Martin's F-35 jet  which Japan has chosen as its next mainstay fighter.,normal
LMT,Lockheed Martin Corporation,20111220,Lockheed: F-35 may be chance for Japan defence contractors to go global ,TOKYO  Dec 20 Japanese defence contractors  including Mitsubishi Heavy Industries  could become global suppliers to the F-35 stealth fighter programme if Japan's government decides to ease a decades-old ban on exports of military equipment  an official at Lockheed Martin said.,normal
LMT,Lockheed Martin Corporation,20111220,Lockheed Martin F-35 wins Japan fighter jet deal ,TOKYO  Dec 20 Japan has picked Lockheed Martin's F-35 as its next mainstay fighter  Defence Minister Yasuo Ichikawa said on Tuesday.,normal
MMP,Magellan Midstream Partners LP,20111220,Magellan  Copano to build Eagle Ford condensate line ,NEW YORK Magellan Midstream Partners  said on Tuesday it entered into a joint-venture agreement with Copano Energy  to deliver condensates from the Eagle Ford shale prospect in south Texas to Magellan's Corpus Christi  Texas  terminal.,topStory
MMP,Magellan Midstream Partners LP,20111220,Copano Energy  Magellan Midstream form joint venture ,Natural-gas focused Copano Energy LLC  said it formed a joint venture with Magellan Midstream Partners L.P.  in the liquids-rich Eagle Ford shale play to tap into the more lucrative oil segment.,normal
MMP,Magellan Midstream Partners LP,20111220,UPDATE 1-Copano Energy  Magellan Midstream form joint venture ,Dec 20 Natural-gas focused Copano Energy LLC said it formed a joint venture with Magellan Midstream Partners L.P. in the liquids-rich Eagle Ford shale play to tap into the more lucrative oil segment.,normal
MLM,Martin Marietta Materials Inc,20111220,Investor to Vulcan: consider Martin Marietta bid ,One of Vulcan Materials'  largest shareholders urged the company to seriously consider accepting Martin Marietta Materials'  hostile bid of nearly $5 billion for the producer of sand  gravel and other construction materials.,topStory
MBI,MBIA Inc,20111220,BRIEF: Moody's places on review for possible downgrade three Mexican RMBS insured by MBIA ,* Moody's places on review for possible downgrade three Mexican RMBS insured by MBIA,topStory
MCO,Moody&#39;s Corporation,20111220,BRIEF: Moody's places on review for possible downgrade three Mexican RMBS insured by MBIA ,* Moody's places on review for possible downgrade three Mexican RMBS insured by MBIA,topStory
MCO,Moody&#39;s Corporation,20111220,BRIEF: Moody's adjusts Six Flags' PDR based on final refinancing terms ,* Moody's adjusts Six Flags' PDR based on final refinancing terms,normal
MCO,Moody&#39;s Corporation,20111220,UPDATE 1-EBA capital buffer heightens bank risk-Moody's ,ROME  Dec 20 The European Banking Authority's (EBA) request that banks increase their capital buffer by mid-2012 will weigh on bank balance sheets and heighten risk  Moody's Senior Vice President of credit policy Alain Laurin said on Tuesday.,normal
MCO,Moody&#39;s Corporation,20111220,BRIEF-Moody's places CEDC's CFR & PDR ratings on review ,Dec 20 Central European Distribution Corporation  (CEDC),normal
MS,Morgan Stanley,20111220,M.Stanley to invest $100-$125 mln in India-sources ,MUMBAI  Dec 20 The global real estate fund of Morgan Stanley is in talks with Mumbai-based Sheth Developers to invest $100 million to $125 million in a residential project in India's financial capital  three sources with direct knowledge of the matter said.,topStory
NAV,Navistar International Corporation,20111220,Navistar CEO sees potential Oshkosh ties ,Navistar International Corp's  Chief Executive Dan Ustian reiterated his interest in forging a collaboration with Oshkosh Corp  following another wave of investor comments on the potential merger of the two rivals.,topStory
NAV,Navistar International Corporation,20111220,Navistar beats expectations; eyes Oshkosh ties ,Navistar International Corp  rode momentum in the U.S. and Latin American truck markets to a better-than-expected profit increase in the fiscal fourth quarter  sending company shares significantly higher Tuesday.,normal
NAV,Navistar International Corporation,20111220,UPDATE 1-Navistar Q4 profit beats Wall Street view ,Dec 20 Navistar International Corp  posted a better-than-expected quarterly profit  helped by higher demand for its trucks in North America.,normal
NKE,Nike Inc,20111220,UPDATE 3-Brand power helps Nike beat estimates ,Dec 20 Nike Inc's quarterly results beat Wall Street estimates  as its swoosh logo attracted shoppers  especially in emerging markets  despite higher prices.,topStory
NKE,Nike Inc,20111220,Brand power helps Nike beat estimates ,Nike Inc's  quarterly results beat Wall Street estimates  as its branded merchandise sold well across the world despite higher prices.,normal
JWN,Nordstrom Inc,20111220,Westin signs Pottery Barn as new 'Heavenly' shop ,The "Heavenly Bed " a hotel room staple  is making its way to Williams Sonoma Inc's  Pottery Barn chain as Westin Hotels & Resorts tries to keep up with competitors in the upscale mattress market it helped to create.,topStory
OXY,Occidental Petroleum Corporation,20111220,UPDATE 1-Baker Hughes gets $640 mln Iraqi oil drilling deal ,BAGHDAD  Dec 20 Iraq awarded a $640 million deal to U.S. oil service company Baker Hughes to drill 60 wells in the southern Zubair oilfield  a government spokesman said on Tuesday.,topStory
OXY,Occidental Petroleum Corporation,20111220,Baker Hughes gets $640 mln deal for Iraq's Zubair oilfield ,BAGHDAD  Dec 20 Iraq awarded a three-year contract valued at $640 million to U.S. service oil company Baker Hughes to drill 60 wells in Iraq's southern Zubair oilfield  government spokesman Ali al-Dabbagh said on Tuesday.,normal
OSK,Oshkosh Corporation,20111220,Navistar CEO sees potential Oshkosh ties ,Navistar International Corp's  Chief Executive Dan Ustian reiterated his interest in forging a collaboration with Oshkosh Corp  following another wave of investor comments on the potential merger of the two rivals.,topStory
OSK,Oshkosh Corporation,20111220,Navistar beats expectations; eyes Oshkosh ties ,Navistar International Corp  rode momentum in the U.S. and Latin American truck markets to a better-than-expected profit increase in the fiscal fourth quarter  sending company shares significantly higher Tuesday.,normal
PFE,Pfizer Inc,20111220,FDA to review Pfizer rheumatoid arthritis drug ,U.S. health regulators have accepted the application for Pfizer Inc's closely watched experimental rheumatoid arthritis drug  the drugmaker said on Tuesday.,topStory
PM,Philip Morris International Inc,20111220,Philip Morris to fight Australia plain packaging laws ,MELBOURNE Philip Morris on Tuesday became the third tobacco giant to file a legal challenge against new Australian laws that will force tobacco products to be sold in dull  plain packaging from late next year.,topStory
PM,Philip Morris International Inc,20111220,UPDATE 3-Philip Morris to fight Australia plain packaging laws ,* Philip Morris to launch High Court challenge to new laws,normal
PNC,PNC Financial Services Group Inc (The),20111220,Fed approves PNC deal for RBC U.S. bank  card units ,WASHINGTON The U.S. Federal Reserve Board said on Monday it approved PNC Financial Services Group's application to buy the U.S. retail and credit card operations of Royal Bank of Canada .,topStory
PBH,Prestige Brand Holdings Inc,20111220,RPT-UPDATE 2-GSK sells North American brands to Prestige ,* GSK continuing sale process for non-N.American products,topStory
PUK,Prudential Public Limited Company,20111220,MOVES-Prudential  Bank of Singapore ,Dec 20 The following financial service industry appointments were announced on Tuesday. To inform us of other job changes  email to moves@thomsonreuters.com.,topStory
RJF,Raymond James Financial Inc,20111220,ON THE MOVE: Raymond James hires Merrill adviser team ,Dec 20 Raymond James has expanded its adviser presence into southeast Virginia with the addition of four veteran hires from Bank of America's Merrill Lynch office in Virginia Beach  the firm said Tuesday.,topStory
RBS,Royal Bank Scotland plc (The),20111220,RBS to sell $2.1 bln property loan portfolio-source ,LONDON  Dec 20 Royal Bank of Scotland  is poised to sell a 1.36 billion pound ($2.1 billion) property loan portfolio to a fund managed by Blackstone  as it battles to retreat from riskier real estate lending  a person familiar with the deal told Reuters.,topStory
SNY,Sanofi,20111220,Three European companies douse hopes for new drugs ,LONDON/PARIS Three of Europe's biggest drugmakers -- AstraZeneca   Novartis  and Sanofi  -- reported product setbacks on Tuesday  underlining the difficulties of developing new medicines to make up for those going off patent.,topStory
SNE,Sony Corp Ord,20111220,Sony sells 321 000 PlayStation Vita units in two days ,TOKYO Sony Corp shifted 321 400 units of the PlayStation Vita  its new handheld game device  in Japan in its first two days on sale  research firm Enterbrain said on Tuesday.,topStory
SNE,Sony Corp Ord,20111220,Sony sells 321 000 PlayStation Vita units in 2 days ,TOKYO  Dec 20 Sony Corp shifted 321 400 units of the PlayStation Vita  its new handheld game device  in Japan in its first two days on sale  research firm Enterbrain said on Tuesday.,normal
S,Sprint Corporation,20111220,Deutsche Telekom could be forced into arms of Sprint ,FRANKFURT Deutsche Telekom may be forced into a tie-up of its sub-scale U.S. wireless unit with Sprint Nextel after a $39 billion deal with AT&T collapsed.,topStory
S,Sprint Corporation,20111220,Deutsche Telekom could be forced into arms of Sprint ,FRANKFURT Deutsche Telekom may be forced into a tie-up of its sub-scale U.S. wireless unit with Sprint Nextel after a $39 billion deal with AT&T collapsed.,normal
STO,Statoil ASA,20111220,UPDATE 2-Statoil wins first Angolan operatorships ,* Could be production backbone for the Norwegian firm -VP,topStory
STO,Statoil ASA,20111220,Statoil's new Angolan blocks could become production "backbone" ,OSLO  Dec 20 Five oil-exploration blocks off Angola assigned to Norway's Statoil on Tuesday could become a "backbone" of the company's global production activity  an executive said on Tuesday.,normal
SMFG,Sumitomo Mitsui Financial Group Inc,20111220,Olympus ex-CEO says firm's main bank SMFG declined meeting ,TOKYO Olympus Corp's ousted CEO Michael Woodford said on Tuesday the firm's main banker and major shareholder Sumitomo Mitsui Financial Group had declined his request for a meeting.,topStory
SMFG,Sumitomo Mitsui Financial Group Inc,20111220,Olympus ex-CEO Woodford: firm's main bank SMFG has declined meeting ,TOKYO  Dec 20 Olympus Corp's  ousted CEO Michael Woodford said on Tuesday the firm's main banker and major shareholder Sumitomo Mitsui Financial Group  had declined his request for a meeting.,normal
TK,Teekay Corporation,20111220,U.S. adds 10 companies in Malta to Iran sanctions ,WASHINGTON The U.S. Treasury Department said on Tuesday it was expanding sanctions on Iran to include 10 "shipping and front companies and one individual based in Malta" affiliated with the Islamic Republic of Iran Shipping Lines (IRISL).,topStory
AES,The AES Corporation,20111220,UPDATE 1-AES  Oyak to develop coal project in Turkey ,Dec 20 The AES Corp said its joint venture with Turkey's Koç Holding has agreed to develop a coal project in south east Turkey along with Oyak  the country's largest pension fund.,topStory
BX,The Blackstone Group LP,20111220,RBS to sell $2.1 bln property loan portfolio-source ,LONDON  Dec 20 Royal Bank of Scotland  is poised to sell a 1.36 billion pound ($2.1 billion) property loan portfolio to a fund managed by Blackstone  as it battles to retreat from riskier real estate lending  a person familiar with the deal told Reuters.,topStory
TRP,TransCanada Corporation,20111220,Google  TransCanada set solar plant deals ,Google Inc and TransCanada Corp announced deals to buy solar power projects on Tuesday  just days after billionaire Warren Buffett made his second major purchase in the sector.,topStory
TRP,TransCanada Corporation,20111220,TransCanada to buy Ontario solar projects from Canadian Solar ,TransCanada Corp said it agreed to buy 86 megawatt of solar power projects in Ontario from a unit of panel maker Canadian Solar Inc for $470 million.,normal
TRP,TransCanada Corporation,20111220,UPDATE 1-TransCanada to buy Ontario solar projects from Canadian Solar ,Dec 20 TransCanada Corp said it agreed to buy 86 megawatt of solar power projects in Ontario from a unit of panel maker Canadian Solar Inc for $470 million.,normal
UTX,United Technologies Corporation,20111220,Analysis: United Tech CEO sharpens portfolio-pruning shears ,BOSTON As United Technologies Corp  gets ready to close the biggest takeover in its history  Goodrich Corp   CEO Louis Chenevert is scouring the diversified manufacturer's portfolio for businesses to sell.,topStory
VMC,Vulcan Materials Company,20111220,Investor to Vulcan: consider Martin Marietta bid ,One of Vulcan Materials'  largest shareholders urged the company to seriously consider accepting Martin Marietta Materials'  hostile bid of nearly $5 billion for the producer of sand  gravel and other construction materials.,topStory
DIS,Walt Disney Company (The),20111220,Report card 2011: Disney moved to cut costs with fewer films ,LOS ANGELES (TheWrap.com) - This is the sixth in TheWrap's series of Studio Report Cards.,topStory
