AMZN,Amazoncom Inc,20180611,Foxconn says investigating labor conditions at China factory used for Amazon ,NEW YORK Contract manufacturer Foxconn said on Sunday it is investigating a plant in China that makes devices for Amazon.com Inc   after a U.S. watchdog group criticized what it described as harsh working conditions at the factory. | Video ,topStory,Unknown
AMZN,Amazoncom Inc,20180611,UPDATE 2-Foxconn says investigating labor conditions at China factory used for Amazon ,NEW YORK  June 10 Contract manufacturer Foxconn said on Sunday it is investigating a plant in China that makes devices for Amazon.com Inc  after a U.S. watchdog group criticized what it described as harsh working conditions at the factory.,normal,Sell
AAPL,Apple Inc,20180611,Mapbox taps ex-Apple designer to head augmented reality efforts ,June 11 Mapping startup Mapbox Inc said Monday that it had hired Avi Cieplinski  an veteran of Twitter and Apple who co-invented several popular iPhone features  to head up its efforts help application makers design location-based augmented reality software.,normal,Unknown
CTWS,Connecticut Water Service Inc,20180611,California utilities regulator tells SJW to seek merger approval ,NEW YORK California's utilities regulator has told SJW Group  it must seek approval for its proposed merger with Connecticut Water Service Inc   according to a document provided by the regulator to Reuters  a move that creates a potentially significant impediment to the deal.,topStory,Unknown
CTWS,Connecticut Water Service Inc,20180611,California utilities regulator tells SJW to seek merger approval ,NEW YORK  June 11 California's utilities regulator has told SJW Group it must seek approval for its proposed merger with Connecticut Water Service Inc  according to a document provided by the regulator to Reuters  a move that creates a potentially significant impediment to the deal.,normal,Unknown
SATS,EchoStar Corporation,20180611,Inmarsat could draw more suitors after rejecting EchoStar ,Shares in British satellite company Inmarsat Plc  surged around 12 percent on Monday after the company rejected a bid from U.S. company EchoStar  late last week.,topStory,Unknown
SATS,EchoStar Corporation,20180611,Inmarsat could draw more suitors after rejecting EchoStar ,June 11 Shares in British satellite company Inmarsat Plc surged around 12 percent on Monday after the company rejected a bid from U.S. company EchoStar late last week.,normal,Unknown
SATS,EchoStar Corporation,20180611,Britain's FTSE rises as pounds weakens; bid war hopes lift Inmarsat ,MILAN  June 11 British shares rose on Monday  led by export-oriented firms after disappointing UK factory data hit the pound  while hopes of a bid war boosted satellite provider Inmarsat.,normal,Unknown
SATS,EchoStar Corporation,20180611,UPDATE 1-UK Stocks-Factors to watch on June 11 ,June 11 Britain's FTSE 100 index is seen opening up 16 points at 7 697 on Monday  according to financial bookmakers  with futures up 0.25 percent ahead of the cash market open.,normal,Unknown
SATS,EchoStar Corporation,20180611,UK Stocks-Factors to watch on June 11 ,    June 11 Britain's FTSE 100 index is seen opening up 16 points at 7 697 on Monday  according to financial bookmakers.         * COMCAST: U.S. cable company Comcast is set to gain unconditional EU antitrust approval for its bid to buy European pay-TV company Sky.      * TESCO: Britain's food watchdog said it was investigating allegations that traces of meat had been found in "meat-free" and vegan meals sold at the country's two largest supermarket chains  Tesco and Sainsbury's .   ,normal,Unknown
FB,Facebook Inc,20180611,Inmarsat could draw more suitors after rejecting EchoStar ,June 11 Shares in British satellite company Inmarsat Plc surged around 12 percent on Monday after the company rejected a bid from U.S. company EchoStar late last week.,normal,Unknown
PTC,PTC Inc,20180611,Rockwell to take $1 billion stake in software maker PTC ,Factory automation equipment maker Rockwell Automation said on Monday it would buy an 8.4 percent stake in PTC for $1 billion as it looks to build on its software capabilities to make smarter manufacturing processes for customers.,topStory,Unknown
PTC,PTC Inc,20180611,UPDATE 3-Rockwell to take $1 bln stake in software maker PTC ,* Deal to close in next two months (Updates share price  adds analyst comment),normal,Unknown
PTC,PTC Inc,20180611,Rockwell Automation to make $1 bln investment in software maker PTC ,June 11 U.S. factory automation equipment maker Rockwell Automation Inc said on Monday it would make a $1 billion equity investment in software maker PTC Inc.,normal,Sell
RGNX,REGENXBIO Inc,20180611,BRIEF-Regenxbio Receives $100 Mln Accelerated License Payment ,* REGENXBIO RECEIVES $100 MILLION ACCELERATED LICENSE PAYMENT DUE TO ACQUISITION OF AVEXIS BY NOVARTIS,topStory,Unknown
RCII,Rent-A-Center Inc,20180611,Rent-A-Center gets increased offer after ending strategic review ,Rent-A-Center Inc  said on Monday it received an increased offer to acquire the company from one of the suitors that was involved in its sale process  hours after the rent-to-own furniture retailer said it ended its strategic review.,topStory,Unknown
RCII,Rent-A-Center Inc,20180611,UPDATE 1-Rent-A-Center gets increased offer after ending strategic review ,June 11 Rent-A-Center Inc said on Monday it received an increased offer to acquire the company from one of the suitors that was involved in its sale process  hours after the rent-to-own furniture retailer said it ended its strategic review.,normal,Unknown
RCII,Rent-A-Center Inc,20180611,Rent-A-Center fails to find suitable buyer  ends strategic review ,June 11 Rent-A-Center ended its strategic review and a potential sale of the company as it did not receive any proposals that met the objectives for a sale  the rent-to-own furniture retailer said late on Sunday.,normal,Unknown
SHPG,Shire plc,20180611,Takeda shareholder group aims to block $62 billion Shire deal ,TOKYO A group of Takeda Pharmaceutical Co Ltd  shareholders is trying to build support to block the $62 billion acquisition of London-listed Shire Plc  at an extraordinary general meeting  a leading member of the group told Reuters on Monday.,topStory,Strong Buy
SHPG,Shire plc,20180611,UPDATE 1-Takeda shareholder group aims to block $62 bln Shire deal ,* Owns 1 pct of shares  needs one third of shareholders to block,normal,Strong Buy
TSLA,Tesla Inc ,20180611,Tesla's Autopilot to get 'full self-driving feature' in August ,Shares of Tesla Inc  rose as much as 5 percent on Monday after Chief Executive Officer Elon Musk tweeted that its Autopilot driver assistance system will get full self-driving features following a software upgrade in August. | Video ,topStory,Unknown
TSLA,Tesla Inc ,20180611,UPDATE 1-Tesla's Autopilot to get "full self-driving feature" in August ,June 11 Shares of Tesla Inc rose as much as 5 percent on Monday after Chief Executive Officer Elon Musk tweeted that its Autopilot driver assistance system will get full self-driving features following a software upgrade in August.,normal,Unknown
TSLA,Tesla Inc ,20180611,Tesla's Autopilot to get "full self-driving feature" in August ,June 11 Shares of Tesla Inc rose as much as 5 percent on Monday after Chief Executive Officer Elon Musk tweeted that its Autopilot driver assistance system will get full self-driving features following a software upgrade in August.,normal,Unknown
CG,The Carlyle Group LP,20180611,Neuberger Berman to buy 25 percent stake in Brazil college Uniasselvi ,SAO PAULO U.S.-based investment firm Neuberger Berman LLC is close to acquiring a 25 percent stake in Brazilian college Uniasselvi for $100 million  one source with knowledge of the matter told Reuters.,normal,Unknown
CG,The Carlyle Group LP,20180611,Neuberger Berman to buy 25 pct stake in Brazil college Uniasselvi ,SAO PAULO  June 11 U.S.-based investment firm Neuberger Berman LLC is close to acquiring a 25 percent stake in Brazilian college Uniasselvi for $100 million  one source with knowledge of the matter told Reuters.,normal,Unknown
TCGP,The Carlyle Group LP,20180611,Neuberger Berman to buy 25 percent stake in Brazil college Uniasselvi ,SAO PAULO U.S.-based investment firm Neuberger Berman LLC is close to acquiring a 25 percent stake in Brazilian college Uniasselvi for $100 million  one source with knowledge of the matter told Reuters.,normal,Unknown
TCGP,The Carlyle Group LP,20180611,Neuberger Berman to buy 25 pct stake in Brazil college Uniasselvi ,SAO PAULO  June 11 U.S.-based investment firm Neuberger Berman LLC is close to acquiring a 25 percent stake in Brazilian college Uniasselvi for $100 million  one source with knowledge of the matter told Reuters.,normal,Unknown
WDAY,Workday Inc,20180611,Workday to buy Adaptive Insights for $1.55 billion ,Workday Inc  said on Monday it would buy Adaptive Insights Inc in a deal valued at $1.55 billion  paying a hefty premium for the cloud-based company that was expected to go public this week.,topStory,Unknown
WDAY,Workday Inc,20180611,UPDATE 1-Workday to buy Adaptive Insights for $1.55 bln ,June 11 Workday Inc said on Monday it would buy Adaptive Insights Inc in a deal valued at $1.55 billion  paying a hefty premium for the cloud-based company that was expected to go public this week.,normal,Unknown
WDAY,Workday Inc,20180611,Workday to buy Adaptive Insights for $1.55 bln ,June 11 Human resources software maker Workday Inc said on Monday that it would buy Adaptive Insights Inc in a deal valued at $1.55 billion.,normal,Unknown
AGN,Allergan plc,20180611,Allergan oral migraine drug succeeds in study ,June 11 Allergan Plc said on Monday its oral migraine drug met the main goal across all doses in a study  with a statistically significant reduction in monthly headache days in patients with episodic migraine.,topStory,Unknown
APC,Anadarko Petroleum Corporation,20180611,Anadarko says monitoring Mozambique security situation ,MAPUTO Anadarko Petroleum Corp is closely monitoring the security situation in northern Mozambique  it said on Monday  after a spate of beheadings and attacks by suspected Islamist militants.,topStory,Sell
APC,Anadarko Petroleum Corporation,20180611,Anadarko says monitoring Mozambique security situation ,MAPUTO  June 11 Anadarko Petroleum Corp is closely monitoring the security situation in northern Mozambique  it said on Monday  after a spate of beheadings and attacks by suspected Islamist militants.,normal,Sell
AJG,Arthur J Gallagher & Co,20180611,BRIEF-Arthur J Gallagher & Co acquires majority interest in Hesse & Partner and Hesse Consulting ,* ARTHUR J. GALLAGHER & CO. ACQUIRES MAJORITY INTEREST IN HESSE & PARTNER AG AND HESSE CONSULTING GMBH,topStory,Unknown
T,AT&T Inc,20180611,AT&T leads telecom stocks higher ahead of Time Warner ruling ,** S&P 500 telecom sector  higher  led by AT&T Inc   a day ahead of court decision on whether or not it can go through with its proposed purchase of Time Warner ,topStory,Unknown
TBB,AT&T Inc,20180611,AT&T leads telecom stocks higher ahead of Time Warner ruling ,** S&P 500 telecom sector  higher  led by AT&T Inc   a day ahead of court decision on whether or not it can go through with its proposed purchase of Time Warner ,repeated,Unknown
BHP,BHP Billiton Limited,20180611,BHP responds to contract proposal from union at Chile's Escondida mine ,SANTIAGO Global miner BHP said on Monday it had responded to the latest contract proposal from unionized workers at its Escondida copper mine in Chile  the world's largest  triggering a new round of talks that could last a month or more.,topStory,Unknown
BHP,BHP Billiton Limited,20180611,BHP responds to contract proposal from union at Chile's Escondida mine ,SANTIAGO  June 11 Global miner BHP said on Monday it had responded to the latest contract proposal from unionized workers at its Escondida copper mine in Chile  the world's largest  triggering a new round of talks that could last a month or more.,normal,Unknown
BHP,BHP Billiton Limited,20180611,METALS-Copper slides as fears about supply disruptions wane ,* GRAPHIC-2018 asset returns: http://tmsnrt.rs/2jvdmXl (Adds closing prices),normal,Sell
BHP,BHP Billiton Limited,20180611,Workers at BHP's Spence copper mine in Chile approve labor contract ,SANTIAGO  June 11 Unionized workers at BHP Billiton's  Spence copper mine in northern Chile have approved a new labor contract  union president Ronald Salcedo said on Monday.,normal,Unknown
BBL,BHP Billiton plc,20180611,Workers at BHP's Spence copper mine in Chile approve labor contract ,SANTIAGO  June 11 Unionized workers at BHP Billiton's  Spence copper mine in northern Chile have approved a new labor contract  union president Ronald Salcedo said on Monday.,topStory,Unknown
BA,Boeing Company (The),20180611,Rolls-Royce  preparing to cut thousands of jobs  says engine problem has spread ,LONDON Britain's Rolls-Royce  said a costly compressor problem that had grounded Boeing planes had now been found in a different type of engine  compounding pressures on a group that is due to cut more than 4 000 jobs this week.,topStory,Unknown
BA,Boeing Company (The),20180611,UPDATE 2-Rolls-Royce  preparing to cut thousands of jobs  says engine problem has spread ,LONDON  June 11 Britain's Rolls-Royce said a costly compressor problem that had grounded Boeing planes had now been found in a different type of engine  compounding pressures on a group that is due to cut more than 4 000 jobs this week.,normal,Sell
BSX,Boston Scientific Corporation,20180611,Medical device maker Stryker makes takeover approach to Boston Scientific: WSJ ,Medical device maker Stryker Corp has made a takeover approach to rival Boston Scientific Corp  the Wall Street Journal reported on Monday  a combination that would give Stryker a strong position in stroke-preventing heart products.,topStory,Unknown
BSX,Boston Scientific Corporation,20180611,UPDATE 4-Medical device maker Stryker makes takeover approach to Boston Scientific -WSJ ,June 11 Medical device maker Stryker Corp has made a takeover approach to rival Boston Scientific Corp  the Wall Street Journal reported https://www.wsj.com/articles/stryker-has-made-a-takeover-approach-to-boston-scientific-1528727749?mod=searchresults&page=1&pos=1 on Monday  a combination that would give Stryker a strong position in stroke-preventing heart products.,normal,Unknown
BSX,Boston Scientific Corporation,20180611,US STOCKS-Wall Street ekes out gains ahead of Singapore summit ,* Trump set to meet Kim Jong Un at 9 p.m. ET/9 a.m. Singapore,normal,Unknown
BSX,Boston Scientific Corporation,20180611,US STOCKS-Wall St rises ahead of Trump-Kim summit ,* Indexes up: Dow 0.29 pct  S&P 0.36 pct  Nasdaq 0.34 pct (Updates to early afternoon),normal,Unknown
BSX,Boston Scientific Corporation,20180611,US STOCKS-Wall St edges higher ahead of Trump-Kim meet ,* Indexes: Dow flat  S&P  Nasdaq up 0.15 pct (Changes comment  adds details  updates prices),normal,Strong Buy
BSX,Boston Scientific Corporation,20180611,Device maker Stryker has made a takeover approach to Boston Scientific - WSJ ,June 11 Device maker Stryker Corp has made a takeover approach to Boston Scientific Corp  the Wall Street Journal reported https://www.wsj.com/articles/stryker-has-made-a-takeover-approach-to-boston-scientific-1528727749?mod=searchresults&page=1&pos=1  citing sources.,normal,Unknown
BP,BP plc,20180611,Enbridge takes steps on pipeline policy after BP complains ,WINNIPEG  Manitoba Canada's biggest pipeline operator  Enbridge Inc  said on Monday it was taking steps to address complaints from oil shipper BP PLC about abrupt changes it made in allocating space on its Mainline system.,topStory,Unknown
BP,BP plc,20180611,UPDATE 1-Enbridge takes steps on pipeline policy after BP complains ,WINNIPEG  Manitoba  June 11 Canada's biggest pipeline operator  Enbridge Inc  said on Monday it was taking steps to address complaints from oil shipper BP PLC about abrupt changes it made in allocating space on its Mainline system.,normal,Sell
BP,BP plc,20180611,Enbridge takes steps on pipeline policy after BP complains ,WINNIPEG  Manitoba  June 11 Canada's biggest pipeline operator  Enbridge Inc  said on Monday that it was taking steps to address complaints from oil shipper BP PLC about abrupt changes it made to allocating space on its Mainline system.,normal,Unknown
C,Citigroup Inc,20180611,Automation could thin Citigroup's investment banking unit jobs: FT ,Citigroup Inc's  investment banking business could shed as much as half of its 20 000 technology and operations staff in the next five years due to automation  the Financial Times reported on Monday.,repeated,Unknown
C,Citigroup Inc,20180611,UPDATE 1-Automation could thin Citigroup's investment banking unit jobs - FT ,June 11 Citigroup Inc's investment banking business could shed as much as half of its 20 000 technology and operations staff in the next five years due to automation  the Financial Times reported on Monday.,normal,Unknown
C,Citigroup Inc,20180611,Citigroup's investment banking unit to cut jobs in next five years - FT ,June 11 Citigroup Inc's investment banking business will shed as much as half of its 20 000 technology and operations staff in the next five years  the Financial Times reported on Monday  citing Jamie Forese  the division's head.,normal,Unknown
CS,Credit Suisse Group,20180611,Biotech's Soon-Shiong hiring bankers for Nant cancer drug IPO ,LOS ANGELES Billionaire Patrick Soon-Shiong plans to take an experimental cancer treatment company public this year and has begun hiring bankers  the biotechnology entrepreneur told Reuters.,normal,Sell
ENB,Enbridge Inc,20180611,Enbridge takes steps on pipeline policy after BP complains ,WINNIPEG  Manitoba Canada's biggest pipeline operator  Enbridge Inc  said on Monday it was taking steps to address complaints from oil shipper BP PLC about abrupt changes it made in allocating space on its Mainline system.,topStory,Unknown
ENB,Enbridge Inc,20180611,UPDATE 1-Enbridge takes steps on pipeline policy after BP complains ,WINNIPEG  Manitoba  June 11 Canada's biggest pipeline operator  Enbridge Inc  said on Monday it was taking steps to address complaints from oil shipper BP PLC about abrupt changes it made in allocating space on its Mainline system.,normal,Sell
ENB,Enbridge Inc,20180611,Enbridge takes steps on pipeline policy after BP complains ,WINNIPEG  Manitoba  June 11 Canada's biggest pipeline operator  Enbridge Inc  said on Monday that it was taking steps to address complaints from oil shipper BP PLC about abrupt changes it made to allocating space on its Mainline system.,normal,Unknown
ENBA,Enbridge Inc,20180611,Enbridge takes steps on pipeline policy after BP complains ,WINNIPEG  Manitoba Canada's biggest pipeline operator  Enbridge Inc  said on Monday it was taking steps to address complaints from oil shipper BP PLC about abrupt changes it made in allocating space on its Mainline system.,repeated,Unknown
ENBA,Enbridge Inc,20180611,UPDATE 1-Enbridge takes steps on pipeline policy after BP complains ,WINNIPEG  Manitoba  June 11 Canada's biggest pipeline operator  Enbridge Inc  said on Monday it was taking steps to address complaints from oil shipper BP PLC about abrupt changes it made in allocating space on its Mainline system.,normal,Sell
ENBA,Enbridge Inc,20180611,Enbridge takes steps on pipeline policy after BP complains ,WINNIPEG  Manitoba  June 11 Canada's biggest pipeline operator  Enbridge Inc  said on Monday that it was taking steps to address complaints from oil shipper BP PLC about abrupt changes it made to allocating space on its Mainline system.,normal,Unknown
EVHC,Envision Healthcare Corporation,20180611,Deals of the day-Mergers and acquisitions ,June 11 The following bids  mergers  acquisitions and disposals were reported by 2000 GMT on Monday:,topStory,Unknown
EVHC,Envision Healthcare Corporation,20180611,KKR to take Envision private for $5.57 billion in healthcare push ,KKR & Co  said on Monday it will buy Envision Healthcare Corp   one of biggest U.S. providers of physicians to hospitals  in a deal valued at $5.57 billion as it builds up its healthcare portfolio. | Video ,normal,Unknown
EVHC,Envision Healthcare Corporation,20180611,UPDATE 3-KKR to take Envision private for $5.57 bln in healthcare push ,* Envision shares up 2.5 pct (Adds analyst comment  updates shares  adds background on Envision),normal,Unknown
EVHC,Envision Healthcare Corporation,20180611,KKR to buy Envision for $5.57 bln ,June 11 Private equity firm KKR & Co will buy U.S. physician services provider Envision Healthcare Corp for $5.57 billion  the firm said on Monday.,normal,Unknown
ES,Eversource Energy,20180611,Eversource seeks to revive New England Access Northeast natgas pipe ,New England power company Eversource Energy said on Monday it would try to push the Access Northeast natural gas pipeline expansion in New England forward again  starting with New Hampshire.,topStory,Unknown
XOM,Exxon Mobil Corporation,20180611,Three workers burned by acid at Exxon's Baton Rouge complex ,HOUSTON Three contract workers were burned by sulfuric acid on Monday in the chemical plant at Exxon Mobil Corp's Baton Rouge  Louisiana  refining and petrochemical complex  a state environmental spokesman said.,topStory,Unknown
FMS,Fresenius Medical Care Corporation,20180611,FMC takes stake in Humacyte in bet on bioengineered blood vessel ,FRANKFURT Germany's Fresenius Medical Care (FMC)  has agreed to take a $150 million stake in U.S. tissue engineering firm Humacyte Inc. and will become the exclusive distributor of the company's bioengineered blood vessels once they win approval.,topStory,Unknown
FMS,Fresenius Medical Care Corporation,20180611,FMC takes stake in Humacyte in bet on bioengineered blood vessel ,FRANKFURT  June 11 Germany's Fresenius Medical Care (FMC) has agreed to take a $150 million stake in U.S. tissue engineering firm Humacyte Inc. and will become the exclusive distributor of the company's bioengineered blood vessels once they win approval.,normal,Unknown
GM,General Motors Company,20180611,Opel to save 20-50 pct in development costs thanks to PSA platforms ,FRANKFURT  June 11 European carmaker Opel said on Monday it stood to save up to half the development costs for new vehicles by sharing the floor assembly  vehicle electronics  chassis and powertrain with components supplied by parent company PSA Group.,normal,Unknown
GG,Goldcorp Inc,20180611,Goldcorp says protest could halt production at Mexico gold mine ,MEXICO CITY Canada's Goldcorp said on Monday an ongoing protest blocking entry to its Penasquito mine  one of Mexico's biggest gold producers  could force the company to halt output.,topStory,Unknown
GG,Goldcorp Inc,20180611,Goldcorp says protest could halt production at Mexico gold mine ,MEXICO CITY  June 11 Canada's Goldcorp said on Monday an ongoing protest blocking entry to its Penasquito mine  one of Mexico's biggest gold producers  could force the company to halt output.,normal,Unknown
HSBC,HSBC Holdings plc,20180611,HSBC to invest $15-17 billion by 2020 in push for growth ,LONDON HSBC will invest $15-17 billion in the next three years in areas including technology and China as it swings from a strategy of cost-cutting to growth  new CEO John Flint said on Monday  while keeping profitability and dividend targets little changed.,topStory,Unknown
HSBC,HSBC Holdings plc,20180611,UPDATE 2-HSBC to invest $15-17 bln by 2020 in push for growth ,* Struggling U.S. unit to push into riskier unsecured lending,normal,Unknown
HSBC,HSBC Holdings plc,20180611,HSBC to invest $15-17 bln as strategy swings from shrink to grow ,LONDON  June 11 HSBC will invest $15-17 billion in areas including technology and its core Asian markets of Hong Kong and China as it swings from a strategy of cost-cutting to growth  new Chief Executive John Flint said on Monday.,normal,Unknown
JPM,J P Morgan Chase & Co,20180611,Mexico judge signs arrest warrant for local JPMorgan head -BVG World ,MEXICO CITY  June 11 A judge in Mexico has issued an arrest warrant for the country head of U.S. investment bank JPMorgan for alleged fraud in a dispute related to a 2007 loan to a Mexican real estate developer  according to the company  BVG World.,topStory,Unknown
JNJ,Johnson & Johnson,20180611,Investors ready to resuscitate Johnson & Johnson's ailing stock ,NEW YORK Johnson & Johnson  shareholders have endured a painful year amid worries about prospects for its many businesses  but investors capitalizing on the stock's relatively cheap valuation may be set to apply a Band-Aid to the declines.,topStory,Unknown
KKR,KKR & Co LP,20180611,KKR to take Envision private for $5.57 billion in healthcare push ,KKR & Co  said on Monday it will buy Envision Healthcare Corp   one of biggest U.S. providers of physicians to hospitals  in a deal valued at $5.57 billion as it builds up its healthcare portfolio. | Video ,topStory,Unknown
KKR,KKR & Co LP,20180611,UPDATE 3-KKR to take Envision private for $5.57 bln in healthcare push ,* Envision shares up 2.5 pct (Adds analyst comment  updates shares  adds background on Envision),normal,Unknown
KKR,KKR & Co LP,20180611,KKR to buy Envision for $5.57 bln ,June 11 Private equity firm KKR & Co will buy U.S. physician services provider Envision Healthcare Corp for $5.57 billion  the firm said on Monday.,normal,Unknown
LHO,LaSalle Hotel Properties,20180611,Pebblebrook sweetens offer for LaSalle Hotel ,Pebblebrook Hotel Trust  on Monday raised its offer to buy fellow U.S. hotel owner LaSalle Hotel Properties   seeking to scuttle Blackstone Group LP's  $3.7 billion deal with the company.,topStory,Unknown
LHO,LaSalle Hotel Properties,20180611,UPDATE 2-Pebblebrook sweetens offer for LaSalle Hotel ,June 11 Pebblebrook Hotel Trust on Monday raised its offer to buy fellow U.S. hotel owner LaSalle Hotel Properties  seeking to scuttle Blackstone Group LP's $3.7 billion deal with the company.,normal,Unknown
LHO,LaSalle Hotel Properties,20180611,Pebblebrook raises offer to buy LaSalle Hotel ,June 11 Pebblebrook Hotel Trust said on Monday it raised its offer to acquire fellow U.S. hotel owner LaSalle Hotel Properties to $37.80 per share  trumping a $33.50 per share offer from Blackstone Group LP.,normal,Sell
NVS,Novartis AG,20180611,BRIEF-Regenxbio Receives $100 Mln Accelerated License Payment ,* REGENXBIO RECEIVES $100 MILLION ACCELERATED LICENSE PAYMENT DUE TO ACQUISITION OF AVEXIS BY NOVARTIS,topStory,Unknown
NRG,NRG Energy Inc,20180611,UPDATE 3-Activist investors push Sempra Energy for strategic review  board shakeup ,June 11 Two investors in U.S. utility Sempra Energy including activist hedge fund Elliott Management Corp on Monday urged a board shakeup and strategic review of the company's businesses  sending its shares surging as much as 18 percent.,normal,Unknown
OBE,Obsidian Energy Ltd,20180611,Two ex-Penn West executives must face U.S. SEC fraud charges ,NEW YORK A U.S. judge has ordered two former finance executives at Penn West Petroleum Ltd  now known as Obsidian Energy Ltd   to face regulatory charges that they helped engineer a multi-year accounting fraud to reduce the Canadian company's operating expenses.,topStory,Unknown
OBE,Obsidian Energy Ltd,20180611,Two ex-Penn West executives must face U.S. SEC fraud charges ,NEW YORK  June 11 A U.S. judge has ordered two former finance executives at Penn West Petroleum Ltd  now known as Obsidian Energy Ltd  to face regulatory charges that they helped engineer a multi-year accounting fraud to reduce the Canadian company's operating expenses.,normal,Unknown
PEB,Pebblebrook Hotel Trust,20180611,Pebblebrook sweetens offer for LaSalle Hotel ,Pebblebrook Hotel Trust  on Monday raised its offer to buy fellow U.S. hotel owner LaSalle Hotel Properties   seeking to scuttle Blackstone Group LP's  $3.7 billion deal with the company.,topStory,Unknown
PEB,Pebblebrook Hotel Trust,20180611,UPDATE 2-Pebblebrook sweetens offer for LaSalle Hotel ,June 11 Pebblebrook Hotel Trust on Monday raised its offer to buy fellow U.S. hotel owner LaSalle Hotel Properties  seeking to scuttle Blackstone Group LP's $3.7 billion deal with the company.,normal,Unknown
ROK,Rockwell Automation Inc,20180611,Automation could thin Citigroup's investment banking unit jobs: FT ,Citigroup Inc's  investment banking business could shed as much as half of its 20 000 technology and operations staff in the next five years due to automation  the Financial Times reported on Monday.,topStory,Unknown
ROK,Rockwell Automation Inc,20180611,Deals of the day-Mergers and acquisitions ,June 11 The following bids  mergers  acquisitions and disposals were reported by 2000 GMT on Monday:,normal,Unknown
ROK,Rockwell Automation Inc,20180611,Rockwell to take $1 billion stake in software maker PTC ,Factory automation equipment maker Rockwell Automation said on Monday it would buy an 8.4 percent stake in PTC for $1 billion as it looks to build on its software capabilities to make smarter manufacturing processes for customers.,normal,Unknown
ROK,Rockwell Automation Inc,20180611,UPDATE 3-Rockwell to take $1 bln stake in software maker PTC ,* Deal to close in next two months (Updates share price  adds analyst comment),normal,Unknown
ROK,Rockwell Automation Inc,20180611,Rockwell Automation to make $1 bln investment in software maker PTC ,June 11 U.S. factory automation equipment maker Rockwell Automation Inc said on Monday it would make a $1 billion equity investment in software maker PTC Inc.,normal,Sell
SRE,Sempra Energy,20180611,Activist investors push Sempra Energy for strategic review  board shakeup ,Two investors in U.S. utility Sempra Energy  including activist hedge fund Elliott Management Corp on Monday urged a board shakeup and strategic review of the company's businesses  sending its shares surging as much as 18 percent.,topStory,Unknown
SRE,Sempra Energy,20180611,UPDATE 3-Activist investors push Sempra Energy for strategic review  board shakeup ,June 11 Two investors in U.S. utility Sempra Energy including activist hedge fund Elliott Management Corp on Monday urged a board shakeup and strategic review of the company's businesses  sending its shares surging as much as 18 percent.,normal,Unknown
SRE,Sempra Energy,20180611,US STOCKS-Wall St rises ahead of Trump-Kim summit ,* Indexes up: Dow 0.29 pct  S&P 0.36 pct  Nasdaq 0.34 pct (Updates to early afternoon),normal,Unknown
SRE,Sempra Energy,20180611,US STOCKS-Wall St edges higher ahead of Trump-Kim meet ,* Indexes: Dow flat  S&P  Nasdaq up 0.15 pct (Changes comment  adds details  updates prices),normal,Strong Buy
SRE,Sempra Energy,20180611,Elliott  Bluescape recommend 6 new directors for Sempra ,June 11 Two shareholders of U.S. utility Sempra Energy - Elliott Management and Bluescape Resources Co - on Monday recommended six new directors for the company's board and urged a strategic review of its business.,normal,Unknown
SBGL,Sibanye Gold Limited,20180611,RPT-UPDATE 1-Three miners killed in accident at Sibanye gold mine in South Africa ,JOHANNESBURG  June 11 Three gold miners were killed in South Africa on Monday at a Sibanye-Stillwater plant and the company said rescue teams are searching for two others.,topStory,Unknown
SBGL,Sibanye Gold Limited,20180611,Three miners killed in accident at Sibanye gold mine in South Africa ,JOHANNESBURG Three gold miners were killed in South Africa on Monday at a Sibanye-Stillwater plant and the company said rescue teams are searching for two others.,normal,Unknown
SBGL,Sibanye Gold Limited,20180611,UPDATE 1-Three miners killed in accident at Sibanye gold mine in South Africa ,JOHANNESBURG  June 11 Three gold miners were killed in South Africa on Monday at a Sibanye-Stillwater plant and the company said rescue teams are searching for two others.,normal,Sell
SJW,SJW Group,20180611,California utilities regulator tells SJW to seek merger approval ,NEW YORK California's utilities regulator has told SJW Group  it must seek approval for its proposed merger with Connecticut Water Service Inc   according to a document provided by the regulator to Reuters  a move that creates a potentially significant impediment to the deal.,topStory,Unknown
SJW,SJW Group,20180611,California utilities regulator tells SJW to seek merger approval ,NEW YORK  June 11 California's utilities regulator has told SJW Group it must seek approval for its proposed merger with Connecticut Water Service Inc  according to a document provided by the regulator to Reuters  a move that creates a potentially significant impediment to the deal.,normal,Unknown
LUV,Southwest Airlines Company,20180611,Southwest Airlines shares could recover from recent descent: Barron's ,NEW YORK Southwest Airlines Co  shares could be poised to climb sharply after a series of setbacks hit the stock harder than that of other major airlines this year  Barron's reports.,topStory,Unknown
LUV,Southwest Airlines Company,20180611,Southwest Airlines shares could recover from recent descent -Barron's ,NEW YORK  June 10 Southwest Airlines Co shares could be poised to climb sharply after a series of setbacks hit the stock harder than that of other major airlines this year  Barron's reports.,normal,Unknown
SYK,Stryker Corporation,20180611,Medical device maker Stryker makes takeover approach to Boston Scientific: WSJ ,Medical device maker Stryker Corp has made a takeover approach to rival Boston Scientific Corp  the Wall Street Journal reported on Monday  a combination that would give Stryker a strong position in stroke-preventing heart products.,topStory,Unknown
SYK,Stryker Corporation,20180611,UPDATE 4-Medical device maker Stryker makes takeover approach to Boston Scientific -WSJ ,June 11 Medical device maker Stryker Corp has made a takeover approach to rival Boston Scientific Corp  the Wall Street Journal reported https://www.wsj.com/articles/stryker-has-made-a-takeover-approach-to-boston-scientific-1528727749?mod=searchresults&page=1&pos=1 on Monday  a combination that would give Stryker a strong position in stroke-preventing heart products.,normal,Unknown
SYK,Stryker Corporation,20180611,Deals of the day-Mergers and acquisitions ,June 11 The following bids  mergers  acquisitions and disposals were reported by 2000 GMT on Monday:,normal,Unknown
SYK,Stryker Corporation,20180611,Device maker Stryker has made a takeover approach to Boston Scientific - WSJ ,June 11 Device maker Stryker Corp has made a takeover approach to Boston Scientific Corp  the Wall Street Journal reported https://www.wsj.com/articles/stryker-has-made-a-takeover-approach-to-boston-scientific-1528727749?mod=searchresults&page=1&pos=1  citing sources.,normal,Unknown
BX,The Blackstone Group LP,20180611,Pebblebrook raises offer to buy LaSalle Hotel ,June 11 Pebblebrook Hotel Trust said on Monday it raised its offer to acquire fellow U.S. hotel owner LaSalle Hotel Properties to $37.80 per share  trumping a $33.50 per share offer from Blackstone Group LP.,topStory,Sell
TWX,Time Warner Inc,20180611,AT&T leads telecom stocks higher ahead of Time Warner ruling ,** S&P 500 telecom sector  higher  led by AT&T Inc   a day ahead of court decision on whether or not it can go through with its proposed purchase of Time Warner ,topStory,Unknown
USG,USG Corporation,20180611,USG takes $7 billion offer from Knauf after spurned advances ,Sheetrock maker USG Corp  accepted a $7 billion cash offer from German construction products maker Gebr Knauf KG on Monday after three months of back-and-forth negotiations that began when longtime USG shareholder Warren Buffett teamed up with the German bidder to sell his stake.,topStory,Sell
USG,USG Corporation,20180611,USG takes $7 billion offer from Knauf after spurned advances ,June 11 Sheetrock maker USG Corp accepted a $7 billion cash offer from German construction products maker Gebr Knauf KG on Monday after three months of back-and-forth negotiations that began when longtime USG shareholder Warren Buffett teamed up with the German bidder to sell his stake.,normal,Sell
VALE,VALE SA,20180611,Vale in deal with two Canadian companies to sell cobalt ,Brazil's Vale on Monday unveiled a $690 million financing to expand a Canadian nickel mine  agreeing to sell unmined cobalt from Voisey's Bay as a booming electric vehicle market propels demand for the critical battery ingredient.,topStory,Unknown
VALE,VALE SA,20180611,UPDATE 2-Vale in deal with two Canadian companies to sell cobalt ,June 11 Brazil's Vale on Monday unveiled a $690 million financing to expand a Canadian nickel mine  agreeing to sell unmined cobalt from Voisey's Bay as a booming electric vehicle market propels demand for the critical battery ingredient.,normal,Unknown
VALE,VALE SA,20180611,Vale agrees $690 mln future cobalt sale from Canada mine ,June 11 Brazilian miner Vale has agreed to sell cobalt mined as a by-product from its Voisey's Bay nickel mine in Canada from 2021 onwards to Wheaton Precious Metals Corp and Cobalt 27 Capital Corp  Vale said on Monday.,normal,Unknown
WPP,WPP plc,20180611,More than 25 percent of WPP investors oppose Sorrell pay arrangements: Sky ,More than a quarter of investors at WPP  have cast votes against a pay report to be discussed at Wednesday's annual general meeting  angered by benefits for former chief executive Martin Sorrell  according to Sky News reporter Mark Kleinman.,topStory,Unknown
WPP,WPP plc,20180611,More than 25 pct of WPP investors oppose Sorrell pay arrangements -Sky ,June 11 More than a quarter of investors at WPP have cast votes against a pay report to be discussed at Wednesday's annual general meeting  angered by benefits for former chief executive Martin Sorrell  according to Sky News reporter Mark Kleinman.,normal,Unknown
ZTO,ZTO Express (Cayman) Inc,20180611,Turkish Airlines to form venture with ZTO Express and Pal Air ,ISTANBUL  June 11 Turkish Airlines  China's ZTO Express and Hong Kong's Pal Air will form a logistics company in Hong Kong  the chairman of Turkish Airlines said on Monday.,topStory,Sell
SEB,Seaboard Corporation,20180611,Seaboard Corp confident of sealing deal for Kenya's Unga ,NAIROBI Seaboard Corporation  is confident of buying out three quarters of minority shareholders in Kenyan agro-processor Unga Group  to allow it to eventually take the company private  Seaboard said on Monday.,topStory,Unknown
SEB,Seaboard Corporation,20180611,Seaboard Corp confident of sealing deal for Kenya's Unga ,NAIROBI  June 11 Seaboard Corporation is confident of buying out three quarters of minority shareholders in Kenyan agro-processor Unga Group to allow it to eventually take the company private  Seaboard said on Monday.,normal,Unknown
