BCOM,B Communications Ltd,20180617,Internet Gold negotiating sale of controlling stake in Bezeq ,JERUSALEM  June 17 Internet Gold-Golden Lines said on Sunday it was in advanced talks to divest most of its shares in B Communications  through which it controls Israel's largest telecoms group  Bezeq  for as much as 746 million shekels  ($206 million).,topStory,Unknown
GLNG,Golar LNG Limited,20180617,RPT-FOCUS-Pipe dream? Chevron  Woodside vie to shape Australia's LNG sector ,* Woodside wants to build quickly as looks to start new field,topStory,Unknown
CVX,Chevron Corporation,20180617,Chevron names Brazil chief to lead Venezuela operations after arrests , (This version of the June 8 story corrects fourth paragraph to show La Rosa previously served as commercial manager in Venezuela  not country manager),topStory,Unknown
CVX,Chevron Corporation,20180617,CORRECTED-UPDATE 1-Chevron names Brazil chief to lead Venezuela operations after arrests ,RIO DE JANEIRO/HOUSTON  June 8 U.S. oil producer Chevron Corp has permanently assigned its Brazil country chief to run its Venezuelan operations after the months-long detention of two executives escalated tensions between the OPEC-member nation and foreign oil firms.,normal,Unknown
CVX,Chevron Corporation,20180617,CORRECTED-Chevron moves Brazil chief to lead Venezuela ops after arrests -sources ,RIO DE JANEIRO/HOUSTON  June 8 U.S. oil producer Chevron Corp permanently assigned its Brazil country chief to run its Venezuelan operations  three sources said this week  after the months-long detention of two executives escalated tensions between the OPEC-member nation and foreign oil firms.,normal,Unknown
COP,ConocoPhillips,20180617,ConocoPhillips awards three contracts for Australian offshore gas project ,SYDNEY ConocoPhillips has awarded three engineering contracts for the design of the major Barossa gas project intended to supply its Darwin LNG export plant for more than 20 years  the firm said on Sunday.,topStory,Unknown
UL,Unilever PLC,20180617,Unilever takes stand against digital media's fake followers ,LONDON Consumer goods giant Unilever    the world's second-biggest advertiser  is cutting ties with digital media "influencers" that buy followers  saying it wants to help make advertising more transparent.,topStory,Unknown
UL,Unilever PLC,20180617,Unilever takes stand against digital media's fake followers ,LONDON  June 18 Consumer goods giant Unilever   the world's second-biggest advertiser  is cutting ties with digital media "influencers" that buy followers  saying it wants to help make advertising more transparent.,normal,Unknown
