ACIA,Acacia Communications Inc,20180612,Acacia says ZTE business to remain suspended until ban lifted ,Acacia Communications Inc said on Tuesday its supply agreement with ZTE Corp would remain suspended until the U.S. Department of Commerce lifted a trade ban on the Chinese telecommunications equipment maker.,topStory,Sell
ACIA,Acacia Communications Inc,20180612,UPDATE 1-Acacia says ZTE business to remain suspended until ban lifted ,June 12 Acacia Communications Inc said on Tuesday its supply agreement with ZTE Corp would remain suspended until the U.S. Department of Commerce lifted a trade ban on the Chinese telecommunications equipment maker.,normal,Sell
ACIA,Acacia Communications Inc,20180612,Acacia says ZTE business to remain suspended until ban lifted ,June 12 Acacia Communications Inc's supply agreement with ZTE Corp  will remain suspended until the U.S. Department of Commerce implements its recent settlement with the Chinese firm  the U.S. company said on Tuesday.,normal,Sell
GOOG,Alphabet Inc,20180612,Chinese truckers demonstrate over high fuel costs  truck-hailing app Manbang ,SHANGHAI/BEIJING  June 12 Chinese truck drivers are demonstrating against higher fuel costs and the dominance of local truck hire platform Manbang which they said is squeezing incomes  a potential headache for the firm backed by SoftBank Group Corp and Alphabet Inc.,topStory,Sell
GOOGL,Alphabet Inc,20180612,Chinese truckers demonstrate over high fuel costs  truck-hailing app Manbang ,SHANGHAI/BEIJING  June 12 Chinese truck drivers are demonstrating against higher fuel costs and the dominance of local truck hire platform Manbang which they said is squeezing incomes  a potential headache for the firm backed by SoftBank Group Corp and Alphabet Inc.,repeated,Sell
AABA,Altaba Inc,20180612,Britain fines Yahoo UK Services 250 000 pounds for 2014 hack ,June 12 Britain's data watchdog said on Tuesday it fined Yahoo UK Services Ltd 250 000 pounds for a cyber-attack in November 2014.,normal,Unknown
AMZN,Amazoncom Inc,20180612,Dish expands Amazon Alexa features for set-top boxes ,Dish Network Corp said on Tuesday users will now be able to set recordings  launch apps and navigate menus on its Hopper range of set-top boxes through Amazon.com Inc's Alexa-powered Echo devices.,topStory,Sell
AMZN,Amazoncom Inc,20180612,Dish expands Amazon Alexa features for set-top boxes ,June 12 Dish Network Corp said on Tuesday users will now be able to set recordings  launch apps and navigate menus on its Hopper range of set-top boxes through Amazon.com Inc's Alexa-powered Echo devices.,normal,Sell
CMCSA,Comcast Corporation,20180612,S&P 500 ends up; Time Warner shares jump after hours ,NEW YORK The S&P 500 and Nasdaq ended higher on Tuesday  boosted by gains in the technology and utilities sectors  and shares of media and telecom companies jumped in extended trade after AT&T won court approval to buy Time Warner. | Video ,normal,Unknown
CMCSA,Comcast Corporation,20180612,US STOCKS-S&P 500 ends up; Time Warner shares jump after hours ,* Dow down 0.01 pct  S&P 500 up 0.2 pct  Nasdaq up 0.6 pct (Updates with AT&T winning court approval to buy Time Warner),normal,Unknown
CMCSA,Comcast Corporation,20180612,M&A gates open with judge's blessing on AT&T-Time Warner merger ,A federal judge on Tuesday gave a ringing endorsement to AT&T Inc's planned acquisition of Time Warner Inc without any conditions  opening the door for companies such as Comcast Corp and Verizon Communications Inc to pursue deals to buy creators of media content.,normal,Unknown
CMCSA,Comcast Corporation,20180612,AT&T-Time Warner ruling opens door to more media deals ,June 12 AT&T Inc's planned acquisition of Time Warner Inc received a nod from a federal judge on Tuesday without any conditions  opening the door for companies such as Comcast Corp  and Verizon Communications Inc to pursue deals to buy creators of media content.,normal,Sell
CMCSA,Comcast Corporation,20180612,AT&T wins U.S. court approval to buy Time Warner for $85 billion ,WASHINGTON  June 12 AT&T Inc won approval from a U.S. court on Tuesday to buy Time Warner Inc for $85 billion  allowing AT&T to compete with internet companies that dominate digital advertising and providing new sources of revenue.,normal,Strong Buy
CMCSA,Comcast Corporation,20180612,EU mergers and takeovers (June 12) ,BRUSSELS  June 12 The following are mergers under review by the European Commission and a brief guide to the EU merger process:,normal,Unknown
DISCA,Discovery Inc,20180612,UPDATE 1-M&A gates open with judge's blessing on AT&T-Time Warner merger ,June 12 A federal judge on Tuesday gave a ringing endorsement to AT&T Inc's planned acquisition of Time Warner Inc without any conditions  opening the door for companies such as Comcast Corp and Verizon Communications Inc to pursue deals to buy creators of media content.,normal,Sell
DISCB,Discovery Inc,20180612,UPDATE 1-M&A gates open with judge's blessing on AT&T-Time Warner merger ,June 12 A federal judge on Tuesday gave a ringing endorsement to AT&T Inc's planned acquisition of Time Warner Inc without any conditions  opening the door for companies such as Comcast Corp and Verizon Communications Inc to pursue deals to buy creators of media content.,normal,Sell
DISCK,Discovery Inc,20180612,UPDATE 1-M&A gates open with judge's blessing on AT&T-Time Warner merger ,June 12 A federal judge on Tuesday gave a ringing endorsement to AT&T Inc's planned acquisition of Time Warner Inc without any conditions  opening the door for companies such as Comcast Corp and Verizon Communications Inc to pursue deals to buy creators of media content.,normal,Sell
DISH,DISH Network Corporation,20180612,Dish expands Amazon Alexa features for set-top boxes ,Dish Network Corp said on Tuesday users will now be able to set recordings  launch apps and navigate menus on its Hopper range of set-top boxes through Amazon.com Inc's Alexa-powered Echo devices.,topStory,Sell
DISH,DISH Network Corporation,20180612,Dish expands Amazon Alexa features for set-top boxes ,June 12 Dish Network Corp said on Tuesday users will now be able to set recordings  launch apps and navigate menus on its Hopper range of set-top boxes through Amazon.com Inc's Alexa-powered Echo devices.,normal,Sell
EBAY,eBay Inc,20180612,eBay partners with Dubai billionaire for Middle East sales ,DUBAI ebay Inc will sell products on a relatively new Middle Eastern e-commerce venture  founded by a Dubai billionaire  from the second half of this year  the venture said on Tuesday.,topStory,Unknown
EBAY,eBay Inc,20180612,eBay partners with Dubai billionaire for Middle East sales ,DUBAI  June 12 ebay Inc will sell products on a relatively new Middle Eastern e-commerce venture  founded by a Dubai billionaire  from the second half of this year  the venture said on Tuesday.,normal,Unknown
EBAYL,eBay Inc,20180612,eBay partners with Dubai billionaire for Middle East sales ,DUBAI ebay Inc will sell products on a relatively new Middle Eastern e-commerce venture  founded by a Dubai billionaire  from the second half of this year  the venture said on Tuesday.,repeated,Unknown
EBAYL,eBay Inc,20180612,eBay partners with Dubai billionaire for Middle East sales ,DUBAI  June 12 ebay Inc will sell products on a relatively new Middle Eastern e-commerce venture  founded by a Dubai billionaire  from the second half of this year  the venture said on Tuesday.,normal,Unknown
FB,Facebook Inc,20180612,Facebook launches user review  potential bans for advertisers ,Facebook Inc said on Tuesday it would allow users to review businesses that advertise on the social network and possibly ban those that receive the most negative feedback.,topStory,Strong Buy
FB,Facebook Inc,20180612,Facebook launches user review  potential bans for advertisers ,June 12 Facebook Inc said on Tuesday it would allow users to review businesses that advertise on the social network and possibly ban those that receive the most negative feedback.,normal,Strong Buy
MSFT,Microsoft Corporation,20180612,Thales and Microsoft partner on cloud system for armed forces ,French defense electronics group Thales is partnering with Microsoft to jointly develop a common defense cloud solution for armed forces  the companies said on Tuesday.,topStory,Unknown
MSFT,Microsoft Corporation,20180612,Thales and Microsoft partner on cloud system for armed forces ,June 12 French defence electronics group Thales is partnering with Microsoft to jointly develop a common defence cloud solution for armed forces  the companies said on Tuesday.,normal,Unknown
MORN,Morningstar Inc,20180612,UPDATE 1-Investors pull $300 mln from Bill Gross fund in May -Morningstar ,NEW YORK  June 12 Billionaire Bill Gross' bond fund posted $300 million in withdrawals in the month of May  when it turned in its worst single-day performance since launching in 2014  data from research service Morningstar Inc showed on Tuesday.,topStory,Unknown
MORN,Morningstar Inc,20180612,Investors pull $300 mln from Bill Gross fund in May -Morningstar ,NEW YORK  June 12 Billionaire Bill Gross' bond fund posted $300 million in withdrawals in the month of May  when it turned in its worst single-day performance since launching in 2014  data from research service Morningstar Inc showed on Tuesday.,normal,Unknown
PZZA,Papa John&#39;s International Inc,20180612,As millennials age  more U.S. companies look ahead to Generation Z ,NEW YORK  June 12 After a decade of focusing on the so-called millennial generation  some U.S. companies are starting to look ahead to what’s next.,normal,Sell
PEP,Pepsico Inc,20180612,Senomyx shareholder pushes for change at flavor maker ,A shareholder who says he owns about 4 percent of Senomyx Inc  called on Tuesday for the flavoring company to remove its chairman and give fresh oversight for a new sale process  saying in a publicly released letter that Senomyx's performance has been "nothing short of disaster.",topStory,Unknown
PEP,Pepsico Inc,20180612,Shareholder pushes for changes at flavor maker Senomyx -letter ,June 12 A shareholder is calling on flavoring company Senomyx Inc that works with PepsiCo Inc to drop its current chairman  to sell itself and add a new board seat  according to a letter reviewed by Reuters.,normal,Unknown
PSTI,Pluristem Therapeutics Inc,20180612,Israel's Pluristem sees positive results from leg pain study ,TEL AVIV Israel's Pluristem Therapeutics Inc  a developer of placenta-based stem cell products  said on Tuesday it had positive results from a mid-stage study of its therapy to treat leg pain known as intermittent claudication (IC).,topStory,Sell
PSTI,Pluristem Therapeutics Inc,20180612,Israel's Pluristem sees positive results from leg pain study ,TEL AVIV  June 12 Israel's Pluristem Therapeutics Inc  a developer of placenta-based stem cell products  said on Tuesday it had positive results from a mid-stage study of its therapy to treat leg pain known as intermittent claudication (IC).,normal,Sell
RCII,Rent-A-Center Inc,20180612,Deals of the day-Mergers and acquisitions ,June 12 The following bids  mergers  acquisitions and disposals were reported by 2000 GMT on Tuesday:,topStory,Unknown
RCII,Rent-A-Center Inc,20180612,Vintage Capital raises Rent-A-Center offer to $14 per share ,Buyout firm Vintage Capital Management on Tuesday sweetened its offer for Rent-A-Center Inc  to $14 per share in cash  a day after the retailer ended its sale process saying it had not received a satisfactory takeover offer.,normal,Unknown
RCII,Rent-A-Center Inc,20180612,UPDATE 1-Vintage Capital raises Rent-A-Center offer to $14 per share ,June 12 Buyout firm Vintage Capital Management on Tuesday sweetened its offer for Rent-A-Center Inc to $14 per share in cash  a day after the retailer ended its sale process saying it had not received a satisfactory takeover offer.,normal,Unknown
RCII,Rent-A-Center Inc,20180612,Vintage Capital raises offer for Rent-A-Center to $14 per share ,June 12 Buyout firm Vintage Capital Management on Tuesday sweetened its offer for Rent-A-Center Inc to $14 per share cash  a day after the retailer ended its sale process saying it had not received a satisfactory takeover offer.,normal,Sell
SNMX,Senomyx Inc,20180612,Senomyx shareholder pushes for change at flavor maker ,A shareholder who says he owns about 4 percent of Senomyx Inc  called on Tuesday for the flavoring company to remove its chairman and give fresh oversight for a new sale process  saying in a publicly released letter that Senomyx's performance has been "nothing short of disaster.",topStory,Unknown
SNMX,Senomyx Inc,20180612,UPDATE 1-Senomyx shareholder pushes for change at flavor maker ,June 12 A shareholder who says he owns about 4 percent of Senomyx Inc called on Tuesday for the flavoring company to remove its chairman and give fresh oversight for a new sale process  saying in a publicly released letter that Senomyx's performance has been "nothing short of disaster.",normal,Unknown
SNMX,Senomyx Inc,20180612,Shareholder pushes for changes at flavor maker Senomyx -letter ,June 12 A shareholder is calling on flavoring company Senomyx Inc that works with PepsiCo Inc to drop its current chairman  to sell itself and add a new board seat  according to a letter reviewed by Reuters.,normal,Unknown
TSLA,Tesla Inc ,20180612,Breakingviews - Tesla job cull is more signal than maneuver ,NEW YORK (Reuters Breakingviews) - Tesla’s big-ideas man is sweating the small stuff. Chief Executive Elon Musk told employees on Tuesday that the $60 billion electric-car maker will cut 9 percent of its staff  in an acknowledgement that it’s hard to change the world while not being sustainably profitable. It’s more of a signal than an actual maneuver  but it matters  particularly to the financial community Musk has at times alienated.,topStory,Unknown
TSLA,Tesla Inc ,20180612,Tesla short sellers $2 billion in the red for June as shares soar ,NEW YORK The surging share price for automaker Tesla Inc  this month has slammed short-sellers of the stock with more than $2 billion in losses on paper so far in June  according to financial analytics firm S3 Partners.,normal,Unknown
TSLA,Tesla Inc ,20180612,Tesla short sellers $2 bln in the red for June as shares soar ,NEW YORK  June 12 The surging share price for automaker Tesla Inc this month has slammed short-sellers of the stock with more than $2 billion in losses on paper so far in June  according to financial analytics firm S3 Partners.,normal,Unknown
TSLA,Tesla Inc ,20180612,UPDATE 3-Tesla cuts 9 percent of workforce in search for profit ,June 12 Electric car maker Tesla Inc is cutting several thousand jobs across the company as it seeks to reduce costs and become profitable without endangering the critical production ramp-up for its Model 3 sedan.,normal,Sell
TSLA,Tesla Inc ,20180612,CORRECTED-UPDATE 2-Tesla cuts 9 percent of workforce in search for profit ,June 12 Tesla Inc is cutting several thousand jobs across the company as it seeks to reduce costs and become sustainably profitable without endangering the critical ramp up of production of its Model 3 sedan.,normal,Unknown
TSLA,Tesla Inc ,20180612,Tesla to cut 9 pct of jobs - Bloomberg ,June 12 Tesla Inc is planning to cut about 9 percent of jobs across the company  Bloomberg reported on Tuesday.,normal,Unknown
TSLA,Tesla Inc ,20180612,Worker testifies that Tesla stopped him from organizing union ,OAKLAND  Calif A Tesla Inc  employee organizing a union was asked by a supervisor and company security guards to leave the factory after handing out pro-union flyers  the worker said at a National Labor Relations Board (NLRB) hearing on Monday over whether Tesla had violated federal safeguards for employee activity.,normal,Unknown
TSLA,Tesla Inc ,20180612,UPDATE 1-Worker testifies that Tesla stopped him from organizing union ,OAKLAND  Calif  June 11 A Tesla Inc employee organizing a union was asked by a supervisor and company security guards to leave the factory after handing out pro-union flyers  the worker said at a National Labor Relations Board (NLRB) hearing on Monday over whether Tesla had violated federal safeguards for employee activity.,normal,Sell
TSLA,Tesla Inc ,20180612,Worker testifies that Tesla stopped him from organizing union ,OAKLAND  Calif  June 11 A Tesla Inc employee organizing a union was asked by a supervisor and company security guards to leave the factory after handing out pro-union flyers  the worker testified at a National Labor Relations Board (NLRB) hearing on Monday over whether Tesla had violated federal safeguards for employee activity.,normal,Unknown
TMUS,T-Mobile US Inc,20180612,Breakingviews - AT&T gets law right this time  but could regret it ,NEW YORK/WASHINGTON (Reuters Breakingviews) - This time AT&T got the law right. A judge cleared the telecom firm’s $85 billion Time Warner purchase  handing the U.S. Department of Justice a comprehensive defeat. It’s a win for Chief Executive Randall Stephenson  but it could come with a winner’s curse.,normal,Unknown
TMUS,T-Mobile US Inc,20180612,UPDATE 1-M&A gates open with judge's blessing on AT&T-Time Warner merger ,June 12 A federal judge on Tuesday gave a ringing endorsement to AT&T Inc's planned acquisition of Time Warner Inc without any conditions  opening the door for companies such as Comcast Corp and Verizon Communications Inc to pursue deals to buy creators of media content.,normal,Sell
TMUS,T-Mobile US Inc,20180612,EU starts in depth study of Deutsche Telekom  Tele2's Dutch deal ,BRUSSELS The European Commission said on Tuesday it had opened an in-depth investigation into Deutsche Telekom's planned purchase of the Dutch operations of Sweden's Tele2.,normal,Unknown
TMUS,T-Mobile US Inc,20180612,EU starts in depth study of Deutsche Telekom  Tele2's Dutch deal ,BRUSSELS  June 12 The European Commission said on Tuesday it had opened an in-depth investigation into Deutsche Telekom's planned purchase of the Dutch operations of Sweden's Tele2.,normal,Unknown
USEG,US Energy Corp,20180612,U.S. electricity commission sees no emergency in power market ,WASHINGTON  June 12 All five members of the panel that regulates the U.S. power grid indicated at a Senate hearing on Tuesday there was no emergency in the country's electricity markets  potentially undermining efforts by President Donald Trump's administration to save ailing coal and nuclear plants through subsidies.,normal,Sell
URBN,Urban Outfitters Inc,20180612,Urban Outfitters' upbeat quarterly forecast spurs price target hikes ,Shares of Urban Outfitters Inc  rose nearly 4 percent on Tuesday after at least four brokerages raised their price targets following the company's upbeat quarterly same-store sales forecast at its retail business.,topStory,Unknown
URBN,Urban Outfitters Inc,20180612,Urban Outfitters' upbeat quarterly forecast spurs price target hikes ,June 12 Shares of Urban Outfitters Inc rose nearly 4 percent on Tuesday after at least four brokerages raised their price targets following the company's upbeat quarterly same-store sales forecast at its retail business.,normal,Unknown
ALB,Albemarle Corporation,20180612,Chile creates committee to oversee lithium contracts ,SANTIAGO Chile's government said on Monday it was creating a committee to supervise lithium contracts the state has with local miner SQM and U.S.-based Albemarle Corp.  deals that are key to positioning the country as a top producer of the white metal.,topStory,Sell
ALB,Albemarle Corporation,20180612,Chile creates committee to oversee lithium contracts ,SANTIAGO  June 11 Chile's government said on Monday it was creating a committee to supervise lithium contracts the state has with local miner SQM and U.S.-based Albemarle Corp.  deals that are key to positioning the country as a top producer of the white metal.,normal,Sell
AEP,American Electric Power Company Inc,20180612,CORRECTED-Batteries hasten winds of change for electricity stocks -Barron's ,NEW YORK  June 10 Bigger  better batteries are speeding up change in the U.S. electricity sector and could help power a rally in Xcel Energy Inc  American Electric Power Co Inc and other utility and renewable energy stocks  Barron's reported.,topStory,Unknown
AXP,American Express Company,20180612,As millennials age  more U.S. companies look ahead to Generation Z ,NEW YORK  June 12 After a decade of focusing on the so-called millennial generation  some U.S. companies are starting to look ahead to what’s next.,normal,Sell
AZN,Astrazeneca PLC,20180612,Lilly-AstraZeneca latest to abandon Alzheimer's drug trials ,June 12 Eli Lilly and Co and AstraZeneca Plc said on Tuesday they would discontinue late-stage trials testing their Alzheimer's treatment  the latest among a slew of drugmakers to stop developing treatments for the memory-robbing disease.,topStory,Sell
T,AT&T Inc,20180612,UPDATE 4-AT&T wins court approval to buy Time Warner over Trump opposition ,WASHINGTON  June 12 AT&T Inc won court approval on Tuesday to buy Time Warner Inc for $85 billion  rebuffing an attempt by U.S. President Donald Trump's administration to block the deal and likely setting off a wave of corporate mergers.,topStory,Unknown
T,AT&T Inc,20180612,Instant View: Federal judge OKs AT&T takeover of Time Warner ,AT&T Inc won approval from a U.S. court on Tuesday to buy Time Warner Inc for $85 billion  allowing AT&T to compete with internet companies that dominate digital advertising and providing new sources of revenue.,normal,Unknown
T,AT&T Inc,20180612,S&P 500 ends up; Time Warner shares jump after hours ,NEW YORK The S&P 500 and Nasdaq ended higher on Tuesday  boosted by gains in the technology and utilities sectors  and shares of media and telecom companies jumped in extended trade after AT&T won court approval to buy Time Warner. | Video ,normal,Unknown
T,AT&T Inc,20180612,M&A gates open with judge's blessing on AT&T-Time Warner merger ,A federal judge on Tuesday gave a ringing endorsement to AT&T Inc's planned acquisition of Time Warner Inc without any conditions  opening the door for companies such as Comcast Corp and Verizon Communications Inc to pursue deals to buy creators of media content.,normal,Unknown
T,AT&T Inc,20180612,Breakingviews - AT&T gets law right this time  but could regret it ,NEW YORK/WASHINGTON (Reuters Breakingviews) - This time AT&T got the law right. A judge cleared the telecom firm’s $85 billion Time Warner purchase  handing the U.S. Department of Justice a comprehensive defeat. It’s a win for Chief Executive Randall Stephenson  but it could come with a winner’s curse.,normal,Unknown
T,AT&T Inc,20180612,UPDATE 1-M&A gates open with judge's blessing on AT&T-Time Warner merger ,June 12 A federal judge on Tuesday gave a ringing endorsement to AT&T Inc's planned acquisition of Time Warner Inc without any conditions  opening the door for companies such as Comcast Corp and Verizon Communications Inc to pursue deals to buy creators of media content.,normal,Sell
T,AT&T Inc,20180612,AT&T-Time Warner ruling opens door to more media deals ,June 12 AT&T Inc's planned acquisition of Time Warner Inc received a nod from a federal judge on Tuesday without any conditions  opening the door for companies such as Comcast Corp  and Verizon Communications Inc to pursue deals to buy creators of media content.,normal,Sell
T,AT&T Inc,20180612,AT&T wins U.S. court approval to buy Time Warner for $85 billion ,WASHINGTON  June 12 AT&T Inc won approval from a U.S. court on Tuesday to buy Time Warner Inc for $85 billion  allowing AT&T to compete with internet companies that dominate digital advertising and providing new sources of revenue.,normal,Strong Buy
T,AT&T Inc,20180612,AT&T  Justice Department await decision that could determine future of media ,WASHINGTON AT&T Inc   which owns DirecTV  awaits a court ruling on Tuesday that will determine if it can buy Time Warner Inc   a decision that could prompt a cascade of pay TV companies buying television and movie makers and the first big test of the Trump administration's antitrust teams. | Video ,normal,Sell
T,AT&T Inc,20180612,AT&T  U.S. Justice Department await decision that could determine future of media ,WASHINGTON  June 12 AT&T Inc  which owns DirecTV  awaits a court ruling on Tuesday that will determine if it can buy Time Warner Inc  a decision that could prompt a cascade of pay TV companies buying television and movie makers and the first big test of the Trump administration's antitrust teams.,normal,Sell
TBB,AT&T Inc,20180612,UPDATE 4-AT&T wins court approval to buy Time Warner over Trump opposition ,WASHINGTON  June 12 AT&T Inc won court approval on Tuesday to buy Time Warner Inc for $85 billion  rebuffing an attempt by U.S. President Donald Trump's administration to block the deal and likely setting off a wave of corporate mergers.,repeated,Unknown
TBB,AT&T Inc,20180612,Instant View: Federal judge OKs AT&T takeover of Time Warner ,AT&T Inc won approval from a U.S. court on Tuesday to buy Time Warner Inc for $85 billion  allowing AT&T to compete with internet companies that dominate digital advertising and providing new sources of revenue.,normal,Unknown
TBB,AT&T Inc,20180612,S&P 500 ends up; Time Warner shares jump after hours ,NEW YORK The S&P 500 and Nasdaq ended higher on Tuesday  boosted by gains in the technology and utilities sectors  and shares of media and telecom companies jumped in extended trade after AT&T won court approval to buy Time Warner. | Video ,normal,Unknown
TBB,AT&T Inc,20180612,M&A gates open with judge's blessing on AT&T-Time Warner merger ,A federal judge on Tuesday gave a ringing endorsement to AT&T Inc's planned acquisition of Time Warner Inc without any conditions  opening the door for companies such as Comcast Corp and Verizon Communications Inc to pursue deals to buy creators of media content.,normal,Unknown
TBB,AT&T Inc,20180612,Breakingviews - AT&T gets law right this time  but could regret it ,NEW YORK/WASHINGTON (Reuters Breakingviews) - This time AT&T got the law right. A judge cleared the telecom firm’s $85 billion Time Warner purchase  handing the U.S. Department of Justice a comprehensive defeat. It’s a win for Chief Executive Randall Stephenson  but it could come with a winner’s curse.,normal,Unknown
TBB,AT&T Inc,20180612,UPDATE 1-M&A gates open with judge's blessing on AT&T-Time Warner merger ,June 12 A federal judge on Tuesday gave a ringing endorsement to AT&T Inc's planned acquisition of Time Warner Inc without any conditions  opening the door for companies such as Comcast Corp and Verizon Communications Inc to pursue deals to buy creators of media content.,normal,Sell
TBB,AT&T Inc,20180612,AT&T-Time Warner ruling opens door to more media deals ,June 12 AT&T Inc's planned acquisition of Time Warner Inc received a nod from a federal judge on Tuesday without any conditions  opening the door for companies such as Comcast Corp  and Verizon Communications Inc to pursue deals to buy creators of media content.,normal,Sell
TBB,AT&T Inc,20180612,AT&T wins U.S. court approval to buy Time Warner for $85 billion ,WASHINGTON  June 12 AT&T Inc won approval from a U.S. court on Tuesday to buy Time Warner Inc for $85 billion  allowing AT&T to compete with internet companies that dominate digital advertising and providing new sources of revenue.,normal,Strong Buy
TBB,AT&T Inc,20180612,AT&T  Justice Department await decision that could determine future of media ,WASHINGTON AT&T Inc   which owns DirecTV  awaits a court ruling on Tuesday that will determine if it can buy Time Warner Inc   a decision that could prompt a cascade of pay TV companies buying television and movie makers and the first big test of the Trump administration's antitrust teams. | Video ,normal,Sell
TBB,AT&T Inc,20180612,AT&T  U.S. Justice Department await decision that could determine future of media ,WASHINGTON  June 12 AT&T Inc  which owns DirecTV  awaits a court ruling on Tuesday that will determine if it can buy Time Warner Inc  a decision that could prompt a cascade of pay TV companies buying television and movie makers and the first big test of the Trump administration's antitrust teams.,normal,Sell
BAC,Bank of America Corporation,20180612,Bank of America executive sees consumer unit's efficiency ratio flat to down ,Bank of America Corp's  co-head of consumer and business banking said on Tuesday he expects the consumer banking unit's efficiency ratio to remain flat or improve further as it cuts more costs tied to moving physical checks and cash.,topStory,Unknown
BAC,Bank of America Corporation,20180612,CORRECTED-Bank of America exec sees consumer unit's efficiency ratio flat to down ,June 12 Bank of America Corp's co-head of consumer and business banking said on Tuesday he expects the consumer banking unit's efficiency ratio to remain flat or improve further as it cuts more costs tied to moving physical checks and cash.,normal,Unknown
BHP,BHP Billiton Limited,20180612,BHP  union at Chile's Spence copper mine reach labor agreement ,SANTIAGO Unionized workers at BHP's Spence copper mine in northern Chile agreed on Monday to a new collective labor contract  the company and the union said.,topStory,Unknown
BHP,BHP Billiton Limited,20180612,UPDATE 1-BHP  union at Chile's Spence copper mine reach labor agreement ,SANTIAGO  June 11 Unionized workers at BHP's Spence copper mine in northern Chile agreed on Monday to a new collective labor contract  the company and the union said.,normal,Sell
BHP,BHP Billiton Limited,20180612,METALS-Copper slips on stronger dollar; Escondida still in focus ,    BEIJING  June 12 Shanghai copper slid for the first time in eight days on Tuesday  while London copper continued to lose ground as the dollar strengthened and BHP responded to a proposal from unionised workers at its Escondida copper mine in Chile.      A stronger greenback makes dollar-denominated metals more expensive for holders of other currencies and can weigh on prices.           FUNDAMENTALS     * SHFE COPPER: The most-traded August copper contract on the Shanghai Futures ,normal,Unknown
BRFS,BRF SA,20180612,UPDATE 1-Top shareholders of Brazil's BRF will not sell at current prices ,RIO DE JANEIRO/SAO PAULO  June 12 Two pension funds that control 22 percent of Brazil's BRF SA  the world's largest poultry exporter  are not interested in selling their stakes at current prices  the funds' chief executives said on Tuesday.,topStory,Unknown
BRFS,BRF SA,20180612,Brazil's BRF major shareholders won't sell at current prices -Petros CEO ,RIO DE JANEIRO/SAO PAULO  June 12 Controlling shareholders of Brazil's BRF SA  the world's largest poultry exporter  are not interested in selling their stakes at current prices  said the chief executive of pension fund Petros  a major stakeholder  on Tuesday.,normal,Unknown
BTI,British American Tobacco plc,20180612,BAT forecasts earnings growth despite currency headwinds ,LONDON British American Tobacco  said on Tuesday it expects to weather a weaker pound and a slowing market for tobacco-heating devices in Japan to report "good" earnings growth for the full year.,topStory,Strong Buy
BTI,British American Tobacco plc,20180612,UPDATE 1-BAT forecasts earnings growth despite currency headwinds ,LONDON  June 12 British American Tobacco said on Tuesday it expects to weather a weaker pound and a slowing market for tobacco-heating devices in Japan to report "good" earnings growth for the full year.,normal,Strong Buy
BTI,British American Tobacco plc,20180612,British American Tobacco flags currency headwinds ,LONDON  June 12 British American Tobacco said trading in the first half of the year was in line with expectations but warned that currency exchange rates would limit growth.,normal,Unknown
BT,BT Group plc,20180612,S&P cuts BT Group's credit rating ,June 12 S&P Global Ratings on Tuesday cut its credit rating on BT Group  citing strict oversight by British telecom regulator of its broadband networks.,topStory,Unknown
CS,Credit Suisse Group,20180612,MOVES- Credit Suisse  Invesco  Lazard ,June 12 The following financial services industry appointments were announced on Tuesday. To inform us of other job changes  email moves@thomsonreuters.com.,topStory,Unknown
CS,Credit Suisse Group,20180612,New York top court narrows Martin Act in $11 billion Credit Suisse case ,NEW YORK New York's highest court on Tuesday curbed the state attorney general's ability to fight fraud on Wall Street  awarding a victory to Credit Suisse Group AG  as it tries to end an $11 billion lawsuit over risky mortgage securities.,normal,Unknown
CS,Credit Suisse Group,20180612,New York's top court narrows Martin Act in $11 bln Credit Suisse case ,NEW YORK  June 12 New York State's highest court on Tuesday narrowed the reach of a powerful law used by the state's attorney general to fight financial fraud  handing a partial victory to Credit Suisse Group AG in an $11 billion lawsuit over defective mortgage securities.,normal,Unknown
CS,Credit Suisse Group,20180612,Credit Suisse appoints two SEAsia investment banking execs ,Credit Suisse Group AG  on Tuesday appointed Yvonne Voon and Felicity Chan in its Southeast Asia investment banking business to strengthen its franchise in the region.,normal,Sell
CS,Credit Suisse Group,20180612,MOVES-Credit Suisse appoints two SEAsia investment banking execs ,June 12 Credit Suisse Group AG on Tuesday appointed Yvonne Voon and Felicity Chan in its Southeast Asia investment banking business to strengthen its franchise in the region.,normal,Sell
DB,Deutsche Bank AG,20180612,REFILE-MOVES-Lazard hires two managing directors from Deutsche Bank ,June 12 Financial advisory and asset management firm Lazard Ltd said it had hired Mark Sooby and Harris Ghozali as managing directors  financial advisory.,topStory,Unknown
DB,Deutsche Bank AG,20180612,Deutsche Bank CEO says Europe must create conditions for banking consolidation ,FRANKFURT Europe needs to create the conditions for banking consolidation before the continent can form true European banking champions  Deutsche Bank's  chief said on Tuesday.,normal,Unknown
DB,Deutsche Bank AG,20180612,UPDATE 1-Deutsche Bank CEO says Europe must create conditions for banking consolidation ,* European champions needed to compete with U.S. and China (Updates with details from speech  background),normal,Unknown
DB,Deutsche Bank AG,20180612,Deutsche Bank CEO says Europe must create conditions for banking consolidation ,FRANKFURT  June 12 Europe needs to create the conditions for banking consolidation before the continent can form real European banking champions  Deutsche Bank's chief said on Tuesday.,normal,Unknown
DPZ,Domino&#39;s Pizza Inc,20180612,Domino's Pizza says CFO leaves  outlook on track ,LONDON Domino's Pizza Group  said its chief financial officer Rachel Osborne had left with immediate effect  in a statement which reiterated that the biggest pizza delivery firm in Britain was on track to meet guidance.,topStory,Unknown
DPZ,Domino&#39;s Pizza Inc,20180612,Domino's Pizza says CFO leaves  outlook on track ,LONDON  June 12 Domino's Pizza Group said its chief financial officer Rachel Osborne had left with immediate effect  in a statement which reiterated that the biggest pizza delivery firm in Britain was on track to meet guidance.,normal,Unknown
EQT,EQT Corporation,20180612,KKR and Blackstone pursue stake in Swiss sports data group: sources ,FRANKFURT KKR  and Blackstone  have been picked for a second round of bidding for Sportradar  as investor EQT looks to sell a minority stake that could value the Swiss sports data group at more than 2 billion euros ($2.4 billion)  sources said.,topStory,Unknown
EQT,EQT Corporation,20180612,KKR and Blackstone pursue stake in Swiss sports data group - sources ,FRANKFURT  June 12 KKR and Blackstone have been picked for a second round of bidding for Sportradar  as investor EQT looks to sell a minority stake that could value the Swiss sports data group at more than 2 billion euros ($2.4 billion)  sources said.,normal,Unknown
XOM,Exxon Mobil Corporation,20180612,Exxon's Baton Rouge  Louisiana refinery coker to remain shut until July: sources ,HOUSTON The large coker at Exxon Mobil Corp's 502 500 barrel-per-day (bpd) Exxon Baton Rouge  Louisiana  refinery is expected to remain shut until July  said sources familiar with plant operations.,topStory,Sell
XOM,Exxon Mobil Corporation,20180612,Exclusive: Exxon Mobil breaks with past  bulks up energy trading to boost profit ,HOUSTON/LONDON Exxon Mobil Corp  is pushing deeper into energy trading  building a global cadre of experienced traders and beefing up risk-management systems to lift profit  according to executive recruiters and people familiar with the business.,normal,Unknown
XOM,Exxon Mobil Corporation,20180612,Exxon starts drilling at offshore Guyana projects ,June 12 Exxon Mobil Corp said on Tuesday it started development drilling in three offshore Guyana projects  which could produce more than 500 000 barrels of oil per day.,normal,Unknown
FCAU,Fiat Chrysler Automobiles NV,20180612,FCA ends fair treatment investigation into Scottish Widows ,LONDON Britain's financial markets regulator said on Tuesday it had ended its investigation into Scottish Widows  as part of a thematic review into the fair treatment of longstanding customers in the life insurance sector.,topStory,Unknown
FCAU,Fiat Chrysler Automobiles NV,20180612,FCA ends fair treatment investigation into Scottish Widows ,LONDON  June 12 Britain's financial markets regulator said on Tuesday it had ended its investigation into Scottish Widows  as part of a thematic review into the fair treatment of longstanding customers in the life insurance sector.,normal,Unknown
FCF,First Commonwealth Financial Corporation,20180612,S&P 500 ends up; Time Warner shares jump after hours ,NEW YORK The S&P 500 and Nasdaq ended higher on Tuesday  boosted by gains in the technology and utilities sectors  and shares of media and telecom companies jumped in extended trade after AT&T won court approval to buy Time Warner. | Video ,normal,Unknown
FCF,First Commonwealth Financial Corporation,20180612,GLOBAL MARKETS-Stocks steady after Trump-Kim summit  investors eye Fed ,* After the bell  AT&T wins court approval to buy Time Warner (Adds U.S. markets close),normal,Unknown
FCF,First Commonwealth Financial Corporation,20180612,GLOBAL MARKETS-Stocks  dollar steady after U.S.-North Korea summit ,* Trump  Kim agree on denuclearization but deal seen symbolic,normal,Sell
FCF,First Commonwealth Financial Corporation,20180612,GLOBAL MARKETS-Stocks  dollar steady after U.S.-North Korea summit ,* Trump  Kim agree on denuclearization but deal seen symbolic,normal,Sell
FCF,First Commonwealth Financial Corporation,20180612,US STOCKS-Wall St edges higher; Fed in focus ,* U.S. consumer prices for May rise in line with expectations,normal,Unknown
FCF,First Commonwealth Financial Corporation,20180612,US STOCKS-Wall St set to open flat after U.S.-North Korea summit ,* U.S. consumer prices for May rise in line with expectations,normal,Unknown
GE,General Electric Company,20180612,Union leaders to meet General Electric in bid to save Virginia jobs ,NEW YORK  June 12 Union leaders plan to meet with General Electric Co on Wednesday in a bid to avert closure of a Virginia factory that makes controls for GE's power plants  the company and the union said on Tuesday.,topStory,Unknown
GM,General Motors Company,20180612,GM has no projects underway with Lyft  CEO Barra says ,DETROIT General Motors Co  Chief Executive Officer Mary Barra said on Tuesday the No. 1 U.S. automaker currently has no projects underway with ride-sharing company Lyft  in which it has a 9 percent stake.,topStory,Unknown
GM,General Motors Company,20180612,GM currently has "no projects underway with Lyft" - CEO Barra ,DETROIT  June 12 General Motors Co Chief Executive Mary Barra said on Tuesday that the No. 1 U.S. automaker currently has no projects underway with ride-sharing company Lyft  in which it has a 9 percent stake.,normal,Unknown
GSK,GlaxoSmithKline PLC,20180612,GSK says vaccine business president to leave by year-end ,GlaxoSmithKline Plc said the president of its vaccines business  Luc Debruyne  would leave the company at the end of the year.,topStory,Unknown
GSK,GlaxoSmithKline PLC,20180612,UPDATE 1-GSK says vaccine business president to leave by year-end ,June 12 GlaxoSmithKline Plc said the president of its vaccines business  Luc Debruyne  would leave the company at the end of the year.,normal,Unknown
GSK,GlaxoSmithKline PLC,20180612,GSK says vaccine business president to leave by year-end ,June 12 GlaxoSmithKline Plc said the president of its vaccines business  Luc Debruyne  would leave the company at the end of the year.,normal,Unknown
GES,Guess? Inc,20180612,Guess Chairman Paul Marciano resigns after probe into improper conduct ,Guess Inc  said on Tuesday its co-founder  Paul Marciano  had resigned as the company's executive chairman after a special committee completed an investigation into allegations of improper conduct.,topStory,Unknown
GES,Guess? Inc,20180612,UPDATE 1-Guess Chairman Paul Marciano resigns after probe into improper conduct ,June 12 Guess Inc said on Tuesday its co-founder  Paul Marciano  had resigned as the company's executive chairman after a special committee completed an investigation into allegations of improper conduct.,normal,Sell
GES,Guess? Inc,20180612,REFILE-Guess Chairman Paul Marciano resigns after probe into improper conduct ,June 12 Guess Inc said on Tuesday its co-founder  Paul Marciano  had resigned as the company's executive chairman after a special committee completed an investigation into allegations of improper conduct.,normal,Unknown
IFF,Internationa Flavors & Fragrances Inc,20180612,UPDATE 1-Senomyx shareholder pushes for change at flavor maker ,June 12 A shareholder who says he owns about 4 percent of Senomyx Inc called on Tuesday for the flavoring company to remove its chairman and give fresh oversight for a new sale process  saying in a publicly released letter that Senomyx's performance has been "nothing short of disaster.",normal,Unknown
IFF,Internationa Flavors & Fragrances Inc,20180612,Shareholder pushes for changes at flavor maker Senomyx -letter ,June 12 A shareholder is calling on flavoring company Senomyx Inc that works with PepsiCo Inc to drop its current chairman  to sell itself and add a new board seat  according to a letter reviewed by Reuters.,normal,Unknown
IVZ,Invesco Plc,20180612,MOVES-Invesco makes two new hires to strengthen Nordics sales team ,June 12 Investment management firm Invesco Ltd on Tuesday appointed two senior sales managers in the Nordics to boost its institutional and retail investment business in the region.,topStory,Unknown
JPM,J P Morgan Chase & Co,20180612,JPMorgan is sued over Mexican property transfer ,NEW YORK A Mexican real estate developer has filed a $1.2 billion lawsuit accusing JPMorgan Chase & Co  of fraudulently inducing it to transfer properties based on a false promise it would sell them.,topStory,Unknown
JPM,J P Morgan Chase & Co,20180612,UPDATE 1-JPMorgan is sued over Mexican property transfer ,NEW YORK  June 12 A Mexican real estate developer has filed a $1.2 billion lawsuit accusing JPMorgan Chase & Co of fraudulently inducing it to transfer properties based on a false promise it would sell them.,normal,Unknown
JPM,J P Morgan Chase & Co,20180612,JPMorgan sued over Mexican property transfer ,NEW YORK  June 12 A Mexican real estate developer has filed a $1.2 billion lawsuit accusing JPMorgan Chase & Co of fraudulently inducing it to transfer properties based on a false promise it would sell them.,normal,Unknown
JNJ,Johnson & Johnson,20180612,J&J accepts $2.1 billion offer for its LifeScan unit ,Johnson & Johnson said on Tuesday it has accepted private equity firm Platinum Equity's $2.1 billion buyout offer for the company's LifeScan Inc unit.,topStory,Unknown
JNJ,Johnson & Johnson,20180612,J&J accepts $2.1 bln offer for its LifeScan unit ,June 12 Johnson & Johnson said on Tuesday it has accepted private equity firm Platinum Equity's $2.1 billion buyout offer for the company's LifeScan Inc unit.,normal,Unknown
KKR,KKR & Co LP,20180612,KKR and Blackstone pursue stake in Swiss sports data group: sources ,FRANKFURT KKR  and Blackstone  have been picked for a second round of bidding for Sportradar  as investor EQT looks to sell a minority stake that could value the Swiss sports data group at more than 2 billion euros ($2.4 billion)  sources said.,topStory,Unknown
KKR,KKR & Co LP,20180612,KKR and Blackstone pursue stake in Swiss sports data group - sources ,FRANKFURT  June 12 KKR and Blackstone have been picked for a second round of bidding for Sportradar  as investor EQT looks to sell a minority stake that could value the Swiss sports data group at more than 2 billion euros ($2.4 billion)  sources said.,normal,Unknown
PHG,Koninklijke Philips NV,20180612,Turkey competition board says to investigate Philips ,ISTANBUL  June 12 Turkey's Competition Authority opened an investigation into Dutch healthcare technology company Philips and its Turkish affiliate on possible violation of competition law  the competition watchdog said on Tuesday.,topStory,Strong Buy
LHO,LaSalle Hotel Properties,20180612,LaSalle Hotel's third-largest shareholder backs Pebblebrook's offer ,LaSalle Hotel Properties'  third-biggest shareholder  HG Vora Capital Management  said on Tuesday that Pebblebrook Hotel Trust's revised offer for the U.S. hotel owner was superior to Blackstone's  $3.7 billion bid.,topStory,Sell
LHO,LaSalle Hotel Properties,20180612,LaSalle Hotel's 3rd-largest shareholder backs Pebblebrook's offer ,June 12 LaSalle Hotel Properties' third-biggest shareholder  HG Vora Capital Management  said on Tuesday that Pebblebrook Hotel Trust's revised offer for the U.S. hotel owner was superior to Blackstone's $3.7 billion bid.,normal,Sell
LAZ,Lazard Ltd,20180612,REFILE-MOVES-Lazard hires two managing directors from Deutsche Bank ,June 12 Financial advisory and asset management firm Lazard Ltd said it had hired Mark Sooby and Harris Ghozali as managing directors  financial advisory.,topStory,Unknown
MCD,McDonald&#39;s Corporation,20180612,McDonald's to post $80-$90 million charges for restructuring  layoffs ,McDonald's Corp  plans to take $80 million to $90 million in charges during the second quarter from a restructuring at its U.S. operations that includes layoffs.,topStory,Unknown
MCD,McDonald&#39;s Corporation,20180612,McDonald's to post $80-$90 million charges for restructuring  layoffs ,June 12 McDonald's Corp plans to take $80 million to $90 million in charges during the second quarter from a restructuring at its U.S operations that includes layoffs.,normal,Unknown
MS,Morgan Stanley,20180612,Morgan Stanley's fixed-income business has great potential: CEO ,NEW YORK Morgan Stanley  Chief Executive Officer James Gorman said on Tuesday that in recent years the bank's fixed-income group has had the greatest opportunity for delivering growth.,topStory,Unknown
MS,Morgan Stanley,20180612,UPDATE 1-Morgan Stanley's fixed-income business has great potential: CEO ,NEW YORK  June 12 Morgan Stanley Chief Executive Officer James Gorman said on Tuesday that in recent years the bank's fixed-income group has had the greatest opportunity for delivering growth.,normal,Unknown
MS,Morgan Stanley,20180612,Morgan Stanley's 'most attractive business' is fixed income -CEO ,NEW YORK  June 12 Morgan Stanley Chief Executive Officer James Gorman called the bank's fixed-income group its "most attractive business" on Tuesday at a conference the Wall Street firm held in New York.,normal,Unknown
PEB,Pebblebrook Hotel Trust,20180612,LaSalle Hotel's third-largest shareholder backs Pebblebrook's offer ,LaSalle Hotel Properties'  third-biggest shareholder  HG Vora Capital Management  said on Tuesday that Pebblebrook Hotel Trust's revised offer for the U.S. hotel owner was superior to Blackstone's  $3.7 billion bid.,topStory,Sell
PEB,Pebblebrook Hotel Trust,20180612,LaSalle Hotel's 3rd-largest shareholder backs Pebblebrook's offer ,June 12 LaSalle Hotel Properties' third-biggest shareholder  HG Vora Capital Management  said on Tuesday that Pebblebrook Hotel Trust's revised offer for the U.S. hotel owner was superior to Blackstone's $3.7 billion bid.,normal,Sell
PBR,Petroleo Brasileiro SA- Petrobras,20180612,UPDATE 1-Brazil pension fund Petros expects to sell part of Vale stake in 2018-CEO ,RIO DE JANEIRO  June 12 Brazilian pension fund Petros expects to sell part of its stake in mining company Vale SA this year  Chief Executive Officer Walter Mendes said on Tuesday  an indication that Vale's main shareholders may sell their stakes separately.,normal,Unknown
RIO,Rio Tinto Plc,20180612,Rio Tinto hires CFO from Danish shipper Maersk ,Major miner Rio Tinto   named Jacob Stausholm  formerly CFO of Danish shipping company A.P. Moller-Maersk  to replace outgoing financial boss Chris Lynch when he retires in September  the Anglo-Australian mining company said on Tuesday.,topStory,Unknown
SLB,Schlumberger NV,20180612,BRIEF-Schlumberger expects 2Q profits to grow by 10 to 15 pct - executive ,HOUSTON  June 12 Schlumberger  the world's largest oilfield services provider  expects its second quarter earnings per share to increase between 10 percent and 15 percent  an executive said on Tuesday at an energy conference in San Francisco.,topStory,Unknown
SQM,Sociedad Quimica y Minera SA,20180612,Chile creates committee to oversee lithium contracts ,SANTIAGO Chile's government said on Monday it was creating a committee to supervise lithium contracts the state has with local miner SQM and U.S.-based Albemarle Corp.  deals that are key to positioning the country as a top producer of the white metal.,topStory,Sell
SQM,Sociedad Quimica y Minera SA,20180612,U.S. electric car sector  wary of China  seeks more domestic lithium ,June 12 Miners are pushing to sharply boost lithium output in the United States  as automakers in the world's third biggest electric vehicle market are eager to cut their dependence on China for the critical battery ingredient and find more local sources.,normal,Unknown
SQM,Sociedad Quimica y Minera SA,20180612,Chile creates committee to oversee lithium contracts ,SANTIAGO  June 11 Chile's government said on Monday it was creating a committee to supervise lithium contracts the state has with local miner SQM and U.S.-based Albemarle Corp.  deals that are key to positioning the country as a top producer of the white metal.,normal,Sell
BID,Sotheby&#39;s,20180612,Chinese vase found in shoebox sells for $19 million ,PARIS  June 12 An 18th century Chinese vase found in a shoebox in an attic in France sold for 16.2 million euros ($19 million) at auction in Paris on Tuesday.,normal,Unknown
SCCO,Southern Copper Corporation,20180612,Southern Copper sees Michiquillay mine in Peru starting operations in 2022 ,LIMA  June 12 Southern Copper Corp said on Tuesday that it plans to start building its proposed $2.5 billion copper mine Michiquillay in Peru next year and will likely start operations in 2022 - three years earlier than previously forecast.,topStory,Unknown
TI,Telecom Italia SPA,20180612,Telecom Italia agrees measures with unions equivalent to 4 500 layoffs: source ,ROME An accord Telecom Italia signed with trade unions Monday night will achieve savings equivalent to 4 500 layoffs through so-called 'solidarity' measures  a source familiar with the matter said on Tuesday.,topStory,Unknown
TI,Telecom Italia SPA,20180612,Telecom Italia agrees measures with unions equivalent to 4 500 layoffs-source ,ROME  June 12 An accord Telecom Italia signed with trade unions Monday night will achieve savings equivalent to 4 500 layoffs through so-called 'solidarity' measures  a source familiar with the matter said on Tuesday.,normal,Unknown
TEF,Telefonica SA,20180612,Telefonica goes back to basics in Spain with O2 brand ,MADRID  June 12 Spain's Telefonica said on Tuesday it would start selling low-cost phone and internet services in its key domestic market  in a shift away from its recent focus on pricy premium packages.,topStory,Unknown
TEF,Telefonica SA,20180612,EU investigates Deutsche Telekom's Dutch deal amid competition concerns ,BRUSSELS/STOCKHOLM Deutsche Telekom faces a four-month investigation into its bid to buy the Dutch business of Swedish peer Tele2 after EU antitrust regulators voiced concerns about the deal.,normal,Unknown
TEF,Telefonica SA,20180612,UPDATE 2-EU investigates Deutsche Telekom's Dutch deal amid competition concerns ,* Probe underscores EU's tough line against 4-to-3 telco deals (Adds European Commission confirmation of investigation  Tele2 comment),normal,Unknown
BX,The Blackstone Group LP,20180612,UPDATE 1-Blackstone in agreement to acquire Australia's Investa Office Fund for $2.3 billion ,June 13 Australia's Investa Office Fund (IOF) and Blackstone Group on Wednesday entered into a scheme implementation agreement through which the U.S. private equity giant would acquire real estate investment trust for A$3.08 billion ($2.3 billion).,topStory,Unknown
BX,The Blackstone Group LP,20180612,Blackstone in agreement to acquire Australia's Investa Office Fund ,June 13 Australia's Investa Office Fund (IOF) and Blackstone Group on Wednesday entered into a scheme implementation agreement through which the U.S. private equity giant would acquire the Sydney-focused company for A$3.08 billion ($2.33 billion).,normal,Unknown
BX,The Blackstone Group LP,20180612,Deals of the day-Mergers and acquisitions ,June 12 The following bids  mergers  acquisitions and disposals were reported by 2000 GMT on Tuesday:,normal,Unknown
TWX,Time Warner Inc,20180612,UPDATE 4-AT&T wins court approval to buy Time Warner over Trump opposition ,WASHINGTON  June 12 AT&T Inc won court approval on Tuesday to buy Time Warner Inc for $85 billion  rebuffing an attempt by U.S. President Donald Trump's administration to block the deal and likely setting off a wave of corporate mergers.,topStory,Unknown
TWX,Time Warner Inc,20180612,Instant View: Federal judge OKs AT&T takeover of Time Warner ,AT&T Inc won approval from a U.S. court on Tuesday to buy Time Warner Inc for $85 billion  allowing AT&T to compete with internet companies that dominate digital advertising and providing new sources of revenue.,normal,Unknown
TWX,Time Warner Inc,20180612,S&P 500 ends up; Time Warner shares jump after hours ,NEW YORK The S&P 500 and Nasdaq ended higher on Tuesday  boosted by gains in the technology and utilities sectors  and shares of media and telecom companies jumped in extended trade after AT&T won court approval to buy Time Warner. | Video ,normal,Unknown
TWX,Time Warner Inc,20180612,US STOCKS-S&P 500 ends up; Time Warner shares jump after hours ,* Dow down 0.01 pct  S&P 500 up 0.2 pct  Nasdaq up 0.6 pct (Updates with AT&T winning court approval to buy Time Warner),normal,Unknown
TWX,Time Warner Inc,20180612,UPDATE 1-M&A gates open with judge's blessing on AT&T-Time Warner merger ,June 12 A federal judge on Tuesday gave a ringing endorsement to AT&T Inc's planned acquisition of Time Warner Inc without any conditions  opening the door for companies such as Comcast Corp and Verizon Communications Inc to pursue deals to buy creators of media content.,normal,Sell
TWX,Time Warner Inc,20180612,AT&T-Time Warner ruling opens door to more media deals ,June 12 AT&T Inc's planned acquisition of Time Warner Inc received a nod from a federal judge on Tuesday without any conditions  opening the door for companies such as Comcast Corp  and Verizon Communications Inc to pursue deals to buy creators of media content.,normal,Sell
TWX,Time Warner Inc,20180612,AT&T wins U.S. court approval to buy Time Warner for $85 billion ,WASHINGTON  June 12 AT&T Inc won approval from a U.S. court on Tuesday to buy Time Warner Inc for $85 billion  allowing AT&T to compete with internet companies that dominate digital advertising and providing new sources of revenue.,normal,Strong Buy
TWX,Time Warner Inc,20180612,AT&T  Justice Department await decision that could determine future of media ,WASHINGTON AT&T Inc   which owns DirecTV  awaits a court ruling on Tuesday that will determine if it can buy Time Warner Inc   a decision that could prompt a cascade of pay TV companies buying television and movie makers and the first big test of the Trump administration's antitrust teams. | Video ,normal,Sell
TWX,Time Warner Inc,20180612,US STOCKS-Wall St set to open flat after U.S.-North Korea summit ,* U.S. consumer prices for May rise in line with expectations,normal,Unknown
TWX,Time Warner Inc,20180612,US STOCKS-Futures inch lower after Trump-Kim summit ,June 12 U.S. stock index futures edged lower on Tuesday after President Donald Trump and North Korean leader Kim Jong Un signed a joint statement at a historic summit but offered few details on their pledge to denuclearize the Korean peninsula.,normal,Unknown
VALE,VALE SA,20180612,UPDATE 1-Brazil pension fund Petros expects to sell part of Vale stake in 2018-CEO ,RIO DE JANEIRO  June 12 Brazilian pension fund Petros expects to sell part of its stake in mining company Vale SA this year  Chief Executive Officer Walter Mendes said on Tuesday  an indication that Vale's main shareholders may sell their stakes separately.,topStory,Unknown
VALE,VALE SA,20180612,Brazil pension fund Petros expects to sell part of Vale stake in 2018 -CEO ,RIO DE JANEIRO  June 12 Brazilian pension fund Petros  which manages pensions for employees of state-controlled oil company Petroleo Brasileiro SA  expects this year to sell part of its stake in iron ore miner Vale SA  Petros Chief Executive Officer Walter Mendes said on Tuesday.,normal,Unknown
DIS,Walt Disney Company (The),20180612,UPDATE 1-M&A gates open with judge's blessing on AT&T-Time Warner merger ,June 12 A federal judge on Tuesday gave a ringing endorsement to AT&T Inc's planned acquisition of Time Warner Inc without any conditions  opening the door for companies such as Comcast Corp and Verizon Communications Inc to pursue deals to buy creators of media content.,normal,Sell
DIS,Walt Disney Company (The),20180612,AT&T-Time Warner ruling opens door to more media deals ,June 12 AT&T Inc's planned acquisition of Time Warner Inc received a nod from a federal judge on Tuesday without any conditions  opening the door for companies such as Comcast Corp  and Verizon Communications Inc to pursue deals to buy creators of media content.,normal,Sell
WFC,Wells Fargo & Company,20180612,Wells Fargo workers push for more board access  so far in vain ,A labor-backed group is stepping up pressure on Wells Fargo & Co  to add an employee to a council that has the ear of the bank's board and management  arguing workers deserve a voice as Wells Fargo works to get past a damaging scandal over sales practices.,topStory,Unknown
WFC,Wells Fargo & Company,20180612,Wells Fargo workers push for more board access  so far in vain ,June 12 A labor-backed group is stepping up pressure on Wells Fargo & Co to add an employee to a council that has the ear of the bank's board and management  arguing workers deserve a voice as Wells Fargo works to get past a damaging scandal over sales practices.,normal,Unknown
WPP,WPP plc,20180612,Sorrell's downfall set to dominate WPP investor meeting ,LONDON Investor anger over the departure of WPP  boss Martin Sorrell will burst into the open on Wednesday when shareholders tackle management over its handling of a boardroom battle that has gripped the British corporate scene.,topStory,Unknown
WPP,WPP plc,20180612,Sorrell's downfall set to dominate WPP investor meeting ,LONDON  June 13 Investor anger over the departure of WPP boss Martin Sorrell will burst into the open on Wednesday when shareholders tackle management over its handling of a boardroom battle that has gripped the British corporate scene.,normal,Unknown
WPP,WPP plc,20180612,Farewell package for WPP's Sorrell faces investor backlash ,LONDON WPP's  decision to allow founder Martin Sorrell to quit with share awards worth millions of pounds faced fresh opposition on Tuesday as Hermes EOS advised shareholders to vote against the advertising giant's remuneration report.,normal,Unknown
WPP,WPP plc,20180612,UPDATE 3-Farewell package for WPP's Sorrell faces investor backlash ,* WPP to hold AGM on Wednesday (Adds comment from WPP investor California State Teachers’ Retirement System),normal,Unknown
WPP,WPP plc,20180612,UPDATE 2-Farewell package for WPP's Sorrell faces investor backlash ,* WPP to hold AGM on Wednesday (Combines stories  adds quote from top-20 investor  background),normal,Unknown
WPP,WPP plc,20180612,Top WPP shareholder says to back re-election of board at AGM ,LONDON Top WPP  shareholder Harris Associates said on Tuesday it would back the re-election of the board of the advertising company  which has faced criticism over its handling of the departure of founder Martin Sorrell.,normal,Unknown
WPP,WPP plc,20180612,Hermes EOS advises WPP investor to back chair  but not pay report at AGM ,LONDON  June 12 Shareholder vote adviser Hermes EOS on Tuesday recommended investors back the re-election of WPP chairman Roberto Quarta at the company's annual meeting  but not the pay report.,normal,Unknown
