AMZN,Amazoncom Inc,20180610,Rights group hits Amazon  Foxconn over China labor conditions ,NEW YORK  June 10 A U.S. watchdog group criticized Amazon.com Inc and contract manufacturer Foxconn over what it described as harsh working conditions at a plant in China that makes the retail giant's Echo Dot smart speaker and Kindle e-reader.,topStory,Unknown
BCOM,B Communications Ltd,20180610,Internet Gold examining sale of controlling stake in Bezeq ,JERUSALEM Internet Gold - Golden Lines said on Sunday it was considering offers to sell part or all of its shares in B Communications  through which it controls Israel's largest telecoms group  Bezeq.,topStory,Unknown
BCOM,B Communications Ltd,20180610,Internet Gold examining sale of controlling stake in Bezeq ,JERUSALEM  June 10 Internet Gold - Golden Lines said on Sunday it was considering offers to sell part or all of its shares in B Communications  through which it controls Israel's largest telecoms group  Bezeq .,normal,Unknown
AEP,American Electric Power Company Inc,20180610,Batteries hasten winds of change for electricity stocks -Barron's ,NEW YORK  June 10 Bigger  better batteries are speeding up change in the U.S. electricity sector and could help power a rally in Xcel Energy Inc  American Electric Power Co Inc and other utility and renewable energy stocks  Barron's reported.,topStory,Unknown
BLK,BlackRock Inc,20180610,BlackRock discloses 5 percent stake in NZ's a2 Milk ,BlackRock Inc   the world's largest asset manager  disclosed on Monday a 5 percent stake in New Zealand dairy firm a2 Milk Company Ltd .,topStory,Unknown
BLK,BlackRock Inc,20180610,BlackRock discloses 5 pct stake in NZ's a2 Milk ,June 11 BlackRock Inc  the world's largest asset manager  disclosed on Monday a 5 percent stake in New Zealand dairy firm a2 Milk Company Ltd.,normal,Unknown
EVHC,Envision Healthcare Corporation,20180610,KKR nears agreement to acquire Envision for about $5.5 billion: source ,Private equity firm KKR & Co  is nearing an agreement to acquire U.S. physician services provider Envision Healthcare Corp  for $46 a share  or about $5.5 billion  a person familiar with the deal told Reuters on Sunday.,topStory,Sell
EVHC,Envision Healthcare Corporation,20180610,UPDATE 2-KKR nears agreement to acquire Envision for about $5.5 bln -source ,June 10 Private equity firm KKR & Co is nearing an agreement to acquire U.S. physician services provider Envision Healthcare Corp for $46 a share  or about $5.5 billion  a person familiar with the deal told Reuters on Sunday.,normal,Unknown
EVHC,Envision Healthcare Corporation,20180610,KKR nears agreement to acquire Envision for about $5.5 bln -WSJ ,June 10 KKR & Co LP is nearing an agreement to acquire U.S. physician services provider Envision Healthcare Corp for $46 a share  or about $5.5 billion  the Wall Street Journal reported on Sunday.,normal,Unknown
KKR,KKR & Co LP,20180610,KKR nears agreement to acquire Envision for about $5.5 billion: source ,Private equity firm KKR & Co  is nearing an agreement to acquire U.S. physician services provider Envision Healthcare Corp  for $46 a share  or about $5.5 billion  a person familiar with the deal told Reuters on Sunday.,topStory,Sell
KKR,KKR & Co LP,20180610,UPDATE 2-KKR nears agreement to acquire Envision for about $5.5 bln -source ,June 10 Private equity firm KKR & Co is nearing an agreement to acquire U.S. physician services provider Envision Healthcare Corp for $46 a share  or about $5.5 billion  a person familiar with the deal told Reuters on Sunday.,normal,Unknown
KKR,KKR & Co LP,20180610,KKR nears agreement to acquire Envision for about $5.5 bln -WSJ ,June 10 KKR & Co LP is nearing an agreement to acquire U.S. physician services provider Envision Healthcare Corp for $46 a share  or about $5.5 billion  the Wall Street Journal reported on Sunday.,normal,Unknown
