AAPL,Apple Inc,20180628,Pokemon Go creator plans to sell the tech behind its games ,June 28 Niantic Labs  the Google Inc-backed startup behind the popular Pokemon Go game  is planning to sell the technology that powers its titles to other game makers  the company said Thursday.,normal,Unknown
AAPL,Apple Inc,20180628,Morning News Call - India  June 28 ,To access the newsletter  click on the link:    http://share.thomsonreuters.com/assets/newsletters/Indiamorning/MNC_IN_06282018.pdf      If you would like to receive this newsletter via email  please register at: https://forms.thomsonreuters.com/india-morning/               FACTORS TO WATCH     3:00 pm: State Bank of India annual general meeting in Mumbai.     5:00 pm: Varroc Engineering IPO subscription closes in Mumbai.          LIVECHAT-MARKETS FOCUS     Michael Hewson  chief market analyst a,normal,Unknown
AAPL,Apple Inc,20180628,PRESS DIGEST- Financial Times - June 28 ,June 28 The following are the top stories in the Financial Times. Reuters has not verified these stories and does not vouch for their accuracy.,normal,Unknown
ACN,Accenture plc,20180628,Accenture's digital investments drive quarterly beat ,Accenture Plc's third-quarter revenue and profit came in above Wall Street estimates on Thursday as the consulting and outsourcing services provider benefited from its plan to boost investments in digital and cloud services.,topStory,Sell
ACN,Accenture plc,20180628,UPDATE 2-Accenture's digital investments drive quarterly beat ,June 28 Accenture Plc's third-quarter revenue and profit came in above Wall Street estimates on Thursday as the consulting and outsourcing services provider benefited from its plan to boost investments in digital and cloud services.,normal,Unknown
ACN,Accenture plc,20180628,Accenture's quarterly revenue rises 16 pct ,June 28 Accenture Plc's third-quarter revenue rose 15.8 percent on Thursday as the consulting and outsourcing services provider benefited from investments in digital and cloud services.,normal,Unknown
AET,Aetna Inc,20180628,UPDATE 6-Amazon to buy PillPack in potentially disruptive drug retail push ,June 28 Amazon.com Inc said on Thursday it would buy small online pharmacy PillPack  a move that will put the world's biggest online retailer in direct competition with drugstore chains  drug distributors and pharmacy benefit managers.,normal,Sell
AMGN,Amgen Inc,20180628,BRIEF-Amgen And Novartis Present New Data Demonstrating Long-Term Efficacy  Safety And Tolerability Of Aimovig™ ,* AMGEN AND NOVARTIS PRESENT NEW DATA DEMONSTRATING LONG-TERM EFFICACY  SAFETY AND TOLERABILITY OF AIMOVIG™ (ERENUMAB-AOOE) IN PATIENTS WITH CHRONIC AND EPISODIC MIGRAINE,topStory,Unknown
AMZN,Amazoncom Inc,20180628,Amazon to buy PillPack in potentially disruptive drug retail push ,Amazon.com Inc said on Thursday it would buy small online pharmacy PillPack  a move that will put the world's biggest online retailer in direct competition with drugstore chains  drug distributors and pharmacy benefit managers. | Video ,topStory,Sell
AMZN,Amazoncom Inc,20180628,UPDATE 6-Amazon to buy PillPack in potentially disruptive drug retail push ,June 28 Amazon.com Inc said on Thursday it would buy small online pharmacy PillPack  a move that will put the world's biggest online retailer in direct competition with drugstore chains  drug distributors and pharmacy benefit managers.,normal,Sell
AMZN,Amazoncom Inc,20180628,Walgreens debuts as dog of the Dow ,The debut of Walgreens Boots Alliance Inc  into the Dow Jones Industrial Average Index  this week marks the worst performance of any new entrant in the past 10 years  a Reuters analysis shows.,normal,Unknown
AMZN,Amazoncom Inc,20180628,UPDATE 1-Walgreens debuts as dog of the Dow , (Adds dividend and "Dogs of the Dow" graphs)     By James Thorne     June 28 The debut of Walgreens Boots Alliance Inc         into the Dow Jones Industrial Average Index        this week marks the worst performance of any new entrant in the past 10 years  a Reuters analysis shows.     The announcement that Amazon.com Inc          would acquire online pharmacy PillPack sank shares in Walgreens and other drug retailers on Thursday.                  Walgreens shares were down more tha,normal,Unknown
AMZN,Amazoncom Inc,20180628,Walgreens debuts as dog of the Dow ,    By James Thorne     June 28 The debut of Walgreens Boots Alliance         into the Dow Jones Industrial Average Index this week marks the worst performance of any new entrant in the past 10 years  a Reuters analysis shows.     The announcement that Amazon.com Inc          would acquire online pharmacy PillPack sank shares in Walgreens and other drug retailers on Thursday.                  Walgreens shares were down more than 11 percent in the three days after the company replaced,normal,Unknown
AMZN,Amazoncom Inc,20180628,UPDATE 1-Thermo Fisher to buy Roper Technologies unit for $925 mln ,June 28 Thermo Fisher Scientific Inc  the world's largest maker of scientific instruments  said on Thursday it would buy IT services provider Roper Technologies Inc's unit Gatan Inc for about $925 million in cash.,normal,Unknown
AMZN,Amazoncom Inc,20180628,Bitter pill for U.S. drug supply chains as Amazon enters the scene ,** Pharma supply chain hit by Amazon's move to buy online pharmacy PillPack  which offers pre-sorted medicine doses,normal,Unknown
AMZN,Amazoncom Inc,20180628,US STOCKS-Wall St wavers as Amazon buy hits health stocks  banks gain ,* Indexes up: Dow 0.09 pct; S&P 0.19 pct  Nasdaq 0.25 pct (Updates to early afternoon),normal,Sell
AMZN,Amazoncom Inc,20180628,Walgreens plays down Amazon pharmacy entry  but investors spooked ,Walgreens Boots Alliance Inc's  chief executive officer said on Thursday he was not worried about Amazon.Com Inc's  push into the U.S. healthcare sector  but investors were rattled by the threat the online giant could pose to the sector. | Video ,normal,Unknown
AMZN,Amazoncom Inc,20180628,UPDATE 3-Walgreens plays down Amazon pharmacy entry  but investors spooked ,* Walgreens shares fall 11 pct (Adds comments from conference call; Updates shares),normal,Sell
ATH,Athene Holding Ltd,20180628,New York State regulator fines insurers for violations ,Athene Life Insurance Company of New York will have to pay a fine of $15 million for violations of New York insurance law and regulations  the state's Department of Financial Services (DFS) said on Thursday.,topStory,Unknown
ATH,Athene Holding Ltd,20180628,New York State regulator fines insurers for violations ,June 28 Athene Life Insurance Company of New York will have to pay a fine of $15 million for violations of New York insurance law and regulations  the state's Department of Financial Services (DFS) said on Thursday.,normal,Unknown
BABA,Alibaba Group Holding Limited,20180628,China's Alibaba decides to make investment in Turkey's Trendyol - statement ,ISTANBUL  June 28 Chinese internet giant Alibaba has decided to invest in Turkish e-commerce firm Trendyol  the Turkish company said in a statement on Thursday.,topStory,Unknown
BAC,Bank of America Corporation,20180628,MOVES- Barclays  Bank Of America Merrill Lynch  PJ Solomon ,June 28 The following financial services industry appointments were announced on Thursday. To inform us of other job changes  email moves@thomsonreuters.com.,topStory,Unknown
BAC,Bank of America Corporation,20180628,Struan Robertson to lead Bank of America in EMEA real estate  gaming ,LONDON Bank of America Merrill Lynch has hired Struan Robertson as chairman of its real estate  gaming and lodging investment banking business in Europe  the Middle East and Africa  an internal memo said.,normal,Sell
BAC,Bank of America Corporation,20180628,REFILE-Struan Robertson to lead Bank of America in EMEA real estate  gaming ,LONDON  June 28 Bank of America Merrill Lynch has hired Struan Robertson as chairman of its real estate  gaming and lodging investment banking business in Europe  the Middle East and Africa  an internal memo said.,normal,Sell
BBL,BHP Billiton plc,20180628,Brazil's Vale to pay 557.7 million reais for Samarco damage in 2018 ,RIO DE JANEIRO Brazilian miner Vale said on Thursday it would pay 557.7 million reais ($144.42 million) in the second half of the year to restore the environment and communities damaged by a 2015 disaster at Samarco  a joint venture it has with BHP Billiton.,topStory,Unknown
BBL,BHP Billiton plc,20180628,Brazil's Vale to pay 557.7 mln reais for Samarco damage in 2018 ,RIO DE JANEIRO  June 28 Brazilian miner Vale said on Thursday it would pay 557.7 million reais ($144.42 million) in the second half of the year to restore the environment and communities damaged by a 2015 disaster at Samarco  a joint venture it has with BHP Billiton.,normal,Unknown
BCS,Barclays PLC,20180628,MOVES- Barclays  Bank Of America Merrill Lynch  PJ Solomon ,June 28 The following financial services industry appointments were announced on Thursday. To inform us of other job changes  email moves@thomsonreuters.com.,topStory,Unknown
BHP,BHP Billiton Limited,20180628,BHP pays out $211 million towards Samarco dam accident rehabilitation ,Global miner BHP said on Friday it had agreed to fund a total of $211 million in financial support for the Renova Foundation  created to help victims of the Samarco dam disaster in Brazil.,topStory,Sell
BHP,BHP Billiton Limited,20180628,UPDATE 1-BHP pays out $211 mln towards Samarco dam accident rehabilitation ,June 29 Global miner BHP said on Friday it had agreed to fund a total of $211 million in financial support for the Renova Foundation  created to help victims of the Samarco dam disaster in Brazil.,normal,Unknown
BHP,BHP Billiton Limited,20180628,BHP pays out $211 mln to support dam accident rehabilitation fund ,June 29 Global miner BHP said on Friday it agreed to fund a total of $211 million in financial support for the Renova Foundation  created to help victims of the Samarco dam disaster in Brazil.,normal,Sell
BIDU,Baidu Inc,20180628,Breakingviews- Baidu's $1 bln buyback is too little or too much ,HONG KONG (Reuters Breakingviews) - Baidu's planned $1 billion share buyback appears neither generous nor wise. Stock markets have been looking a bit rough recently but the internet giant's shares have still outperformed the S&P 500 since the start of the year  and it could have afforded more munificence. At the same time  the clunky search engine wants to reinvent itself as a leader in artificial intelligence and quantum computing  both of which are expensive endeavours. The $85 billion company,topStory,Unknown
BLK,BlackRock Inc,20180628,UPDATE 3-U.S. securities regulator unveils proposal to ease ETF approvals ,WASHINGTON  June 28 The U.S. securities regulator on Thursday voted unanimously to propose easing its rules for approving low-risk exchange-traded funds (ETFs) in what could potentially be a major win for the $3.5 trillion market.,topStory,Unknown
BLK,BlackRock Inc,20180628,Blackrock buys 197.4 MW wind project in Norway ,OSLO  June 28 Blackrock  the world's largest investment company  bought a 197.4 megawatt(MW) wind farm in western Norway through one of its funds and will cover its construction cost  the firm and the project's previous owner Zephyr both said on Thursday.,normal,Unknown
BP,BP plc,20180628,BP bets on electric car switch with Britain's Chargemaster ,LONDON BP is buying Britain's top electric vehicle charging firm Chargemaster and will initially roll out its ultra-fast chargers across its filling station network in the UK before turning its attention to China's rapidly growing market. | Video ,topStory,Unknown
BP,BP plc,20180628,UPDATE 2-BP bets on electric car switch with Britain's Chargemaster ,* BP eyes China  Germany as next markets (Recasts  adds quotes  background),normal,Unknown
BP,BP plc,20180628,BP to buy electric vehicle charging company Chargemaster ,June 28 BP said on Thursday it would buy UK-based electric vehicle charging company Chargemaster  as it bets on increasing demand for electric cars.,normal,Unknown
CAVM,Cavium Inc,20180628,US STOCKS-Drug stocks hit by Amazon health push  tech steadies Wall St ,* Dow down 0.04 pct; S&P up 0.08 pct  Nasdaq up 0.20 pct (Changes comment  adds details  updates prices),normal,Unknown
CAVM,Cavium Inc,20180628,US STOCKS-Drug stocks hit by Amazon health push  while tech steadies Wall St ,* Dow down 0.32 pct; S&P up 0.07 pct  Nasdaq up 0.13 pct (Updates prices  adds comments),normal,Unknown
C,Citigroup Inc,20180628,UPDATE 2-Deutsche Bank fails Fed stress test while 3 U.S. lenders stumble ,WASHINGTON/NEW YORK  June 28 Deutsche Bank AG's U.S. subsidiary failed on Thursday the second part of the U.S. Federal Reserve's annual stress tests due to "widespread and critical deficiencies" in the bank's capital planning controls.,normal,Sell
C,Citigroup Inc,20180628,Deutsche Bank's U.S. operations fail second leg of Fed stress tests ,WASHINGTON  June 28 Deutsche Bank AG's U.S. subsidiary failed on Thursday the second part of the U.S. Federal Reserve's annual stress tests due to "material weaknesses" in its data capabilities and capital planning controls.,normal,Unknown
C,Citigroup Inc,20180628,Israel's Bank Hapoalim submits prospectus for possible Isracard listing ,JERUSALEM  June 28 Bank Hapoalim said on Thursday it had submitted an initial prospectus with Israel's securities regulator for a possible initial public offering of its Isracard credit card unit that also includes other sale options.,normal,Sell
CG,The Carlyle Group LP,20180628,UPDATE 1-Neptune Energy buys VNG's oil and gas assets off Norway  Denmark ,OSLO  June 28 Private equity-backed Neptune Energy has agreed to buy the Norwegian and Danish offshore oil and gas assets of German gas utility VNG  the companies said on Thursday.,normal,Sell
CG,The Carlyle Group LP,20180628,RPT-Neptune Energy buys VNG's oil and gas assets off Norway  Denmark ,OSLO  June 28 Private equity-backed Neptune Energy has agreed to buy the Norwegian and Danish offshore oil and gas assets of German gas utility VNG  the companies said on Thursday.,normal,Sell
CG,The Carlyle Group LP,20180628,Neptune Energy buys VNG's oil and gas assets off Norway  Denmark ,OSLO  June 28 Private equity-backed Neptune Energy has agreed to buy the Norwegian and Danish offshore oil and gas assets of German gas utility VNG  the companies said on Thursday.,normal,Sell
CI,Cigna Corporation,20180628,UPDATE 6-Amazon to buy PillPack in potentially disruptive drug retail push ,June 28 Amazon.com Inc said on Thursday it would buy small online pharmacy PillPack  a move that will put the world's biggest online retailer in direct competition with drugstore chains  drug distributors and pharmacy benefit managers.,normal,Sell
CMCSA,Comcast Corporation,20180628,Fox shareholder urges Murdoch to give Comcast time to beat Disney bid ,TCI Fund Management Ltd  a large Twenty-First Century Fox Inc  shareholder  has urged Fox executive chairman Rupert Murdoch to give Comcast Corp  a chance to top Walt Disney Co's  $71 billion offer to buy most of Fox's assets  according to a letter reviewed by Reuters.,repeated,Unknown
CMCSA,Comcast Corporation,20180628,Return of mega-deals helps European M&A double ,LONDON  June 29 A resurgence in mega-deals has led to a doubling of mergers and acquisitions activity in Europe so far this year  raising questions among bankers and lawyers about when the pace of blockbuster transactions will start to fade.,normal,Unknown
CMCSA,Comcast Corporation,20180628,Fox shareholder urges Murdoch to give Comcast time to beat Disney bid ,June 28 TCI Fund Management Ltd  a large Twenty-First Century Fox Inc shareholder  has urged Fox executive chairman Rupert Murdoch to give Comcast Corp a chance to top Walt Disney Co's $71 billion offer to buy most of Fox's assets  according to a letter reviewed by Reuters.,normal,Unknown
CMCSA,Comcast Corporation,20180628,UK takeover panel to review impact of Disney bid for Fox on Sky ,LONDON Britain's takeover regulator is considering whether Walt Disney  might have to make a higher offer for Sky  in the wake of the U.S. company's move to hike its bid for Twenty-First Century Fox assets to $71.3 billion.,normal,Unknown
CMG,Chipotle Mexican Grill Inc,20180628,Chipotle CEO plans marketing blitz  closing up to 65 stores ,Chipotle Mexican Grill Inc  said on Wednesday the chain will shut up to 65 underperforming restaurants and revamp its marketing under Chief Executive Officer Brian Niccol  but many questions remain unanswered about what to expect under the new leadership.,topStory,Sell
CMG,Chipotle Mexican Grill Inc,20180628,UPDATE 4-Chipotle CEO plans marketing blitz  closing up to 65 stores ,June 27 Chipotle Mexican Grill Inc said on Wednesday the chain will shut up to 65 underperforming restaurants and revamp its marketing under Chief Executive Officer Brian Niccol  but many questions remain unanswered about what to expect under the new leadership.,normal,Sell
CVG,Convergys Corporation,20180628,Synnex expands outsourcing reach with $2.4 billion Convergys deal ,Business process services company Synnex Corp  said on Thursday it would buy call center operator Convergys Corp  in a $2.43 billion cash-and-stock deal to expand its footprint in the technology and information services space.,topStory,Sell
CVG,Convergys Corporation,20180628,UPDATE 3-Synnex expands outsourcing reach with $2.4 bln Convergys deal ,June 28 Business process services company Synnex Corp said on Thursday it would buy call center operator Convergys Corp in a $2.43 billion cash-and-stock deal to expand its footprint in the technology and information services space.,normal,Sell
CVG,Convergys Corporation,20180628,Synnex Corp to buy Convergys Corp in $2.4 bln deal ,June 28 Business process services company Synnex Corp said on Thursday it would buy call center operator Convergys Corp in a $2.43 billion cash-and-stock deal.,normal,Unknown
CVS,CVS Health Corporation,20180628,Bitter pill for U.S. drug supply chains as Amazon enters the scene ,** Pharma supply chain hit by Amazon's move to buy online pharmacy PillPack  which offers pre-sorted medicine doses,topStory,Unknown
CVS,CVS Health Corporation,20180628,Walgreens plays down Amazon pharmacy entry  but investors spooked ,Walgreens Boots Alliance Inc's  chief executive officer said on Thursday he was not worried about Amazon.Com Inc's  push into the U.S. healthcare sector  but investors were rattled by the threat the online giant could pose to the sector. | Video ,normal,Unknown
DB,Deutsche Bank AG,20180628,Deutsche Bank fails Fed stress test while three U.S. lenders stumble ,WASHINGTON/NEW YORK Deutsche Bank AG's  U.S. subsidiary failed on Thursday the second part of the U.S. Federal Reserve's annual stress tests due to "widespread and critical deficiencies" in the bank's capital planning controls.,topStory,Unknown
DB,Deutsche Bank AG,20180628,UPDATE 2-Deutsche Bank fails Fed stress test while 3 U.S. lenders stumble ,WASHINGTON/NEW YORK  June 28 Deutsche Bank AG's U.S. subsidiary failed on Thursday the second part of the U.S. Federal Reserve's annual stress tests due to "widespread and critical deficiencies" in the bank's capital planning controls.,normal,Sell
DB,Deutsche Bank AG,20180628,Deutsche Bank's U.S. operations fail second leg of Fed stress tests ,WASHINGTON  June 28 Deutsche Bank AG's U.S. subsidiary failed on Thursday the second part of the U.S. Federal Reserve's annual stress tests due to "material weaknesses" in its data capabilities and capital planning controls.,normal,Unknown
DFVL,Barclays PLC,20180628,MOVES- Barclays  Bank Of America Merrill Lynch  PJ Solomon ,June 28 The following financial services industry appointments were announced on Thursday. To inform us of other job changes  email moves@thomsonreuters.com.,repeated,Unknown
DFVS,Barclays PLC,20180628,MOVES- Barclays  Bank Of America Merrill Lynch  PJ Solomon ,June 28 The following financial services industry appointments were announced on Thursday. To inform us of other job changes  email moves@thomsonreuters.com.,repeated,Unknown
DIS,Walt Disney Company (The),20180628,Fox shareholders to vote on Disney's offer on July 27 ,Twenty-First Century Fox Inc  shareholders will vote on Walt Disney Co's  revised $71 billion bid for Fox's entertainment assets on July 27  the companies said.,topStory,Unknown
DIS,Walt Disney Company (The),20180628,UPDATE 1-Fox shareholders to vote on Disney's offer on July 27 ,June 28 Twenty-First Century Fox Inc shareholders will vote on Walt Disney Co's revised $71 billion bid for Fox's entertainment assets on July 27  the companies said.,normal,Unknown
DIS,Walt Disney Company (The),20180628,REFILE-Fox shareholders to vote on Disney's offer on July 27 ,June 28 Twenty-First Century Fox Inc shareholders will vote on Walt Disney Co's revised offer to buy some Fox assets on July 27  the companies said.,normal,Unknown
DIS,Walt Disney Company (The),20180628,Deals of the day-Mergers and acquisitions ,June 28 The following bids  mergers  acquisitions and disposals were reported by 2000 GMT on Thursday:,normal,Unknown
DIS,Walt Disney Company (The),20180628,Fox shareholder urges Murdoch to give Comcast time to beat Disney bid ,TCI Fund Management Ltd  a large Twenty-First Century Fox Inc  shareholder  has urged Fox executive chairman Rupert Murdoch to give Comcast Corp  a chance to top Walt Disney Co's  $71 billion offer to buy most of Fox's assets  according to a letter reviewed by Reuters.,normal,Unknown
DIS,Walt Disney Company (The),20180628,Fox shareholder urges Murdoch to give Comcast time to beat Disney bid ,June 28 TCI Fund Management Ltd  a large Twenty-First Century Fox Inc shareholder  has urged Fox executive chairman Rupert Murdoch to give Comcast Corp a chance to top Walt Disney Co's $71 billion offer to buy most of Fox's assets  according to a letter reviewed by Reuters.,normal,Unknown
DIS,Walt Disney Company (The),20180628,UK takeover panel to review impact of Disney bid for Fox on Sky ,LONDON Britain's takeover regulator is considering whether Walt Disney  might have to make a higher offer for Sky  in the wake of the U.S. company's move to hike its bid for Twenty-First Century Fox assets to $71.3 billion.,normal,Unknown
DIS,Walt Disney Company (The),20180628,UK takeover panel to review impact of Disney bid for Fox on Sky ,LONDON  June 28 Britain's takeover regulator is considering whether Walt Disney might have to make a higher offer for Sky in the wake of the U.S. company's move to hike its bid for Twenty-First Century Fox assets to $71.3 billion.,normal,Unknown
DIS,Walt Disney Company (The),20180628,PRESS DIGEST- New York Times business news - June 28 ,June 28 The following are the top stories on the New York Times business pages. Reuters has not verified these stories and does not vouch for their accuracy.,normal,Unknown
DIS,Walt Disney Company (The),20180628,U.S. gives Disney approval to buy Fox amid bidding war with Comcast ,WASHINGTON Walt Disney Co won U.S. approval to buy Twenty-First Century Fox Inc entertainment assets for $71.3 billion on condition it sell Fox's 22 regional sports networks  the Justice Department said on Wednesday  giving Disney an edge over Comcast Corp's competing bid. | Video ,normal,Unknown
DLBL,Barclays PLC,20180628,MOVES- Barclays  Bank Of America Merrill Lynch  PJ Solomon ,June 28 The following financial services industry appointments were announced on Thursday. To inform us of other job changes  email moves@thomsonreuters.com.,repeated,Unknown
DLBS,Barclays PLC,20180628,MOVES- Barclays  Bank Of America Merrill Lynch  PJ Solomon ,June 28 The following financial services industry appointments were announced on Thursday. To inform us of other job changes  email moves@thomsonreuters.com.,repeated,Unknown
DTUL,Barclays PLC,20180628,MOVES- Barclays  Bank Of America Merrill Lynch  PJ Solomon ,June 28 The following financial services industry appointments were announced on Thursday. To inform us of other job changes  email moves@thomsonreuters.com.,repeated,Unknown
DTUS,Barclays PLC,20180628,MOVES- Barclays  Bank Of America Merrill Lynch  PJ Solomon ,June 28 The following financial services industry appointments were announced on Thursday. To inform us of other job changes  email moves@thomsonreuters.com.,repeated,Unknown
DTYL,Barclays PLC,20180628,MOVES- Barclays  Bank Of America Merrill Lynch  PJ Solomon ,June 28 The following financial services industry appointments were announced on Thursday. To inform us of other job changes  email moves@thomsonreuters.com.,repeated,Unknown
DTYS,Barclays PLC,20180628,MOVES- Barclays  Bank Of America Merrill Lynch  PJ Solomon ,June 28 The following financial services industry appointments were announced on Thursday. To inform us of other job changes  email moves@thomsonreuters.com.,repeated,Unknown
DVA,DaVita Inc,20180628,U.S. jury orders DaVita to pay $383.5 million in wrongful death lawsuits ,A federal jury in Colorado has awarded $383.5 million to the families of three patients who said they suffered cardiac arrests and died soon after receiving dialysis treatments at clinics run by DaVita Inc.,topStory,Sell
DVA,DaVita Inc,20180628,U.S. jury orders DaVita to pay $383.5 mln in wrongful death lawsuits ,June 28 A federal jury in Colorado has awarded $383.5 million to the families of three patients who said they suffered cardiac arrests and died soon after receiving dialysis treatments at clinics run by DaVita Inc.,normal,Sell
EBAY,eBay Inc,20180628,EU in agreement with Amazon  eBay to tackle dangerous product listings ,BRUSSELS The European Commission has signed an agreement with four major online retailers to combat the listing of dangerous products on Europe's online shopping sites.,topStory,Sell
EBAY,eBay Inc,20180628,UPDATE 1-EU in agreement with Amazon  eBay to tackle dangerous product listings ,BRUSSELS  June 28 The European Commission has signed an agreement with four major online retailers to combat the listing of dangerous products on Europe's online shopping sites.,normal,Sell
EBAYL,eBay Inc,20180628,EU in agreement with Amazon  eBay to tackle dangerous product listings ,BRUSSELS The European Commission has signed an agreement with four major online retailers to combat the listing of dangerous products on Europe's online shopping sites.,repeated,Sell
EBAYL,eBay Inc,20180628,UPDATE 1-EU in agreement with Amazon  eBay to tackle dangerous product listings ,BRUSSELS  June 28 The European Commission has signed an agreement with four major online retailers to combat the listing of dangerous products on Europe's online shopping sites.,normal,Sell
EFX,Equifax Inc,20180628,U.S. charges former Equifax manager with insider trading ,A former Equifax Inc  software development manager was charged on Thursday with insider trading before the credit reporting company disclosed a cyber attack that exposed the personal data of about 148 million people last year.,topStory,Sell
EFX,Equifax Inc,20180628,Former Equifax employee charged in U.S. with insider trading ,June 28 A former Equifax Inc software development manager was criminally charged on Thursday with engaging in insider trading ahead of the credit reporting company disclosing a massive breach that exposed the personal data of about 148 million people.,normal,Sell
ENBA,Enbridge Inc,20180628,Minnesota regulator signals support of Enbridge Line 3 oil pipeline ,ST. PAUL  Minn.  June 28 Three members of the 5-member Minnesota Public Utilities Commission said on Thursday that they support issuing a certificate of need for Enbridge Inc to rebuild its Line 3 oil pipeline.,repeated,Unknown
ENB,Enbridge Inc,20180628,Minnesota regulator signals support of Enbridge Line 3 oil pipeline ,ST. PAUL  Minn.  June 28 Three members of the 5-member Minnesota Public Utilities Commission said on Thursday that they support issuing a certificate of need for Enbridge Inc to rebuild its Line 3 oil pipeline.,topStory,Unknown
ESRX,Express Scripts Holding Company,20180628,UPDATE 6-Amazon to buy PillPack in potentially disruptive drug retail push ,June 28 Amazon.com Inc said on Thursday it would buy small online pharmacy PillPack  a move that will put the world's biggest online retailer in direct competition with drugstore chains  drug distributors and pharmacy benefit managers.,normal,Sell
FB,Facebook Inc,20180628,U.S. court halves $500 million verdict in Facebook virtual reality lawsuit ,A federal court in Dallas on Wednesday halved the $500 million verdict that a jury ordered Facebook Inc  its virtual reality unit Oculus  and others to pay ZeniMax Media Inc  a video game publisher that alleged Oculus stole its technology.,topStory,Unknown
FB,Facebook Inc,20180628,US court halves $500 mln verdict in Facebook virtual reality lawsuit ,June 27 A federal court in Dallas on Wednesday halved the $500 million verdict that a jury ordered Facebook Inc   its virtual reality unit Oculus  and others to pay ZeniMax Media Inc  a video game publisher that alleged Oculus stole its technology.,normal,Unknown
FCAU,Fiat Chrysler Automobiles NV,20180628,Waymo needs "large number" of cars for European robo-taxis - CEO ,FRANKFURT  June 28 Alphabet Inc's self-driving unit Waymo will need "a large number" of cars to expand its robo-taxi service to Europe  its chief executive told a newspaper  declining to say who could supply the vehicles.,normal,Unknown
FLAT,Barclays PLC,20180628,MOVES- Barclays  Bank Of America Merrill Lynch  PJ Solomon ,June 28 The following financial services industry appointments were announced on Thursday. To inform us of other job changes  email moves@thomsonreuters.com.,repeated,Unknown
FOXA,Twenty-First Century Fox Inc,20180628,Fox shareholders to vote on Disney's offer on July 27 ,Twenty-First Century Fox Inc  shareholders will vote on Walt Disney Co's  revised $71 billion bid for Fox's entertainment assets on July 27  the companies said.,repeated,Unknown
FOXA,Twenty-First Century Fox Inc,20180628,Global M&A hits historic high with media deal wave ,NEW YORK/LONDON June 28 Deals involving media companies  including the bidding war for Rupert Murdoch's Twenty-First Century Fox  helped drive worldwide merger and acquisition activity to new highs in the first half of 2018  according to the latest Thomson Reuters Deals Intelligence data.,normal,Unknown
FOXA,Twenty-First Century Fox Inc,20180628,Return of mega-deals helps European M&A double ,LONDON  June 29 A resurgence in mega-deals has led to a doubling of mergers and acquisitions activity in Europe so far this year  raising questions among bankers and lawyers about when the pace of blockbuster transactions will start to fade.,normal,Unknown
FOXA,Twenty-First Century Fox Inc,20180628,UPDATE 1-Fox shareholders to vote on Disney's offer on July 27 ,June 28 Twenty-First Century Fox Inc shareholders will vote on Walt Disney Co's revised $71 billion bid for Fox's entertainment assets on July 27  the companies said.,normal,Unknown
FOXA,Twenty-First Century Fox Inc,20180628,Fox shareholder urges Murdoch to give Comcast time to beat Disney bid ,TCI Fund Management Ltd  a large Twenty-First Century Fox Inc  shareholder  has urged Fox executive chairman Rupert Murdoch to give Comcast Corp  a chance to top Walt Disney Co's  $71 billion offer to buy most of Fox's assets  according to a letter reviewed by Reuters.,normal,Unknown
FOXA,Twenty-First Century Fox Inc,20180628,Fox shareholder urges Murdoch to give Comcast time to beat Disney bid ,June 28 TCI Fund Management Ltd  a large Twenty-First Century Fox Inc shareholder  has urged Fox executive chairman Rupert Murdoch to give Comcast Corp a chance to top Walt Disney Co's $71 billion offer to buy most of Fox's assets  according to a letter reviewed by Reuters.,normal,Unknown
FOXA,Twenty-First Century Fox Inc,20180628,UK takeover panel to review impact of Disney bid for Fox on Sky ,LONDON Britain's takeover regulator is considering whether Walt Disney  might have to make a higher offer for Sky  in the wake of the U.S. company's move to hike its bid for Twenty-First Century Fox assets to $71.3 billion.,normal,Unknown
FOXA,Twenty-First Century Fox Inc,20180628,UK takeover panel to review impact of Disney bid for Fox on Sky ,LONDON  June 28 Britain's takeover regulator is considering whether Walt Disney might have to make a higher offer for Sky in the wake of the U.S. company's move to hike its bid for Twenty-First Century Fox assets to $71.3 billion.,normal,Unknown
FOXA,Twenty-First Century Fox Inc,20180628,U.S. gives Disney approval to buy Fox amid bidding war with Comcast ,WASHINGTON Walt Disney Co won U.S. approval to buy Twenty-First Century Fox Inc entertainment assets for $71.3 billion on condition it sell Fox's 22 regional sports networks  the Justice Department said on Wednesday  giving Disney an edge over Comcast Corp's competing bid. | Video ,normal,Unknown
FOX,Twenty-First Century Fox Inc,20180628,Fox shareholders to vote on Disney's offer on July 27 ,Twenty-First Century Fox Inc  shareholders will vote on Walt Disney Co's  revised $71 billion bid for Fox's entertainment assets on July 27  the companies said.,topStory,Unknown
FOX,Twenty-First Century Fox Inc,20180628,Global M&A hits historic high with media deal wave ,NEW YORK/LONDON June 28 Deals involving media companies  including the bidding war for Rupert Murdoch's Twenty-First Century Fox  helped drive worldwide merger and acquisition activity to new highs in the first half of 2018  according to the latest Thomson Reuters Deals Intelligence data.,normal,Unknown
FOX,Twenty-First Century Fox Inc,20180628,Return of mega-deals helps European M&A double ,LONDON  June 29 A resurgence in mega-deals has led to a doubling of mergers and acquisitions activity in Europe so far this year  raising questions among bankers and lawyers about when the pace of blockbuster transactions will start to fade.,normal,Unknown
FOX,Twenty-First Century Fox Inc,20180628,UPDATE 1-Fox shareholders to vote on Disney's offer on July 27 ,June 28 Twenty-First Century Fox Inc shareholders will vote on Walt Disney Co's revised $71 billion bid for Fox's entertainment assets on July 27  the companies said.,normal,Unknown
FOX,Twenty-First Century Fox Inc,20180628,Fox shareholder urges Murdoch to give Comcast time to beat Disney bid ,TCI Fund Management Ltd  a large Twenty-First Century Fox Inc  shareholder  has urged Fox executive chairman Rupert Murdoch to give Comcast Corp  a chance to top Walt Disney Co's  $71 billion offer to buy most of Fox's assets  according to a letter reviewed by Reuters.,normal,Unknown
FOX,Twenty-First Century Fox Inc,20180628,Fox shareholder urges Murdoch to give Comcast time to beat Disney bid ,June 28 TCI Fund Management Ltd  a large Twenty-First Century Fox Inc shareholder  has urged Fox executive chairman Rupert Murdoch to give Comcast Corp a chance to top Walt Disney Co's $71 billion offer to buy most of Fox's assets  according to a letter reviewed by Reuters.,normal,Unknown
FOX,Twenty-First Century Fox Inc,20180628,UK takeover panel to review impact of Disney bid for Fox on Sky ,LONDON Britain's takeover regulator is considering whether Walt Disney  might have to make a higher offer for Sky  in the wake of the U.S. company's move to hike its bid for Twenty-First Century Fox assets to $71.3 billion.,normal,Unknown
FOX,Twenty-First Century Fox Inc,20180628,UK takeover panel to review impact of Disney bid for Fox on Sky ,LONDON  June 28 Britain's takeover regulator is considering whether Walt Disney might have to make a higher offer for Sky in the wake of the U.S. company's move to hike its bid for Twenty-First Century Fox assets to $71.3 billion.,normal,Unknown
FOX,Twenty-First Century Fox Inc,20180628,U.S. gives Disney approval to buy Fox amid bidding war with Comcast ,WASHINGTON Walt Disney Co won U.S. approval to buy Twenty-First Century Fox Inc entertainment assets for $71.3 billion on condition it sell Fox's 22 regional sports networks  the Justice Department said on Wednesday  giving Disney an edge over Comcast Corp's competing bid. | Video ,normal,Unknown
FSLR,First Solar Inc,20180628,Macquarie launches green infrastructure bank GIG in North America ,NEW YORK  June 28 Macquarie Capital is launching the Green Investment Group (GIG) in North America  it said on Thursday  seeking to capitalize on the region's growing renewable energy industry and heightened demand among professional investors for its assets.,normal,Unknown
GE,General Electric Company,20180628,Workers can shield German conglomerates from GE-style breakups ,FRANKFURT/MUNICH The breakup of General Electric  announced this week has put pressure on German conglomerates to consider similar moves  but executives must take account of the labor unions on their boards who have the power to veto radical plans.,topStory,Unknown
GE,General Electric Company,20180628,PRESS DIGEST- Financial Times - June 28 ,June 28 The following are the top stories in the Financial Times. Reuters has not verified these stories and does not vouch for their accuracy.,normal,Unknown
GG,Goldcorp Inc,20180628,Slim's Minera Frisco  Goldcorp agree tie-up in Mexico ,MEXICO CITY Minera Frisco   a mining company controlled by Mexican tycoon Carlos Slim  said on Thursday it had struck an exploration agreement in Mexico with a local unit of Canada's Goldcorp Inc  in which the two would be equal partners.,topStory,Unknown
GG,Goldcorp Inc,20180628,Slim's Minera Frisco  Goldcorp agree tie-up in Mexico ,MEXICO CITY  June 28 Minera Frisco   a mining company controlled by Mexican tycoon Carlos Slim  said on Thursday it had struck an exploration agreement in Mexico with a local unit of Canada's Goldcorp Inc in which the two would be equal partners.,normal,Unknown
GILT,Gilat Satellite Networks Ltd,20180628,Israel's Gilat awarded $153.6 mln for telecoms projects in Peru ,* Israel's Gilat Satellite Networks  said on Thursday it was awarded $153.6 million by Peru's Telecommunications Investment Fund (Fitel) for two regional telecommunication infrastructure projects.,topStory,Sell
GM,General Motors Company,20180628,General Motors to transfer Vietnam operation to Vingroup's car unit ,HANOI  June 28 General Motors Co will transfer its Vietnamese operation to local automobile manufacturer Vinfast Trading and Production LLC  the companies said in a joint statement on Thursday.,topStory,Unknown
GOOG,Alphabet Inc,20180628,California lawmakers approve data-privacy bill opposed by Silicon Valley ,SAN FRANCISCO  June 28 California state lawmakers on Thursday unanimously passed a data privacy bill aimed at giving consumers more control over how companies collect and manage their personal information  a bill that Google parent Alphabet Inc and other big companies have opposed.,topStory,Unknown
GOOGL,Alphabet Inc,20180628,California lawmakers approve data-privacy bill opposed by Silicon Valley ,SAN FRANCISCO  June 28 California state lawmakers on Thursday unanimously passed a data privacy bill aimed at giving consumers more control over how companies collect and manage their personal information  a bill that Google parent Alphabet Inc and other big companies have opposed.,repeated,Unknown
HOG,Harley-Davidson Inc,20180628,Trump threatens Harley-Davidson over European production move ,WASHINGTON/CHICAGO U.S. President Donald Trump threatened Harley-Davidson Inc with higher taxes on Tuesday and said the motorcycle maker  which he previously hailed as a model of American manufacturing  would suffer from a public backlash if it went ahead with a plan to move production for European customers overseas. | Video ,topStory,Unknown
IEP,Icahn Enterprises LP,20180628,Icahn cuts stake in Cheniere Energy  says confident on management ,June 28 Activist investor Carl Icahn has reduced his stake in energy company Cheniere Energy Inc to 9.5 percent  and said he was confident in the company's management and Chief Executive Officer Jack Fusco.,topStory,Unknown
JNJ,Johnson & Johnson,20180628,Stada buys rights to anti-dandruff shampoo Nizoral from J&J ,MUNICH German generic drug maker Stada  is buying the rights to anti-dandruff shampoo Nizoral from Johnson & Johnson's  Janssen Pharmaceutica and could announce further product acquisitions soon  its interim chief executive told Reuters.,topStory,Unknown
JNJ,Johnson & Johnson,20180628,Stada buys rights to anti-dandruff shampoo Nizoral from J&J ,MUNICH  June 28 German generic drug maker Stada is buying the rights to anti-dandruff shampoo Nizoral from Johnson & Johnson's Janssen Pharmaceutica and could announce further product acquisitions soon  its interim chief executive told Reuters.,normal,Unknown
JNJ,Johnson & Johnson,20180628,Bayer  J&J push for appellate review in Xarelto MDL ,Bayer and Johnson & Johnson on Wednesday urged the federal judge overseeing lawsuits alleging injuries from their bestselling blood thinner Xarelto to allow an appeals court to decide whether the cases are federally preempted  claiming their previous trial wins have forestalled a ruling on the issue.,normal,Unknown
JPM,J P Morgan Chase & Co,20180628,MOVES-JP Morgan picks Heilmaier  Iozzolino as co-heads of corporate finance Germany ,FRANKFURT  June 28 JP Morgan has picked two managers to lead its mergers and acquisitions and capital markets business in Germany  as the U.S. bank seeks to expand its footprint in Europe's largest economy.,topStory,Unknown
JPM,J P Morgan Chase & Co,20180628,UPDATE 2-Deutsche Bank fails Fed stress test while 3 U.S. lenders stumble ,WASHINGTON/NEW YORK  June 28 Deutsche Bank AG's U.S. subsidiary failed on Thursday the second part of the U.S. Federal Reserve's annual stress tests due to "widespread and critical deficiencies" in the bank's capital planning controls.,normal,Sell
JPM,J P Morgan Chase & Co,20180628,Deutsche Bank's U.S. operations fail second leg of Fed stress tests ,WASHINGTON  June 28 Deutsche Bank AG's U.S. subsidiary failed on Thursday the second part of the U.S. Federal Reserve's annual stress tests due to "material weaknesses" in its data capabilities and capital planning controls.,normal,Unknown
KKR,KKR & Co LP,20180628,Bain Capital to buy Italian chemicals firm Italmatch ,Private equity firm Bain Capital agreed to buy Italian chemicals maker Italmatch from french investor Ardian  the companies announced on Thursday  defeating rival bids from KKR and Cinven.,normal,Unknown
KKR,KKR & Co LP,20180628,Bain Capital to buy Italian chemicals firm Italmatch ,June 28 Private equity firm Bain Capital agreed to buy Italian chemicals maker Italmatch from french investor Ardian  the companies announced on Thursday  defeating rival bids from KKR and Cinven.,normal,Unknown
KR,Kroger Company (The),20180628,Kroger will road test Nuro's driverless delivery vans in autumn ,CINCINNATI  June 28 Kroger Co and Silicon Valley startup Nuro will begin this autumn what they call the first real-world road test of an unmanned delivery vehicle  as the largest U.S. supermarket operator battles Amazon and others for U.S. dominance in fresh grocery delivery.,topStory,Unknown
LBTYA,Liberty Global plc,20180628,Unitymedia CEO Schüler appointed Virgin Media COO ,LONDON  June 28 Liberty Global said Lutz Schüler  chief executive of its German operation Unitymedia  would become chief operating officer of its British brand Virgin Media in September.,topStory,Sell
LBTYB,Liberty Global plc,20180628,Unitymedia CEO Schüler appointed Virgin Media COO ,LONDON  June 28 Liberty Global said Lutz Schüler  chief executive of its German operation Unitymedia  would become chief operating officer of its British brand Virgin Media in September.,repeated,Sell
LBTYK,Liberty Global plc,20180628,Unitymedia CEO Schüler appointed Virgin Media COO ,LONDON  June 28 Liberty Global said Lutz Schüler  chief executive of its German operation Unitymedia  would become chief operating officer of its British brand Virgin Media in September.,repeated,Sell
LNG,Cheniere Energy Inc,20180628,Icahn cuts stake in Cheniere Energy  says confident on management ,Activist investor Carl Icahn said on Thursday he had reduced his stake in liquefied natural gas exporter Cheniere Energy Inc  to 9.5 percent  but added that he was confident in the company's management and Chief Executive Officer Jack Fusco.,topStory,Unknown
LNG,Cheniere Energy Inc,20180628,UPDATE 1-Icahn cuts stake in Cheniere Energy  says confident on management ,June 28 Activist investor Carl Icahn said on Thursday he had reduced his stake in liquefied natural gas exporter Cheniere Energy Inc to 9.5 percent  but added that he was confident in the company's management and Chief Executive Officer Jack Fusco.,normal,Sell
LNG,Cheniere Energy Inc,20180628,Icahn cuts stake in Cheniere Energy  says confident on management ,June 28 Activist investor Carl Icahn has reduced his stake in energy company Cheniere Energy Inc to 9.5 percent  and said he was confident in the company's management and Chief Executive Officer Jack Fusco.,normal,Unknown
MA,Mastercard Incorporated,20180628,Visa  Mastercard close to settling issues over card-swipe fees: WSJ ,Visa Inc  and Mastercard Inc  are close to settling a long-running antitrust lawsuit with merchants over the fees they pay when they accept card payments  the Wall Street Journal reported on Thursday  citing people familiar with the matter.,topStory,Sell
MA,Mastercard Incorporated,20180628,UPDATE 2-Visa  Mastercard close to settling issues over card-swipe fees - WSJ ,June 28 Visa Inc and Mastercard Inc are close to settling a long-running antitrust lawsuit with merchants over the fees they pay when they accept card payments  the Wall Street Journal reported on Thursday  citing people familiar with the matter.,normal,Sell
MA,Mastercard Incorporated,20180628,Visa  Mastercard close to settle issues over card-swipe fees - WSJ ,June 28 Visa Inc and Mastercard Inc are close to settling a long-running antitrust lawsuit with merchants over the fees they pay while they accept card payments  the Wall Street Journal reported on Thursday  citing people familiar with the matter.,normal,Sell
MGA,Magna International Inc,20180628,Magna International to buy lighting products maker Olsa for $267 million ,Canadian auto parts supplier Magna International Inc  said on Thursday it would buy Italian company Olsa SpA for 230 million euros ($267 million)  to expand its automobile lighting business.,topStory,Unknown
MGA,Magna International Inc,20180628,Magna International to buy lighting products maker Olsa for $267 mln ,June 28 Canadian auto parts supplier Magna International Inc said on Thursday it would buy Italian company Olsa SpA for 230 million euros ($267 million)  to expand its automobile lighting business.,normal,Unknown
MRK,Merck & Company Inc,20180628,U.S. Supreme Court to hear Merck appeal over Fosamax suits ,WASHINGTON The U.S. Supreme Court on Thursday agreed to hear Merck & Co's appeal of a lower court's ruling that revived hundreds of lawsuits accusing the company of failing to adequately warn patients of the risks of thigh bone fractures associated with its osteoporosis drug Fosamax.,topStory,Unknown
MRK,Merck & Company Inc,20180628,CORRECTED-UPDATE 1-U.S. Supreme Court to hear Merck appeal over Fosamax suits ,WASHINGTON  June 28 The U.S. Supreme Court on Thursday agreed to hear Merck & Co's appeal of a lower court's ruling that revived hundreds of lawsuits accusing the company of failing to adequately warn patients of the risks of thigh bone fractures associated with its osteoporosis drug Fosamax.,normal,Unknown
MRK,Merck & Company Inc,20180628,U.S. Supreme Court to hear Merck appeal over Fosamax suits ,WASHINGTON  June 28 The U.S. Supreme Court on Thursday agreed to hear Merck & Co's appeal of a lower court's ruling that revived hundreds of lawsuits accusing the company of failing to adequately warn patients of the risks of thigh bone fractures associated with its osteoporosis drug Fosamax.,normal,Unknown
MS,Morgan Stanley,20180628,Ex-Morgan Stanley adviser sentenced to U.S. prison for fraud ,BOSTON A former Morgan Stanley  adviser was sentenced to 20 months in prison on Thursday after he admitted that he misused client funds to invest in and support a wind farm project that a friend had decided to start.,topStory,Unknown
MS,Morgan Stanley,20180628,UPDATE 1-Ex-Morgan Stanley adviser sentenced to U.S. prison for fraud ,BOSTON  June 28 A former Morgan Stanley adviser was sentenced to 20 months in prison on Thursday after he admitted that he misused client funds to invest in and support a wind farm project that a friend had decided to start.,normal,Unknown
MS,Morgan Stanley,20180628,Ex-Morgan Stanley adviser sentenced to U.S. prison for fraud ,BOSTON  June 28 A former Morgan Stanley adviser was sentenced on Thursday to 20 months in prison after he admitted that he misused client funds to invest in and support a wind farm project that a friend had decided to start.,normal,Unknown
NIHD,NII Holdings Inc,20180628,UPDATE 1-NII Holdings puts Nextel Brazil up for sale -sources ,SAO PAULO  June 28 Mobile service company NII Holdings Inc has hired Rothschild & Co to sell control of its Nextel operations in Brazil  two people with knowledge of the matter said  opening the door to consolidation in the country's crowded telecommunications sector.,topStory,Sell
NIHD,NII Holdings Inc,20180628,NII Holdings puts Nextel Brazil up for sale -sources ,SAO PAULO  June 28 Mobile service company NII Holdings Inc has hired Rothschild & Co to sell control of its Nextel operations in Brazil  two people with knowledge of the matter said  opening the door to consolidation in the country's crowded telecommunications sector.,normal,Sell
NKE,Nike Inc,20180628,UPDATE 3-Nike returns to growth in North America  tops estimates ,* Shares rise 8 pct in extended trading (Adds details from conference call),topStory,Sell
NKE,Nike Inc,20180628,Nike beats revenue estimates on new launches ,June 28 Nike Inc's quarterly revenue topped Wall Street estimates on Thursday as a flurry of high-profile launches attracted more buyers and helped North America return to growth.,normal,Unknown
NOV,National Oilwell Varco Inc,20180628,Saudi Aramco to signs deal to make onshore oil rigs  equipment ,DUBAI Saudi Aramco signed a deal with National Oilwell Varco Inc. (NOV) to form a joint venture to make onshore rigs and equipment in Saudi Arabia  the state-owned Saudi energy firm said.,topStory,Unknown
NOV,National Oilwell Varco Inc,20180628,Saudi Aramco to signs deal to make onshore oil rigs  equipment ,DUBAI  June 28 Saudi Aramco signed a deal with National Oilwell Varco Inc. (NOV) to form a joint venture to make onshore rigs and equipment in Saudi Arabia  the state-owned Saudi energy firm said.,normal,Unknown
NVS,Novartis AG,20180628,BRIEF-Amgen And Novartis Present New Data Demonstrating Long-Term Efficacy  Safety And Tolerability Of Aimovig™ ,* AMGEN AND NOVARTIS PRESENT NEW DATA DEMONSTRATING LONG-TERM EFFICACY  SAFETY AND TOLERABILITY OF AIMOVIG™ (ERENUMAB-AOOE) IN PATIENTS WITH CHRONIC AND EPISODIC MIGRAINE,topStory,Unknown
OZM,Och-Ziff Capital Management Group LLC,20180628,Och-Ziff changes leadership  co-CIO Windreich to retire: letter ,BOSTON Och-Ziff Capital Management Group LLC is putting a new generation into top leadership positions roughly five months after bringing in an outsider as chief executive to end a battle for control of the investment firm.,topStory,Unknown
OZM,Och-Ziff Capital Management Group LLC,20180628,UPDATE 2-Och-Ziff changes leadership  co-CIO Windreich to retire -letter ,BOSTON  June 28 Och-Ziff Capital Management Group LLC is putting a new generation into top leadership positions roughly five months after bringing in an outsider as chief executive to end a battle for control of the investment firm.,normal,Sell
OZM,Och-Ziff Capital Management Group LLC,20180628,Och-Ziff makes leadership changes  co-CIO Windreich to retire -letter ,BOSTON  June 28 Och-Ziff Capital Management is putting a new generation into top leadership positions roughly five months after bringing in an outsider as chief executive to end a battle for control of the investment firm.,normal,Unknown
PPG,PPG Industries Inc,20180628,PPG Industries discloses SEC probe ,June 28 The Securities and Exchange Commission (SEC) is investigating PPG Industries Inc after the chemicals maker fired its controller for his alleged involvement in inflating profits  the company said on Thursday.,topStory,Unknown
RBS,Royal Bank Scotland plc (The),20180628,UPDATE 1-British lawmaker eyes tribunal to help small firms challenge banks ,* Banks act as 'judge  jury and criminal' in complaints procedures,normal,Sell
RBS,Royal Bank Scotland plc (The),20180628,British lawmaker eyes tribunal to help small firms challenge banks ,* Banks act as 'judge  jury and criminal' in complaints procedures,normal,Unknown
ROP,Roper Technologies Inc,20180628,Thermo Fisher to buy Roper Technologies unit for $925 million ,Thermo Fisher Scientific Inc   the world's largest maker of scientific instruments  said on Thursday it would buy IT services provider Roper Technologies Inc's  unit Gatan Inc for about $925 million in cash.,topStory,Unknown
ROP,Roper Technologies Inc,20180628,UPDATE 1-Thermo Fisher to buy Roper Technologies unit for $925 mln ,June 28 Thermo Fisher Scientific Inc  the world's largest maker of scientific instruments  said on Thursday it would buy IT services provider Roper Technologies Inc's unit Gatan Inc for about $925 million in cash.,normal,Unknown
ROP,Roper Technologies Inc,20180628,Thermo Fisher to buy Roper Technologies unit for $925 mln ,June 28 Thermo Fisher Scientific Inc  the world's largest maker of scientific instruments  said on Thursday it would buy Roper Technologies Inc's unit Gatan Inc for about $925 million in cash.,normal,Unknown
RTN,Raytheon Company,20180628,UPDATE 2-U.S. lawmaker holds back support for munitions sale to Gulf allies due to Yemen ,WASHINGTON  June 28 A top U.S. Senate Democrat said on Thursday he cannot support for now a Trump administration plan to sell high-tech munitions to Saudi Arabia and the United Arab Emirates over concerns about the war in Yemen  a decision that could derail the sale.,topStory,Sell
RTN,Raytheon Company,20180628,U.S. lawmaker holds back support for munitions sale to Gulf allies  due to Yemen ,WASHINGTON  June 28 A top U.S. Senate Democrat said on Thursday he cannot support for now a Trump administration plan to sell high-tech munitions to Saudi Arabia and the United Arab Emirates over concerns about the war in Yemen  a decision that could derail the sale.,normal,Sell
SBGL,Sibanye Gold Limited,20180628,Sibanye's Lonmin takeover cleared by UK antitrust body ,JOHANNESBURG  June 28 Britain's Competition and Markets Authority (CMA) gave its unconditionally clearance to miner Sibanye-Stillwater's proposed takeover of Lonmin on Thursday saying it would not refer the merger for a second phase investigation.,topStory,Unknown
SBUX,Starbucks Corporation,20180628,Starbucks CFO Maw to retire  shares tumble ,Starbucks Corp  said on Thursday that Chief Financial Officer Scott Maw will retire at the end of November  a surprise departure that sent shares of the world's largest coffee shop chain down 2.61 percent.,topStory,Sell
SBUX,Starbucks Corporation,20180628,UPDATE 3-Starbucks CFO Maw to retire  shares tumble ,June 28 Starbucks Corp said on Thursday that Chief Financial Officer Scott Maw will retire at the end of November  a surprise departure that sent shares of the world's largest coffee shop chain down 2.61 percent.,normal,Sell
SBUX,Starbucks Corporation,20180628,Starbucks CFO Scott Maw to retire in November  shares fall ,June 28 Starbucks Corp said on Thursday Chief Financial Officer Scott Maw will retire at the end of November  sending its shares down 2 percent in morning trade.,normal,Sell
SBUX,Starbucks Corporation,20180628,Trade war or not  China Inc already reining in American brands ,SHANGHAI As Beijing and Washington veer towards a full-blown trade war  American brands in China face what may be an even bigger threat: local rivals armed with innovative products and the Chinese government's blessing. | Video ,normal,Sell
SDRL,Seadrill Limited,20180628,Tullow ups 2018 output forecast  provisions for Seadrill claim ,LONDON  June 28 Tullow Oil on Thursday raised its 2018 production outlook to 86 000-92 000 barrels of oil per day from 82 000-90 000 bopd  boosted by its offshore fields in Ghana.,topStory,Unknown
SHPG,Shire plc,20180628,Takeda shareholders bin proposal from anti-Shire group; only 10 percent in favor ,TOKYO A group of Takeda Pharmaceutical Co Ltd  shareholders  who are trying to build support to block the $62 billion acquisition of London-listed Shire Plc   failed to get a proposal passed at the drugmaker's annual general meeting (AGM) on Thursday.,topStory,Unknown
SHPG,Shire plc,20180628,Asia's dealmakers bank on Japan to extend record first-half M&A spree ,HONG KONG/SINGAPORE  June 29 Asia's dealmakers are pinning their hopes on a prolonged upsurge in Japanese mega-deals to help cushion a possible slowdown in Chinese M&A and sustain the record level of transactions in the region seen in the first half of 2018.,normal,Unknown
SHPG,Shire plc,20180628,Return of mega-deals helps European M&A double ,LONDON  June 29 A resurgence in mega-deals has led to a doubling of mergers and acquisitions activity in Europe so far this year  raising questions among bankers and lawyers about when the pace of blockbuster transactions will start to fade.,normal,Unknown
SHPG,Shire plc,20180628,Deals of the day-Mergers and acquisitions ,June 28 The following bids  mergers  acquisitions and disposals were reported by 2000 GMT on Thursday:,normal,Unknown
SHPG,Shire plc,20180628,UPDATE 2-Takeda shareholders bin proposal from anti-Shire group; only 10 pct in favour ,* Result casts doubt on its ability to gather necessary support,normal,Unknown
SHPG,Shire plc,20180628,UPDATE 1-UK Stocks-Factors to watch on June 28 ,June 28 Britain's FTSE 100 index is seen opening 33 points lower at 7 589 on Thursday  according to financial bookmakers  with futures down 0.17 percent ahead of the cash market open.,normal,Unknown
SHPG,Shire plc,20180628,UK Stocks-Factors to watch on June 28 ,    June 28 Britain's FTSE 100 index is seen opening 33 points lower at 7 589 on Thursday  according to financial bookmakers.              * CARILLION: Britain's markets watchdog may expand an investigation into the failed outsourcing firm Carillion to examine whether there was illegal trading of shares before the company's collapse.     * TAKEDA-SHIRE: A group of Takeda Pharmaceutical Co Ltd shareholders trying to build support to block the $62 billion acquisition of London-listed S,normal,Unknown
SHPG,Shire plc,20180628,Takeda shareholder group proposal fails to pass at AGM ,TOKYO  June 28 A group of Takeda Pharmaceutical Co Ltd shareholders trying to build support to block the $62 billion acquisition of London-listed Shire Plc failed to get a proposal passed at the drugmaker's annual general meeting (AGM) on Thursday.,normal,Unknown
SJR,Shaw Communications Inc,20180628,Shaw Communications posts surprise loss on Corus investment charge ,Canadian telecom company Shaw Communications Inc  reported a surprise quarterly loss on Thursday as it booked an impairment charge related to its investment in media company Corus Entertainment Inc .,topStory,Sell
SJR,Shaw Communications Inc,20180628,UPDATE 2-Shaw Communications posts surprise loss on Corus investment charge ,* Shares down 4 percent at C$26.61 (Compares with estimates; adds share move and details from conf call),normal,Sell
SJR,Shaw Communications Inc,20180628,CORRECTED-UPDATE 1-Shaw Communications posts loss on Corus investment charge ,June 28 Canadian telecom company Shaw Communications Inc reported a quarterly loss on Thursday  hurt by a C$284 million  ($214 million) charge related to its investment in Corus Entertainment Inc.,normal,Unknown
SJR,Shaw Communications Inc,20180628,Shaw Communications reports loss on Corus investment charge ,June 28 Canadian telecom company Shaw Communications Inc reported a quarterly loss on Thursday  hurt by a C$284 million  ($214 million) charge related to its investment in Corus Entertainment Inc.,normal,Sell
SNX,Synnex Corporation,20180628,Synnex expands outsourcing reach with $2.4 billion Convergys deal ,Business process services company Synnex Corp  said on Thursday it would buy call center operator Convergys Corp  in a $2.43 billion cash-and-stock deal to expand its footprint in the technology and information services space.,topStory,Sell
SNX,Synnex Corporation,20180628,UPDATE 3-Synnex expands outsourcing reach with $2.4 bln Convergys deal ,June 28 Business process services company Synnex Corp said on Thursday it would buy call center operator Convergys Corp in a $2.43 billion cash-and-stock deal to expand its footprint in the technology and information services space.,normal,Sell
SNX,Synnex Corporation,20180628,Synnex Corp to buy Convergys Corp in $2.4 bln deal ,June 28 Business process services company Synnex Corp said on Thursday it would buy call center operator Convergys Corp in a $2.43 billion cash-and-stock deal.,normal,Unknown
SRE,Sempra Energy,20180628,Sempra Energy to sell U.S. storage  renewable energy assets ,U.S. utility Sempra Energy  said on Thursday it plans to sell some of its natural gas storage and renewable energy assets and expects to record a charge between $1.47 billion and $1.55 billion during the second quarter.,topStory,Unknown
SRE,Sempra Energy,20180628,UPDATE 1-Sempra Energy to sell U.S. storage  renewable energy assets ,June 28 U.S. utility Sempra Energy said on Thursday it plans to sell some of its natural gas storage and renewable energy assets and expects to record a charge between $1.47 billion and $1.55 billion during the second quarter.,normal,Unknown
SRE,Sempra Energy,20180628,Sempra Energy to sell U.S. storage  renewable energy assets ,June 28 U.S. utility Sempra Energy said on Thursday it plans to sell some of its natural gas storage and renewable energy assets and expects to record a charge between $1.47 billion and $1.55 billion during the second quarter.,normal,Unknown
STPP,Barclays PLC,20180628,MOVES- Barclays  Bank Of America Merrill Lynch  PJ Solomon ,June 28 The following financial services industry appointments were announced on Thursday. To inform us of other job changes  email moves@thomsonreuters.com.,repeated,Unknown
TAPR,Barclays PLC,20180628,MOVES- Barclays  Bank Of America Merrill Lynch  PJ Solomon ,June 28 The following financial services industry appointments were announced on Thursday. To inform us of other job changes  email moves@thomsonreuters.com.,repeated,Unknown
T,AT&T Inc,20180628,AT&T to pay $5.25 million to settle U.S. probe into '911' call outages ,WASHINGTON AT&T Inc  will pay $5.25 million to settle a U.S. investigation after two outages in 2017 prevented about 15 000 callers from making emergency "911" calls  the company and a federal regulator said on Thursday.,topStory,Unknown
T,AT&T Inc,20180628,U.S. government watchdog examines oversight of AT&T's emergency broadband contract ,WASHINGTON The U.S. Commerce Department's Inspector General has opened an audit into the federal government's supervision of a multi-billion dollar contract granted to AT&T Inc   the world's largest telecommunications company  to build a long-awaited nationwide broadband network for emergency responders.,normal,Unknown
T,AT&T Inc,20180628,UPDATE 1-AT&T to pay $5.25 mln to settle U.S. probe into '911' call outages ,WASHINGTON  June 28 AT&T Inc will pay $5.25 million to settle a U.S. investigation after two outages in 2017 prevented about 15 000 callers from making emergency "911" calls  the company and a federal regulator said on Thursday.,normal,Unknown
T,AT&T Inc,20180628,U.S. government watchdog examines oversight of AT&T's emergency broadband contract ,WASHINGTON  June 27 The U.S. Commerce Department's Inspector General has opened an audit into the federal government's supervision of a multi-billion dollar contract granted to AT&T Inc  the world's largest telecommunications company  to build a long-awaited nationwide broadband network for emergency responders.,normal,Unknown
T,AT&T Inc,20180628,AT&T to pay $5.25 million to settle U.S. probe into '911' call outages ,WASHINGTON  June 28 AT&T Inc will pay $5.25 million to settle a U.S. investigation after two outages in 2017 prevented about 15 000 callers from making emergency "911" calls  documents show.,normal,Unknown
TBB,AT&T Inc,20180628,AT&T to pay $5.25 million to settle U.S. probe into '911' call outages ,WASHINGTON AT&T Inc  will pay $5.25 million to settle a U.S. investigation after two outages in 2017 prevented about 15 000 callers from making emergency "911" calls  the company and a federal regulator said on Thursday.,repeated,Unknown
TBB,AT&T Inc,20180628,U.S. government watchdog examines oversight of AT&T's emergency broadband contract ,WASHINGTON The U.S. Commerce Department's Inspector General has opened an audit into the federal government's supervision of a multi-billion dollar contract granted to AT&T Inc   the world's largest telecommunications company  to build a long-awaited nationwide broadband network for emergency responders.,normal,Unknown
TBB,AT&T Inc,20180628,UPDATE 1-AT&T to pay $5.25 mln to settle U.S. probe into '911' call outages ,WASHINGTON  June 28 AT&T Inc will pay $5.25 million to settle a U.S. investigation after two outages in 2017 prevented about 15 000 callers from making emergency "911" calls  the company and a federal regulator said on Thursday.,normal,Unknown
TBB,AT&T Inc,20180628,U.S. government watchdog examines oversight of AT&T's emergency broadband contract ,WASHINGTON  June 27 The U.S. Commerce Department's Inspector General has opened an audit into the federal government's supervision of a multi-billion dollar contract granted to AT&T Inc  the world's largest telecommunications company  to build a long-awaited nationwide broadband network for emergency responders.,normal,Unknown
TBB,AT&T Inc,20180628,AT&T to pay $5.25 million to settle U.S. probe into '911' call outages ,WASHINGTON  June 28 AT&T Inc will pay $5.25 million to settle a U.S. investigation after two outages in 2017 prevented about 15 000 callers from making emergency "911" calls  documents show.,normal,Unknown
TCGP,The Carlyle Group LP,20180628,UPDATE 1-Neptune Energy buys VNG's oil and gas assets off Norway  Denmark ,OSLO  June 28 Private equity-backed Neptune Energy has agreed to buy the Norwegian and Danish offshore oil and gas assets of German gas utility VNG  the companies said on Thursday.,normal,Sell
TCGP,The Carlyle Group LP,20180628,RPT-Neptune Energy buys VNG's oil and gas assets off Norway  Denmark ,OSLO  June 28 Private equity-backed Neptune Energy has agreed to buy the Norwegian and Danish offshore oil and gas assets of German gas utility VNG  the companies said on Thursday.,normal,Sell
TCGP,The Carlyle Group LP,20180628,Neptune Energy buys VNG's oil and gas assets off Norway  Denmark ,OSLO  June 28 Private equity-backed Neptune Energy has agreed to buy the Norwegian and Danish offshore oil and gas assets of German gas utility VNG  the companies said on Thursday.,normal,Sell
TELL,Tellurian Inc,20180628,Tellurian to make decision on Louisiana LNG facility in 1st qtr 2019 ,June 28 The co-founder and chairman of Tellurian Inc said on Thursday the U.S. natural gas company expects to make a final investment decision on its proposed Driftwood liquefied natural gas export facility in Louisiana in the first quarter of 2019.,topStory,Unknown
TMO,Thermo Fisher Scientific Inc,20180628,Thermo Fisher to buy Roper Technologies unit for $925 million ,Thermo Fisher Scientific Inc   the world's largest maker of scientific instruments  said on Thursday it would buy IT services provider Roper Technologies Inc's  unit Gatan Inc for about $925 million in cash.,topStory,Unknown
TMO,Thermo Fisher Scientific Inc,20180628,UPDATE 1-Thermo Fisher to buy Roper Technologies unit for $925 mln ,June 28 Thermo Fisher Scientific Inc  the world's largest maker of scientific instruments  said on Thursday it would buy IT services provider Roper Technologies Inc's unit Gatan Inc for about $925 million in cash.,normal,Unknown
TMO,Thermo Fisher Scientific Inc,20180628,Thermo Fisher to buy Roper Technologies unit for $925 mln ,June 28 Thermo Fisher Scientific Inc  the world's largest maker of scientific instruments  said on Thursday it would buy Roper Technologies Inc's unit Gatan Inc for about $925 million in cash.,normal,Unknown
TM,Toyota Motor Corp Ltd Ord,20180628,Philippines' GT Capital to invest up to $202 million in Toyota Motor ,MANILA Philippine conglomerate GT Capital Holdings Inc  said on Thursday it would buy shares of Japan's Toyota Motor Corp  worth up to 22.2 billion yen ($201.6 million)  marking its first offshore investment.,topStory,Unknown
TM,Toyota Motor Corp Ltd Ord,20180628,UPDATE 1-Philippines' GT Capital to invest up to $202 mln in Toyota Motor ,* Toyota and GT Capital are partners in Philippine auto unit (Adds GT Capital president's comments  background  detail  dateline),normal,Sell
TM,Toyota Motor Corp Ltd Ord,20180628,Philippine firm GT Capital to buy Toyota Motor stake worth up to $202 mln ,June 28 Philippine conglomerate GT Capital Holdings Inc said on Thursday it would buy Toyota Motor Corp shares worth up to 22.2 billion yen ($201.6 million).,normal,Unknown
TSLA,Tesla Inc ,20180628,Tesla lagging on Model 3 production  workers say ,SAN FRANCISCO  June 28 Tesla Inc is not producing enough Model 3s per shift to reach the 5 000 per week target that Chief Executive Officer Elon Musk said it would reach by Saturday  three line workers at the company's Fremont  California  assembly plant told Reuters this week.,topStory,Unknown
TSLA,Tesla Inc ,20180628,Panasonic flags battery cell shortages as Tesla Model 3 output picks up ,TOKYO A pickup in production of Tesla Inc's  Model 3 cars  after earlier delays  has resulted in occasional battery cell shortages  a Panasonic Corp  official said on Thursday in a sign Tesla is in overdrive to meet its end-June forecast.,normal,Unknown
TSLA,Tesla Inc ,20180628,UPDATE 2-Panasonic flags battery cell shortages as Tesla Model 3 output picks up ,* Panasonic is exclusive battery cell supplier for new Tesla cars,normal,Sell
TSLA,Tesla Inc ,20180628,REFILE-Panasonic flags battery shortages as Tesla Model 3 output picks up ,TOKYO  June 28 A senior Panasonic Corp official on Thursday said a pickup in production of Tesla Inc's Model 3 cars  after earlier delays  has resulted in occasional battery shortages.,normal,Unknown
TWTR,Twitter Inc,20180628,Twitter product head Ed Ho to step down ,Twitter Inc  said on Thursday its product head  Ed Ho  would step down and named its live-streaming service Periscope's former Chief Executive Officer Kayvon Beykpour as his replacement.,topStory,Sell
TWTR,Twitter Inc,20180628,UPDATE 1-Twitter product head Ed Ho to step down ,June 28 Twitter Inc said on Thursday its product head  Ed Ho  would step down and named its live-streaming service Periscope's former Chief Executive Officer Kayvon Beykpour as his replacement.,normal,Sell
TWTR,Twitter Inc,20180628,Twitter  Facebook launch tools to track advertising ,Twitter Inc  on Thursday made it easier for users to identify political campaign ads and know who paid for them  as social media platforms faced the threat of U.S. regulation over the lack of disclosure on such spending.,normal,Unknown
UPS,United Parcel Service Inc,20180628,US STOCKS-Wall St advances with help from technology  financials ,* Indexes up: Dow 0.41 pct; S&P 0.62 pct  Nasdaq 0.79 pct (Updates to close),normal,Unknown
UPS,United Parcel Service Inc,20180628,US STOCKS-Wall St advances with help from technology  financials ,* Indexes up: Dow 0.5 pct; S&P 0.6 pct  Nasdaq 0.7 pct (Updates to late afternoon  changes byline  adds NEW YORK to dateline),normal,Unknown
UPS,United Parcel Service Inc,20180628,US STOCKS-Wall St wavers as Amazon buy hits health stocks  banks gain ,* Indexes up: Dow 0.09 pct; S&P 0.19 pct  Nasdaq 0.25 pct (Updates to early afternoon),normal,Sell
UPS,United Parcel Service Inc,20180628,US STOCKS-Drug stocks hit by Amazon health push  tech steadies Wall St ,* Dow down 0.04 pct; S&P up 0.08 pct  Nasdaq up 0.20 pct (Changes comment  adds details  updates prices),normal,Unknown
UPS,United Parcel Service Inc,20180628,US STOCKS-Drug stocks hit by Amazon health push  while tech steadies Wall St ,* Dow down 0.32 pct; S&P up 0.07 pct  Nasdaq up 0.13 pct (Updates prices  adds comments),normal,Unknown
USEG,US Energy Corp,20180628,Nuclear  coal bailout worth any cost 'to keep America free': U.S. energy chief ,WASHINGTON U.S. Energy Secretary Rick Perry said on Thursday that bailing out struggling coal and nuclear power plants is as important to national security as keeping the military strong  and that the cost to Americans should not be an issue.,topStory,Unknown
USEG,US Energy Corp,20180628,UPDATE 1-Nuclear  coal bailout worth any cost 'to keep America free' -US energy chief ,WASHINGTON  June 28 U.S. Energy Secretary Rick Perry said on Thursday that bailing out struggling coal and nuclear power plants is as important to national security as keeping the military strong  and that the cost to Americans should not be an issue.,normal,Unknown
USEG,US Energy Corp,20180628,Nuclear  coal bailout worth any cost 'to keep America free' -US energy chief ,WASHINGTON  June 28 U.S. Energy Secretary Rick Perry said on Thursday that bailing out struggling coal and nuclear power plants is as important to national security as keeping the military strong  and that the cost to Americans should not be an issue.,normal,Unknown
USEG,US Energy Corp,20180628,U.S. hopes Saudi  Russia can boost oil output to compensate for Iran: Perry ,WASHINGTON U.S. Energy Secretary Rick Perry said on Thursday that he is confident that Saudi Arabia and Russia can increase their crude oil production to stabilize the world oil market  and compensate for supply losses caused by renewed U.S. sanctions on Iran.,normal,Strong Buy
USEG,US Energy Corp,20180628,UPDATE 1-US hopes Saudi  Russia can boost oil output to compensate for Iran -Perry ,WASHINGTON  June 28 U.S. Energy Secretary Rick Perry said on Thursday that he is confident that Saudi Arabia and Russia can increase their crude oil production to stabilize the world oil market  and compensate for supply losses caused by renewed U.S. sanctions on Iran.,normal,Unknown
USEG,US Energy Corp,20180628,Iran says Saudi plan to boost oil output ridicules OPEC ,LONDON Iran criticized Saudi Arabia's plan to raise oil output and pressure from the United States on Riyadh do so  saying this was in breach of OPEC's decision last week and belittled the producer group.,normal,Unknown
VALE,VALE SA,20180628,Brazil's Vale to pay 557.7 million reais for Samarco damage in 2018 ,RIO DE JANEIRO Brazilian miner Vale said on Thursday it would pay 557.7 million reais ($144.42 million) in the second half of the year to restore the environment and communities damaged by a 2015 disaster at Samarco  a joint venture it has with BHP Billiton.,topStory,Unknown
VALE,VALE SA,20180628,Brazil's Vale to pay 557.7 mln reais for Samarco damage in 2018 ,RIO DE JANEIRO  June 28 Brazilian miner Vale said on Thursday it would pay 557.7 million reais ($144.42 million) in the second half of the year to restore the environment and communities damaged by a 2015 disaster at Samarco  a joint venture it has with BHP Billiton.,normal,Unknown
VIV,Telefonica Brasil SA,20180628,NII Holdings puts Nextel Brazil up for sale -sources ,SAO PAULO  June 28 Mobile service company NII Holdings Inc has hired Rothschild & Co to sell control of its Nextel operations in Brazil  two people with knowledge of the matter said  opening the door to consolidation in the country's crowded telecommunications sector.,normal,Sell
V,Visa Inc,20180628,Visa  Mastercard close to settling issues over card-swipe fees: WSJ ,Visa Inc  and Mastercard Inc  are close to settling a long-running antitrust lawsuit with merchants over the fees they pay when they accept card payments  the Wall Street Journal reported on Thursday  citing people familiar with the matter.,topStory,Sell
V,Visa Inc,20180628,UPDATE 2-Visa  Mastercard close to settling issues over card-swipe fees - WSJ ,June 28 Visa Inc and Mastercard Inc are close to settling a long-running antitrust lawsuit with merchants over the fees they pay when they accept card payments  the Wall Street Journal reported on Thursday  citing people familiar with the matter.,normal,Sell
V,Visa Inc,20180628,Visa  Mastercard close to settle issues over card-swipe fees - WSJ ,June 28 Visa Inc and Mastercard Inc are close to settling a long-running antitrust lawsuit with merchants over the fees they pay while they accept card payments  the Wall Street Journal reported on Thursday  citing people familiar with the matter.,normal,Sell
WBA,Walgreens Boots Alliance Inc,20180628,Walgreens debuts as dog of the Dow ,The debut of Walgreens Boots Alliance Inc  into the Dow Jones Industrial Average Index  this week marks the worst performance of any new entrant in the past 10 years  a Reuters analysis shows.,topStory,Unknown
WBA,Walgreens Boots Alliance Inc,20180628,UPDATE 1-Walgreens debuts as dog of the Dow , (Adds dividend and "Dogs of the Dow" graphs)     By James Thorne     June 28 The debut of Walgreens Boots Alliance Inc         into the Dow Jones Industrial Average Index        this week marks the worst performance of any new entrant in the past 10 years  a Reuters analysis shows.     The announcement that Amazon.com Inc          would acquire online pharmacy PillPack sank shares in Walgreens and other drug retailers on Thursday.                  Walgreens shares were down more tha,normal,Unknown
WBA,Walgreens Boots Alliance Inc,20180628,Walgreens debuts as dog of the Dow ,    By James Thorne     June 28 The debut of Walgreens Boots Alliance         into the Dow Jones Industrial Average Index this week marks the worst performance of any new entrant in the past 10 years  a Reuters analysis shows.     The announcement that Amazon.com Inc          would acquire online pharmacy PillPack sank shares in Walgreens and other drug retailers on Thursday.                  Walgreens shares were down more than 11 percent in the three days after the company replaced,normal,Unknown
WBA,Walgreens Boots Alliance Inc,20180628,Walgreens plays down Amazon pharmacy entry  but investors spooked ,Walgreens Boots Alliance Inc's  chief executive officer said on Thursday he was not worried about Amazon.Com Inc's  push into the U.S. healthcare sector  but investors were rattled by the threat the online giant could pose to the sector. | Video ,normal,Unknown
WBA,Walgreens Boots Alliance Inc,20180628,UPDATE 3-Walgreens plays down Amazon pharmacy entry  but investors spooked ,* Walgreens shares fall 11 pct (Adds comments from conference call; Updates shares),normal,Sell
WBA,Walgreens Boots Alliance Inc,20180628,Walgreens reports 15.5 pct rise in quarterly profit ,June 28 Walgreens Boots Alliance Inc on Thursday reported a 15.5 percent rise in quarterly profit  as sales in its pharmacy business rose helped by its acquisition of Rite Aid stores.,normal,Unknown
WMT,Walmart Inc,20180628,Walmart rolls out 3D virtual online shopping ,Walmart Inc said late Wednesday it is introducing a 3D virtual shopping tour on its website that would help customers browse and choose items for their homes.,topStory,Unknown
WMT,Walmart Inc,20180628,UPDATE 6-Amazon to buy PillPack in potentially disruptive drug retail push ,June 28 Amazon.com Inc said on Thursday it would buy small online pharmacy PillPack  a move that will put the world's biggest online retailer in direct competition with drugstore chains  drug distributors and pharmacy benefit managers.,normal,Sell
WMT,Walmart Inc,20180628,Trade war or not  China Inc already reining in American brands ,SHANGHAI As Beijing and Washington veer towards a full-blown trade war  American brands in China face what may be an even bigger threat: local rivals armed with innovative products and the Chinese government's blessing. | Video ,normal,Sell
WMT,Walmart Inc,20180628,Walmart rolls out 3D virtual online shopping ,June 28 Walmart Inc said late Wednesday it is introducing a 3D virtual shopping tour on its website that would help customers browse and choose items for their homes.,normal,Unknown
X,United States Steel Corporation,20180628,RPT-UPDATE 1-U.S. manufacturers  steel makers battle over tariff relief ,June 28 The flood of requests from U.S. manufacturers with the Commerce Department to exempt them from the Trump administration’s hefty tariffs on steel and aluminum imports is exposing competitive information to rivals  customers and U.S. metal producers.,normal,Sell
X,United States Steel Corporation,20180628,UPDATE 1-U.S. manufacturers  steel makers battle over tariff relief ,June 28 The flood of requests from U.S. manufacturers with the Commerce Department to exempt them from the Trump administration’s hefty tariffs on steel and aluminum imports is exposing competitive information to rivals  customers and U.S. metal producers.,normal,Sell
X,United States Steel Corporation,20180628,U.S. manufacturers  steel makers battle over tariff relief ,June 28 The flood of requests from U.S. manufacturers with the Commerce Department to exempt them from the Trump administration’s hefty tariffs on steel and aluminum imports is exposing competitive information to rivals  customers and U.S. metal producers.,normal,Sell
